Name,Min,1%,5%,50%,95%,99%,Max,,90% Range,98% Range,StdDev,,Mean,Units,Skewness,Kurtosis
Local Clock Frequency Offset,8.9017,9.0371,9.0846,9.2009,9.2874, 9.317,9.3954,,0.2028,0.2799,0.0642,,9.1964,ppm,2876057.9994382495,409046783.6146227
Local Clock Time Offset,-16.053,-2.276,-0.506,0.005,0.556, 1.905,12.202,,1.062,4.181,0.6367,,-0.0004,µs,-6.514762217372742,98.36828680324501
Local RMS Frequency Jitter,0.412,0.702,0.894,1.934,9.728, 19.456,63.323,,8.834,18.754,3.7562,,3.2655,ppb,3.892808302304719,30.438299459741994
Local RMS Time Jitter,0.072,0.11,0.141,0.288,1.23, 2.192,7.09,,1.089,2.082,0.4418,,0.4386,µs,4.369610656425203,35.3040171666366
Server Jitter SHM(0),0.1697,0.3303,0.4887,1.3906,3.3062, 4.8472,8.203,,2.8175,4.5168,0.9231,,1.5727,ms,4.215686458658886,16.439220917851866
Server Jitter SHM(1),0.02,0.052,0.078,0.237,1.808, 3.75,17.572,,1.73,3.698,0.7758,,0.4827,µs,4.569050217406668,51.6547965810779
Server Offset SHM(0),10.967,12.237,13.0994,18.7981,23.9857, 25.4209,27.4095,,10.8863,13.1839,3.4475,,18.5164,ms,96.6370015269183,481.9307352195076
Server Offset SHM(1),-16.054,-2.277,-0.507,0.006,0.557, 1.906,12.203,,1.064,4.183,0.6371,,-0.0004,µs,-6.510550687364546,98.18796522364686
TDOP,0.7,0.78,0.85,1.89,26.75, 71.63,107.19,,25.9,70.85,12.8298,,6.0879, ,2.9519730190748357,21.26746063716422
Temp ZONE0,50.15,51.25,51.8,53.45,55.1, 56.2,56.2,,3.3,4.95,1.1315,,53.4842,°C,99179.01213090248,4595118.9673653655
nSats,7.0,8.0,11.0,13.0,15.0, 15.0,16.0,,4.0,7.0,1.4501,,13.3237,nSat,572.6642495896467,4872.6604548426285
