Name,Min,1%,5%,50%,95%,99%,Max,,90% Range,98% Range,StdDev,,Mean,Units,Skewness,Kurtosis
Local Clock Frequency Offset,8.519,8.6537,8.6808,8.7849,8.8654, 8.876,8.923,,0.1845,0.2223,0.0543,,8.7789,ppm,4147390.125571974,666397571.9559598
Local Clock Time Offset,-15.726,-1.939,-0.55,0.013,0.603, 1.729,11.777,,1.153,3.668,0.5862,,-0.0004,µs,-6.556979465039181,95.32631877995105
Local RMS Frequency Jitter,0.46,0.808,1.026,1.942,8.255, 17.939,63.65,,7.229,17.131,3.3201,,3.1601,ppb,4.111996920680051,33.99562955875191
Local RMS Time Jitter,0.065,0.127,0.163,0.298,1.01, 2.088,7.933,,0.847,1.961,0.382,,0.4221,µs,5.070588750498662,45.97566461629166
Server Jitter SHM(0),0.1827,0.3548,0.5621,1.4302,3.4791, 5.6145,8.0506,,2.917,5.2597,0.982,,1.6668,ms,4.458815189673307,18.015923447109007
Server Jitter SHM(1),0.027,0.068,0.103,0.269,1.657, 3.371,17.277,,1.554,3.303,0.6865,,0.4865,µs,4.819618119571386,56.88168368462868
Server Offset SHM(0),9.7472,11.1604,13.1471,17.9039,22.9841, 24.2943,26.7543,,9.837,13.134,3.184,,17.9058,ms,112.70661739351733,587.2414475546854
Server Offset SHM(1),-15.727,-1.94,-0.551,0.014,0.604, 1.73,11.778,,1.155,3.67,0.5867,,-0.0003,µs,-6.551419207148954,95.10160193616345
TDOP,0.67,0.68,0.72,1.0,6.67, 22.88,64.81,,5.95,22.2,5.1181,,2.3549, ,6.878667552684955,79.48631778553933
Temp ZONE0,51.25,51.8,52.9,55.1,58.4, 59.5,59.5,,5.5,7.7,1.8836,,55.278,°C,22862.192655489696,650507.8757291232
nSats,10.0,10.0,11.0,14.0,16.0, 16.0,16.0,,5.0,6.0,1.2886,,13.5145,nSat,882.2338484665383,8636.75578895745
