Name,Min,1%,5%,50%,95%,99%,Max,,90% Range,98% Range,StdDev,,Mean,Units,Skewness,Kurtosis
Local Clock Frequency Offset,6.9737,7.1244,7.5008,7.5959,7.6793, 7.7321,7.8028,,0.1784,0.6077,0.092,,7.584,ppm,539909.3854312131,43976332.171930686
Local Clock Time Offset,-15.202,-2.271,-0.409,0.004,0.589, 1.695,6.402,,0.998,3.966,0.5945,,-0.0003,µs,-8.078538492855328,111.97873827371832
Local RMS Frequency Jitter,0.369,0.573,0.752,1.754,8.886, 18.749,42.025,,8.134,18.176,3.5221,,3.033,ppb,3.256751922507763,19.97680655283006
Local RMS Time Jitter,0.056,0.093,0.122,0.281,1.257, 2.296,6.618,,1.135,2.203,0.4504,,0.4411,µs,3.6439659562547324,25.212371083011085
Server Jitter SHM(0),0.2364,0.7511,1.0997,3.0742,10.0425, 12.846,17.5579,,8.9428,12.0949,2.8689,,4.0955,ms,2.557903156081365,7.129638256422635
Server Jitter SHM(1),0.019,0.049,0.074,0.211,1.657, 3.568,15.216,,1.583,3.519,0.727,,0.4414,µs,4.23692109457568,43.045105110638794
Server Offset SHM(0),-46.754,-41.2045,-37.6004,-28.5831,-14.9641, -9.8033,-3.9738,,22.6363,31.4011,7.0014,,-27.4763,ms,-133.77410710435916,728.1845342292364
Server Offset SHM(1),-15.203,-2.272,-0.41,0.005,0.59, 1.696,6.403,,1.0,3.968,0.5949,,-0.0003,µs,-8.071295714510642,111.75704946652627
Temp ZONE0,47.4,47.95,50.7,53.45,55.1, 56.2,56.75,,4.4,8.25,1.4243,,53.1807,°C,48089.72935710178,1751318.4203619375
