Name,Min,1%,5%,50%,95%,99%,Max,,90% Range,98% Range,StdDev,,Mean,Units,Skewness,Kurtosis
Local Clock Frequency Offset,8.6798,8.8193,8.8347,8.8878,9.0265, 9.0689,9.1039,,0.1918,0.2496,0.0605,,8.907,ppm,3130889.4205927155,458069306.3051961
Local Clock Time Offset,-12.212,-2.109,-0.452,0.007,0.512, 1.803,7.856,,0.964,3.912,0.5748,,-0.0001,µs,-6.362790492138792,78.65523595441353
Local RMS Frequency Jitter,0.385,0.641,0.835,1.77,8.272, 18.83,34.442,,7.437,18.189,3.3751,,2.9673,ppb,3.3541909464553266,19.37697612740813
Local RMS Time Jitter,0.045,0.101,0.132,0.276,1.073, 2.129,4.988,,0.941,2.028,0.3916,,0.4074,µs,3.9909975260583117,26.189518667523576
Server Jitter SHM(0),0.1551,0.3266,0.5295,1.3518,3.3383, 5.2763,8.6251,,2.8088,4.9497,0.9252,,1.5639,ms,4.420182676125107,17.85433373113742
Server Jitter SHM(1),0.017,0.052,0.08,0.223,1.566, 3.562,12.165,,1.486,3.51,0.6908,,0.4409,µs,4.0765568153295755,36.24557850359422
Server Offset SHM(0),11.3235,12.8174,13.5721,18.3737,24.1105, 25.3668,27.6525,,10.5384,12.5494,3.3731,,18.4719,ms,103.31353020396863,527.1686365374934
Server Offset SHM(1),-12.213,-2.11,-0.453,0.008,0.513, 1.804,7.857,,0.966,3.914,0.5752,,-0.0,µs,-6.358173164681468,78.49886875938972
TDOP,0.57,0.64,0.75,1.08,9.41, 30.81,161.01,,8.66,30.17,11.0675,,3.0734, ,9.808555866234878,140.63085909435202
Temp ZONE0,51.25,51.8,52.35,54.0,58.4, 61.15,61.7,,6.05,9.35,2.082,,54.4108,°C,15953.17219366425,402944.19228119997
nSats,5.0,10.0,11.0,13.0,15.0, 16.0,16.0,,4.0,6.0,1.4347,,13.3154,nSat,591.9116333677204,5092.729070757979
