Name,Min,1%,5%,50%,95%,99%,Max,,90% Range,98% Range,StdDev,,Mean,Units,Skewness,Kurtosis
Local Clock Frequency Offset,9.0394,9.144,9.1969,9.2342,9.2667, 9.2794,9.3191,,0.0698,0.1354,0.0244,,9.2343,ppm,53499110.3141502,20158962253.242992
Local Clock Time Offset,-15.321,-2.142,-0.681,0.025,0.614, 1.737,7.186,,1.295,3.879,0.6157,,0.0001,µs,-6.147224006508578,72.18384294034763
Local RMS Frequency Jitter,0.657,1.167,1.422,2.532,8.559, 18.475,43.093,,7.137,17.308,3.2319,,3.5676,ppb,4.3979163915481765,28.453727041628373
Local RMS Time Jitter,0.103,0.177,0.219,0.39,1.118, 2.159,6.475,,0.899,1.982,0.385,,0.5021,µs,5.481486770054655,43.07352165670247
Server Jitter SHM(0),0.082,0.3151,0.4663,1.3055,3.4603, 5.4129,7.3326,,2.994,5.0978,0.9875,,1.5324,ms,3.7140373600057432,13.979235470761415
Server Jitter SHM(1),0.028,0.098,0.148,0.372,1.634, 3.613,14.89,,1.486,3.515,0.6826,,0.5677,µs,4.834521007356288,45.62084908769118
Server Offset SHM(0),11.8796,13.1724,13.8914,18.6292,23.3246, 24.7016,27.0254,,9.4332,11.5292,3.0456,,18.4228,ms,143.9402911135308,806.3763195022149
Server Offset SHM(1),-15.322,-2.143,-0.682,0.026,0.615, 1.738,7.187,,1.297,3.881,0.6162,,0.0001,µs,-6.142233343725739,72.01169709186242
TDOP,0.67,0.69,0.73,1.02,16.17, 63.91,139.52,,15.44,63.22,13.6352,,4.6753, ,4.9601920998415565,46.66603060989987
Temp ZONE0,54.0,54.55,55.65,57.85,60.6, 62.25,62.8,,4.95,7.7,1.4899,,57.7446,°C,53940.60371745554,2040995.037913862
nSats,10.0,10.0,12.0,14.0,15.0, 16.0,16.0,,3.0,6.0,1.2207,,13.6,nSat,1073.0835961134092,11182.153077551533
