Name,Min,1%,5%,50%,95%,99%,Max,,90% Range,98% Range,StdDev,,Mean,Units,Skewness,Kurtosis
Local Clock Frequency Offset,8.3027,8.4333,8.4712,8.5853,8.7446, 8.7747,8.8009,,0.2734,0.3414,0.0743,,8.584,ppm,1504076.0600971605,172355918.53424022
Local Clock Time Offset,-14.516,-2.037,-0.487,0.006,0.579, 1.779,9.078,,1.066,3.816,0.5755,,-0.0004,µs,-5.943130538233547,70.99417411036495
Local RMS Frequency Jitter,0.324,0.669,0.847,1.772,8.122, 18.259,50.551,,7.275,17.59,3.3258,,3.0304,ppb,3.3584073135194643,21.370962253143507
Local RMS Time Jitter,0.057,0.107,0.134,0.269,1.009, 2.09,6.725,,0.875,1.983,0.3793,,0.3997,µs,4.103098541683376,29.565819404213297
Server Jitter SHM(0),0.1391,0.357,0.5149,1.4154,3.3985, 5.1075,8.1498,,2.8836,4.7504,0.9253,,1.6032,ms,4.450577499239841,17.249941408430807
Server Jitter SHM(1),0.02,0.054,0.081,0.227,1.663, 3.465,13.465,,1.582,3.411,0.6839,,0.4543,µs,3.892947992942747,36.06324585140694
Server Offset SHM(0),10.7557,12.5514,13.5249,18.7711,23.8851, 25.2787,27.6647,,10.3602,12.7273,3.2272,,18.6489,ms,123.48729368966417,661.1819759652078
Server Offset SHM(1),-14.517,-2.038,-0.488,0.007,0.58, 1.78,9.079,,1.068,3.818,0.5759,,-0.0003,µs,-5.939138936540201,70.84847503376999
TDOP,0.71,0.73,0.76,1.18,15.49, 82.2,290.97,,14.73,81.47,26.3933,,5.9417, ,6.049788831747106,64.48095774922669
Temp ZONE0,49.6,50.15,50.7,52.9,56.75, 57.85,58.4,,6.05,7.7,1.5627,,52.9229,°C,35598.644563781585,1173299.9166946926
nSats,11.0,11.0,12.0,14.0,16.0, 16.0,16.0,,4.0,5.0,1.0933,,13.6458,nSat,1547.9247690399934,18176.39661992807
