Name,Min,1%,5%,50%,95%,99%,Max,,90% Range,98% Range,StdDev,,Mean,Units,Skewness,Kurtosis
Local Clock Frequency Offset,8.514,8.6871,8.7199,8.7929,8.8554, 8.8891,8.9406,,0.1356,0.202,0.0405,,8.7919,ppm,10072775.095578885,2175458370.029043
Local Clock Time Offset,-11.782,-1.931,-0.513,0.004,0.574, 1.775,7.072,,1.087,3.706,0.5681,,0.0001,µs,-5.6152313943148275,63.68251428852367
Local RMS Frequency Jitter,0.324,0.664,0.861,1.787,8.222, 18.211,37.612,,7.361,17.547,3.2585,,3.0181,ppb,3.2512330229783917,18.398356838477373
Local RMS Time Jitter,0.057,0.106,0.136,0.271,0.994, 2.063,4.89,,0.858,1.957,0.3676,,0.3963,µs,4.00186351038801,25.26397688655402
Server Jitter SHM(0),0.187,0.3392,0.5186,1.4008,3.4191, 5.1948,7.4436,,2.9005,4.8556,0.9459,,1.5968,ms,4.27504581232939,16.677787812745997
Server Jitter SHM(1),0.015,0.054,0.083,0.234,1.638, 3.461,11.312,,1.555,3.407,0.6705,,0.4562,µs,3.7968453881457944,32.4467339969065
Server Offset SHM(0),11.6944,13.2713,14.2488,19.3769,23.6238, 25.0052,27.5147,,9.375,11.7339,3.0959,,18.8808,ms,147.83401642642238,833.521230159211
Server Offset SHM(1),-11.783,-1.932,-0.514,0.005,0.575, 1.776,7.073,,1.089,3.708,0.5685,,0.0002,µs,-5.611817685851799,63.5511582046301
TDOP,0.62,0.62,0.75,1.04,2.11, 6.04,9.96,,1.36,5.42,0.9858,,1.2713, ,6.560918177278002,49.120815096703645
Temp ZONE0,50.7,50.7,51.8,53.45,54.55, 55.1,55.1,,2.75,4.4,0.872,,53.2309,°C,216680.847301985,13021670.963983389
nSats,10.0,11.0,12.0,14.0,16.0, 16.0,16.0,,4.0,5.0,1.2128,,13.7012,nSat,1122.596624881366,11877.563205195833
