Name,Min,1%,5%,50%,95%,99%,Max,,90% Range,98% Range,StdDev,,Mean,Units,Skewness,Kurtosis
Local Clock Frequency Offset,8.2998,8.4026,8.4413,8.8963,9.0116, 9.032,9.1139,,0.5703,0.6293,0.1728,,8.8228,ppm,125670.9481673958,6299644.257132786
Local Clock Time Offset,-17.831,-2.065,-0.431,0.005,0.513, 1.816,7.413,,0.944,3.881,0.5629,,0.0012,µs,-6.442985417702382,92.93537400385839
Local RMS Frequency Jitter,0.339,0.626,0.811,1.715,8.277, 18.047,50.067,,7.466,17.421,3.3048,,2.906,ppb,3.511337147633215,23.457542621957256
Local RMS Time Jitter,0.055,0.095,0.126,0.26,1.039, 1.951,7.588,,0.913,1.856,0.3763,,0.3869,µs,4.429693413574343,38.3859621640738
Server Jitter SHM(0),0.1722,0.3611,0.5319,1.4078,3.3293, 5.1878,7.2928,,2.7975,4.8268,0.9194,,1.6021,ms,4.430104012538741,17.066457927827592
Server Jitter SHM(1),0.021,0.049,0.076,0.215,1.55, 3.465,17.371,,1.474,3.416,0.673,,0.4278,µs,4.286702865712083,45.15340215278407
Server Offset SHM(0),11.9502,13.1907,14.2846,19.1631,23.6745, 24.9288,26.3476,,9.3899,11.7381,2.9972,,18.9558,ms,166.87200123532818,974.863046963651
Server Offset SHM(1),-17.832,-2.066,-0.432,0.006,0.514, 1.817,7.414,,0.946,3.883,0.5633,,0.0012,µs,-6.437988408426629,92.7319131260184
TDOP,0.7,0.72,0.78,1.17,3.47, 20.34,73.74,,2.69,19.62,6.3432,,2.3974, ,6.877387250856969,71.9578826101482
Temp ZONE0,47.4,47.4,48.5,52.9,55.1, 56.2,57.3,,6.6,8.8,2.1751,,52.4618,°C,12426.968532091818,288878.2692924108
nSats,10.0,11.0,12.0,14.0,16.0, 16.0,16.0,,4.0,5.0,1.1703,,13.7054,nSat,1260.857117998542,13850.401655726693
