Name,Min,1%,5%,50%,95%,99%,Max,,90% Range,98% Range,StdDev,,Mean,Units,Skewness,Kurtosis
Local Clock Frequency Offset,7.3683,7.4342,7.481,7.8631,7.9412, 8.013,8.0787,,0.4602,0.5788,0.1648,,7.7871,ppm,99157.0797428846,4593675.169061301
Local Clock Time Offset,-10.886,-2.18,-0.439,0.002,0.507, 1.766,6.61,,0.946,3.946,0.5423,,0.0001,µs,-5.863493619516617,58.37403282429598
Local RMS Frequency Jitter,0.311,0.52,0.693,1.7,8.59, 16.396,32.292,,7.897,15.876,3.1064,,2.8862,ppb,2.816287463099772,14.774237711680376
Local RMS Time Jitter,0.043,0.08,0.105,0.249,1.061, 1.868,4.382,,0.956,1.788,0.3627,,0.382,µs,3.117120487627488,17.05832322055655
Server Jitter SHM(0),0.1936,0.3975,0.5982,1.4651,4.1899, 6.7564,14.1967,,3.5918,6.3588,1.2829,,1.8029,ms,4.301653334072243,24.008869388572098
Server Jitter SHM(1),0.012,0.035,0.054,0.184,1.664, 3.24,10.578,,1.61,3.205,0.6557,,0.4147,µs,3.0111479799481833,22.967003730247523
Server Offset SHM(0),2.1249,10.6555,11.8988,17.1089,21.8317, 23.5722,25.875,,9.9329,12.9167,3.2009,,16.9601,ms,92.21977622221748,452.9928774327422
Server Offset SHM(1),-10.887,-2.181,-0.44,0.003,0.508, 1.767,6.611,,0.948,3.948,0.5428,,0.0001,µs,-5.859919900064474,58.26701100874019
TDOP,0.65,0.67,0.77,1.08,7.28, 28.84,155.23,,6.51,28.17,10.4879,,2.9267, ,10.4221131740933,151.81667459076252
Temp ZONE0,46.85,47.4,48.5,54.0,58.95, 60.05,60.6,,10.45,12.65,3.808,,54.1558,°C,2350.83394542849,31602.554161231856
nSats,10.0,10.0,11.0,13.0,16.0, 16.0,16.0,,5.0,6.0,1.5066,,13.3833,nSat,513.4780105467269,4234.135589832999
