Name,Min,1%,5%,50%,95%,99%,Max,,90% Range,98% Range,StdDev,,Mean,Units,Skewness,Kurtosis
Local Clock Frequency Offset,7.2326,7.3741,7.4326,7.5617,7.6795, 7.7667,7.8387,,0.2468,0.3926,0.0699,,7.5596,ppm,1228275.8222454486,131563989.74147783
Local Clock Time Offset,-17.144,-2.113,-0.397,0.0,0.609, 1.695,7.393,,1.006,3.808,0.589,,-0.0,µs,-7.4962802014726275,107.13748298369006
Local RMS Frequency Jitter,0.221,0.517,0.715,1.676,8.866, 18.784,47.373,,8.151,18.267,3.5166,,2.9725,ppb,3.203272944531851,19.573828122098146
Local RMS Time Jitter,0.038,0.08,0.111,0.264,1.212, 2.22,7.661,,1.101,2.14,0.4408,,0.4189,µs,3.7788277285879364,28.382424586924543
Server Jitter SHM(0),0.262,0.5721,0.8557,1.8489,3.8714, 5.0784,7.6042,,3.0157,4.5063,0.9621,,2.0466,ms,6.064068477326507,20.27254930145561
Server Jitter SHM(1),0.009,0.044,0.07,0.204,1.615, 3.7,17.161,,1.545,3.656,0.7179,,0.429,µs,4.2415201277628105,43.585184423861946
Server Offset SHM(0),-28.351,-22.6508,-19.252,-9.7949,-0.3912, 3.7759,9.762,,18.8607,26.4268,5.8366,,-9.8175,ms,-27.291219544755684,97.08511366394976
Server Offset SHM(1),-17.145,-2.114,-0.398,0.001,0.61, 1.696,7.394,,1.008,3.81,0.5894,,-0.0,µs,-7.489952446111858,106.92126136071518
Temp ZONE0,48.5,49.05,49.6,51.25,54.0, 54.55,55.65,,4.4,5.5,1.2249,,51.2955,°C,68423.22447276632,2801979.5436328263
