Name,Min,1%,5%,50%,95%,99%,Max,,90% Range,98% Range,StdDev,,Mean,Units,Skewness,Kurtosis
Local Clock Frequency Offset,8.4747,8.5638,8.609,8.926,9.0054, 9.0176,9.079,,0.3964,0.4538,0.1184,,8.8838,ppm,405618.43797440064,30036173.60522238
Local Clock Time Offset,-13.093,-2.162,-0.434,0.007,0.5, 1.658,9.082,,0.934,3.82,0.557,,-0.0001,µs,-6.360175309737528,74.13247733625741
Local RMS Frequency Jitter,0.316,0.564,0.754,1.689,8.138, 17.828,42.992,,7.384,17.264,3.2616,,2.8862,ppb,3.2062297218970284,18.870413812080525
Local RMS Time Jitter,0.041,0.086,0.118,0.258,1.069, 2.025,5.497,,0.951,1.939,0.3845,,0.3923,µs,3.7594228304263355,25.008226979201993
Server Jitter SHM(0),0.1421,0.3238,0.498,1.3675,3.4499, 5.3385,8.1085,,2.9519,5.0147,0.9747,,1.5859,ms,4.0324415710027575,15.702370628572101
Server Jitter SHM(1),0.006,0.041,0.064,0.201,1.575, 3.439,12.841,,1.511,3.398,0.6747,,0.4211,µs,3.746461415463199,33.30768108877131
Server Offset SHM(0),9.011,12.5838,13.8933,18.9218,23.9603, 25.0311,27.8034,,10.067,12.4473,3.3019,,18.6105,ms,113.62723414976445,593.9758034761994
Server Offset SHM(1),-13.094,-2.163,-0.435,0.008,0.501, 1.659,9.083,,0.936,3.822,0.5574,,-0.0,µs,-6.355548473756602,73.98511945555839
TDOP,0.66,0.69,0.73,0.96,11.38, 50.62,124.37,,10.65,49.93,12.0264,,3.9402, ,5.9602792630412,59.49177318316382
Temp ZONE0,49.05,49.05,50.15,56.75,59.5, 60.6,61.7,,9.35,11.55,2.8881,,55.7233,°C,6176.818548288973,113969.68749613945
nSats,9.0,10.0,12.0,14.0,16.0, 16.0,16.0,,4.0,6.0,1.2462,,13.7167,nSat,1031.4264920862881,10607.640045945493
