Name,Min,1%,5%,50%,95%,99%,Max,,90% Range,98% Range,StdDev,,Mean,Units,Skewness,Kurtosis
Local Clock Frequency Offset,8.8002,8.9937,9.0158,9.1608,9.2182, 9.2414,9.2911,,0.2025,0.2477,0.0642,,9.1422,ppm,2824672.8128889976,399331959.18835497
Local Clock Time Offset,-30.157,-2.122,-0.543,0.015,0.563, 1.784,15.645,,1.106,3.906,0.6403,,0.0001,µs,-8.634321231372827,226.79228918085116
Local RMS Frequency Jitter,0.438,0.87,1.084,2.053,8.41, 19.672,90.729,,7.326,18.802,3.7797,,3.2822,ppb,5.544314561505538,67.8374688143179
Local RMS Time Jitter,0.062,0.134,0.174,0.325,1.133, 2.43,13.534,,0.959,2.296,0.4696,,0.4636,µs,7.0163157072244475,104.66834175669987
Server Jitter SHM(0),0.1858,0.3423,0.5032,1.3848,3.3493, 5.3204,7.5627,,2.8461,4.9781,0.9546,,1.5947,ms,4.252198847280559,17.007358979408675
Server Jitter SHM(1),0.018,0.073,0.11,0.283,1.637, 3.724,28.685,,1.527,3.651,0.7728,,0.5044,µs,6.950507995181024,126.52513765093595
Server Offset SHM(0),11.8619,13.1169,13.9844,19.0719,23.5707, 25.1293,27.5844,,9.5863,12.0125,3.1392,,18.5236,ms,132.45944770081942,724.0622569212261
Server Offset SHM(1),-30.158,-2.123,-0.544,0.016,0.564, 1.785,15.646,,1.108,3.908,0.6408,,0.0002,µs,-8.625517141312192,226.26895271468314
TDOP,0.67,0.69,0.73,1.11,8.74, 54.68,171.36,,8.01,53.99,12.8081,,3.5025, ,7.697749606577339,99.87157766714475
Temp ZONE0,50.7,51.25,52.35,55.65,58.4, 58.95,59.5,,6.05,7.7,1.8395,,55.5308,°C,24952.430244462405,730842.6874399463
nSats,10.0,11.0,11.0,14.0,15.0, 15.0,16.0,,4.0,4.0,1.2109,,13.5208,nSat,1080.6935051144533,11284.677891139087
