Name,Min,1%,5%,50%,95%,99%,Max,,90% Range,98% Range,StdDev,,Mean,Units,Skewness,Kurtosis
Local Clock Frequency Offset,7.3873,7.5357,7.5536,7.7215,7.8609, 7.8974,7.9654,,0.3073,0.3617,0.0933,,7.7181,ppm,545435.1759219565,44577984.745481625
Local Clock Time Offset,-14.032,-2.398,-0.406,0.002,0.648, 1.69,7.503,,1.054,4.088,0.6012,,0.0004,µs,-7.326238015224167,90.86566881098598
Local RMS Frequency Jitter,0.278,0.543,0.752,1.77,9.118, 18.521,39.28,,8.366,17.978,3.5236,,3.1108,ppb,3.045967152800378,17.787946448930935
Local RMS Time Jitter,0.037,0.081,0.115,0.278,1.272, 2.19,5.976,,1.157,2.109,0.4403,,0.4384,µs,3.3076924813669146,20.629320735179427
Server Jitter SHM(0),0.1461,0.3694,0.5738,1.4463,3.3991, 4.6362,7.678,,2.8253,4.2669,0.8911,,1.6455,ms,4.544280219306654,15.405605418822878
Server Jitter SHM(1),0.015,0.046,0.073,0.212,1.731, 3.603,14.024,,1.658,3.557,0.7273,,0.4488,µs,3.8358927406886827,36.128185521311444
Server Offset SHM(0),-21.161,-19.1574,-17.0337,-8.1366,-0.8673, 2.0578,5.6986,,16.1664,21.2152,4.814,,-8.3549,ms,-28.84914356051021,105.43487403807079
Server Offset SHM(1),-14.033,-2.399,-0.407,0.003,0.649, 1.691,7.504,,1.056,4.09,0.6016,,0.0004,µs,-7.32037213935777,90.69222010950354
Temp ZONE0,49.05,49.6,50.15,52.35,56.2, 57.85,57.85,,6.05,8.25,1.9327,,52.8565,°C,18372.51451548779,486219.0949788972
