Name,Min,1%,5%,50%,95%,99%,Max,,90% Range,98% Range,StdDev,,Mean,Units,Skewness,Kurtosis
Local Clock Frequency Offset,8.539,8.6262,8.6683,8.7874,8.8574, 8.8836,8.9775,,0.1891,0.2574,0.0578,,8.7754,ppm,3432113.8763479567,517750138.44609797
Local Clock Time Offset,-14.441,-1.846,-0.526,0.007,0.582, 1.794,8.491,,1.108,3.64,0.5814,,-0.0002,µs,-6.253624913958292,83.23410056459252
Local RMS Frequency Jitter,0.412,0.698,0.918,1.871,8.277, 18.139,41.595,,7.359,17.441,3.3356,,3.0886,ppb,3.5995603316124667,22.992431963308718
Local RMS Time Jitter,0.054,0.105,0.142,0.283,1.009, 2.054,5.569,,0.867,1.949,0.3795,,0.4068,µs,4.530928368952734,33.92072855899809
Server Jitter SHM(0),0.134,0.389,0.5778,1.4216,3.4161, 5.6457,7.638,,2.8383,5.2567,0.9537,,1.6447,ms,4.525392659379919,17.881283705199
Server Jitter SHM(1),0.022,0.06,0.093,0.252,1.621, 3.416,14.086,,1.528,3.356,0.6838,,0.4698,µs,4.3880982070946475,43.64162727453423
Server Offset SHM(0),11.5751,12.5906,13.41,18.7442,23.5239, 24.6468,26.3462,,10.1138,12.0563,3.1642,,18.5112,ms,128.59488017003122,695.4948158591789
Server Offset SHM(1),-14.442,-1.847,-0.527,0.008,0.583, 1.795,8.492,,1.11,3.642,0.5819,,-0.0002,µs,-6.2487833141044025,83.04856285336813
TDOP,0.66,0.67,0.76,1.4,10.26, 29.19,136.55,,9.5,28.52,10.0737,,3.6026, ,8.092288357571961,104.89204400989864
Temp ZONE0,50.15,50.7,51.8,53.45,55.1, 55.65,56.2,,3.3,4.95,1.1213,,53.4591,°C,101817.47997632682,4758732.009023786
nSats,11.0,11.0,12.0,14.0,15.0, 16.0,16.0,,3.0,5.0,0.98,,13.5165,nSat,2131.5403419146996,27760.811790603693
