Name,Min,1%,5%,50%,95%,99%,Max,,90% Range,98% Range,StdDev,,Mean,Units,Skewness,Kurtosis
Local Clock Frequency Offset,8.9067,9.0576,9.1195,9.263,9.3372, 9.3689,9.4149,,0.2178,0.3112,0.0657,,9.2488,ppm,2725490.9848149065,380747590.72046894
Local Clock Time Offset,-16.017,-2.315,-0.518,0.009,0.564, 1.939,7.235,,1.082,4.254,0.6081,,-0.0001,µs,-6.343520016486442,70.85453343922592
Local RMS Frequency Jitter,0.437,0.81,1.018,2.036,9.873, 18.023,45.949,,8.855,17.213,3.4094,,3.313,ppb,3.266724471861851,18.95378458135291
Local RMS Time Jitter,0.069,0.129,0.165,0.317,1.251, 1.934,6.479,,1.086,1.805,0.3846,,0.4518,µs,3.85311591612078,24.98391109737485
Server Jitter SHM(0),0.1756,0.3118,0.4864,1.4101,3.4859, 5.4592,29.4295,,2.9995,5.1474,1.0895,,1.6175,ms,6.634621912778675,100.82908548828219
Server Jitter SHM(1),0.02,0.065,0.098,0.262,1.831, 3.705,15.426,,1.733,3.64,0.7208,,0.4985,µs,3.6800664804014116,31.6423315357771
Server Offset SHM(0),-8.5941,10.7246,12.0674,17.5258,22.4962, 24.2528,26.6457,,10.4288,13.5282,3.3498,,17.3329,ms,85.14790765573245,409.0292352271189
Server Offset SHM(1),-16.018,-2.316,-0.519,0.01,0.565, 1.94,7.236,,1.084,4.256,0.6085,,-0.0,µs,-6.339001143295574,70.71480327429177
TDOP,0.65,0.7,0.73,0.97,4.1, 13.96,34.88,,3.37,13.26,2.9847,,1.7606, ,6.647869054454979,65.9679095235981
Temp ZONE0,51.25,51.25,52.9,55.1,58.95, 60.05,60.6,,6.05,8.8,2.1745,,55.595,°C,14900.037030348141,367870.5148123866
nSats,9.0,9.0,11.0,14.0,15.0, 16.0,16.0,,4.0,7.0,1.3379,,13.5417,nSat,785.601647438347,7399.349514066166
