Name,Min,1%,5%,50%,95%,99%,Max,,90% Range,98% Range,StdDev,,Mean,Units,Skewness,Kurtosis
Local Clock Frequency Offset,8.2978,8.4184,8.4525,8.5663,8.6178, 8.6464,8.6858,,0.1653,0.2279,0.0435,,8.5583,ppm,7506552.412128401,1469861678.4767556
Local Clock Time Offset,-13.431,-2.19,-0.402,0.009,0.552, 1.555,6.404,,0.954,3.745,0.5553,,-0.0001,µs,-6.848183793589377,71.82110579863068
Local RMS Frequency Jitter,0.313,0.559,0.742,1.527,8.352, 18.067,37.186,,7.61,17.508,3.273,,2.852,ppb,2.849722310717696,15.387791048183145
Local RMS Time Jitter,0.05,0.086,0.117,0.245,1.142, 2.167,5.556,,1.025,2.081,0.4073,,0.4005,µs,3.2254551059814345,18.952301304934373
Server Jitter SHM(0),0.1479,0.3742,0.5851,1.5179,3.6943, 5.6627,7.4439,,3.1092,5.2886,1.025,,1.7592,ms,4.275509450562688,15.776305661032556
Server Jitter SHM(1),0.012,0.047,0.071,0.192,1.67, 3.525,13.498,,1.599,3.478,0.6785,,0.4182,µs,3.3693781473208984,27.64439861520117
Server Offset SHM(0),12.4335,13.5916,14.3447,19.0261,23.6308, 24.6505,26.9106,,9.2861,11.0589,3.029,,18.8178,ms,157.31426708901307,904.0310635381119
Server Offset SHM(1),-13.432,-2.191,-0.403,0.01,0.553, 1.556,6.405,,0.956,3.747,0.5557,,0.0,µs,-6.842732486635224,71.68327164851254
TDOP,0.59,0.59,0.7,1.32,21.99, 42.16,50.13,,21.29,41.57,7.1986,,3.6534, ,2.3871457819830417,13.717164049918695
Temp ZONE0,51.8,52.35,53.45,57.85,60.05, 60.6,61.15,,6.6,8.25,1.9276,,57.4879,°C,24031.44904527531,695065.40953686
nSats,5.0,5.0,5.0,13.0,15.0, 15.0,16.0,,10.0,10.0,3.2676,,11.7375,nSat,23.999186388360293,76.13151849236112
