Name,Min,1%,5%,50%,95%,99%,Max,,90% Range,98% Range,StdDev,,Mean,Units,Skewness,Kurtosis
Local Clock Frequency Offset,7.5097,7.6402,7.6768,7.8398,7.8938, 7.9565,8.0109,,0.2171,0.3163,0.0605,,7.8259,ppm,2119534.085442801,272294714.8389425
Local Clock Time Offset,-18.649,-2.199,-0.412,0.005,0.563, 1.701,5.82,,0.975,3.9,0.5828,,-0.0,µs,-7.513483791950738,103.28907671487654
Local RMS Frequency Jitter,0.23,0.595,0.799,1.744,8.879, 18.113,51.534,,8.08,17.518,3.4174,,3.013,ppb,3.318828776788633,21.315383414943494
Local RMS Time Jitter,0.04,0.096,0.129,0.278,1.233, 2.154,8.029,,1.104,2.058,0.4317,,0.4342,µs,3.8275568941744122,29.717998194079406
Server Jitter SHM(0),0.1782,0.4066,0.5888,1.5583,3.4212, 4.7027,7.6498,,2.8324,4.2961,0.8893,,1.7352,ms,5.001285020182424,16.78184589371488
Server Jitter SHM(1),0.02,0.051,0.081,0.22,1.678, 3.513,18.666,,1.597,3.462,0.7059,,0.4439,µs,4.185707513658662,43.744459742067214
Server Offset SHM(0),-29.3297,-24.7261,-19.4341,-8.7528,2.3936, 6.9809,10.1806,,21.8277,31.7069,6.9329,,-8.6551,ms,-18.112614679295575,58.42727203782827
Server Offset SHM(1),-18.65,-2.2,-0.413,0.006,0.564, 1.702,5.821,,0.977,3.902,0.5832,,0.0,µs,-7.506888274498175,103.07475152927059
Temp ZONE0,50.15,50.7,51.25,53.45,55.1, 56.2,56.2,,3.85,5.5,1.1696,,53.4775,°C,89576.5031015024,4011936.246680555
