Name,Min,1%,5%,50%,95%,99%,Max,,90% Range,98% Range,StdDev,,Mean,Units,Skewness,Kurtosis
Local Clock Frequency Offset,8.3599,8.4605,8.5029,8.6169,8.6942, 8.71,8.7661,,0.1913,0.2495,0.061,,8.6094,ppm,2753831.0442412435,386035378.24206215
Local Clock Time Offset,-12.307,-1.931,-0.473,0.007,0.552, 1.688,8.917,,1.025,3.619,0.5498,,0.0002,µs,-5.831790867639677,65.62107562265751
Local RMS Frequency Jitter,0.368,0.646,0.832,1.713,7.898, 17.512,34.511,,7.066,16.866,3.1501,,2.9256,ppb,3.190562485352007,17.7684529278727
Local RMS Time Jitter,0.059,0.1,0.131,0.261,0.977, 1.973,4.82,,0.846,1.873,0.3545,,0.3856,µs,3.858466533083462,23.75027332662825
Server Jitter SHM(0),0.1705,0.4274,0.6326,1.5225,3.5656, 5.3574,8.3293,,2.933,4.9299,0.967,,1.7328,ms,4.726461277301085,18.361454255294827
Server Jitter SHM(1),0.012,0.052,0.08,0.222,1.615, 3.272,12.031,,1.535,3.22,0.6537,,0.4411,µs,3.7105316787893745,31.699813595210916
Server Offset SHM(0),11.1344,13.1573,13.9683,19.0786,23.8445, 25.326,27.6559,,9.8762,12.1687,3.1594,,18.828,ms,136.89069588137244,755.2915073985529
Server Offset SHM(1),-12.308,-1.932,-0.474,0.008,0.553, 1.689,8.918,,1.027,3.621,0.5503,,0.0003,µs,-5.827782078840938,65.48120321180265
TDOP,0.65,0.67,0.73,1.56,15.15, 39.56,229.0,,14.42,38.89,19.9016,,5.1629, ,7.313320227152805,80.06649958721808
Temp ZONE0,51.25,51.25,51.8,54.55,58.95, 59.5,61.15,,7.15,8.25,2.1434,,54.9266,°C,15009.111618266366,371478.9357409299
nSats,8.0,9.0,11.0,13.0,15.0, 15.0,15.0,,4.0,6.0,1.2928,,12.7842,nSat,728.5145573222459,6703.138047906373
