Name,Min,1%,5%,50%,95%,99%,Max,,90% Range,98% Range,StdDev,,Mean,Units,Skewness,Kurtosis
Local Clock Frequency Offset,8.8365,9.0529,9.0956,9.1498,9.1785, 9.1912,9.2309,,0.0829,0.1384,0.0273,,9.1451,ppm,37137619.86409638,12390624297.900246
Local Clock Time Offset,-21.313,-2.09,-0.462,0.01,0.522, 1.678,11.797,,0.984,3.768,0.5789,,0.0,µs,-7.134497333076178,132.6631494201637
Local RMS Frequency Jitter,0.332,0.656,0.855,1.801,8.173, 17.898,70.289,,7.318,17.242,3.4017,,2.9857,ppb,4.439121830432418,44.004265771728285
Local RMS Time Jitter,0.053,0.105,0.138,0.28,1.081, 1.997,9.942,,0.943,1.892,0.4009,,0.4122,µs,5.418677368705115,64.3626003513948
Server Jitter SHM(0),0.1812,0.3593,0.5581,1.4445,3.3335, 5.3065,7.6634,,2.7754,4.9473,0.9251,,1.6371,ms,4.6004678329827815,17.919019446151275
Server Jitter SHM(1),0.011,0.053,0.082,0.229,1.575, 3.47,19.622,,1.493,3.417,0.703,,0.4475,µs,5.255614764920377,72.27850279174157
Server Offset SHM(0),9.688,12.2277,13.4407,18.7292,23.3566, 24.74,26.0266,,9.9159,12.5122,3.1431,,18.2969,ms,126.49993340859675,681.2464615862348
Server Offset SHM(1),-21.314,-2.091,-0.463,0.011,0.523, 1.679,11.798,,0.986,3.77,0.5793,,0.0001,µs,-7.128255095510598,132.35931899833335
TDOP,0.61,0.63,0.68,1.11,9.59, 64.54,215.28,,8.91,63.91,17.8337,,4.3412, ,6.307488402181435,71.76404661662913
Temp ZONE0,54.0,54.55,55.1,57.3,59.5, 62.25,62.8,,4.4,7.7,1.3546,,57.1768,°C,70105.5557019722,2894194.2801362737
nSats,10.0,11.0,12.0,14.0,16.0, 16.0,17.0,,4.0,5.0,1.2816,,13.805,nSat,961.9293751048718,9675.293314311508
