Name,Min,1%,5%,50%,95%,99%,Max,,90% Range,98% Range,StdDev,,Mean,Units,Skewness,Kurtosis
Local Clock Frequency Offset,7.1201,7.2794,7.316,7.5365,7.6423, 7.7175,7.8159,,0.3263,0.4381,0.0971,,7.5139,ppm,445751.1083247915,34062027.08769493
Local Clock Time Offset,-18.0,-2.314,-0.411,0.0,0.661, 1.782,8.033,,1.072,4.096,0.63,,0.0009,µs,-7.783584323759121,118.25687083473679
Local RMS Frequency Jitter,0.355,0.595,0.778,1.749,9.356, 19.545,49.735,,8.578,18.95,3.7666,,3.1733,ppb,3.3613495639090063,22.755780038214358
Local RMS Time Jitter,0.047,0.093,0.122,0.277,1.276, 2.27,9.338,,1.154,2.177,0.4725,,0.4458,µs,4.360456801557774,42.129318255918406
Server Jitter SHM(0),0.1946,0.4953,0.7996,1.7908,3.9057, 5.3499,7.5691,,3.1061,4.8547,0.9844,,2.0035,ms,5.484487623049842,18.07015050642462
Server Jitter SHM(1),0.016,0.051,0.078,0.212,1.741, 3.79,18.0,,1.663,3.739,0.7738,,0.4563,µs,4.403827587389609,48.56759868410563
Server Offset SHM(0),-28.351,-24.3493,-21.7847,-12.4829,2.7768, 7.5915,12.3734,,24.5615,31.9408,7.7638,,-11.058,ms,-21.044518273238136,67.60301204353927
Server Offset SHM(1),-18.0,-2.315,-0.412,0.0,0.662, 1.783,8.034,,1.074,4.098,0.6304,,0.0009,µs,-7.777206356768595,118.02905916053213
Temp ZONE0,47.4,48.5,49.05,51.25,54.0, 55.65,56.2,,4.95,7.15,1.42,,50.9933,°C,42655.71729409033,1492906.0604373543
