Name,Min,1%,5%,50%,95%,99%,Max,,90% Range,98% Range,StdDev,,Mean,Units,Skewness,Kurtosis
Local Clock Frequency Offset,9.0123,9.1312,9.1671,9.3021,9.373, 9.3965,9.465,,0.2059,0.2654,0.0577,,9.293,ppm,4097376.162608685,655704463.2609699
Local Clock Time Offset,-15.689,-2.259,-0.511,0.006,0.572, 1.907,8.927,,1.083,4.166,0.6045,,-0.0,µs,-6.200924818483291,76.04634010400406
Local RMS Frequency Jitter,0.437,0.785,0.999,1.988,9.57, 17.78,45.715,,8.571,16.995,3.424,,3.2577,ppb,3.4785491859650954,22.21635657205555
Local RMS Time Jitter,0.064,0.127,0.163,0.309,1.201, 1.938,6.255,,1.038,1.811,0.3893,,0.4446,µs,4.164567404775819,28.96269647670467
Server Jitter SHM(0),0.1782,0.3307,0.5083,1.3395,3.2539, 5.0504,8.9542,,2.7455,4.7197,0.919,,1.5284,ms,4.287867696686838,17.985474404327046
Server Jitter SHM(1),0.021,0.06,0.096,0.256,1.786, 3.619,15.062,,1.69,3.559,0.7155,,0.4898,µs,4.015327126003025,38.23605519294269
Server Offset SHM(0),10.9377,12.5277,13.6542,18.5936,23.2445, 24.5292,27.6405,,9.5903,12.0016,3.1119,,18.3781,ms,132.81704097900715,726.1925565690425
Server Offset SHM(1),-15.69,-2.26,-0.512,0.007,0.573, 1.908,8.928,,1.085,4.168,0.605,,-0.0,µs,-6.196735439355078,75.89458398617086
TDOP,0.65,0.66,0.7,1.02,7.85, 40.93,127.43,,7.15,40.27,11.7735,,3.2017, ,6.320760819748576,65.58676260683399
Temp ZONE0,50.15,50.7,52.35,54.0,55.65, 56.2,57.3,,3.3,5.5,1.155,,53.9886,°C,95841.00027386297,4390149.70846642
nSats,10.0,10.0,11.0,13.0,15.0, 16.0,16.0,,4.0,6.0,1.2951,,13.2116,nSat,806.4611066147843,7671.868223354754
