Name,Min,1%,5%,50%,95%,99%,Max,,90% Range,98% Range,StdDev,,Mean,Units,Skewness,Kurtosis
Local Clock Frequency Offset,8.7031,8.9002,8.9587,9.1401,9.3121, 9.3598,9.432,,0.3535,0.4596,0.1156,,9.139,ppm,475903.004184459,37167793.00711945
Local Clock Time Offset,-19.366,-2.281,-0.601,0.018,0.613, 1.953,11.863,,1.214,4.234,0.6409,,0.0002,µs,-6.484297888416432,91.43440327760523
Local RMS Frequency Jitter,0.539,1.028,1.257,2.304,9.692, 18.616,63.061,,8.435,17.588,3.5421,,3.5442,ppb,4.280112125790657,33.55990640759489
Local RMS Time Jitter,0.086,0.162,0.2,0.355,1.227, 2.101,8.251,,1.027,1.939,0.408,,0.4884,µs,5.089153509113371,43.879713123655655
Server Jitter SHM(0),0.187,0.3365,0.511,1.3315,3.2597, 4.9429,8.1043,,2.7487,4.6064,0.9109,,1.5422,ms,4.2593885590170295,16.770571163958248
Server Jitter SHM(1),0.029,0.09,0.13,0.322,1.831, 3.617,17.737,,1.701,3.527,0.7401,,0.5493,µs,4.861612597089032,54.38403776888371
Server Offset SHM(0),10.2899,11.8581,12.8014,18.1172,22.9038, 24.4659,27.5219,,10.1024,12.6078,3.2605,,17.8162,ms,102.37622907798857,519.0331070390329
Server Offset SHM(1),-19.367,-2.282,-0.602,0.019,0.614, 1.954,11.864,,1.216,4.236,0.6414,,0.0002,µs,-6.47925383801924,91.23585777407229
TDOP,0.67,0.69,0.78,1.16,3.09, 11.54,197.55,,2.31,10.85,12.692,,2.3631, ,12.119220160053779,187.36213433863423
Temp ZONE0,48.5,49.05,50.15,52.35,58.4, 59.5,60.05,,8.25,10.45,2.9259,,53.5322,°C,5226.249440794361,91318.0872641444
nSats,9.0,9.0,12.0,14.0,16.0, 16.0,16.0,,4.0,7.0,1.342,,13.8423,nSat,835.4235580982189,8024.899478134065
