Name,Min,1%,5%,50%,95%,99%,Max,,90% Range,98% Range,StdDev,,Mean,Units,Skewness,Kurtosis
Local Clock Frequency Offset,8.2146,8.4901,8.5262,8.5513,8.5695, 8.5751,8.6061,,0.0433,0.085,0.0176,,8.5492,ppm,114529683.36630191,55619583253.43476
Local Clock Time Offset,-14.932,-2.168,-0.398,0.009,0.561, 1.584,9.965,,0.959,3.752,0.6002,,-0.0002,µs,-7.541888761962745,102.56299883773103
Local RMS Frequency Jitter,0.329,0.586,0.755,1.509,8.733, 19.694,44.366,,7.978,19.108,3.6451,,2.9544,ppb,3.1409811759507282,19.436046454246323
Local RMS Time Jitter,0.047,0.09,0.119,0.243,1.195, 2.463,7.664,,1.076,2.373,0.4722,,0.4165,µs,3.764047652992719,27.536419989217023
Server Jitter SHM(0),0.1805,0.4135,0.6179,1.512,3.8422, 5.7213,8.5265,,3.2243,5.3078,1.0531,,1.7803,ms,4.21280739255417,15.595445170013436
Server Jitter SHM(1),0.015,0.049,0.072,0.19,1.702, 3.945,14.914,,1.63,3.896,0.7501,,0.4306,µs,3.968430373748088,38.03165598925157
Server Offset SHM(0),11.1843,12.2317,13.2603,18.428,23.7797, 25.051,27.7676,,10.5194,12.8193,3.2525,,18.4685,ms,116.49035039489596,613.7302727729123
Server Offset SHM(1),-14.933,-2.169,-0.399,0.01,0.562, 1.585,9.966,,0.961,3.754,0.6006,,-0.0001,µs,-7.535843796522901,102.37280619385126
TDOP,0.66,0.71,0.82,1.22,16.63, 76.16,104.51,,15.81,75.45,10.8617,,4.0298, ,4.9029492983072505,43.015374941871286
Temp ZONE0,55.65,56.2,56.75,58.4,60.05, 60.6,63.9,,3.3,4.4,1.0614,,58.1983,°C,156178.04906968647,8416497.604538944
nSats,5.0,5.0,6.0,13.0,15.0, 16.0,16.0,,9.0,11.0,2.592,,12.3,nSat,62.32470642576526,263.8203263661464
