Name,Min,1%,5%,50%,95%,99%,Max,,90% Range,98% Range,StdDev,,Mean,Units,Skewness,Kurtosis
Local Clock Frequency Offset,8.863,8.9821,9.0345,9.1463,9.2301, 9.2589,9.3184,,0.1956,0.2768,0.0601,,9.1423,ppm,3448755.437865134,521100027.79277664
Local Clock Time Offset,-27.583,-2.315,-0.516,0.006,0.579, 1.935,15.423,,1.095,4.25,0.6424,,-0.0001,µs,-6.876785854398789,157.96382060243906
Local RMS Frequency Jitter,0.347,0.702,0.907,2.016,9.767, 18.788,85.609,,8.86,18.086,3.7657,,3.3231,ppb,4.609982891074259,51.33743219454587
Local RMS Time Jitter,0.061,0.113,0.144,0.306,1.214, 2.157,13.033,,1.07,2.044,0.4589,,0.4502,µs,6.2666277901869725,91.05972833904521
Server Jitter SHM(0),0.1734,0.3541,0.5279,1.339,3.1544, 4.7239,7.4697,,2.6265,4.3698,0.8673,,1.5288,ms,4.533027827876287,17.679347712339442
Server Jitter SHM(1),0.019,0.056,0.085,0.253,1.826, 3.746,26.022,,1.741,3.69,0.7781,,0.4965,µs,5.441976474246466,87.80564978175781
Server Offset SHM(0),11.9448,13.0965,13.997,18.6908,23.6041, 25.033,27.3562,,9.6071,11.9365,3.0646,,18.6009,ms,145.59646027782486,818.7389141805642
Server Offset SHM(1),-27.584,-2.316,-0.517,0.007,0.58, 1.936,15.424,,1.097,4.252,0.6429,,-0.0001,µs,-6.871686832959926,157.6301381241787
TDOP,0.62,0.69,0.73,1.06,5.25, 25.88,78.01,,4.52,25.19,5.8351,,2.1952, ,7.939200759028648,99.4978551691338
Temp ZONE0,50.15,50.7,51.8,53.45,55.65, 57.3,57.3,,3.85,6.6,1.2074,,53.571,°C,81710.47917432727,3549503.7188701313
nSats,9.0,10.0,12.0,14.0,15.0, 16.0,16.0,,3.0,6.0,1.2607,,13.6473,nSat,977.3752875080969,9878.047625853775
