Name,Min,1%,5%,50%,95%,99%,Max,,90% Range,98% Range,StdDev,,Mean,Units,Skewness,Kurtosis
Local Clock Frequency Offset,8.8325,9.0318,9.0452,9.0995,9.1399, 9.1515,9.2041,,0.0947,0.1196,0.0294,,9.0973,ppm,29226875.12930783,9002966806.717672
Local Clock Time Offset,-16.628,-2.077,-0.537,0.014,0.545, 1.721,9.149,,1.082,3.798,0.6112,,-0.0001,µs,-6.928923240539919,103.03623667490268
Local RMS Frequency Jitter,0.375,0.772,0.986,1.986,8.376, 19.205,51.061,,7.39,18.433,3.5632,,3.1836,ppb,4.106668637131597,29.92921288984009
Local RMS Time Jitter,0.072,0.124,0.159,0.309,1.105, 2.262,8.305,,0.946,2.138,0.4358,,0.444,µs,5.193884354265672,46.95095516693661
Server Jitter SHM(0),0.1459,0.3587,0.546,1.4025,3.3361, 5.319,8.7486,,2.7901,4.9603,0.9347,,1.6056,ms,4.517092506248332,18.498388068093803
Server Jitter SHM(1),0.013,0.064,0.1,0.268,1.614, 3.749,16.173,,1.514,3.685,0.7325,,0.4889,µs,4.956027984470268,53.60354187166057
Server Offset SHM(0),9.1424,11.0439,13.4461,18.607,23.6078, 24.9125,27.2424,,10.1617,13.8685,3.3404,,18.585,ms,108.63463037713099,558.9408984579143
Server Offset SHM(1),-16.629,-2.078,-0.538,0.015,0.546, 1.722,9.15,,1.084,3.8,0.6116,,-0.0001,µs,-6.923149874948378,102.81788031808344
TDOP,0.66,0.66,0.71,1.07,9.72, 24.18,64.79,,9.01,23.52,6.2375,,2.762, ,5.473840292799076,51.491524190516465
Temp ZONE0,53.45,53.45,54.55,56.2,57.85, 58.4,59.5,,3.3,4.95,1.0614,,56.0923,°C,139532.6292032757,7242541.115145831
nSats,9.0,9.0,11.0,13.0,15.0, 16.0,16.0,,4.0,7.0,1.4413,,13.1875,nSat,565.4674059095565,4804.138277675968
