Name,Min,1%,5%,50%,95%,99%,Max,,90% Range,98% Range,StdDev,,Mean,Units,Skewness,Kurtosis
Local Clock Frequency Offset,8.9299,9.0974,9.1427,9.2667,9.3161, 9.3522,9.3988,,0.1734,0.2548,0.05,,9.2548,ppm,6221121.672931556,1144239833.5514526
Local Clock Time Offset,-18.902,-2.307,-0.516,0.006,0.569, 1.962,8.549,,1.085,4.269,0.6152,,-0.0005,µs,-6.492978425757211,83.4541254040109
Local RMS Frequency Jitter,0.492,0.798,0.981,2.027,9.661, 18.328,56.696,,8.68,17.53,3.4956,,3.3041,ppb,3.571358495042638,24.61974405069848
Local RMS Time Jitter,0.083,0.129,0.163,0.315,1.235, 2.015,8.215,,1.072,1.886,0.4051,,0.4523,µs,4.444359770238716,37.17309524486718
Server Jitter SHM(0),0.1764,0.3185,0.4875,1.3531,3.3895, 5.1829,8.0841,,2.902,4.8644,0.9435,,1.566,ms,4.074475607426946,15.481321650413685
Server Jitter SHM(1),0.021,0.063,0.094,0.255,1.809, 3.672,17.998,,1.715,3.609,0.7323,,0.4945,µs,4.044090541621782,40.700091024639654
Server Offset SHM(0),11.9893,12.9139,13.9224,18.6887,23.5562, 25.0081,27.0844,,9.6339,12.0942,3.1025,,18.5853,ms,139.29674395787714,772.5737099990665
Server Offset SHM(1),-18.903,-2.308,-0.517,0.007,0.57, 1.963,8.55,,1.087,4.271,0.6157,,-0.0005,µs,-6.4883317150529125,83.28762492960229
TDOP,0.62,0.63,0.69,1.0,3.1, 13.68,140.25,,2.41,13.05,9.2805,,2.0503, ,11.135500149294105,166.066904869959
Temp ZONE0,50.7,51.8,52.35,54.0,55.65, 56.2,56.75,,3.3,4.4,0.9897,,54.2154,°C,155688.4489839415,8381182.970027895
nSats,11.0,11.0,12.0,14.0,16.0, 16.0,16.0,,4.0,5.0,1.1386,,13.9125,nSat,1445.4330370427042,16591.792981047074
