Name,Min,1%,5%,50%,95%,99%,Max,,90% Range,98% Range,StdDev,,Mean,Units,Skewness,Kurtosis
Local Clock Frequency Offset,7.2444,7.3963,7.4598,7.5975,7.6841, 7.731,7.8055,,0.2243,0.3347,0.0622,,7.5936,ppm,1775114.347986615,214961399.18558496
Local Clock Time Offset,-15.202,-2.238,-0.413,0.005,0.595, 1.681,6.402,,1.008,3.919,0.5952,,0.0004,µs,-8.1850250105822,115.54823940318218
Local RMS Frequency Jitter,0.253,0.57,0.754,1.763,8.815, 18.749,42.025,,8.061,18.179,3.5255,,3.0366,ppb,3.3089909218478315,20.580008872741875
Local RMS Time Jitter,0.034,0.091,0.123,0.284,1.244, 2.291,6.618,,1.121,2.2,0.4505,,0.441,µs,3.7544300239477835,26.461261666368177
Server Jitter SHM(0),0.2364,0.7133,1.1241,3.981,10.7082, 13.3307,22.0704,,9.5841,12.6175,3.0763,,4.6155,ms,2.6057759870555084,7.14172803087479
Server Jitter SHM(1),0.019,0.049,0.074,0.211,1.652, 3.554,15.216,,1.578,3.505,0.7273,,0.4422,µs,4.31739772869842,44.70545016388928
Server Offset SHM(0),-46.754,-41.1153,-36.4534,-26.6074,-10.0145, -7.5562,-3.9756,,26.4389,33.5592,8.5981,,-24.801,ms,-69.95732195434199,315.52643840821355
Server Offset SHM(1),-15.203,-2.239,-0.414,0.006,0.596, 1.682,6.403,,1.01,3.921,0.5956,,0.0004,µs,-8.177559352728546,115.31790110804916
Temp ZONE0,48.5,49.6,51.25,53.45,55.1, 56.2,56.75,,3.85,6.6,1.2468,,53.2606,°C,72734.37736524234,3039563.4150599907
