Name,Min,1%,5%,50%,95%,99%,Max,,90% Range,98% Range,StdDev,,Mean,Units,Skewness,Kurtosis
Local Clock Frequency Offset,7.8286,8.0228,8.1145,8.368,8.3959, 8.4088,8.4672,,0.2813,0.386,0.0796,,8.3466,ppm,1122517.799678613,116681406.04902771
Local Clock Time Offset,-22.222,-2.094,-0.421,0.007,0.491, 1.533,9.78,,0.912,3.627,0.5751,,-0.0011,µs,-8.570712158547654,157.7397968357745
Local RMS Frequency Jitter,0.377,0.604,0.772,1.691,8.019, 18.549,62.466,,7.247,17.945,3.4575,,2.8746,ppb,4.118408538533506,35.7747678188576
Local RMS Time Jitter,0.06,0.096,0.122,0.258,1.089, 2.192,9.57,,0.967,2.096,0.4305,,0.4022,µs,4.830360075430635,50.128113463012966
Server Jitter SHM(0),0.1162,0.3845,0.568,1.4385,3.6481, 5.6666,8.5839,,3.0802,5.2821,1.0015,,1.6814,ms,4.309863905146103,16.877140549013724
Server Jitter SHM(1),0.014,0.045,0.067,0.203,1.542, 3.64,22.178,,1.475,3.595,0.7136,,0.4257,µs,5.196684731282848,70.99308425092656
Server Offset SHM(0),10.7417,12.0918,13.0851,17.8853,22.6369, 24.1287,25.6219,,9.5518,12.0369,3.1423,,17.8646,ms,116.93080315740549,616.006443244111
Server Offset SHM(1),-22.223,-2.095,-0.422,0.008,0.492, 1.534,9.781,,0.914,3.629,0.5755,,-0.001,µs,-8.562378734216088,157.40056887503377
TDOP,0.63,0.66,0.71,1.3,3.95, 20.2,39.63,,3.24,19.54,3.8265,,2.0144, ,6.054377282464603,53.907702756099475
Temp ZONE0,49.05,49.6,51.25,56.75,59.5, 60.6,61.15,,8.25,11.0,2.4038,,56.3826,°C,11389.965632256199,257222.74602078865
nSats,10.0,11.0,12.0,14.0,16.0, 16.0,16.0,,4.0,5.0,1.3028,,13.751,nSat,900.704534245598,8875.389737758118
