Name,Min,1%,5%,50%,95%,99%,Max,,90% Range,98% Range,StdDev,,Mean,Units,Skewness,Kurtosis
Local Clock Frequency Offset,8.7031,8.9005,8.9589,9.1501,9.334, 9.372,9.4381,,0.375,0.4715,0.1181,,9.1465,ppm,446582.2413360669,34146822.0324797
Local Clock Time Offset,-19.366,-2.328,-0.592,0.016,0.604, 1.988,11.863,,1.196,4.316,0.6481,,-0.0012,µs,-6.657940301088142,94.56794827692434
Local RMS Frequency Jitter,0.608,1.015,1.242,2.273,9.818, 18.812,63.061,,8.576,17.797,3.6213,,3.5435,ppb,4.2668720699165466,33.47785184513023
Local RMS Time Jitter,0.086,0.161,0.199,0.35,1.24, 2.158,8.251,,1.041,1.997,0.4216,,0.4877,µs,5.096225509370676,43.7890017759107
Server Jitter SHM(0),0.187,0.3379,0.5094,1.343,3.3048, 5.1415,8.1043,,2.7955,4.8036,0.9226,,1.5444,ms,4.254855046503911,16.890533204247507
Server Jitter SHM(1),0.029,0.089,0.129,0.319,1.849, 3.712,17.737,,1.72,3.623,0.7543,,0.5488,µs,4.86909609889591,54.34011808673564
Server Offset SHM(0),10.6183,11.9046,12.9926,18.3527,23.0237, 24.5465,27.5219,,10.0312,12.6418,3.2626,,18.0183,ms,106.05654576675795,542.6530867620382
Server Offset SHM(1),-19.367,-2.329,-0.593,0.017,0.605, 1.989,11.864,,1.198,4.318,0.6485,,-0.0011,µs,-6.652696406854143,94.36627700749142
TDOP,0.69,0.72,0.78,1.14,4.92, 28.23,197.55,,4.14,27.51,14.5295,,3.0153, ,8.714618651709555,112.50071424023115
Temp ZONE0,48.5,49.05,50.15,52.9,58.4, 59.5,60.6,,8.25,10.45,2.8603,,53.612,°C,5639.80199242849,101040.04132467895
nSats,11.0,11.0,12.0,14.0,16.0, 16.0,16.0,,4.0,5.0,1.2221,,13.8174,nSat,1125.4331384477912,11916.918803779094
