Name,Min,1%,5%,50%,95%,99%,Max,,90% Range,98% Range,StdDev,,Mean,Units,Skewness,Kurtosis
Local Clock Frequency Offset,8.8765,8.9758,9.0471,9.1639,9.2237, 9.239,9.297,,0.1766,0.2632,0.0499,,9.1553,ppm,6063227.092719292,1105683868.8952622
Local Clock Time Offset,-17.378,-2.331,-0.51,0.008,0.537, 1.986,9.541,,1.047,4.317,0.619,,0.0,µs,-6.297772521079306,80.21270888998039
Local RMS Frequency Jitter,0.501,0.75,0.921,1.896,9.956, 18.103,49.279,,9.035,17.353,3.5849,,3.2502,ppb,3.326414068209276,21.624091323411953
Local RMS Time Jitter,0.082,0.118,0.146,0.287,1.252, 2.029,7.196,,1.106,1.911,0.417,,0.4358,µs,4.114895498702634,32.001674954466914
Server Jitter SHM(0),0.1039,0.314,0.4797,1.3326,3.3353, 5.2341,8.7258,,2.8557,4.9201,0.9506,,1.5421,ms,4.131983990776406,17.008922062873516
Server Jitter SHM(1),0.022,0.057,0.083,0.238,1.834, 3.716,16.814,,1.751,3.659,0.75,,0.4835,µs,3.8388717760897375,36.49020463792594
Server Offset SHM(0),10.1049,11.8686,12.997,18.446,23.7121, 24.9921,27.1536,,10.7151,13.1235,3.358,,18.0819,ms,97.49215790188794,487.84206880250866
Server Offset SHM(1),-17.379,-2.332,-0.511,0.009,0.538, 1.987,9.542,,1.049,4.319,0.6194,,0.0001,µs,-6.293638587355295,80.0643162484186
TDOP,0.68,0.7,0.75,1.13,11.48, 33.95,207.04,,10.73,33.25,18.5964,,4.3508, ,7.335840095713113,80.13490402819347
Temp ZONE0,50.7,51.8,52.35,54.55,56.2, 57.3,57.85,,3.85,5.5,1.1475,,54.5088,°C,100705.35625076287,4689599.278358693
nSats,8.0,11.0,12.0,13.0,15.0, 15.0,16.0,,3.0,4.0,1.1423,,13.3083,nSat,1239.3813854596788,13526.223423671294
