Name,Min,1%,5%,50%,95%,99%,Max,,90% Range,98% Range,StdDev,,Mean,Units,Skewness,Kurtosis
Local Clock Frequency Offset,8.4175,8.6127,8.7058,8.8325,8.9182, 8.9449,9.0155,,0.2124,0.3322,0.07,,8.8259,ppm,1956396.188056408,244716796.42578763
Local Clock Time Offset,-20.933,-1.878,-0.52,0.005,0.601, 1.757,7.763,,1.121,3.635,0.5865,,0.0001,µs,-7.266826656568395,135.1760866492875
Local RMS Frequency Jitter,0.372,0.721,0.923,1.871,8.148, 17.814,58.264,,7.225,17.093,3.382,,3.0966,ppb,4.072635433346518,33.43797602341929
Local RMS Time Jitter,0.065,0.111,0.143,0.284,1.004, 2.052,9.111,,0.861,1.941,0.3942,,0.4105,µs,5.7793906416838645,68.38730208398358
Server Jitter SHM(0),0.1963,0.3435,0.5643,1.4602,3.3846, 5.175,7.9083,,2.8203,4.8315,0.9379,,1.6638,ms,4.52788385164704,17.218175382445878
Server Jitter SHM(1),0.02,0.06,0.09,0.246,1.632, 3.379,20.574,,1.542,3.319,0.6929,,0.4677,µs,5.097677639443778,69.35919838351474
Server Offset SHM(0),10.7039,12.7621,13.7477,18.7641,23.4616, 24.5064,26.5134,,9.7139,11.7443,3.2044,,18.4428,ms,121.81342991361633,649.0190587840044
Server Offset SHM(1),-20.934,-1.879,-0.521,0.006,0.602, 1.758,7.764,,1.123,3.637,0.5869,,0.0001,µs,-7.25995354094369,134.84912964915944
TDOP,0.65,0.66,0.71,1.11,4.83, 15.1,17.28,,4.12,14.44,2.0863,,1.6928, ,4.3513626360977495,27.758842961514542
Temp ZONE0,47.95,50.15,51.25,52.9,54.55, 55.1,55.65,,3.3,4.95,1.1468,,52.9275,°C,92191.8034880837,4168762.8689944176
nSats,10.0,11.0,12.0,14.0,16.0, 16.0,16.0,,4.0,5.0,1.1838,,14.0833,nSat,1325.9260457363418,14787.61938428318
