Name,Min,1%,5%,50%,95%,99%,Max,,90% Range,98% Range,StdDev,,Mean,Units,Skewness,Kurtosis
Local Clock Frequency Offset,8.861,8.9445,9.0072,9.1209,9.236, 9.2741,9.3502,,0.2288,0.3296,0.0748,,9.1253,ppm,1775242.9677105355,214982397.4300631
Local Clock Time Offset,-11.085,-2.206,-0.597,0.017,0.598, 1.961,8.389,,1.195,4.167,0.6102,,-0.0004,µs,-5.783589883676604,56.894883047815426
Local RMS Frequency Jitter,0.618,0.924,1.162,2.235,9.639, 17.429,42.296,,8.477,16.505,3.3103,,3.4362,ppb,3.545891379658158,20.618920141179906
Local RMS Time Jitter,0.092,0.15,0.185,0.34,1.224, 1.907,7.685,,1.039,1.757,0.3866,,0.471,µs,4.566077125516428,35.19079333228953
Server Jitter SHM(0),0.162,0.3481,0.5519,1.3751,3.1099, 4.7929,7.1889,,2.558,4.4449,0.8509,,1.5579,ms,4.896308241869097,19.26977288324694
Server Jitter SHM(1),0.031,0.078,0.116,0.306,1.782, 3.564,12.15,,1.666,3.486,0.6952,,0.5298,µs,3.8349703199738405,31.137441252805285
Server Offset SHM(0),12.3903,13.5642,14.4014,19.2105,23.8493, 25.122,26.9394,,9.448,11.5577,3.0439,,19.1196,ms,163.17245243299607,947.8320369069206
Server Offset SHM(1),-11.086,-2.207,-0.598,0.018,0.599, 1.962,8.39,,1.197,4.169,0.6107,,-0.0003,µs,-5.779823974517079,56.78232253187364
TDOP,0.64,0.69,0.76,1.21,5.94, 7.41,104.28,,5.18,6.72,6.8348,,2.3565, ,11.673553742495523,173.27030131728984
Temp ZONE0,49.05,50.15,50.7,52.35,54.55, 54.55,55.65,,3.85,4.4,1.132,,52.3913,°C,92987.3820833039,4216861.6330404
nSats,4.0,9.0,11.0,13.0,15.0, 15.0,16.0,,4.0,6.0,1.5224,,13.159,nSat,467.38820328391904,3712.563235801586
