Name,Min,1%,5%,50%,95%,99%,Max,,90% Range,98% Range,StdDev,,Mean,Units,Skewness,Kurtosis
Local Clock Frequency Offset,9.0394,9.1925,9.2142,9.2372,9.2645, 9.2739,9.3115,,0.0504,0.0814,0.0173,,9.2381,ppm,150824254.99665835,80284426674.03075
Local Clock Time Offset,-17.279,-2.098,-0.71,0.028,0.635, 1.721,7.186,,1.345,3.819,0.6205,,-0.0002,µs,-6.343358544210628,77.40313142258223
Local RMS Frequency Jitter,0.748,1.204,1.491,2.669,8.433, 18.512,48.569,,6.942,17.308,3.2051,,3.6418,ppb,4.655599847081895,31.654979299235542
Local RMS Time Jitter,0.103,0.181,0.225,0.402,1.112, 2.203,7.42,,0.887,2.022,0.3855,,0.5091,µs,5.837951517413699,50.57278609805435
Server Jitter SHM(0),0.1343,0.3023,0.4541,1.3134,3.6125, 5.4554,7.2335,,3.1584,5.1531,1.0097,,1.5605,ms,3.6412920499506183,13.41898032448699
Server Jitter SHM(1),0.035,0.105,0.154,0.396,1.632, 3.631,16.845,,1.478,3.526,0.6796,,0.5847,µs,5.115803248349696,51.42038805964469
Server Offset SHM(0),10.6869,13.1352,14.0477,18.7162,23.5182, 24.8099,27.0254,,9.4704,11.6748,3.0868,,18.5854,ms,141.69464910098887,789.8994076228072
Server Offset SHM(1),-17.28,-2.099,-0.711,0.029,0.636, 1.722,7.187,,1.347,3.821,0.621,,-0.0001,µs,-6.337821416198747,77.21142779407903
TDOP,0.67,0.68,0.74,1.05,14.79, 62.05,139.52,,14.05,61.37,11.6539,,4.1022, ,5.730458051176836,64.37328912371704
Temp ZONE0,55.65,55.65,56.2,57.85,61.7, 62.8,62.8,,5.5,7.15,1.474,,58.2144,°C,57162.96692819423,2205089.873450632
nSats,10.0,10.0,11.0,14.0,16.0, 16.0,16.0,,5.0,6.0,1.4455,,13.5458,nSat,611.4252754084869,5325.016783815389
