Name,Min,1%,5%,50%,95%,99%,Max,,90% Range,98% Range,StdDev,,Mean,Units,Skewness,Kurtosis
Local Clock Frequency Offset,8.3858,8.5028,8.5256,8.5485,8.567, 8.5729,8.6061,,0.0414,0.0701,0.0156,,8.547,ppm,163215810.48594928,89197469401.13939
Local Clock Time Offset,-14.932,-2.209,-0.382,0.007,0.577, 1.582,7.621,,0.959,3.791,0.5937,,0.0001,µs,-7.516962663150651,98.04307666827751
Local RMS Frequency Jitter,0.329,0.555,0.718,1.475,8.659, 19.529,41.245,,7.941,18.974,3.6001,,2.9293,ppb,3.0274532008663284,18.32766786988578
Local RMS Time Jitter,0.047,0.084,0.112,0.236,1.199, 2.456,6.202,,1.087,2.372,0.4617,,0.4117,µs,3.427247898870007,22.487016215505715
Server Jitter SHM(0),0.2002,0.4131,0.6077,1.5047,3.863, 5.7112,7.9313,,3.2552,5.2981,1.051,,1.7698,ms,4.1370474000167095,15.077720634431339
Server Jitter SHM(1),0.016,0.044,0.067,0.181,1.711, 3.887,14.914,,1.644,3.843,0.7427,,0.4237,µs,3.7675017466204594,35.57770983958111
Server Offset SHM(0),11.179,12.1975,13.0569,18.1657,23.6155, 24.9332,26.6889,,10.5586,12.7356,3.2825,,18.1939,ms,107.47131067311412,553.5472454930889
Server Offset SHM(1),-14.933,-2.21,-0.383,0.008,0.578, 1.583,7.622,,0.961,3.793,0.5941,,0.0001,µs,-7.510982468089571,97.86318109058698
TDOP,0.79,0.81,0.86,1.3,16.74, 65.91,104.51,,15.88,65.1,10.4266,,4.0776, ,4.412042930458484,38.636264384939814
Temp ZONE0,54.55,55.65,56.75,58.4,59.5, 60.6,61.15,,2.75,4.95,1.0531,,58.1113,°C,159225.5089822097,8635977.89491376
nSats,5.0,5.0,5.0,13.0,15.0, 16.0,16.0,,10.0,11.0,2.9358,,12.0458,nSat,37.770298085592366,137.03932782448126
