Name,Min,1%,5%,50%,95%,99%,Max,,90% Range,98% Range,StdDev,,Mean,Units,Skewness,Kurtosis
Local Clock Frequency Offset,8.1144,8.2606,8.3206,8.4981,8.6189, 8.6916,8.7255,,0.2982,0.431,0.1002,,8.4717,ppm,583927.7635684308,48820560.006663196
Local Clock Time Offset,-18.542,-2.075,-0.414,0.004,0.57, 1.769,7.965,,0.984,3.844,0.5955,,0.0012,µs,-6.626148823384744,95.45894028240046
Local RMS Frequency Jitter,0.0,0.526,0.711,1.553,8.501, 19.584,51.26,,7.79,19.058,3.6008,,2.9477,ppb,3.1583267713897736,20.14915864710935
Local RMS Time Jitter,0.051,0.083,0.114,0.245,1.162, 2.286,8.291,,1.048,2.203,0.4347,,0.4035,µs,3.7977570469114146,30.010345701527612
Server Jitter SHM(0),0.0,0.3549,0.5689,1.4664,3.3632, 5.117,9.1132,,2.7943,4.7621,0.918,,1.6574,ms,4.737547828791797,18.537142913132442
Server Jitter SHM(1),0.0,0.047,0.07,0.195,1.669, 3.77,18.441,,1.599,3.723,0.7287,,0.4301,µs,3.995741737422941,40.883079651506065
Server Offset SHM(0),9.9142,12.5659,13.6774,18.7973,23.7277, 24.9052,27.8104,,10.0503,12.3393,3.213,,18.6983,ms,126.3812294151507,680.3820624057023
Server Offset SHM(1),-178180.801,-2.078,-0.415,0.005,0.571, 1.771,7.966,,0.986,3.849,857.3425,,-4.124,µs,-211.84841335990725,44032.31202147525
TDOP,0.7,0.7,0.78,1.35,10.34, 31.92,91.59,,9.56,31.22,8.3369,,3.1069, ,6.134978345978025,61.4648497162532
Temp ZONE0,48.5,49.05,49.6,51.8,54.0, 55.1,55.65,,4.4,6.05,1.4028,,51.8481,°C,46615.173445554574,1680247.6443271097
nSats,5.0,5.0,5.0,14.0,16.0, 16.0,16.0,,11.0,11.0,3.0362,,13.0458,nSat,43.895184522598456,164.49763961858213
