Name,Min,1%,5%,50%,95%,99%,Max,,90% Range,98% Range,StdDev,,Mean,Units,Skewness,Kurtosis
Local Clock Frequency Offset,8.8251,8.9297,8.995,9.0482,9.0825, 9.0946,9.142,,0.0876,0.165,0.03,,9.0436,ppm,27080892.026324935,8132552103.156173
Local Clock Time Offset,-20.75,-2.095,-0.518,0.013,0.558, 1.723,9.881,,1.076,3.818,0.5949,,0.0,µs,-6.840967163092451,107.2100142088301
Local RMS Frequency Jitter,0.427,0.759,0.967,1.941,8.36, 18.77,59.588,,7.393,18.011,3.4265,,3.1451,ppb,4.0017279087067905,30.300226285659246
Local RMS Time Jitter,0.075,0.121,0.155,0.299,1.073, 2.158,9.261,,0.918,2.037,0.413,,0.4313,µs,5.245026711508801,52.200534783217925
Server Jitter SHM(0),0.1657,0.3588,0.538,1.4333,3.5766, 5.3794,12.1115,,3.0387,5.0206,0.9925,,1.6466,ms,4.451284342826846,20.53249871891848
Server Jitter SHM(1),0.023,0.06,0.095,0.259,1.631, 3.667,19.704,,1.536,3.607,0.7104,,0.4798,µs,4.725812695327865,53.575784537419125
Server Offset SHM(0),3.139,11.0128,13.1431,18.4202,23.798, 25.1561,27.1258,,10.6549,14.1432,3.3725,,18.2715,ms,99.46464195110764,500.1681006083768
Server Offset SHM(1),-20.75,-2.096,-0.519,0.014,0.559, 1.724,9.882,,1.078,3.82,0.5953,,0.0001,µs,-6.83506370029297,106.96231156762214
TDOP,0.64,0.67,0.77,1.27,6.71, 22.65,74.8,,5.94,21.98,6.1349,,2.5536, ,7.105849257837918,77.55632483504836
Temp ZONE0,52.9,53.45,54.0,56.2,58.4, 58.95,58.95,,4.4,5.5,1.3095,,56.1427,°C,73554.04653581594,3085361.472524558
nSats,9.0,10.0,12.0,14.0,16.0, 16.0,16.0,,4.0,6.0,1.3331,,13.7542,nSat,836.2777840749754,8038.242355605877
