Name,Min,1%,5%,50%,95%,99%,Max,,90% Range,98% Range,StdDev,,Mean,Units,Skewness,Kurtosis
Local Clock Frequency Offset,8.8829,9.1054,9.1275,9.161,9.1886, 9.2094,9.2481,,0.0612,0.104,0.0204,,9.1598,ppm,89954391.5148844,40305793478.495865
Local Clock Time Offset,-21.949,-2.134,-0.507,0.015,0.523, 1.726,12.155,,1.03,3.86,0.6129,,-0.0,µs,-8.220134624065468,164.93720224616246
Local RMS Frequency Jitter,0.375,0.755,0.957,1.902,8.323, 18.527,69.02,,7.366,17.772,3.6421,,3.1136,ppb,4.753234810618166,44.76301861209563
Local RMS Time Jitter,0.066,0.121,0.154,0.301,1.102, 2.178,10.371,,0.948,2.057,0.4457,,0.4378,µs,5.908660674866385,65.97173650682697
Server Jitter SHM(0),0.1591,0.324,0.4813,1.3366,3.3828, 5.3588,9.1724,,2.9015,5.0348,0.9774,,1.5537,ms,3.971224996386861,16.09072865827626
Server Jitter SHM(1),0.018,0.062,0.096,0.258,1.59, 3.636,20.357,,1.494,3.574,0.7445,,0.4761,µs,5.945640717655422,82.64555096347289
Server Offset SHM(0),9.667,11.7615,13.3349,18.2018,23.1142, 24.4864,26.5611,,9.7794,12.7249,3.1516,,18.0324,ms,119.4563783326892,633.4268902114393
Server Offset SHM(1),-21.95,-2.135,-0.508,0.016,0.524, 1.727,12.156,,1.032,3.862,0.6133,,0.0,µs,-8.212025988570716,164.56989256192927
TDOP,0.67,0.72,0.79,1.12,19.64, 64.47,93.91,,18.85,63.75,11.0388,,3.8601, ,3.081135778528358,22.455817208665067
Temp ZONE0,53.45,54.55,55.1,56.75,58.95, 60.6,60.6,,3.85,6.05,1.1405,,56.7156,°C,115840.93879825571,5651848.785506162
nSats,10.0,10.0,12.0,14.0,15.0, 16.0,16.0,,3.0,6.0,1.1365,,13.6292,nSat,1360.7312930495136,15309.793420166978
