Name,Min,1%,5%,50%,95%,99%,Max,,90% Range,98% Range,StdDev,,Mean,Units,Skewness,Kurtosis
Local Clock Frequency Offset,8.7626,8.9203,9.0326,9.1657,9.2585, 9.2812,9.3343,,0.226,0.3609,0.0698,,9.1589,ppm,2209172.089564159,287755297.6030505
Local Clock Time Offset,-21.075,-2.208,-0.577,0.016,0.597, 2.018,11.099,,1.174,4.226,0.66,,0.0004,µs,-6.939342145565493,122.49394506892516
Local RMS Frequency Jitter,0.618,0.977,1.198,2.253,9.601, 19.068,60.282,,8.403,18.091,3.7789,,3.5127,ppb,4.7478649272492595,41.3939244916589
Local RMS Time Jitter,0.088,0.157,0.191,0.345,1.237, 2.221,9.808,,1.046,2.064,0.461,,0.4876,µs,5.99066304800205,64.01206469583592
Server Jitter SHM(0),0.158,0.396,0.5634,1.4312,3.2585, 5.0496,8.6298,,2.6951,4.6536,0.8904,,1.607,ms,4.751873012976706,18.82728505755771
Server Jitter SHM(1),0.029,0.083,0.122,0.314,1.777, 3.761,19.848,,1.655,3.678,0.7798,,0.5435,µs,5.516592426603548,69.13346286065101
Server Offset SHM(0),11.2406,12.646,13.693,18.5719,23.2215, 24.6075,27.6514,,9.5285,11.9615,3.0854,,18.3693,ms,136.43808182260423,751.7935170348071
Server Offset SHM(1),-21.076,-2.209,-0.578,0.017,0.598, 2.019,11.1,,1.176,4.228,0.6604,,0.0005,µs,-6.933744346744108,122.23431284669414
TDOP,0.63,0.64,0.73,0.93,5.11, 29.6,200.29,,4.38,28.96,13.5412,,2.7328, ,10.416937886764558,154.0210440444572
Temp ZONE0,49.05,50.15,51.25,54.0,55.65, 56.2,57.3,,4.4,6.05,1.2377,,53.6333,°C,75996.69118822472,3222558.0258076927
nSats,4.0,9.0,11.0,13.0,15.0, 16.0,16.0,,4.0,7.0,1.4283,,13.3771,nSat,609.1094648434564,5278.439437896059
