Name,Min,1%,5%,50%,95%,99%,Max,,90% Range,98% Range,StdDev,,Mean,Units,Skewness,Kurtosis
Local Clock Frequency Offset,8.5812,8.678,8.7401,8.8169,8.9118, 8.9352,9.0234,,0.1717,0.2572,0.0562,,8.825,ppm,3790782.123396039,591117955.311346
Local Clock Time Offset,-12.629,-1.877,-0.532,0.01,0.597, 1.724,5.828,,1.129,3.601,0.5514,,0.0001,µs,-5.478794133421577,52.956411791739995
Local RMS Frequency Jitter,0.475,0.747,0.947,1.899,8.109, 17.187,36.105,,7.162,16.44,3.0553,,3.0415,ppb,3.2591379294495404,17.045932616756218
Local RMS Time Jitter,0.07,0.121,0.151,0.289,0.993, 1.92,5.23,,0.842,1.799,0.3392,,0.4043,µs,3.960130689078683,23.01304821712008
Server Jitter SHM(0),0.1494,0.3359,0.5003,1.3569,3.2013, 5.2058,9.1346,,2.701,4.8699,0.9239,,1.5644,ms,4.338465582256707,17.480162961841394
Server Jitter SHM(1),0.024,0.064,0.095,0.257,1.583, 3.253,12.157,,1.488,3.189,0.633,,0.4656,µs,3.698434730524231,28.855637709234216
Server Offset SHM(0),11.1502,13.3206,14.3994,19.2237,23.5431, 24.8162,26.7919,,9.1436,11.4956,3.0545,,18.8475,ms,153.73106293177372,877.0389257967012
Server Offset SHM(1),-12.63,-1.878,-0.533,0.011,0.598, 1.725,5.829,,1.131,3.603,0.5518,,0.0002,µs,-5.475349402187452,52.84297810000379
TDOP,0.64,0.66,0.71,1.57,21.82, 82.37,129.03,,21.11,81.71,15.7967,,5.7565, ,3.1758356959077947,23.782396465975907
Temp ZONE0,50.7,51.25,51.8,53.45,55.65, 56.2,58.4,,3.85,4.95,1.2077,,53.5299,°C,81457.20370110612,3534878.127960154
nSats,9.0,10.0,12.0,14.0,16.0, 16.0,16.0,,4.0,6.0,1.2762,,13.7386,nSat,959.8791009547325,9646.764046769658
