Name,Min,1%,5%,50%,95%,99%,Max,,90% Range,98% Range,StdDev,,Mean,Units,Skewness,Kurtosis
Local Clock Frequency Offset,7.4096,7.5324,7.572,7.7048,7.9041, 7.9355,7.9923,,0.3321,0.403,0.0954,,7.7163,ppm,510067.97194205556,40766900.616946675
Local Clock Time Offset,-18.0,-2.163,-0.405,0.002,0.597, 1.728,8.04,,1.002,3.891,0.6054,,-0.0004,µs,-8.144289804943709,128.5775458788215
Local RMS Frequency Jitter,0.311,0.594,0.784,1.72,9.053, 19.238,49.776,,8.269,18.644,3.6221,,3.046,ppb,3.4391544064232082,22.9091045375989
Local RMS Time Jitter,0.049,0.09,0.123,0.271,1.248, 2.341,9.368,,1.125,2.251,0.4766,,0.4363,µs,4.483382072420602,41.35758107381959
Server Jitter SHM(0),0.1882,0.5358,0.7631,1.6343,3.6164, 4.8338,10.0984,,2.8533,4.298,0.9131,,1.8321,ms,5.697226161069992,21.931187945354807
Server Jitter SHM(1),0.019,0.051,0.078,0.215,1.63, 3.731,18.013,,1.552,3.68,0.74,,0.4417,µs,4.645813145653612,52.090014539904345
Server Offset SHM(0),-26.2814,-22.7232,-19.9699,-10.0934,-2.1412, 1.2245,4.8434,,17.8286,23.9477,5.1389,,-10.3566,ms,-36.69184006525101,143.03707073082933
Server Offset SHM(1),-18.001,-2.164,-0.406,0.003,0.598, 1.729,8.041,,1.004,3.893,0.6058,,-0.0004,µs,-8.136981707914767,128.31948293797097
Temp ZONE0,48.5,49.05,49.6,51.8,56.75, 58.4,61.15,,7.15,9.35,2.1614,,52.4116,°C,12636.624675495177,295484.11925918964
