Name,Min,1%,5%,50%,95%,99%,Max,,90% Range,98% Range,StdDev,,Mean,Units,Skewness,Kurtosis
Local Clock Frequency Offset,7.3188,7.4061,7.5058,7.7648,7.8649, 7.9148,8.0079,,0.3591,0.5087,0.1037,,7.7411,ppm,400059.66442476085,29488699.01333291
Local Clock Time Offset,-21.359,-2.217,-0.406,0.001,0.592, 1.694,8.017,,0.998,3.911,0.6011,,0.0001,µs,-8.051920866288194,130.18503473626143
Local RMS Frequency Jitter,0.222,0.542,0.756,1.733,8.941, 18.882,59.001,,8.185,18.34,3.589,,3.0337,ppb,3.557856369021043,25.837738347784672
Local RMS Time Jitter,0.039,0.08,0.114,0.264,1.217, 2.184,9.331,,1.103,2.104,0.4498,,0.421,µs,4.248603828216314,39.26320480709934
Server Jitter SHM(0),0.1398,0.4447,0.6628,1.5177,3.5077, 4.9094,7.3568,,2.845,4.4646,0.9089,,1.7266,ms,5.0275418417385,18.189832732406366
Server Jitter SHM(1),0.013,0.043,0.069,0.208,1.64, 3.664,21.339,,1.571,3.621,0.7381,,0.438,µs,4.596406562015368,54.66351879524965
Server Offset SHM(0),-31.1292,-24.8068,-21.8301,-12.539,1.2258, 4.1249,9.0346,,23.0559,28.9317,6.9234,,-11.3647,ms,-26.04667312915813,89.83815501447512
Server Offset SHM(1),-21.36,-2.218,-0.407,0.002,0.593, 1.695,8.018,,1.0,3.913,0.6015,,0.0001,µs,-8.044754357701345,129.91883095767537
Temp ZONE0,47.95,48.5,49.6,52.9,56.2, 58.4,58.4,,6.6,9.9,1.9505,,53.0765,°C,18088.645767244638,476216.4580266235
