Name,Min,1%,5%,50%,95%,99%,Max,,90% Range,98% Range,StdDev,,Mean,Units,Skewness,Kurtosis
Local Clock Frequency Offset,7.7629,7.8841,7.9069,8.0383,8.1079, 8.1326,8.1942,,0.201,0.2485,0.0665,,8.0213,ppm,1714856.2373411264,205288191.03397852
Local Clock Time Offset,-10.705,-2.18,-0.406,0.0,0.5, 1.823,7.806,,0.906,4.003,0.5603,,0.0003,µs,-6.155418705230178,69.93359572456717
Local RMS Frequency Jitter,0.258,0.5,0.654,1.614,8.696, 17.364,35.301,,8.042,16.864,3.3074,,2.8722,ppb,2.904169817913248,16.500235059009697
Local RMS Time Jitter,0.039,0.079,0.103,0.239,1.052, 1.991,4.74,,0.949,1.912,0.3868,,0.3798,µs,3.385259965884338,21.04313514302983
Server Jitter SHM(0),0.193,0.338,0.5086,1.389,3.5818, 5.4648,8.0309,,3.0732,5.1268,0.9939,,1.6078,ms,4.022441113647636,15.588355033559829
Server Jitter SHM(1),0.014,0.036,0.054,0.172,1.706, 3.407,10.662,,1.652,3.371,0.6889,,0.4107,µs,3.3110308914243127,28.279677671679927
Server Offset SHM(0),10.8787,12.3084,13.4301,18.3078,23.0516, 24.251,25.9044,,9.6215,11.9426,3.1118,,18.0841,ms,125.85717876479544,677.4112138027155
Server Offset SHM(1),-10.706,-2.181,-0.407,0.0,0.5, 1.824,7.807,,0.907,4.005,0.5607,,0.0003,µs,-6.15167598675662,69.80964726724223
TDOP,0.65,0.69,0.78,1.15,5.65, 12.66,94.18,,4.87,11.97,6.2866,,2.1709, ,10.960651263160097,159.6847097314141
Temp ZONE0,50.15,50.7,51.25,53.45,55.65, 56.2,56.75,,4.4,5.5,1.2551,,53.5302,°C,72368.91588260086,3019268.5306659485
nSats,10.0,10.0,11.0,14.0,16.0, 16.0,16.0,,5.0,6.0,1.3555,,13.7958,nSat,799.9825753404457,7583.220772006754
