Name,Min,1%,5%,50%,95%,99%,Max,,90% Range,98% Range,StdDev,,Mean,Units,Skewness,Kurtosis
Local Clock Frequency Offset,8.8213,8.9293,8.9684,9.16,9.2297, 9.2563,9.3132,,0.2613,0.327,0.077,,9.1408,ppm,1630633.85978158,191956968.57986954
Local Clock Time Offset,-20.654,-2.346,-0.572,0.013,0.606, 1.962,12.736,,1.178,4.308,0.6389,,0.0001,µs,-6.1979568028193395,95.03085540600364
Local RMS Frequency Jitter,0.653,0.964,1.165,2.183,9.772, 18.659,66.98,,8.607,17.695,3.5923,,3.4703,ppb,4.223446604891942,35.43928209966434
Local RMS Time Jitter,0.104,0.15,0.184,0.334,1.217, 2.095,9.33,,1.033,1.945,0.4196,,0.472,µs,5.2919663078009025,53.4602690816567
Server Jitter SHM(0),0.1113,0.3052,0.4909,1.322,3.1658, 5.0613,7.9328,,2.675,4.7561,0.8873,,1.5036,ms,4.450121910580383,18.59010356339065
Server Jitter SHM(1),0.029,0.079,0.118,0.3,1.842, 3.683,19.19,,1.724,3.604,0.7496,,0.5336,µs,4.837835445626272,58.266786135096986
Server Offset SHM(0),11.9855,13.0001,13.9126,19.0246,23.7039, 25.1128,27.8649,,9.7913,12.1127,3.1389,,18.7876,ms,138.88993038160856,769.2829981061346
Server Offset SHM(1),-20.655,-2.347,-0.573,0.014,0.607, 1.963,12.737,,1.18,4.31,0.6393,,0.0001,µs,-6.193651391709327,94.82861729013973
TDOP,0.68,0.7,0.75,1.23,4.04, 5.31,5.97,,3.29,4.61,1.0849,,1.7131, ,3.4501368010773725,10.459797405466524
Temp ZONE0,50.15,50.7,51.25,54.0,55.65, 56.2,56.75,,4.4,5.5,1.2929,,53.701,°C,66721.85552490296,2709432.4328040495
nSats,10.0,10.0,11.0,14.0,16.0, 16.0,16.0,,5.0,6.0,1.2491,,13.5311,nSat,980.010694816522,9925.12599054821
