Name,Min,1%,5%,50%,95%,99%,Max,,90% Range,98% Range,StdDev,,Mean,Units,Skewness,Kurtosis
Local Clock Frequency Offset,8.864,8.991,9.0837,9.194,9.2662, 9.3065,9.3703,,0.1824,0.3154,0.0579,,9.1812,ppm,3919948.8469243376,618123441.7072409
Local Clock Time Offset,-14.609,-2.365,-0.495,0.007,0.574, 1.932,7.629,,1.069,4.297,0.6183,,-0.0001,µs,-6.904816315965731,84.64277445017304
Local RMS Frequency Jitter,0.355,0.707,0.907,1.937,9.772, 18.721,44.153,,8.865,18.014,3.5613,,3.269,ppb,3.3421417647496847,20.829691095137576
Local RMS Time Jitter,0.063,0.11,0.145,0.298,1.244, 2.144,5.746,,1.099,2.034,0.4209,,0.4449,µs,3.929715722995135,26.652854908430005
Server Jitter SHM(0),0.1909,0.3574,0.5208,1.3506,3.3119, 5.2807,7.4051,,2.7911,4.9233,0.9416,,1.5645,ms,4.264339250343304,16.95295458424946
Server Jitter SHM(1),0.012,0.052,0.081,0.238,1.833, 3.754,13.847,,1.752,3.702,0.7468,,0.4828,µs,3.854814677923076,36.16036992244774
Server Offset SHM(0),9.7948,11.9423,13.1819,18.487,23.1227, 24.3753,26.6309,,9.9409,12.433,3.2552,,17.9646,ms,105.82910868731217,541.443424555246
Server Offset SHM(1),-14.61,-2.366,-0.496,0.008,0.575, 1.933,7.63,,1.071,4.299,0.6188,,-0.0,µs,-6.899668118992411,84.48356478507843
TDOP,0.7,0.71,0.8,1.44,8.1, 33.21,60.01,,7.3,32.5,5.9247,,2.7757, ,6.084048325512691,56.37927926182252
Temp ZONE0,49.6,50.7,51.8,54.0,58.95, 59.5,60.6,,7.15,8.8,2.4917,,54.841,°C,9337.08413460224,197522.99016534258
nSats,9.0,10.0,11.0,14.0,16.0, 16.0,16.0,,5.0,6.0,1.3112,,13.65,nSat,861.0931391681219,8357.462514546134
