Name,Min,1%,5%,50%,95%,99%,Max,,90% Range,98% Range,StdDev,,Mean,Units,Skewness,Kurtosis
Local Clock Frequency Offset,8.9067,9.0537,9.1067,9.2396,9.2966, 9.3331,9.4309,,0.1899,0.2794,0.0611,,9.2226,ppm,3373668.1461322857,506028337.6074706
Local Clock Time Offset,-13.738,-2.373,-0.51,0.007,0.597, 1.942,9.168,,1.107,4.315,0.6212,,-0.0002,µs,-6.264713338280925,72.42883010534784
Local RMS Frequency Jitter,0.432,0.786,0.989,2.009,9.934, 18.72,42.426,,8.945,17.934,3.5321,,3.3336,ppb,3.2525265502406473,18.969460931320498
Local RMS Time Jitter,0.069,0.124,0.161,0.314,1.267, 2.029,6.703,,1.106,1.905,0.4064,,0.4562,µs,3.966758657177871,26.89870189427895
Server Jitter SHM(0),0.1756,0.3508,0.4882,1.3277,3.4308, 5.4754,29.4295,,2.9426,5.1246,1.0985,,1.5681,ms,6.475765894544868,97.89738529662557
Server Jitter SHM(1),0.02,0.061,0.094,0.255,1.853, 3.775,13.158,,1.759,3.714,0.7403,,0.4988,µs,3.7183761489076987,32.14725744168386
Server Offset SHM(0),-8.5941,10.2495,11.5999,16.6172,21.4777, 23.2948,27.4727,,9.8778,13.0452,3.3075,,16.6278,ms,77.3105931697697,361.50374256495485
Server Offset SHM(1),-13.739,-2.374,-0.511,0.008,0.598, 1.943,9.169,,1.109,4.317,0.6217,,-0.0002,µs,-6.260557506742959,72.29283670104863
TDOP,0.69,0.7,0.73,0.99,9.02, 32.54,35.58,,8.29,31.84,4.8701,,2.6263, ,3.517067060451048,22.34030634486716
Temp ZONE0,51.25,51.25,52.35,54.0,56.2, 58.4,58.95,,3.85,7.15,1.2705,,54.0642,°C,71869.36863091255,2991616.078106788
nSats,10.0,11.0,11.0,14.0,15.0, 16.0,16.0,,4.0,5.0,1.1866,,13.4833,nSat,1143.6300193739742,12166.723177803797
