Name,Min,1%,5%,50%,95%,99%,Max,,90% Range,98% Range,StdDev,,Mean,Units,Skewness,Kurtosis
Local Clock Frequency Offset,8.2952,8.4207,8.4677,8.6317,8.7056, 8.7277,8.7688,,0.2379,0.3071,0.0695,,8.6131,ppm,1855157.3767308728,227980585.9293864
Local Clock Time Offset,-13.529,-1.92,-0.484,0.009,0.567, 1.642,6.829,,1.051,3.562,0.5498,,-0.0001,µs,-6.232924010100928,68.8975891691403
Local RMS Frequency Jitter,0.364,0.672,0.861,1.737,7.953, 17.614,38.142,,7.092,16.942,3.1313,,2.9452,ppb,3.205364534743957,17.91620513280123
Local RMS Time Jitter,0.054,0.103,0.134,0.264,0.98, 2.043,5.393,,0.846,1.94,0.3595,,0.3893,µs,3.904492005746499,24.32480318836636
Server Jitter SHM(0),0.1705,0.4028,0.6144,1.5177,3.6628, 5.8658,8.5883,,3.0484,5.463,1.0182,,1.7477,ms,4.503359441574175,17.873935880217797
Server Jitter SHM(1),0.011,0.054,0.082,0.223,1.619, 3.32,13.078,,1.537,3.266,0.6539,,0.445,µs,3.63969747924202,30.594581833948812
Server Offset SHM(0),9.8305,12.418,13.4884,18.8086,24.1471, 25.7411,27.9617,,10.6587,13.3231,3.3404,,18.671,ms,110.49710391990305,573.2984893351829
Server Offset SHM(1),-13.53,-1.921,-0.485,0.01,0.568, 1.643,6.83,,1.053,3.564,0.5502,,-0.0001,µs,-6.228013317313251,68.7462027353304
TDOP,0.67,0.69,0.81,1.57,14.42, 28.3,201.7,,13.61,27.61,13.6805,,4.3598, ,10.225623590819495,148.56506083127576
Temp ZONE0,50.7,51.25,51.8,56.75,59.5, 60.05,61.15,,7.7,8.8,2.4735,,56.3164,°C,10379.646519293803,227329.9185738807
nSats,9.0,9.0,10.0,13.0,15.0, 16.0,16.0,,5.0,7.0,1.4245,,13.2033,nSat,589.5117748624408,5066.886926340992
