Name,Min,1%,5%,50%,95%,99%,Max,,90% Range,98% Range,StdDev,,Mean,Units,Skewness,Kurtosis
Local Clock Frequency Offset,7.7251,7.8335,7.8716,8.0325,8.1957, 8.274,8.3251,,0.3241,0.4406,0.1033,,8.0406,ppm,453975.5651300462,34902530.98657283
Local Clock Time Offset,-10.633,-2.196,-0.409,0.002,0.488, 1.792,7.979,,0.897,3.988,0.5443,,-0.0,µs,-5.806199675577264,59.34688322317793
Local RMS Frequency Jitter,0.307,0.535,0.706,1.642,8.625, 16.937,35.908,,7.919,16.402,3.1629,,2.8475,ppb,2.8904324866829825,15.665988213924502
Local RMS Time Jitter,0.042,0.081,0.107,0.24,1.044, 1.869,4.367,,0.937,1.788,0.367,,0.3753,µs,3.333815156043666,20.05832918921979
Server Jitter SHM(0),0.1396,0.3729,0.5653,1.4878,3.7493, 5.3926,9.0695,,3.184,5.0197,1.0305,,1.7254,ms,4.0391510318102295,14.951522818563602
Server Jitter SHM(1),0.009,0.037,0.057,0.18,1.642, 3.307,10.533,,1.585,3.27,0.6603,,0.408,µs,3.177479754119324,25.463278654078856
Server Offset SHM(0),11.4992,12.9646,13.7728,18.95,23.805, 25.3754,27.2235,,10.0323,12.4108,3.2087,,18.5624,ms,123.98017714646431,664.8762207339413
Server Offset SHM(1),-10.634,-2.197,-0.41,0.003,0.489, 1.793,7.98,,0.899,3.99,0.5447,,0.0,µs,-5.802789076160145,59.238931177864934
TDOP,0.65,0.67,0.69,0.92,2.09, 3.09,7.64,,1.4,2.42,0.6962,,1.1598, ,7.479125305285304,58.926962284910566
Temp ZONE0,49.05,49.6,50.15,52.9,58.4, 59.5,60.05,,8.25,9.9,2.6406,,53.329,°C,7131.271293340575,138041.9835042351
nSats,10.0,11.0,11.0,14.0,15.0, 16.0,16.0,,4.0,5.0,1.2399,,13.4149,nSat,975.8960620460847,9864.774750749562
