Name,Min,1%,5%,50%,95%,99%,Max,,90% Range,98% Range,StdDev,,Mean,Units,Skewness,Kurtosis
Local Clock Frequency Offset,8.3657,8.5708,8.8722,8.9664,9.0029, 9.0187,9.0773,,0.1308,0.4479,0.0744,,8.9494,ppm,1694602.478625735,202060930.41963646
Local Clock Time Offset,-10.401,-2.12,-0.471,0.006,0.564, 1.724,5.502,,1.035,3.844,0.5535,,-0.0009,µs,-6.3208343047836815,60.511610639233
Local RMS Frequency Jitter,0.217,0.585,0.781,1.78,8.471, 17.11,33.983,,7.69,16.525,3.1436,,2.9691,ppb,2.923866611919446,15.01067478192916
Local RMS Time Jitter,0.035,0.093,0.125,0.269,1.08, 1.861,3.803,,0.955,1.768,0.3551,,0.3997,µs,3.21696231349513,16.245551426834034
Server Jitter SHM(0),0.0,0.3555,0.554,1.4432,3.5083, 5.4369,8.1598,,2.9543,5.0814,0.9751,,1.6571,ms,4.393648665839383,17.478251218540148
Server Jitter SHM(1),0.0,0.043,0.067,0.209,1.624, 3.377,10.121,,1.557,3.334,0.6601,,0.4382,µs,3.233671607977352,24.44093081371677
Server Offset SHM(0),11.2776,13.5692,14.3891,19.2202,23.7611, 24.8818,27.2105,,9.372,11.3126,3.0839,,18.9565,ms,151.81210612636332,863.0443250142009
Server Offset SHM(1),-10.402,-2.121,-0.472,0.007,0.565, 1.725,5.503,,1.037,3.846,0.5539,,-0.0008,µs,-6.316173043496826,60.39327648567525
TDOP,0.62,0.65,0.71,1.04,3.92, 24.75,47.9,,3.21,24.1,4.663,,1.9735, ,6.407103551879281,61.06670803896427
Temp ZONE0,49.05,50.7,53.45,56.75,60.05, 61.15,62.8,,6.6,10.45,2.0228,,56.8341,°C,19976.31756751006,543453.5618621499
nSats,10.0,11.0,12.0,14.0,15.0, 16.0,16.0,,3.0,5.0,1.0869,,13.6653,nSat,1584.3232860299163,18729.87716383222
