Name,Min,1%,5%,50%,95%,99%,Max,,90% Range,98% Range,StdDev,,Mean,Units,Skewness,Kurtosis
Local Clock Frequency Offset,8.9097,9.0854,9.0997,9.1456,9.1782, 9.1933,9.2371,,0.0785,0.1079,0.0251,,9.1431,ppm,47930468.44308207,17410936577.608555
Local Clock Time Offset,-18.359,-2.096,-0.519,0.013,0.558, 1.744,9.975,,1.077,3.84,0.6071,,-0.0,µs,-7.378032086394487,114.7630846191902
Local RMS Frequency Jitter,0.347,0.696,0.923,1.933,8.446, 18.875,56.274,,7.523,18.179,3.5412,,3.16,ppb,4.065528132460564,30.90825834216193
Local RMS Time Jitter,0.056,0.112,0.15,0.303,1.1, 2.198,7.954,,0.95,2.086,0.4273,,0.4377,µs,5.043036510739428,45.710675594416564
Server Jitter SHM(0),0.1658,0.3634,0.5346,1.3784,3.4556, 5.113,6.9815,,2.9209,4.7496,0.9467,,1.6029,ms,4.243873869148594,15.924134665673705
Server Jitter SHM(1),0.018,0.058,0.093,0.258,1.613, 3.673,17.236,,1.52,3.615,0.7312,,0.4813,µs,4.915898097621158,54.804520802081115
Server Offset SHM(0),11.6292,12.9553,14.0452,18.8028,23.7413, 25.0079,27.5212,,9.696,12.0525,3.1,,18.7235,ms,143.19856101975418,801.0183749936793
Server Offset SHM(1),-18.36,-2.097,-0.52,0.014,0.559, 1.745,9.976,,1.079,3.842,0.6075,,0.0001,µs,-7.371371746100844,114.51378202151041
TDOP,0.64,0.67,0.76,1.53,6.15, 18.3,138.38,,5.39,17.63,9.1173,,2.7873, ,11.312961544056774,168.12475797399512
Temp ZONE0,54.0,54.0,55.1,56.75,57.85, 60.05,62.8,,2.75,6.05,1.0887,,56.5971,°C,132678.4756908129,6772385.9965264695
nSats,9.0,10.0,10.0,13.0,15.0, 16.0,16.0,,5.0,6.0,1.4097,,12.9336,nSat,570.419779485059,4857.150446790328
