Name,Min,1%,5%,50%,95%,99%,Max,,90% Range,98% Range,StdDev,,Mean,Units,Skewness,Kurtosis
Local Clock Frequency Offset,8.8761,9.0736,9.1097,9.255,9.338, 9.371,9.4295,,0.2282,0.2974,0.0662,,9.247,ppm,2664713.8634097218,369469827.37181556
Local Clock Time Offset,-13.528,-2.365,-0.523,0.008,0.594, 1.949,8.397,,1.117,4.314,0.6307,,0.0002,µs,-6.595405318841576,80.47320031754286
Local RMS Frequency Jitter,0.516,0.822,1.021,2.076,9.729, 18.342,41.851,,8.708,17.52,3.5943,,3.3751,ppb,3.587981895329238,23.024338867591364
Local RMS Time Jitter,0.077,0.131,0.166,0.318,1.25, 2.15,6.752,,1.084,2.019,0.4271,,0.4614,µs,4.386817683190598,32.25146952433062
Server Jitter SHM(0),0.1387,0.3451,0.5229,1.3638,3.1602, 4.7952,8.7997,,2.6373,4.4501,0.8767,,1.5474,ms,4.601652426914401,18.38006864539865
Server Jitter SHM(1),0.018,0.062,0.095,0.259,1.841, 3.755,14.313,,1.746,3.693,0.7547,,0.5041,µs,4.077460053843121,38.5254194357698
Server Offset SHM(0),10.9674,12.8048,14.0353,19.0499,23.5746, 24.802,26.7873,,9.5393,11.9972,3.1181,,18.7106,ms,140.0475440987283,777.1639183271013
Server Offset SHM(1),-13.529,-2.366,-0.524,0.009,0.595, 1.95,8.398,,1.119,4.316,0.6311,,0.0003,µs,-6.5907417528186985,80.32158283296738
TDOP,0.7,0.71,0.75,1.11,2.62, 7.39,17.39,,1.87,6.68,1.4435,,1.4313, ,7.460079570779039,72.38756070711815
Temp ZONE0,50.7,51.8,52.35,54.55,58.4, 60.05,61.15,,6.05,8.25,1.8565,,54.9556,°C,23484.76063760673,674227.233010711
nSats,6.0,7.0,11.0,14.0,15.0, 16.0,16.0,,4.0,9.0,1.4933,,13.3917,nSat,528.2073727807084,4369.950866986254
