Name,Min,1%,5%,50%,95%,99%,Max,,90% Range,98% Range,StdDev,,Mean,Units,Skewness,Kurtosis
Local Clock Frequency Offset,8.0592,8.1573,8.1779,8.4352,8.5482, 8.5932,8.6406,,0.3703,0.4359,0.1274,,8.3932,ppm,273511.46699726715,17762521.28017648
Local Clock Time Offset,-10.039,-2.219,-0.371,0.001,0.581, 1.715,5.925,,0.952,3.934,0.5782,,0.0001,µs,-6.342988743139563,64.33376914640965
Local RMS Frequency Jitter,0.28,0.492,0.646,1.476,8.44, 19.171,32.077,,7.794,18.679,3.4781,,2.8874,ppb,2.6954740610035723,13.989333043342395
Local RMS Time Jitter,0.037,0.076,0.105,0.237,1.152, 2.295,4.532,,1.047,2.219,0.4203,,0.3985,µs,2.938931054477601,15.263917891190383
Server Jitter SHM(0),0.1984,0.3752,0.5447,1.4594,3.5495, 5.3052,9.0274,,3.0048,4.93,0.9791,,1.6871,ms,4.377502240828997,17.127375929542602
Server Jitter SHM(1),0.011,0.04,0.06,0.175,1.722, 3.815,9.976,,1.662,3.775,0.7096,,0.4125,µs,3.1651887056922203,24.243874138801655
Server Offset SHM(0),10.924,12.1005,13.3576,18.6306,23.7373, 25.0475,26.7088,,10.3797,12.947,3.2894,,18.3926,ms,110.60303300585902,573.5233190952961
Server Offset SHM(1),-10.04,-2.22,-0.372,0.002,0.582, 1.716,5.926,,0.954,3.936,0.5786,,0.0001,µs,-6.339071251614368,64.22863057214998
TDOP,0.59,0.61,0.7,1.3,4.87, 13.2,23.58,,4.17,12.59,2.4264,,1.9935, ,5.4147616473263795,43.92226319905663
Temp ZONE0,48.5,49.05,49.6,52.9,55.1, 55.65,56.2,,5.5,6.6,1.8654,,52.6662,°C,20280.240588482626,554513.4557410338
nSats,5.0,5.0,5.0,14.0,16.0, 16.0,16.0,,11.0,11.0,3.6066,,12.225,nSat,19.552693942117543,57.8069792525035
