Name,Min,1%,5%,50%,95%,99%,Max,,90% Range,98% Range,StdDev,,Mean,Units,Skewness,Kurtosis
Local Clock Frequency Offset,8.8866,9.0413,9.086,9.1589,9.228, 9.2496,9.3044,,0.142,0.2083,0.0433,,9.1576,ppm,9307531.451214757,1957938065.0403287
Local Clock Time Offset,-17.298,-2.274,-0.487,0.005,0.517, 1.971,8.695,,1.004,4.245,0.6081,,0.0001,µs,-6.328991621531553,82.41936234060383
Local RMS Frequency Jitter,0.375,0.682,0.855,1.843,9.849, 18.409,52.954,,8.994,17.727,3.5498,,3.1627,ppb,3.2849130218086304,21.408450722071912
Local RMS Time Jitter,0.069,0.108,0.136,0.277,1.234, 2.076,7.568,,1.098,1.968,0.4123,,0.4226,µs,3.9042438833216293,29.13805994515829
Server Jitter SHM(0),0.1487,0.346,0.4981,1.3282,3.3836, 5.2443,8.1902,,2.8855,4.8983,0.9531,,1.542,ms,4.020719472668158,15.724349226489851
Server Jitter SHM(1),0.021,0.05,0.075,0.222,1.796, 3.684,16.268,,1.721,3.634,0.7406,,0.4651,µs,3.798857281237468,36.10485934846875
Server Offset SHM(0),12.1185,13.4548,14.2192,18.9994,23.9351, 25.3034,27.0902,,9.7159,11.8486,3.1243,,18.7748,ms,140.85613937876414,784.8813108903652
Server Offset SHM(1),-17.299,-2.275,-0.488,0.006,0.518, 1.972,8.696,,1.006,4.247,0.6085,,0.0001,µs,-6.324852456166468,82.2671100817394
TDOP,0.62,0.65,0.72,1.27,9.9, 26.17,67.01,,9.18,25.52,5.5428,,2.8843, ,6.121746681313146,66.40442824011208
Temp ZONE0,51.8,52.35,52.9,54.55,56.2, 57.3,57.3,,3.3,4.95,1.0873,,54.6371,°C,119604.06941914163,5897743.146704485
nSats,9.0,10.0,11.0,14.0,16.0, 16.0,16.0,,5.0,6.0,1.3507,,13.725,nSat,795.6314097557561,7523.0393179619305
