Name,Min,1%,5%,50%,95%,99%,Max,,90% Range,98% Range,StdDev,,Mean,Units,Skewness,Kurtosis
Local Clock Frequency Offset,7.6927,7.8083,7.8281,7.9333,8.0068, 8.0264,8.0959,,0.1787,0.2181,0.0526,,7.9274,ppm,3352068.505441053,501713532.85314906
Local Clock Time Offset,-14.006,-2.144,-0.407,0.002,0.475, 1.761,7.571,,0.882,3.905,0.546,,-0.0001,µs,-6.212609921227175,73.05898396266878
Local RMS Frequency Jitter,0.305,0.517,0.67,1.581,8.533, 16.82,39.287,,7.863,16.303,3.2145,,2.8084,ppb,2.972834221364528,17.34630638074359
Local RMS Time Jitter,0.049,0.081,0.106,0.239,1.051, 1.955,5.674,,0.945,1.874,0.3762,,0.3771,µs,3.405079704398919,21.57777795708804
Server Jitter SHM(0),0.2042,0.3726,0.5423,1.4916,3.6404, 5.7367,8.356,,3.0981,5.3641,1.0388,,1.735,ms,4.112275307796349,15.688684282582157
Server Jitter SHM(1),0.016,0.037,0.055,0.175,1.644, 3.292,13.672,,1.589,3.255,0.6676,,0.4042,µs,3.400680897489596,30.26558069686061
Server Offset SHM(0),10.5413,12.2156,13.4101,18.6601,23.3876, 24.6109,27.5865,,9.9775,12.3953,3.1592,,18.3193,ms,124.87255423235625,669.9545856720957
Server Offset SHM(1),-14.007,-2.145,-0.408,0.003,0.476, 1.762,7.572,,0.884,3.907,0.5464,,-0.0001,µs,-6.2085334364320275,72.9214354921355
TDOP,0.64,0.65,0.7,1.0,14.7, 52.39,72.64,,14.0,51.74,8.7317,,3.5859, ,3.0904828363519337,22.104510630708656
Temp ZONE0,50.15,51.25,51.8,54.0,55.65, 55.65,56.75,,3.85,4.4,1.1732,,53.6577,°C,89656.80651342565,4016750.8362334785
nSats,10.0,10.0,11.0,13.0,15.0, 16.0,16.0,,4.0,6.0,1.2997,,13.3859,nSat,831.8214548274415,7991.860155010432
