Name,Min,1%,5%,50%,95%,99%,Max,,90% Range,98% Range,StdDev,,Mean,Units,Skewness,Kurtosis
Local Clock Frequency Offset,8.9881,9.1162,9.1786,9.2984,9.3654, 9.3953,9.465,,0.1868,0.2791,0.059,,9.2879,ppm,3823304.672956485,597888920.9817828
Local Clock Time Offset,-17.879,-2.296,-0.502,0.006,0.537, 1.981,8.42,,1.039,4.277,0.6204,,-0.0002,µs,-6.488430242554353,89.26841244813352
Local RMS Frequency Jitter,0.437,0.794,1.002,1.96,9.93, 18.641,50.186,,8.928,17.847,3.5776,,3.2751,ppb,3.5063615730797197,23.25126503357607
Local RMS Time Jitter,0.064,0.126,0.161,0.305,1.261, 2.098,7.522,,1.1,1.972,0.4144,,0.4472,µs,4.285252885732225,33.177503036586856
Server Jitter SHM(0),0.1401,0.3467,0.5051,1.2981,3.1591, 5.1069,9.1756,,2.654,4.7602,0.9009,,1.4922,ms,4.4552710560785105,19.735017927112352
Server Jitter SHM(1),0.016,0.056,0.091,0.254,1.807, 3.788,17.443,,1.716,3.732,0.7436,,0.4876,µs,4.164523060168921,42.09858347495473
Server Offset SHM(0),8.9995,12.0642,13.4716,18.6236,23.0466, 24.5713,26.7379,,9.575,12.507,3.113,,18.3027,ms,130.7581869208622,710.7130937311653
Server Offset SHM(1),-17.88,-2.297,-0.503,0.007,0.538, 1.982,8.421,,1.041,4.279,0.6208,,-0.0001,µs,-6.483907928839669,89.0931078081629
TDOP,0.65,0.73,0.78,1.1,9.62, 40.93,127.43,,8.84,40.2,11.8659,,3.5831, ,6.188432563390192,63.346241624554054
Temp ZONE0,50.7,50.7,51.8,54.0,55.65, 56.2,56.75,,3.85,5.5,1.2656,,53.7376,°C,71389.80105978758,2964952.1896565426
nSats,9.0,10.0,11.0,13.0,16.0, 16.0,16.0,,5.0,6.0,1.4266,,13.2282,nSat,591.1305604560814,5101.411355646016
