Name,Min,1%,5%,50%,95%,99%,Max,,90% Range,98% Range,StdDev,,Mean,Units,Skewness,Kurtosis
Local Clock Frequency Offset,7.3873,7.5358,7.5536,7.7462,7.8505, 7.8911,7.9654,,0.2968,0.3552,0.0926,,7.7248,ppm,561053.1874562168,46287669.374192335
Local Clock Time Offset,-14.416,-2.366,-0.408,0.002,0.612, 1.713,6.298,,1.02,4.079,0.6054,,-0.0005,µs,-7.7922943821936554,103.61452715379556
Local RMS Frequency Jitter,0.304,0.555,0.756,1.758,9.201, 18.764,44.404,,8.445,18.209,3.5771,,3.0989,ppb,3.183078951025637,19.68554911619039
Local RMS Time Jitter,0.049,0.082,0.116,0.278,1.295, 2.234,6.293,,1.179,2.152,0.4548,,0.4423,µs,3.476414913839396,23.156041791619042
Server Jitter SHM(0),0.2295,0.3928,0.6313,1.4899,3.3048, 4.6568,8.0707,,2.6735,4.264,0.8666,,1.6682,ms,5.0519603782942255,18.088554192035073
Server Jitter SHM(1),0.016,0.048,0.073,0.215,1.727, 3.652,14.405,,1.654,3.604,0.7371,,0.45,µs,4.074988177186605,40.48647222872827
Server Offset SHM(0),-21.161,-19.3881,-17.8167,-10.3957,-1.9048, 1.3878,4.4678,,15.9119,20.7759,4.7819,,-10.3588,ms,-40.995610283227855,160.1272269964148
Server Offset SHM(1),-14.417,-2.367,-0.409,0.003,0.613, 1.714,6.299,,1.022,4.081,0.6058,,-0.0005,µs,-7.785681318655643,103.414680050662
Temp ZONE0,49.05,49.6,50.15,52.9,56.2, 57.85,57.85,,6.05,8.25,1.8168,,53.1108,°C,22590.666749001244,640228.2177211427
