Name,Min,1%,5%,50%,95%,99%,Max,,90% Range,98% Range,StdDev,,Mean,Units,Skewness,Kurtosis
Local Clock Frequency Offset,7.8878,7.9749,7.999,8.3809,8.4579, 8.4866,8.5325,,0.4589,0.5117,0.1578,,8.3098,ppm,138154.84610741795,7147227.615909497
Local Clock Time Offset,-15.132,-2.094,-0.423,0.002,0.514, 1.68,7.817,,0.937,3.774,0.5752,,0.0001,µs,-7.566205036363501,109.13147369063881
Local RMS Frequency Jitter,0.389,0.611,0.759,1.717,8.078, 18.681,41.814,,7.319,18.07,3.4116,,2.9297,ppb,3.4633647713874267,22.07363824889687
Local RMS Time Jitter,0.048,0.096,0.12,0.258,1.064, 2.213,6.513,,0.944,2.117,0.4218,,0.4017,µs,4.250621863763057,33.62974931241845
Server Jitter SHM(0),0.1631,0.3553,0.5524,1.3669,3.3754, 5.2168,7.702,,2.823,4.8614,0.9312,,1.579,ms,4.401902398739871,17.567275624739533
Server Jitter SHM(1),0.015,0.043,0.065,0.198,1.592, 3.544,15.163,,1.527,3.501,0.7025,,0.4273,µs,4.303398365619804,45.0027893224224
Server Offset SHM(0),10.1779,11.4662,13.5432,19.2798,24.5109, 25.9321,28.0183,,10.9678,14.4658,3.4824,,19.0778,ms,103.15105556230462,522.9400909930666
Server Offset SHM(1),-15.133,-2.095,-0.424,0.003,0.515, 1.681,7.818,,0.939,3.776,0.5756,,0.0001,µs,-7.559765702198737,108.91309251590677
TDOP,0.67,0.7,0.77,1.15,6.03, 28.56,268.93,,5.26,27.86,17.9586,,3.48, ,10.686189503121955,159.22908240369745
Temp ZONE0,47.4,47.95,49.05,53.45,55.1, 55.65,55.65,,6.05,7.7,2.1137,,52.6558,°C,13742.463351055894,330267.1741708381
nSats,10.0,10.0,11.0,13.0,15.0, 16.0,16.0,,4.0,6.0,1.3045,,13.3693,nSat,818.4554565335621,7819.383279200854
