Name,Min,1%,5%,50%,95%,99%,Max,,90% Range,98% Range,StdDev,,Mean,Units,Skewness,Kurtosis
Local Clock Frequency Offset,8.5112,8.6317,8.6614,8.6851,8.7065, 8.7148,8.7586,,0.0451,0.0831,0.0162,,8.6865,ppm,154407961.24078375,82837933734.24696
Local Clock Time Offset,-13.398,-2.005,-0.491,0.011,0.569, 1.647,8.066,,1.06,3.652,0.5546,,-0.0001,µs,-6.376535644567854,74.01940517767869
Local RMS Frequency Jitter,0.28,0.602,0.81,1.749,8.031, 17.177,45.703,,7.221,16.575,3.169,,2.9597,ppb,3.3188237450107163,20.69647062464351
Local RMS Time Jitter,0.047,0.097,0.131,0.269,1.001, 2.016,6.24,,0.87,1.919,0.3672,,0.3956,µs,4.104233975886795,28.95955934536504
Server Jitter SHM(0),0.1377,0.3456,0.5758,1.436,3.5949, 5.6139,7.9711,,3.0191,5.2682,1.0132,,1.674,ms,4.248808816385731,16.82185088964788
Server Jitter SHM(1),0.017,0.053,0.081,0.228,1.627, 3.275,12.494,,1.546,3.222,0.6611,,0.4497,µs,3.864260856672423,35.688387164825784
Server Offset SHM(0),11.5095,13.1352,14.124,19.1884,23.8695, 25.0474,26.7855,,9.7456,11.9122,3.1899,,18.9184,ms,134.68022353669826,739.083164680786
Server Offset SHM(1),-13.399,-2.006,-0.492,0.012,0.57, 1.648,8.067,,1.062,3.654,0.555,,-0.0,µs,-6.371377885763367,73.85571554522653
TDOP,0.63,0.69,0.71,1.01,4.75, 12.37,102.61,,4.04,11.68,6.7124,,1.9645, ,11.520240734434147,172.61274316513584
Temp ZONE0,54.55,54.55,55.65,57.85,58.95, 60.05,62.25,,3.3,5.5,1.0513,,57.5545,°C,155419.72886437541,8361973.1329737315
nSats,10.0,10.0,11.0,14.0,15.0, 16.0,16.0,,4.0,6.0,1.3041,,13.562,nSat,858.1784563263476,8321.663007957968
