Name,Min,1%,5%,50%,95%,99%,Max,,90% Range,98% Range,StdDev,,Mean,Units,Skewness,Kurtosis
Local Clock Frequency Offset,8.3136,8.5104,8.5421,8.5632,8.5997, 8.6308,8.6858,,0.0576,0.1204,0.0205,,8.5651,ppm,72038364.98917584,29974835531.577526
Local Clock Time Offset,-12.996,-2.176,-0.446,0.013,0.566, 1.557,6.813,,1.012,3.733,0.5751,,0.0004,µs,-7.485142980212063,88.24823879333071
Local RMS Frequency Jitter,0.313,0.652,0.837,1.667,8.402, 18.565,42.802,,7.565,17.913,3.3734,,2.9727,ppb,3.234340367880037,19.387715492683643
Local RMS Time Jitter,0.053,0.103,0.135,0.267,1.139, 2.302,5.553,,1.004,2.199,0.4232,,0.42,µs,3.6304581956415665,22.699941411925053
Server Jitter SHM(0),0.1511,0.401,0.6115,1.4874,3.9684, 5.7445,8.4665,,3.3569,5.3435,1.0668,,1.7639,ms,4.100342858453955,15.196820283085225
Server Jitter SHM(1),0.012,0.055,0.082,0.216,1.675, 3.639,13.114,,1.593,3.584,0.6995,,0.4422,µs,3.877904465813051,35.09076713984278
Server Offset SHM(0),9.9866,11.6427,12.6896,18.1024,23.3476, 24.5189,26.7371,,10.6581,12.8762,3.3065,,18.0499,ms,102.01994532365723,516.5646182554588
Server Offset SHM(1),-12.997,-2.177,-0.447,0.014,0.567, 1.558,6.814,,1.014,3.735,0.5755,,0.0005,µs,-7.478427105762282,88.06901625069888
TDOP,0.65,0.68,0.7,0.95,5.6, 16.48,31.65,,4.9,15.8,3.0725,,1.7963, ,5.059122301278877,42.35084762841745
Temp ZONE0,51.8,55.1,56.2,58.4,60.05, 60.6,61.15,,3.85,5.5,1.153,,58.164,°C,121026.13087072868,5991239.433560206
nSats,5.0,5.0,5.0,13.0,15.0, 16.0,16.0,,10.0,11.0,2.7501,,12.4417,nSat,52.67741305777351,210.35844620883648
