Name,Min,1%,5%,50%,95%,99%,Max,,90% Range,98% Range,StdDev,,Mean,Units,Skewness,Kurtosis
Local Clock Frequency Offset,8.5942,8.7205,8.751,8.7922,8.8217, 8.8457,8.8908,,0.0707,0.1253,0.0242,,8.7897,ppm,47248978.8951614,17081651973.14964
Local Clock Time Offset,-11.753,-1.875,-0.518,0.009,0.578, 1.681,9.522,,1.096,3.556,0.555,,-0.0002,µs,-5.482740547669583,59.886263284652145
Local RMS Frequency Jitter,0.324,0.662,0.863,1.808,8.034, 17.329,39.803,,7.171,16.667,3.1438,,2.9914,ppb,3.284867064389456,19.050114436093917
Local RMS Time Jitter,0.051,0.107,0.139,0.276,0.984, 1.98,5.486,,0.845,1.873,0.3567,,0.3973,µs,4.204723243278042,29.729318990572928
Server Jitter SHM(0),0.1974,0.3996,0.6004,1.4687,3.5496, 5.4452,8.6524,,2.9493,5.0456,0.9815,,1.689,ms,4.412592275907307,17.122321672593337
Server Jitter SHM(1),0.02,0.057,0.085,0.237,1.614, 3.354,12.513,,1.529,3.297,0.6549,,0.457,µs,3.8041778397415418,33.41843852512349
Server Offset SHM(0),10.8389,12.0005,13.6526,18.4846,23.4978, 24.7442,26.7855,,9.8452,12.7438,3.1598,,18.4996,ms,128.98019530993452,698.9562160189735
Server Offset SHM(1),-11.754,-1.875,-0.519,0.01,0.579, 1.682,9.523,,1.098,3.557,0.5555,,-0.0002,µs,-5.479446355183787,59.75924345562063
TDOP,0.68,0.71,0.79,1.35,4.25, 10.14,71.25,,3.46,9.43,4.7588,,2.1785, ,11.088995529442395,158.63650616690853
Temp ZONE0,53.45,53.45,54.55,55.65,56.75, 57.3,57.85,,2.2,3.85,0.8376,,55.6386,°C,280292.03751594695,18351997.670422953
nSats,11.0,11.0,12.0,14.0,16.0, 16.0,16.0,,4.0,5.0,1.1627,,13.9295,nSat,1356.502570420573,15249.380665177001
