Name,Min,1%,5%,50%,95%,99%,Max,,90% Range,98% Range,StdDev,,Mean,Units,Skewness,Kurtosis
Local Clock Frequency Offset,8.8061,8.9252,8.9783,9.0544,9.1129, 9.1355,9.1695,,0.1346,0.2103,0.0382,,9.0527,ppm,13146383.206097554,3102824606.5663743
Local Clock Time Offset,-15.933,-2.089,-0.511,0.012,0.56, 1.768,8.294,,1.071,3.857,0.5925,,0.0001,µs,-6.4223161350705436,82.16230508395056
Local RMS Frequency Jitter,0.414,0.712,0.928,1.912,8.463, 18.611,46.137,,7.535,17.899,3.4137,,3.1311,ppb,3.608501580980662,23.200431897645707
Local RMS Time Jitter,0.058,0.116,0.149,0.296,1.092, 2.143,7.084,,0.943,2.027,0.4017,,0.4299,µs,4.5232988804179755,36.26509046126055
Server Jitter SHM(0),0.1462,0.3745,0.6035,1.4704,3.2694, 5.0646,8.194,,2.6659,4.6901,0.8866,,1.6491,ms,5.083982198980605,20.419448522921645
Server Jitter SHM(1),0.021,0.063,0.095,0.254,1.637, 3.688,14.97,,1.542,3.625,0.7055,,0.4765,µs,4.283477462739819,40.38444111728741
Server Offset SHM(0),12.0358,13.4483,14.2419,19.3876,24.0342, 25.4512,27.622,,9.7923,12.0029,3.1429,,19.0317,ms,144.4076017969634,809.3484401459717
Server Offset SHM(1),-15.934,-2.09,-0.512,0.013,0.561, 1.769,8.295,,1.073,3.859,0.5929,,0.0001,µs,-6.417394374321786,81.99021839992274
TDOP,0.59,0.64,0.76,1.16,10.96, 55.02,89.82,,10.2,54.38,8.5785,,3.2624, ,4.7865194100791895,42.78948577025102
Temp ZONE0,52.9,53.45,54.0,55.65,57.85, 58.95,59.5,,3.85,5.5,1.1307,,55.76,°C,112914.70889331387,5462315.68045251
nSats,9.0,10.0,11.0,14.0,15.0, 16.0,16.0,,4.0,6.0,1.1933,,13.6333,nSat,1163.4986517628772,12433.881189707223
