Name,Min,1%,5%,50%,95%,99%,Max,,90% Range,98% Range,StdDev,,Mean,Units,Skewness,Kurtosis
Local Clock Frequency Offset,7.1584,7.2564,7.3256,7.4205,7.5998, 7.6777,7.7615,,0.2742,0.4214,0.0804,,7.4283,ppm,764553.7759364804,69927715.29352278
Local Clock Time Offset,-13.039,-2.163,-0.416,0.004,0.567, 1.707,7.408,,0.983,3.87,0.5907,,0.0011,µs,-6.786450932927522,90.14065931757382
Local RMS Frequency Jitter,0.315,0.606,0.796,1.781,8.778, 19.425,61.84,,7.982,18.819,3.574,,3.0411,ppb,3.574704633197833,24.650058103839125
Local RMS Time Jitter,0.039,0.094,0.125,0.277,1.195, 2.205,5.399,,1.07,2.111,0.4267,,0.4268,µs,3.6677619465673166,23.566054046789723
Server Jitter SHM(0),0.3311,0.6904,1.0342,3.6096,11.4055, 16.6126,70.6249,,10.3713,15.9222,3.9774,,4.5843,ms,4.740210715787439,48.165319839744505
Server Jitter SHM(1),0.0,0.05,0.077,0.219,1.612, 3.691,13.089,,1.535,3.641,0.7147,,0.4421,µs,4.177900875904243,39.10181529093197
Server Offset SHM(0),-50.5065,-38.5152,-27.8879,-6.6045,11.2072, 51.7776,61.2309,,39.095,90.2928,14.2846,,-7.5404,ms,-7.276171151015939,20.754389590099855
Server Offset SHM(1),-13.04,-2.164,-0.417,0.005,0.568, 1.708,7.409,,0.985,3.872,0.5911,,0.0011,µs,-6.781280174078976,89.96439934265454
Temp ZONE0,47.95,48.5,49.05,50.7,54.0, 55.65,58.95,,4.95,7.15,1.4839,,50.8818,°C,36992.036956126176,1234917.4555795484
