Name,Min,1%,5%,50%,95%,99%,Max,,90% Range,98% Range,StdDev,,Mean,Units,Skewness,Kurtosis
Local Clock Frequency Offset,8.78,8.9353,8.9776,9.1436,9.2387, 9.2573,9.3324,,0.2611,0.3219,0.0843,,9.1276,ppm,1236802.2004267895,132782837.57382303
Local Clock Time Offset,-21.929,-2.243,-0.582,0.018,0.602, 1.938,10.205,,1.184,4.181,0.661,,-0.0003,µs,-7.191849027480003,129.87118998208942
Local RMS Frequency Jitter,0.676,0.993,1.211,2.235,9.749, 19.514,64.138,,8.538,18.521,3.7874,,3.5151,ppb,4.7051422474337095,41.63991568087634
Local RMS Time Jitter,0.107,0.16,0.193,0.341,1.232, 2.298,10.435,,1.039,2.138,0.4575,,0.4838,µs,6.0600322598492475,68.0471704620078
Server Jitter SHM(0),0.1698,0.3033,0.4847,1.3506,3.2012, 4.9403,9.4232,,2.7166,4.637,0.9099,,1.5342,ms,4.316141861306332,18.061222414333592
Server Jitter SHM(1),0.012,0.085,0.124,0.313,1.802, 3.719,20.67,,1.678,3.634,0.782,,0.5438,µs,5.590374537260815,71.9036467753539
Server Offset SHM(0),11.087,12.1616,13.3067,18.3298,23.7503, 24.8017,26.4537,,10.4436,12.6401,3.4436,,18.0519,ms,89.20238648933375,435.9751421696369
Server Offset SHM(1),-21.93,-2.244,-0.583,0.019,0.603, 1.939,10.206,,1.186,4.183,0.6614,,-0.0002,µs,-7.185790569344906,129.59533704994007
TDOP,0.7,0.72,0.8,1.14,3.85, 10.65,36.38,,3.05,9.93,2.8955,,1.7798, ,7.624374997751814,82.96182041788146
Temp ZONE0,49.6,50.15,51.25,53.45,55.65, 56.2,57.3,,4.4,6.05,1.4312,,53.3268,°C,47783.337680982,1736564.4614810203
nSats,8.0,10.0,12.0,14.0,16.0, 16.0,16.0,,4.0,6.0,1.3539,,13.6639,nSat,778.431347654809,7317.061115958577
