Name,Min,1%,5%,50%,95%,99%,Max,,90% Range,98% Range,StdDev,,Mean,Units,Skewness,Kurtosis
Local Clock Frequency Offset,7.9992,8.1332,8.1699,8.5076,8.6187, 8.6916,8.7255,,0.4488,0.5584,0.1477,,8.4528,ppm,177779.18423336785,10002545.712118637
Local Clock Time Offset,-18.542,-2.189,-0.395,0.002,0.57, 1.748,7.965,,0.965,3.937,0.5937,,-0.0005,µs,-6.924240836501268,96.09534478176703
Local RMS Frequency Jitter,0.0,0.53,0.695,1.525,8.657, 19.412,51.26,,7.962,18.882,3.5846,,2.9439,ppb,2.973627055199149,18.040412065708647
Local RMS Time Jitter,0.049,0.084,0.113,0.241,1.202, 2.271,8.291,,1.089,2.187,0.44,,0.4076,µs,3.589064409219975,27.63817248439576
Server Jitter SHM(0),0.0,0.3613,0.562,1.4468,3.4281, 5.1107,7.9361,,2.8661,4.7494,0.9275,,1.6438,ms,4.5063381280787596,17.014943059378826
Server Jitter SHM(1),0.0,0.045,0.068,0.186,1.699, 3.849,18.441,,1.631,3.804,0.7279,,0.424,µs,3.773183715005128,37.726094535509915
Server Offset SHM(0),9.9142,12.5659,13.6523,18.8033,23.6835, 25.021,27.8104,,10.0312,12.455,3.1921,,18.694,ms,129.0703173176915,699.1819617121779
Server Offset SHM(1),-178180.801,-2.192,-0.396,0.003,0.571, 1.749,7.966,,0.967,3.941,857.3424,,-4.1257,µs,-211.8484262349849,44032.31396357182
TDOP,0.67,0.67,0.74,1.09,3.64, 15.34,77.02,,2.9,14.67,5.4355,,1.9426, ,9.536136988560227,127.57855786557559
Temp ZONE0,48.5,48.5,49.05,52.35,55.65, 56.2,56.75,,6.6,7.7,1.956,,52.0237,°C,16847.719758565712,433222.91436893726
nSats,5.0,5.0,5.0,14.0,15.0, 16.0,16.0,,10.0,11.0,3.2616,,12.5436,nSat,30.098405429840525,101.20132008294001
