Name,Min,1%,5%,50%,95%,99%,Max,,90% Range,98% Range,StdDev,,Mean,Units,Skewness,Kurtosis
Local Clock Frequency Offset,8.7404,8.8277,8.8429,8.9292,8.9929, 9.0187,9.0784,,0.15,0.1911,0.0466,,8.9293,ppm,6909191.866601759,1316013195.016896
Local Clock Time Offset,-12.785,-2.119,-0.44,0.005,0.514, 1.811,6.281,,0.954,3.93,0.575,,-0.0001,µs,-6.396619865864342,77.4518153800653
Local RMS Frequency Jitter,0.348,0.643,0.829,1.734,8.393, 18.52,36.684,,7.564,17.877,3.3718,,2.9728,ppb,3.262813653758605,18.817438751081774
Local RMS Time Jitter,0.058,0.102,0.135,0.267,1.087, 2.094,5.442,,0.952,1.992,0.3925,,0.4051,µs,3.860345683666706,25.13766320243451
Server Jitter SHM(0),0.1786,0.3341,0.5089,1.3741,3.3766, 5.1621,8.695,,2.8678,4.828,0.9537,,1.5865,ms,4.270603617813962,17.44170769201178
Server Jitter SHM(1),0.017,0.047,0.076,0.218,1.606, 3.597,12.305,,1.53,3.55,0.6941,,0.4404,µs,3.860164846234139,33.47090312964771
Server Offset SHM(0),12.0478,13.0047,14.4598,19.1812,24.0605, 25.0887,27.151,,9.6007,12.084,3.1293,,19.0183,ms,146.18017690430548,822.2180732611072
Server Offset SHM(1),-12.786,-2.12,-0.441,0.006,0.515, 1.812,6.282,,0.956,3.932,0.5754,,-0.0001,µs,-6.391949089265844,77.29823660342501
TDOP,0.63,0.69,0.72,1.19,7.95, 31.55,41.28,,7.23,30.86,4.838,,2.7556, ,4.141262547799028,30.245972556322577
Temp ZONE0,51.25,52.35,52.35,54.55,56.2, 56.75,57.85,,3.85,4.4,1.0784,,54.4245,°C,121212.2494529539,6003667.476554451
nSats,10.0,11.0,12.0,14.0,16.0, 16.0,16.0,,4.0,5.0,1.179,,13.8714,nSat,1279.8127299814512,14126.418462394786
