Name,Min,1%,5%,50%,95%,99%,Max,,90% Range,98% Range,StdDev,,Mean,Units,Skewness,Kurtosis
Local Clock Frequency Offset,7.0825,7.1675,7.2079,7.358,7.6418, 7.6945,7.7512,,0.4338,0.5271,0.1219,,7.3728,ppm,210468.97438842355,12526602.01175858
Local Clock Time Offset,-17.296,-2.169,-0.405,0.001,0.561, 1.75,7.825,,0.966,3.919,0.5941,,0.0001,µs,-7.116750563743993,98.57457768663939
Local RMS Frequency Jitter,0.315,0.589,0.775,1.718,8.876, 18.966,47.82,,8.101,18.377,3.5292,,3.0193,ppb,3.3047698849506375,20.82696752700331
Local RMS Time Jitter,0.039,0.091,0.121,0.267,1.233, 2.192,9.019,,1.112,2.101,0.4372,,0.4257,µs,3.9098761553995605,33.02167901290654
Server Jitter SHM(0),0.4311,0.8818,1.2362,3.1269,9.0444, 16.7352,24.9353,,7.8082,15.8534,2.8832,,3.9649,ms,3.5138767805209405,15.6878629627194
Server Jitter SHM(1),0.01,0.049,0.077,0.21,1.642, 3.669,17.248,,1.565,3.62,0.7213,,0.4364,µs,4.174739166722527,41.79429132238588
Server Offset SHM(0),-24.3492,-9.1215,-1.9967,7.4367,17.6991, 20.992,27.1811,,19.6958,30.1135,6.169,,7.5595,ms,0.40590654434124407,3.946391041164859
Server Offset SHM(1),-17.297,-2.17,-0.406,0.002,0.562, 1.75,7.826,,0.968,3.92,0.5945,,0.0001,µs,-7.11119968576204,98.38219039754843
Temp ZONE0,47.4,47.95,47.95,50.15,54.55, 57.85,60.05,,6.6,9.9,2.0734,,50.716,°C,12983.921043258646,306365.14746913174
