Name,Min,1%,5%,50%,95%,99%,Max,,90% Range,98% Range,StdDev,,Mean,Units,Skewness,Kurtosis
Local Clock Frequency Offset,8.5137,8.6335,8.664,8.6955,8.7078, 8.7144,8.7586,,0.0439,0.0809,0.0168,,8.6907,ppm,137965374.81993553,71290234804.89668
Local Clock Time Offset,-13.398,-2.01,-0.509,0.014,0.577, 1.663,8.066,,1.086,3.673,0.5595,,-0.0001,µs,-6.3718069433237,73.11694687220178
Local RMS Frequency Jitter,0.318,0.639,0.832,1.781,8.108, 17.342,45.703,,7.276,16.703,3.1887,,2.995,ppb,3.381197963899748,21.218880064715307
Local RMS Time Jitter,0.051,0.1,0.133,0.27,0.994, 2.04,6.24,,0.861,1.94,0.372,,0.3969,µs,4.252874396737592,31.075630499006824
Server Jitter SHM(0),0.1377,0.3833,0.569,1.4293,3.7245, 5.6948,7.9711,,3.1555,5.3115,1.0261,,1.6644,ms,4.08183503677168,15.724585954203143
Server Jitter SHM(1),0.014,0.052,0.08,0.231,1.636, 3.31,12.494,,1.556,3.258,0.6676,,0.4535,µs,3.8583043477608427,35.25797425377913
Server Offset SHM(0),8.1172,12.6709,13.9641,18.9242,23.8748, 25.0651,27.3268,,9.9107,12.3943,3.2721,,18.8352,ms,121.87323390911995,649.6054870763446
Server Offset SHM(1),-13.399,-2.011,-0.51,0.015,0.578, 1.664,8.067,,1.088,3.675,0.56,,-0.0001,µs,-6.366659076865353,72.95729847714236
TDOP,0.63,0.69,0.72,1.09,5.66, 30.85,160.32,,4.94,30.16,11.7915,,2.8607, ,8.444017059087148,109.79766367233614
Temp ZONE0,55.65,55.65,56.2,57.85,59.5, 60.6,62.25,,3.3,4.95,0.9347,,57.9824,°C,227535.16628134288,13898423.199856834
nSats,9.0,10.0,12.0,14.0,15.0, 16.0,16.0,,3.0,6.0,1.2756,,13.4772,nSat,903.2842773521438,8899.171874847501
