Name,Min,1%,5%,50%,95%,99%,Max,,90% Range,98% Range,StdDev,,Mean,Units,Skewness,Kurtosis
Local Clock Frequency Offset,8.9887,9.1235,9.1425,9.2258,9.301, 9.3306,9.3961,,0.1585,0.2071,0.0487,,9.2274,ppm,6675591.208345718,1257025580.1511276
Local Clock Time Offset,-11.941,-2.288,-0.509,0.009,0.558, 1.97,8.903,,1.067,4.258,0.6248,,0.0001,µs,-5.941849033016521,69.69210292207016
Local RMS Frequency Jitter,0.493,0.791,0.998,2.002,9.878, 19.312,43.72,,8.88,18.521,3.589,,3.3128,ppb,3.3981326177041176,20.506455479757054
Local RMS Time Jitter,0.077,0.128,0.164,0.31,1.268, 2.19,5.736,,1.104,2.062,0.4169,,0.4546,µs,3.8447203423403997,23.685765344909147
Server Jitter SHM(0),0.0922,0.312,0.5074,1.3465,3.5071, 5.7037,12.6001,,2.9997,5.3917,1.0729,,1.5963,ms,4.541399350354137,26.55618294406003
Server Jitter SHM(1),0.02,0.065,0.097,0.259,1.845, 3.804,12.807,,1.748,3.739,0.7481,,0.4988,µs,3.9238550688306946,34.91981894635471
Server Offset SHM(0),4.7018,13.8419,14.9699,19.3359,23.8018, 24.9951,26.7682,,8.8319,11.1532,2.9192,,19.1471,ms,188.45677885139864,1142.3812258084413
Server Offset SHM(1),-11.942,-2.289,-0.51,0.01,0.559, 1.971,8.904,,1.069,4.26,0.6252,,0.0001,µs,-5.93830081985047,69.56517602988538
TDOP,0.69,0.73,0.76,1.21,14.06, 59.06,100.37,,13.3,58.33,9.8978,,4.1024, ,4.3787615787798595,38.57776681154652
Temp ZONE0,51.8,52.35,52.9,54.55,56.2, 56.75,58.4,,3.3,4.4,1.0033,,54.4496,°C,151326.4459299338,8069752.221740732
nSats,10.0,10.0,11.0,13.0,15.0, 16.0,16.0,,4.0,6.0,1.3497,,13.3527,nSat,729.5075556868899,6714.252243875329
