Name,Min,1%,5%,50%,95%,99%,Max,,90% Range,98% Range,StdDev,,Mean,Units,Skewness,Kurtosis
Local Clock Frequency Offset,7.7241,7.8288,7.8663,8.0198,8.1952, 8.274,8.3251,,0.3289,0.4452,0.1033,,8.0343,ppm,452946.8788083935,34797168.1215825
Local Clock Time Offset,-15.303,-2.19,-0.418,0.003,0.5, 1.794,6.702,,0.918,3.984,0.5543,,0.0005,µs,-6.42622501506865,77.70369272254415
Local RMS Frequency Jitter,0.307,0.56,0.721,1.652,8.637, 17.095,42.94,,7.916,16.535,3.2439,,2.8738,ppb,3.1091325248136963,18.97997341269261
Local RMS Time Jitter,0.058,0.086,0.11,0.243,1.036, 1.882,6.09,,0.926,1.796,0.3765,,0.3787,µs,3.758009671274668,27.31716746044838
Server Jitter SHM(0),0.1386,0.3715,0.5783,1.4569,3.683, 5.3926,9.0695,,3.1048,5.021,1.0026,,1.703,ms,4.22596181140543,16.042104082306295
Server Jitter SHM(1),0.016,0.039,0.058,0.184,1.651, 3.355,14.89,,1.593,3.316,0.6739,,0.4137,µs,3.5093346711487348,32.555777405320406
Server Offset SHM(0),11.4992,13.0455,13.9255,18.9241,23.6701, 25.3482,27.2235,,9.7446,12.3028,3.1607,,18.5634,ms,130.43025192741004,710.0870644807331
Server Offset SHM(1),-15.304,-2.191,-0.419,0.004,0.5, 1.795,6.703,,0.919,3.986,0.5547,,0.0006,µs,-6.421644559055002,77.55093666927435
TDOP,0.6,0.62,0.68,0.97,2.09, 3.09,7.64,,1.41,2.47,0.6955,,1.1794, ,7.539926224600737,59.22205274303199
Temp ZONE0,49.05,49.05,50.15,52.35,58.4, 59.5,60.05,,8.25,10.45,2.6483,,53.3108,°C,7059.248564054775,136191.48729357045
nSats,10.0,11.0,11.0,14.0,15.0, 16.0,16.0,,4.0,5.0,1.2886,,13.5145,nSat,882.0942351827325,8631.138743497862
