Name,Min,1%,5%,50%,95%,99%,Max,,90% Range,98% Range,StdDev,,Mean,Units,Skewness,Kurtosis
Local Clock Frequency Offset,8.854,9.006,9.0508,9.156,9.2159, 9.2398,9.2856,,0.1651,0.2338,0.0497,,9.1492,ppm,6146669.779369834,1126018514.8099136
Local Clock Time Offset,-15.206,-2.309,-0.526,0.009,0.584, 1.949,8.814,,1.11,4.258,0.6177,,-0.0,µs,-6.791923557315327,86.96992179187538
Local RMS Frequency Jitter,0.505,0.793,0.981,2.013,9.688, 17.988,49.818,,8.707,17.195,3.5156,,3.3109,ppb,3.528848361522735,23.587690085249662
Local RMS Time Jitter,0.071,0.126,0.156,0.302,1.228, 2.062,7.619,,1.072,1.936,0.4228,,0.4474,µs,4.439636561057192,36.386362622579774
Server Jitter SHM(0),0.138,0.3103,0.481,1.3966,3.3932, 5.193,7.382,,2.9122,4.8827,0.9685,,1.605,ms,3.992721170835616,15.002324845189003
Server Jitter SHM(1),0.019,0.058,0.087,0.247,1.823, 3.663,14.153,,1.736,3.605,0.7412,,0.4927,µs,3.94372367074708,38.27328547321009
Server Offset SHM(0),10.0902,11.9313,13.1443,18.5588,23.4671, 24.7319,26.3385,,10.3229,12.8006,3.1947,,18.1843,ms,117.33778973209897,618.3278141169494
Server Offset SHM(1),-15.207,-2.31,-0.527,0.01,0.585, 1.95,8.815,,1.112,4.26,0.6181,,0.0,µs,-6.786750641154099,86.79923022021336
TDOP,0.69,0.71,0.77,1.05,18.93, 40.78,64.87,,18.16,40.07,7.7265,,3.608, ,3.0481794649107194,21.69856115203884
Temp ZONE0,51.8,52.35,52.9,55.1,58.4, 59.5,60.05,,5.5,7.15,1.7503,,55.5469,°C,29128.25840832971,898146.2169621084
nSats,9.0,9.0,11.0,13.0,15.0, 16.0,16.0,,4.0,7.0,1.3647,,13.25,nSat,686.173701791998,6194.326417874525
