Name,Min,1%,5%,50%,95%,99%,Max,,90% Range,98% Range,StdDev,,Mean,Units,Skewness,Kurtosis
Local Clock Frequency Offset,7.1936,7.287,7.4076,7.6262,7.7949, 7.8495,7.9545,,0.3873,0.5626,0.1259,,7.6165,ppm,210943.51426022177,12564084.426072383
Local Clock Time Offset,-15.036,-2.271,-0.429,0.001,0.654, 1.725,7.034,,1.083,3.996,0.6129,,-0.001,µs,-7.613280269474522,100.11843021943078
Local RMS Frequency Jitter,0.368,0.591,0.801,1.817,9.208, 19.187,41.762,,8.407,18.596,3.6084,,3.1528,ppb,3.3042095681517556,20.43270640883605
Local RMS Time Jitter,0.046,0.093,0.128,0.297,1.275, 2.245,6.063,,1.147,2.152,0.4514,,0.454,µs,3.6948822346544756,24.83689931308491
Server Jitter SHM(0),0.1501,0.4101,0.6013,1.5068,3.5762, 4.8332,8.3355,,2.9749,4.4232,0.945,,1.7257,ms,4.571075732885559,16.5094627750633
Server Jitter SHM(1),0.01,0.052,0.081,0.225,1.692, 3.635,15.058,,1.611,3.583,0.7394,,0.4581,µs,4.261571643659863,42.412048037416504
Server Offset SHM(0),-21.7568,-20.1416,-17.5619,-8.3664,1.2277, 5.8146,10.0916,,18.7896,25.9562,5.7581,,-8.2028,ms,-21.390524829213565,71.1500402379933
Server Offset SHM(1),-15.037,-2.272,-0.43,0.002,0.655, 1.726,7.035,,1.085,3.998,0.6133,,-0.001,µs,-7.6068683256198835,99.92216217368716
Temp ZONE0,47.95,48.5,48.5,50.7,54.0, 55.65,56.75,,5.5,7.15,1.6765,,51.0811,°C,25679.409317720732,759394.1053319839
