Name,Min,1%,5%,50%,95%,99%,Max,,90% Range,98% Range,StdDev,,Mean,Units,Skewness,Kurtosis
Local Clock Frequency Offset,8.4089,8.4855,8.5605,8.7949,8.855, 8.8855,8.9402,,0.2945,0.4,0.0988,,8.7537,ppm,672717.0441205493,58959615.06181004
Local Clock Time Offset,-13.634,-1.985,-0.521,0.006,0.596, 1.721,6.437,,1.117,3.706,0.5705,,-0.0002,µs,-6.093304666139418,72.63024337102807
Local RMS Frequency Jitter,0.45,0.745,0.932,1.868,8.09, 18.121,38.446,,7.158,17.376,3.2338,,3.0729,ppb,3.367754757868537,19.368191637621877
Local RMS Time Jitter,0.069,0.115,0.146,0.283,1.0, 2.094,5.39,,0.854,1.979,0.3676,,0.4076,µs,4.1098589163959245,26.596958327752233
Server Jitter SHM(0),0.1943,0.3895,0.5663,1.4834,3.5225, 5.7061,8.1276,,2.9562,5.3166,1.0006,,1.7023,ms,4.334726973545887,17.04910842252073
Server Jitter SHM(1),0.017,0.06,0.091,0.243,1.635, 3.339,13.208,,1.544,3.279,0.6674,,0.4644,µs,3.967201605010219,35.701627927385346
Server Offset SHM(0),11.5658,12.8608,13.7266,18.9166,24.3576, 25.3833,27.5201,,10.631,12.5225,3.2561,,18.958,ms,126.67085998755405,683.6184425634592
Server Offset SHM(1),-13.635,-1.986,-0.522,0.007,0.597, 1.722,6.438,,1.119,3.708,0.571,,-0.0002,µs,-6.088786516791622,72.47131275102977
TDOP,0.64,0.66,0.7,0.93,9.1, 51.94,98.5,,8.4,51.28,8.99,,3.0036, ,5.5611828197681294,54.83835725081525
Temp ZONE0,48.5,50.15,50.15,54.0,55.65, 56.75,56.75,,5.5,6.6,1.6808,,53.434,°C,29282.642038589263,904428.9369252118
nSats,10.0,11.0,11.0,14.0,16.0, 16.0,16.0,,5.0,5.0,1.2741,,13.7137,nSat,959.6995633428403,9652.489317595533
