Name,Min,1%,5%,50%,95%,99%,Max,,90% Range,98% Range,StdDev,,Mean,Units,Skewness,Kurtosis
Local Clock Frequency Offset,8.3654,8.4665,8.5128,8.9523,9.0234, 9.0447,9.1096,,0.5106,0.5782,0.1484,,8.8882,ppm,204646.41221105898,12066463.909966333
Local Clock Time Offset,-17.831,-2.04,-0.459,0.005,0.504, 1.775,7.25,,0.963,3.815,0.5648,,0.0001,µs,-6.557634346100417,94.68913942390023
Local RMS Frequency Jitter,0.362,0.68,0.856,1.782,8.163, 18.02,50.067,,7.307,17.34,3.2926,,2.943,ppb,3.624428757768851,24.51855026639626
Local RMS Time Jitter,0.052,0.107,0.136,0.275,1.053, 1.955,7.588,,0.917,1.848,0.376,,0.4008,µs,4.4637554253243446,38.27914311177235
Server Jitter SHM(0),0.1733,0.362,0.5367,1.3678,3.2848, 5.1941,7.0339,,2.7481,4.8321,0.9109,,1.5685,ms,4.478033424760565,17.51121585497033
Server Jitter SHM(1),0.014,0.052,0.08,0.226,1.528, 3.474,17.371,,1.448,3.422,0.6734,,0.4368,µs,4.404517855566786,46.26949397106692
Server Offset SHM(0),11.3043,12.7735,13.98,18.6729,23.5817, 24.8006,26.4169,,9.6017,12.0271,3.1331,,18.6436,ms,136.2146034544161,750.3746342700416
Server Offset SHM(1),-17.832,-2.041,-0.46,0.006,0.505, 1.776,7.25,,0.965,3.817,0.5653,,0.0001,µs,-6.5524325346631,94.48011507739919
TDOP,0.65,0.67,0.71,1.19,5.2, 25.63,86.72,,4.49,24.96,6.1973,,2.155, ,9.059557426629304,120.63863035157596
Temp ZONE0,47.4,48.5,49.6,54.0,56.2, 58.4,58.4,,6.6,9.9,2.1666,,53.56,°C,13416.987482200151,319903.2361242376
nSats,11.0,12.0,12.0,14.0,16.0, 16.0,16.0,,4.0,4.0,1.1223,,14.0542,nSat,1564.3749713910986,18424.533156585792
