Name,Min,1%,5%,50%,95%,99%,Max,,90% Range,98% Range,StdDev,,Mean,Units,Skewness,Kurtosis
Local Clock Frequency Offset,7.1764,7.2829,7.3961,7.69,7.7997, 7.8797,7.9879,,0.4036,0.5968,0.1417,,7.6423,ppm,148440.92608269711,7865191.8098566085
Local Clock Time Offset,-21.359,-2.23,-0.434,0.001,0.648, 1.758,7.976,,1.082,3.988,0.6177,,0.0005,µs,-7.758067103738044,120.13097114456791
Local RMS Frequency Jitter,0.353,0.607,0.818,1.822,9.198, 19.503,59.001,,8.38,18.896,3.6559,,3.1549,ppb,3.5079723405076364,24.66033443094047
Local RMS Time Jitter,0.046,0.088,0.124,0.283,1.248, 2.252,9.331,,1.124,2.164,0.4546,,0.4408,µs,4.187999011681924,37.47291824158238
Server Jitter SHM(0),0.1398,0.4193,0.6427,1.5673,3.6933, 4.9397,7.4866,,3.0507,4.5204,0.9442,,1.7789,ms,4.7683597699793205,16.32607920922524
Server Jitter SHM(1),0.016,0.049,0.077,0.221,1.685, 3.701,21.339,,1.608,3.652,0.7496,,0.4565,µs,4.52362984737749,52.280745739666095
Server Offset SHM(0),-31.1292,-24.8068,-21.8502,-10.7284,2.102, 5.8883,10.0916,,23.9523,30.6952,7.5981,,-10.0494,ms,-19.420154834306,62.94609823465531
Server Offset SHM(1),-21.36,-2.231,-0.435,0.002,0.649, 1.759,7.977,,1.084,3.99,0.6181,,0.0005,µs,-7.7513842712840635,119.88680880512423
Temp ZONE0,47.95,48.5,48.5,51.8,54.55, 56.2,56.75,,6.05,7.7,1.9411,,51.4677,°C,16686.95886015759,427750.47456883406
