Name,Min,1%,5%,50%,95%,99%,Max,,90% Range,98% Range,StdDev,,Mean,Units,Skewness,Kurtosis
Local Clock Frequency Offset,7.6295,7.7222,7.7566,7.9236,8.0835, 8.1403,8.1984,,0.3269,0.4181,0.0976,,7.9284,ppm,516156.52653042105,41416817.313155755
Local Clock Time Offset,-14.111,-2.246,-0.439,0.001,0.509, 1.774,8.562,,0.948,4.02,0.5534,,-0.0,µs,-6.088385454325239,68.70240930952943
Local RMS Frequency Jitter,0.296,0.535,0.697,1.621,8.653, 16.922,43.125,,7.956,16.387,3.2314,,2.8766,ppb,2.936439748558862,17.4290737603542
Local RMS Time Jitter,0.045,0.081,0.107,0.239,1.062, 1.892,5.76,,0.955,1.811,0.3724,,0.3805,µs,3.309773551479916,21.101238857976572
Server Jitter SHM(0),0.1075,0.3402,0.5626,1.5124,4.8237, 7.6254,15.994,,4.2612,7.2852,1.485,,1.9173,ms,3.908332100851435,21.166646458580175
Server Jitter SHM(1),0.012,0.037,0.056,0.181,1.686, 3.317,14.101,,1.63,3.28,0.6716,,0.4147,µs,3.2922166343159556,29.36629640861059
Server Offset SHM(0),1.3086,6.2836,12.1428,17.4254,22.6699, 24.3273,27.1647,,10.527,18.0437,3.5595,,17.1545,ms,66.7520881167865,297.6847132840574
Server Offset SHM(1),-14.112,-2.247,-0.44,0.002,0.51, 1.775,8.563,,0.95,4.022,0.5538,,-0.0,µs,-6.084534932203491,68.57325691440145
TDOP,0.72,0.74,0.96,2.11,23.8, 92.53,216.87,,22.84,91.79,18.8121,,7.2186, ,5.228143619719173,55.065539408976676
Temp ZONE0,48.5,49.6,50.15,52.9,57.3, 58.4,58.4,,7.15,8.8,2.2889,,53.1898,°C,11064.088571614087,247552.7271406436
nSats,8.0,9.0,11.0,14.0,15.0, 16.0,16.0,,4.0,7.0,1.3758,,13.5145,nSat,712.3809484401982,6500.663877792646
