Name,Min,1%,5%,50%,95%,99%,Max,,90% Range,98% Range,StdDev,,Mean,Units,Skewness,Kurtosis
Local Clock Frequency Offset,8.9017,9.0155,9.048,9.1882,9.2729, 9.3081,9.3689,,0.2249,0.2926,0.0703,,9.1816,ppm,2175993.4005667646,282008083.89701176
Local Clock Time Offset,-16.053,-2.26,-0.507,0.004,0.56, 1.913,12.202,,1.067,4.173,0.6331,,-0.0003,µs,-6.249649995795591,91.80757538124317
Local RMS Frequency Jitter,0.412,0.699,0.886,1.934,9.689, 19.453,63.323,,8.803,18.754,3.73,,3.2526,ppb,3.805287153604792,29.097658469890206
Local RMS Time Jitter,0.069,0.109,0.139,0.287,1.227, 2.172,7.09,,1.088,2.063,0.4381,,0.4359,µs,4.290054789308936,33.80976083451994
Server Jitter SHM(0),0.1697,0.3302,0.4865,1.3915,3.2781, 4.8347,8.203,,2.7916,4.5045,0.9146,,1.5696,ms,4.258693361108152,16.616332643772974
Server Jitter SHM(1),0.02,0.052,0.079,0.236,1.793, 3.786,17.572,,1.714,3.734,0.7698,,0.481,µs,4.45703030438364,49.28134401896497
Server Offset SHM(0),11.5248,12.6993,13.8218,19.1534,24.0287, 25.4181,27.4095,,10.2069,12.7188,3.3163,,18.8396,ms,116.6162786233367,613.6553724795035
Server Offset SHM(1),-16.054,-2.261,-0.508,0.005,0.561, 1.914,12.203,,1.069,4.175,0.6335,,-0.0003,µs,-6.245852886231458,91.63968780493737
TDOP,0.74,0.77,0.85,1.89,27.2, 71.63,107.19,,26.35,70.86,13.052,,6.3766, ,2.7946274598977814,19.765816618654608
Temp ZONE0,50.15,50.15,51.25,53.45,55.1, 56.2,56.2,,3.85,6.05,1.1861,,53.2948,°C,84926.41227831216,3736843.3997442294
nSats,7.0,8.0,11.0,13.0,15.0, 16.0,16.0,,4.0,8.0,1.4308,,13.2199,nSat,583.2958521238098,4993.3570606508665
