Name,Min,1%,5%,50%,95%,99%,Max,,90% Range,98% Range,StdDev,,Mean,Units,Skewness,Kurtosis
Local Clock Frequency Offset,8.9212,9.0529,9.0978,9.1434,9.1653, 9.1781,9.2226,,0.0675,0.1253,0.0227,,9.1389,ppm,64390457.9465058,25808775376.54351
Local Clock Time Offset,-11.714,-2.072,-0.448,0.011,0.515, 1.653,6.728,,0.963,3.725,0.5526,,-0.0001,µs,-6.59519767784722,77.35543031350326
Local RMS Frequency Jitter,0.303,0.64,0.849,1.75,7.954, 17.618,36.148,,7.105,16.978,3.1855,,2.9185,ppb,3.4145563643907697,20.325021197815076
Local RMS Time Jitter,0.054,0.104,0.136,0.275,1.074, 1.959,4.715,,0.938,1.855,0.373,,0.4058,µs,3.859024170681454,24.47994254863253
Server Jitter SHM(0),0.1086,0.3597,0.5222,1.4137,3.3691, 5.3299,7.8695,,2.8469,4.9703,0.9477,,1.6182,ms,4.347026072416763,16.96369253388766
Server Jitter SHM(1),0.019,0.052,0.082,0.228,1.55, 3.403,11.306,,1.468,3.351,0.6623,,0.4379,µs,4.018347014751248,35.58849102932047
Server Offset SHM(0),11.6024,12.5898,13.3824,18.6237,24.028, 25.281,27.9231,,10.6456,12.6912,3.2555,,18.4956,ms,116.71147888948147,615.3865874826442
Server Offset SHM(1),-11.715,-2.073,-0.449,0.012,0.516, 1.654,6.729,,0.965,3.727,0.553,,-0.0,µs,-6.589703204346824,77.18830997204665
TDOP,0.62,0.63,0.73,1.26,6.69, 8.46,9.24,,5.96,7.83,1.8928,,2.0513, ,2.2563505419129286,6.88256450545401
Temp ZONE0,54.0,54.55,55.65,57.3,59.5, 61.7,62.25,,3.85,7.15,1.2703,,57.5292,°C,86992.3616155593,3858508.838194991
nSats,8.0,9.0,10.0,13.0,15.0, 16.0,16.0,,5.0,7.0,1.5903,,13.0125,nSat,391.55481134762255,2958.7645449003126
