Name,Min,1%,5%,50%,95%,99%,Max,,90% Range,98% Range,StdDev,,Mean,Units,Skewness,Kurtosis
Local Clock Frequency Offset,8.5942,8.716,8.7428,8.7872,8.8199, 8.8448,8.8908,,0.077,0.1289,0.0256,,8.7851,ppm,40127414.501718335,13738172621.160963
Local Clock Time Offset,-11.753,-1.863,-0.516,0.009,0.569, 1.692,8.409,,1.085,3.555,0.5532,,-0.0002,µs,-5.610624189207242,59.67405840180523
Local RMS Frequency Jitter,0.324,0.658,0.857,1.786,8.046, 17.379,38.252,,7.189,16.721,3.1384,,2.9767,ppb,3.191712640955552,17.698275757948178
Local RMS Time Jitter,0.051,0.106,0.136,0.273,0.984, 1.989,5.417,,0.848,1.883,0.3542,,0.3945,µs,4.023451787486429,26.3203492683989
Server Jitter SHM(0),0.1412,0.4027,0.6206,1.4886,3.5532, 5.4452,8.6524,,2.9326,5.0425,0.9788,,1.7156,ms,4.580313214878448,18.039541980239278
Server Jitter SHM(1),0.02,0.056,0.083,0.236,1.617, 3.362,11.806,,1.534,3.306,0.6527,,0.455,µs,3.701529504068078,31.007420603330285
Server Offset SHM(0),10.8389,12.0132,13.8438,18.6618,23.4978, 24.7595,26.7855,,9.6539,12.7463,3.1365,,18.5701,ms,133.89027265024524,733.3248766779641
Server Offset SHM(1),-11.754,-1.864,-0.517,0.01,0.57, 1.693,8.41,,1.087,3.557,0.5537,,-0.0002,µs,-5.607045224197585,59.54814022281381
TDOP,0.66,0.69,0.74,1.18,3.34, 4.26,5.38,,2.6,3.57,0.8309,,1.4647, ,4.638125110070073,16.018918661529106
Temp ZONE0,53.45,53.45,54.0,55.65,56.75, 57.3,57.3,,2.75,3.85,0.8768,,55.4857,°C,241776.81147487558,15069856.823905
nSats,11.0,12.0,12.0,14.0,16.0, 16.0,16.0,,4.0,4.0,1.0779,,14.0,nSat,1758.7447719170696,21509.855604454468
