Name,Min,1%,5%,50%,95%,99%,Max,,90% Range,98% Range,StdDev,,Mean,Units,Skewness,Kurtosis
Local Clock Frequency Offset,7.5814,7.7408,7.7594,7.8208,7.9239, 7.9664,8.0243,,0.1645,0.2256,0.05,,7.828,ppm,3775257.9768818845,587892886.0805206
Local Clock Time Offset,-20.526,-2.27,-0.416,0.004,0.614, 1.682,6.327,,1.03,3.952,0.6018,,0.0001,µs,-7.913725429963634,119.82287748443476
Local RMS Frequency Jitter,0.206,0.614,0.811,1.78,9.088, 18.57,56.705,,8.277,17.956,3.5359,,3.1037,ppb,3.4092565905907493,23.338474146746133
Local RMS Time Jitter,0.035,0.098,0.131,0.28,1.264, 2.159,8.781,,1.133,2.061,0.4467,,0.4417,µs,4.072065401847996,35.37839468894819
Server Jitter SHM(0),0.1972,0.4102,0.6305,1.4947,3.3445, 4.7318,7.7004,,2.714,4.3217,0.8761,,1.6879,ms,5.1358793310640385,18.64651140525297
Server Jitter SHM(1),0.015,0.053,0.081,0.222,1.716, 3.598,20.558,,1.635,3.545,0.7328,,0.4548,µs,4.382187391573905,49.660431379391945
Server Offset SHM(0),-29.3297,-24.7261,-19.0604,-8.1318,0.1432, 4.3838,10.6674,,19.2036,29.1099,5.7248,,-8.7563,ms,-24.165022713362724,86.85582751756834
Server Offset SHM(1),-20.527,-2.271,-0.417,0.005,0.615, 1.683,6.328,,1.032,3.954,0.6022,,0.0002,µs,-7.906660839436116,119.57623498524916
Temp ZONE0,50.7,51.25,51.8,53.45,55.65, 56.75,57.85,,3.85,5.5,1.1528,,53.361,°C,93033.64773979224,4219729.1476717815
