Name,Min,1%,5%,50%,95%,99%,Max,,90% Range,98% Range,StdDev,,Mean,Units,Skewness,Kurtosis
Local Clock Frequency Offset,8.3012,8.382,8.4334,8.5041,8.5457, 8.5718,8.6067,,0.1123,0.1898,0.0354,,8.4959,ppm,13631448.785935627,3256400641.1935167
Local Clock Time Offset,-13.375,-2.16,-0.365,0.006,0.542, 1.617,6.293,,0.907,3.777,0.5713,,0.0003,µs,-7.143460599439811,85.79140632788683
Local RMS Frequency Jitter,0.237,0.471,0.644,1.448,8.365, 18.663,36.953,,7.721,18.192,3.4489,,2.8369,ppb,2.8533451365860176,16.26237357951651
Local RMS Time Jitter,0.037,0.075,0.102,0.234,1.143, 2.215,5.569,,1.041,2.14,0.4289,,0.3944,µs,3.364016736064896,21.73543070642221
Server Jitter SHM(0),0.1936,0.3866,0.5949,1.4992,3.6788, 5.4597,10.0437,,3.0839,5.0731,1.0056,,1.7406,ms,4.463905678009638,17.553511023831398
Server Jitter SHM(1),0.013,0.038,0.059,0.17,1.706, 3.691,13.366,,1.647,3.653,0.7105,,0.4073,µs,3.4658921765472983,30.421157215323635
Server Offset SHM(0),11.7524,13.1479,14.2819,19.1971,24.055, 25.3277,27.533,,9.773,12.1798,3.1193,,18.9759,ms,146.6615673357069,825.8233055393774
Server Offset SHM(1),-13.376,-2.161,-0.366,0.007,0.543, 1.618,6.294,,0.909,3.779,0.5716,,0.0003,µs,-7.137968749543289,85.63596864976545
TDOP,0.66,0.7,0.73,1.08,5.07, 14.58,39.8,,4.34,13.88,3.4475,,1.9264, ,6.240894598573511,61.809238941408275
Temp ZONE0,51.8,52.35,53.45,55.65,58.95, 59.5,60.05,,5.5,7.15,1.8341,,56.1064,°C,25998.6936406999,771955.6061316109
nSats,5.0,5.0,5.0,13.0,15.0, 16.0,16.0,,10.0,11.0,2.7617,,12.6598,nSat,55.154386130296665,223.76442668205854
