Name,Min,1%,5%,50%,95%,99%,Max,,90% Range,98% Range,StdDev,,Mean,Units,Skewness,Kurtosis
Local Clock Frequency Offset,7.7049,7.8352,7.8582,8.1778,8.3118, 8.3585,8.4211,,0.4536,0.5233,0.1332,,8.156,ppm,218504.83218671367,13167856.609917546
Local Clock Time Offset,-12.401,-2.164,-0.458,0.002,0.524, 1.76,7.764,,0.982,3.924,0.554,,0.0001,µs,-5.8020644946201,62.76534563465023
Local RMS Frequency Jitter,0.334,0.61,0.783,1.738,8.738, 16.548,40.742,,7.955,15.938,3.1752,,2.9458,ppb,3.0203083392535075,17.193633401054026
Local RMS Time Jitter,0.056,0.094,0.121,0.258,1.047, 1.884,6.327,,0.926,1.79,0.367,,0.3889,µs,3.7167289987575414,25.4333309708156
Server Jitter SHM(0),0.1353,0.3651,0.5507,1.4224,3.6225, 5.5279,7.9292,,3.0718,5.1627,0.9922,,1.6443,ms,4.21653228574536,16.540030690150676
Server Jitter SHM(1),0.015,0.041,0.064,0.206,1.682, 3.296,12.161,,1.618,3.255,0.6626,,0.4307,µs,3.388791350819995,28.671374643060147
Server Offset SHM(0),8.63,10.8337,12.5133,17.764,23.0875, 25.05,27.619,,10.5743,14.2163,3.3654,,17.7629,ms,91.15603392220075,447.41823663591373
Server Offset SHM(1),-12.402,-2.165,-0.459,0.003,0.525, 1.761,7.765,,0.984,3.926,0.5544,,0.0002,µs,-5.798548984362782,62.64435067930035
TDOP,0.64,0.65,0.74,1.23,4.9, 41.09,53.35,,4.16,40.44,5.3597,,2.2173, ,5.4246065840480835,46.50510135845509
Temp ZONE0,47.95,47.95,49.05,52.9,56.2, 56.75,57.3,,7.15,8.8,2.0513,,52.6718,°C,15100.520317173205,374452.10291829525
nSats,8.0,10.0,11.0,14.0,16.0, 16.0,16.0,,5.0,6.0,1.4396,,13.556,nSat,620.8086099991438,5426.611235761871
