Name,Min,1%,5%,50%,95%,99%,Max,,90% Range,98% Range,StdDev,,Mean,Units,Skewness,Kurtosis
Local Clock Frequency Offset,7.6433,7.755,7.7782,7.8966,7.955, 8.013,8.0787,,0.1768,0.258,0.056,,7.879,ppm,2724727.5324970945,380605569.07981116
Local Clock Time Offset,-12.05,-2.197,-0.461,0.004,0.513, 1.742,6.61,,0.974,3.939,0.5429,,-0.0006,µs,-6.042323615503503,60.79641817132057
Local RMS Frequency Jitter,0.261,0.523,0.704,1.732,8.605, 16.16,33.953,,7.901,15.637,3.0862,,2.9137,ppb,2.8645346119763553,15.455448382379217
Local RMS Time Jitter,0.043,0.082,0.11,0.256,1.051, 1.81,4.809,,0.941,1.728,0.3592,,0.3862,µs,3.3117592756224026,19.6930930940197
Server Jitter SHM(0),0.1936,0.3517,0.533,1.4696,4.291, 6.7893,14.1967,,3.758,6.4377,1.3176,,1.8051,ms,4.030419686164712,21.756817539914664
Server Jitter SHM(1),0.012,0.037,0.057,0.195,1.699, 3.225,11.736,,1.642,3.188,0.6557,,0.4259,µs,3.0678618855081354,24.25005097657162
Server Offset SHM(0),2.1249,10.851,12.2341,17.2817,21.9511, 23.819,25.875,,9.7171,12.9679,3.227,,17.0418,ms,91.22192464226737,446.9504936124267
Server Offset SHM(1),-12.051,-2.198,-0.462,0.005,0.514, 1.743,6.611,,0.976,3.941,0.5433,,-0.0005,µs,-6.038353770429041,60.68163800402757
TDOP,0.68,0.69,0.77,1.55,18.31, 141.05,186.24,,17.54,140.36,20.8488,,6.679, ,3.943753022397795,31.61222452470654
Temp ZONE0,50.7,51.25,51.8,55.1,58.95, 60.05,60.6,,7.15,8.8,2.5572,,55.399,°C,8885.475158357667,184893.0019199525
nSats,10.0,10.0,11.0,13.0,15.0, 16.0,16.0,,4.0,6.0,1.3256,,12.8797,nSat,688.255031505355,6229.155967141869
