Name,Min,1%,5%,50%,95%,99%,Max,,90% Range,98% Range,StdDev,,Mean,Units,Skewness,Kurtosis
Local Clock Frequency Offset,8.2952,8.4194,8.4564,8.5817,8.7025, 8.7324,8.7746,,0.2461,0.313,0.0794,,8.5853,ppm,1229709.0231713245,131768609.64589663
Local Clock Time Offset,-15.284,-1.847,-0.484,0.006,0.579, 1.695,6.631,,1.063,3.542,0.5489,,0.0004,µs,-6.083803783867174,70.62910303484088
Local RMS Frequency Jitter,0.397,0.664,0.833,1.735,7.886, 17.273,43.002,,7.053,16.609,3.1331,,2.9336,ppb,3.2689698159934166,19.347461603650263
Local RMS Time Jitter,0.065,0.105,0.133,0.266,0.964, 1.953,6.535,,0.831,1.848,0.349,,0.3863,µs,4.173053264870692,31.283521885199622
Server Jitter SHM(0),0.1193,0.3881,0.5743,1.4945,3.5389, 5.5678,8.1389,,2.9646,5.1797,0.9842,,1.7135,ms,4.541110345933403,17.897378762666317
Server Jitter SHM(1),0.011,0.054,0.082,0.226,1.608, 3.195,14.834,,1.526,3.141,0.6467,,0.4437,µs,3.8116546579201596,34.34460978370315
Server Offset SHM(0),9.8305,12.0858,13.164,18.8009,24.2244, 25.4951,27.6986,,11.0604,13.4092,3.4238,,18.707,ms,102.30342711378097,518.1058489954069
Server Offset SHM(1),-15.285,-1.848,-0.485,0.007,0.58, 1.696,6.632,,1.065,3.544,0.5494,,0.0004,µs,-6.079224674017424,70.47168679276115
TDOP,0.69,0.71,0.77,1.27,9.51, 29.82,121.27,,8.74,29.11,8.6887,,3.3462, ,8.713262550523206,117.45847527288771
Temp ZONE0,50.15,50.15,51.25,54.0,57.3, 58.95,59.5,,6.05,8.8,1.805,,53.7341,°C,23899.079531643565,690112.8438797236
nSats,10.0,10.0,10.0,14.0,15.0, 16.0,16.0,,5.0,6.0,1.3906,,13.4545,nSat,678.2105624526763,6095.0950328811105
