Name,Min,1%,5%,50%,95%,99%,Max,,90% Range,98% Range,StdDev,,Mean,Units,Skewness,Kurtosis
Local Clock Frequency Offset,7.3188,7.406,7.5058,7.7692,7.8674, 7.9102,8.0079,,0.3616,0.5042,0.1053,,7.7473,ppm,382487.9556365506,27774788.331984095
Local Clock Time Offset,-21.359,-2.213,-0.401,0.003,0.569, 1.668,8.017,,0.97,3.881,0.5944,,-0.0,µs,-8.09374220470538,131.5300815027417
Local RMS Frequency Jitter,0.222,0.561,0.775,1.738,8.847, 18.618,59.001,,8.072,18.057,3.5365,,3.0144,ppb,3.602999371238299,26.41521256599
Local RMS Time Jitter,0.039,0.085,0.117,0.27,1.217, 2.179,9.331,,1.1,2.094,0.4449,,0.4246,µs,4.288421931596715,39.931764501395485
Server Jitter SHM(0),0.2574,0.4522,0.6628,1.5644,3.517, 4.8738,7.3313,,2.8542,4.4215,0.9041,,1.7617,ms,5.175137307739491,18.10752323553893
Server Jitter SHM(1),0.013,0.044,0.071,0.21,1.624, 3.622,21.339,,1.553,3.578,0.7287,,0.436,µs,4.637201550831658,55.76988596075573
Server Offset SHM(0),-31.1292,-24.6321,-20.8211,-8.8009,1.537, 4.2271,9.0346,,22.3582,28.8592,6.5426,,-9.1871,ms,-21.34352311389621,73.15755547271318
Server Offset SHM(1),-21.36,-2.214,-0.402,0.004,0.57, 1.669,8.018,,0.972,3.883,0.5948,,-0.0,µs,-8.086386727016412,131.2571766711128
Temp ZONE0,47.95,48.5,49.6,53.45,56.2, 58.4,58.95,,6.6,9.9,1.9803,,53.3245,°C,17505.835503725644,455887.8711773442
