Name,Min,1%,5%,50%,95%,99%,Max,,90% Range,98% Range,StdDev,,Mean,Units,Skewness,Kurtosis
Local Clock Frequency Offset,8.8287,8.9512,9.006,9.1599,9.2446, 9.3008,9.3143,,0.2386,0.3496,0.0714,,9.1524,ppm,2060324.8907631056,262200901.0349169
Local Clock Time Offset,-20.654,-2.257,-0.567,0.015,0.611, 1.947,12.736,,1.178,4.204,0.6456,,-0.0,µs,-6.728307470931798,111.72888732124024
Local RMS Frequency Jitter,0.521,0.938,1.156,2.201,9.719, 18.743,66.98,,8.563,17.805,3.6587,,3.4776,ppb,4.411779357173596,38.19754083735269
Local RMS Time Jitter,0.083,0.15,0.184,0.333,1.211, 2.16,9.33,,1.027,2.01,0.431,,0.4731,µs,5.564780073428022,58.94211061982127
Server Jitter SHM(0),0.1257,0.3128,0.4971,1.3686,3.2618, 5.1391,8.4534,,2.7647,4.8263,0.9207,,1.5665,ms,4.350827121957683,17.565042210788732
Server Jitter SHM(1),0.026,0.081,0.12,0.301,1.809, 3.654,19.19,,1.689,3.573,0.7605,,0.5349,µs,5.160436596057591,64.94205892258375
Server Offset SHM(0),11.9855,12.9565,13.863,19.4918,24.5695, 26.0289,28.6885,,10.7066,13.0724,3.2561,,19.3984,ms,136.6738678698235,752.9341071428922
Server Offset SHM(1),-20.655,-2.258,-0.568,0.016,0.612, 1.948,12.737,,1.18,4.206,0.6461,,0.0,µs,-6.723043678089307,111.48949182817495
TDOP,0.63,0.65,0.7,0.98,4.62, 18.59,47.25,,3.92,17.94,4.3314,,1.9345, ,5.778055892360298,54.924705006678
Temp ZONE0,50.15,50.7,51.25,54.0,57.3, 58.95,59.5,,6.05,8.25,1.6052,,54.016,°C,34906.73909968866,1143000.301984769
nSats,10.0,11.0,11.0,14.0,15.0, 16.0,16.0,,4.0,5.0,1.1359,,13.4274,nSat,1299.0494787812288,14401.072403762168
