Name,Min,1%,5%,50%,95%,99%,Max,,90% Range,98% Range,StdDev,,Mean,Units,Skewness,Kurtosis
Local Clock Frequency Offset,7.6777,7.7895,7.8096,7.8898,7.9599, 7.9811,8.0478,,0.1504,0.1916,0.0456,,7.89,ppm,5099601.433873562,877830985.6422509
Local Clock Time Offset,-13.034,-2.303,-0.48,0.002,0.58, 1.821,6.729,,1.06,4.124,0.5793,,0.0001,µs,-6.309110893053428,65.95827276847987
Local RMS Frequency Jitter,0.0,0.534,0.724,1.811,9.306, 17.219,38.137,,8.582,16.685,3.3252,,3.0641,ppb,2.836001201767085,15.463256470393015
Local RMS Time Jitter,0.04,0.083,0.113,0.266,1.171, 2.003,5.431,,1.058,1.92,0.3998,,0.4093,µs,3.2743021238745986,19.99809498100044
Server Jitter SHM(0),0.0,0.4142,0.6704,1.8058,5.0912, 9.3465,22.1697,,4.4209,8.9323,1.6723,,2.2144,ms,4.388514509725274,27.026495152726255
Server Jitter SHM(1),0.0,0.038,0.059,0.208,1.783, 3.541,12.805,,1.724,3.503,0.7037,,0.4515,µs,3.1933109812014933,25.941974119539402
Server Offset SHM(0),-0.094,-0.0901,-0.0776,0.0097,0.2726, 0.2761,599.4211,,0.3502,0.3662,8.2264,,0.2434,s,68.40484449392557,4983.235954438241
Server Offset SHM(1),-0.0,-0.0,-0.0,0.0,0.0, 0.0,599.1241,,0.0,0.0,2.9084,,0.0153,s,200.40547026813644,41262.028395956586
TDOP,0.62,0.62,0.73,1.11,5.59, 6.35,6.59,,4.86,5.73,1.3975,,1.7898, ,2.7025759716522657,8.264240833471016
Temp ZONE0,51.25,51.25,52.35,54.55,56.75, 57.3,58.4,,4.4,6.05,1.3439,,54.5132,°C,62046.991664315356,2459524.92468618
nSats,7.0,8.0,11.0,14.0,16.0, 16.0,16.0,,5.0,8.0,1.5517,,13.5983,nSat,490.1098923140868,3965.1456779467967
