Name,Min,1%,5%,50%,95%,99%,Max,,90% Range,98% Range,StdDev,,Mean,Units,Skewness,Kurtosis
Local Clock Frequency Offset,8.8584,8.9872,9.0144,9.1503,9.2179, 9.2413,9.2962,,0.2036,0.2541,0.0603,,9.1378,ppm,3417410.952934735,514794978.0466402
Local Clock Time Offset,-12.63,-2.189,-0.492,0.005,0.533, 1.941,7.581,,1.025,4.13,0.582,,-0.0001,µs,-5.934480021879349,64.73328771930767
Local RMS Frequency Jitter,0.396,0.687,0.884,1.898,9.44, 17.482,36.926,,8.556,16.795,3.3079,,3.1249,ppb,3.083969706735438,16.804436455318598
Local RMS Time Jitter,0.065,0.11,0.14,0.286,1.196, 1.94,5.074,,1.056,1.83,0.3832,,0.4217,µs,3.5843645812031064,21.536675093376278
Server Jitter SHM(0),0.1528,0.3423,0.5283,1.3399,3.0985, 4.9637,7.7307,,2.5701,4.6214,0.8596,,1.5129,ms,4.7778927718918105,20.02601405197201
Server Jitter SHM(1),0.017,0.052,0.078,0.229,1.759, 3.521,12.645,,1.681,3.469,0.6948,,0.4612,µs,3.483969848979814,28.89582974020746
Server Offset SHM(0),11.5391,12.733,13.4796,18.8702,23.7303, 25.0705,26.5947,,10.2507,12.3374,3.2409,,18.6966,ms,122.7375838773591,655.2106670879704
Server Offset SHM(1),-12.631,-2.19,-0.493,0.006,0.534, 1.942,7.582,,1.027,4.132,0.5825,,-0.0,µs,-5.9307790220276795,64.61178040233763
TDOP,0.64,0.66,0.7,1.06,3.29, 5.89,10.2,,2.59,5.23,1.0702,,1.4166, ,4.788565651946646,29.743229584861936
Temp ZONE0,51.25,51.25,52.35,54.55,56.2, 56.75,57.3,,3.85,5.5,1.2139,,54.2533,°C,83556.99187539567,3656747.0903875674
nSats,10.0,11.0,12.0,14.0,16.0, 16.0,16.0,,4.0,5.0,1.2589,,13.8548,nSat,1031.5227688837388,10616.98719794468
