Name,Min,1%,5%,50%,95%,99%,Max,,90% Range,98% Range,StdDev,,Mean,Units,Skewness,Kurtosis
Local Clock Frequency Offset,8.4545,8.5898,8.6122,8.7155,8.7823, 8.8073,8.8608,,0.1701,0.2175,0.0521,,8.7053,ppm,4574397.302163949,759410486.1383508
Local Clock Time Offset,-12.776,-1.962,-0.505,0.007,0.596, 1.708,7.747,,1.101,3.67,0.5714,,-0.0001,µs,-6.194260946391566,73.07370119121713
Local RMS Frequency Jitter,0.328,0.693,0.883,1.832,8.052, 17.889,36.099,,7.169,17.196,3.265,,3.0493,ppb,3.454505759892757,20.728982854175225
Local RMS Time Jitter,0.067,0.111,0.142,0.278,0.991, 2.092,5.406,,0.849,1.981,0.3764,,0.4044,µs,4.319716158211103,30.132943488526287
Server Jitter SHM(0),0.2213,0.3793,0.5826,1.4218,3.4221, 5.2869,7.7256,,2.8395,4.9076,0.9455,,1.6428,ms,4.476597836691413,17.15247195245423
Server Jitter SHM(1),0.011,0.058,0.088,0.243,1.636, 3.342,12.78,,1.548,3.284,0.6767,,0.464,µs,4.076773445911137,37.30959720010051
Server Offset SHM(0),11.5506,13.526,14.5391,19.4459,24.2489, 25.4169,28.0925,,9.7099,11.891,3.133,,19.3583,ms,154.4542675662424,882.537211235448
Server Offset SHM(1),-12.777,-1.963,-0.506,0.008,0.597, 1.709,7.748,,1.103,3.672,0.5718,,-0.0001,µs,-6.189644041927931,72.916813442495
TDOP,0.71,0.72,0.78,0.99,4.24, 12.44,43.17,,3.46,11.72,3.1148,,1.8, ,8.939164752479018,115.1636964932723
Temp ZONE0,51.25,51.8,52.9,54.55,57.3, 58.4,58.4,,4.4,6.6,1.3032,,54.6806,°C,68834.04162904846,2824382.4999339455
nSats,11.0,11.0,12.0,14.0,16.0, 16.0,16.0,,4.0,5.0,1.1619,,13.8292,nSat,1328.4550570273464,14838.634316231059
