Name,Min,1%,5%,50%,95%,99%,Max,,90% Range,98% Range,StdDev,,Mean,Units,Skewness,Kurtosis
Local Clock Frequency Offset,8.1731,8.2949,8.3273,8.5347,8.6089, 8.6414,8.7169,,0.2815,0.3465,0.0983,,8.4929,ppm,622164.7727879344,53128222.00566992
Local Clock Time Offset,-12.086,-2.072,-0.365,0.003,0.528, 1.64,6.447,,0.893,3.712,0.5674,,0.0002,µs,-6.455077024252974,75.83315307763858
Local RMS Frequency Jitter,0.335,0.546,0.693,1.43,8.286, 19.109,34.131,,7.593,18.563,3.4442,,2.7954,ppb,2.927210879357662,16.414546192345643
Local RMS Time Jitter,0.05,0.088,0.115,0.229,1.137, 2.232,4.757,,1.022,2.144,0.4145,,0.3895,µs,3.148283699731603,17.813163640335095
Server Jitter SHM(0),0.1734,0.3987,0.6273,1.4504,3.4366, 5.3977,8.0768,,2.8093,4.999,0.9303,,1.6651,ms,4.818322526785259,19.107279000070225
Server Jitter SHM(1),0.012,0.046,0.069,0.18,1.638, 3.623,12.068,,1.569,3.577,0.6962,,0.4047,µs,3.6673075689516024,31.589220717734307
Server Offset SHM(0),11.5602,12.9843,13.941,18.7612,23.7561, 24.9023,26.8184,,9.815,11.918,3.1166,,18.6449,ms,138.7220661231292,768.8846901400211
Server Offset SHM(1),-12.087,-2.073,-0.366,0.004,0.529, 1.641,6.448,,0.895,3.714,0.5678,,0.0002,µs,-6.450724964303439,75.697311263204
TDOP,0.64,0.65,0.69,0.96,5.2, 17.91,59.07,,4.51,17.26,4.7633,,2.0029, ,7.340150576831112,81.42220032805868
Temp ZONE0,49.6,50.15,50.7,53.45,55.1, 55.65,56.2,,4.4,5.5,1.5769,,53.1108,°C,35004.35323376704,1147175.784195615
nSats,5.0,5.0,7.0,14.0,15.0, 16.0,16.0,,8.0,11.0,2.5744,,12.925,nSat,75.30174466236441,335.5892592372761
