Name,Min,1%,5%,50%,95%,99%,Max,,90% Range,98% Range,StdDev,,Mean,Units,Skewness,Kurtosis
Local Clock Frequency Offset,8.841,8.9888,9.0312,9.1436,9.2127, 9.2388,9.2856,,0.1815,0.25,0.058,,9.129,ppm,3817225.4033446726,596621835.2861931
Local Clock Time Offset,-15.413,-2.368,-0.535,0.012,0.579, 1.882,8.476,,1.114,4.25,0.6259,,-0.0002,µs,-6.566744387518825,82.60653511939691
Local RMS Frequency Jitter,0.476,0.813,0.998,2.013,9.733, 18.048,49.534,,8.735,17.235,3.5842,,3.3314,ppb,3.6840740056649266,25.776547296239997
Local RMS Time Jitter,0.089,0.129,0.159,0.306,1.241, 2.06,6.582,,1.082,1.931,0.4222,,0.4542,µs,4.240658909339363,31.756928745030812
Server Jitter SHM(0),0.1577,0.3364,0.5341,1.4256,3.5675, 5.5385,8.3884,,3.0334,5.2021,1.0033,,1.6477,ms,4.19927647848861,16.914905034227736
Server Jitter SHM(1),0.019,0.059,0.09,0.253,1.832, 3.709,14.671,,1.742,3.65,0.7547,,0.499,µs,4.070334560044261,39.69881009430784
Server Offset SHM(0),11.0013,12.3958,13.3188,18.6847,23.372, 24.5577,26.3817,,10.0532,12.1618,3.1653,,18.2986,ms,123.58944883455926,660.8807855950381
Server Offset SHM(1),-15.414,-2.369,-0.536,0.013,0.58, 1.883,8.477,,1.116,4.252,0.6263,,-0.0002,µs,-6.562078104247443,82.45002375940162
TDOP,0.7,0.75,0.79,1.07,7.08, 22.72,50.9,,6.29,21.97,4.882,,2.4493, ,5.0706128705678655,44.73138658476562
Temp ZONE0,51.25,52.35,52.9,56.75,59.5, 60.05,60.6,,6.6,7.7,2.1398,,56.2642,°C,16258.661619059863,413158.40025085566
nSats,10.0,11.0,12.0,14.0,15.0, 16.0,16.0,,3.0,5.0,1.1969,,13.5292,nSat,1124.67863657323,11904.046176901256
