Name,Min,1%,5%,50%,95%,99%,Max,,90% Range,98% Range,StdDev,,Mean,Units,Skewness,Kurtosis
Local Clock Frequency Offset,8.3752,8.4745,8.4945,8.6274,8.7084, 8.7298,8.8096,,0.2139,0.2553,0.0718,,8.6175,ppm,1686548.5225784439,200782652.49078852
Local Clock Time Offset,-12.325,-1.779,-0.487,0.006,0.557, 1.739,7.112,,1.044,3.518,0.5559,,-0.0002,µs,-5.647879595927222,64.3256750263894
Local RMS Frequency Jitter,0.402,0.637,0.825,1.718,7.953, 17.913,35.283,,7.128,17.276,3.219,,2.9199,ppb,3.2807180441232138,18.721914698318358
Local RMS Time Jitter,0.054,0.102,0.13,0.26,0.957, 2.07,4.693,,0.827,1.968,0.36,,0.3829,µs,3.975929125011415,24.59835812992348
Server Jitter SHM(0),0.1416,0.3703,0.5564,1.4965,3.4804, 5.1458,8.0814,,2.924,4.7755,0.9442,,1.6984,ms,4.536041106396603,16.91951350996369
Server Jitter SHM(1),0.014,0.052,0.081,0.227,1.57, 3.345,11.902,,1.489,3.293,0.6585,,0.4411,µs,3.9138005462354273,33.68856366841604
Server Offset SHM(0),10.3386,12.4938,13.5225,18.6799,23.6875, 24.8516,27.1227,,10.165,12.3578,3.2128,,18.4818,ms,121.62556928398499,648.2410655894683
Server Offset SHM(1),-12.326,-1.78,-0.488,0.007,0.558, 1.74,7.113,,1.046,3.52,0.5563,,-0.0002,µs,-5.644327112558609,64.19166681152804
TDOP,0.59,0.63,0.71,0.93,5.85, 18.84,122.28,,5.14,18.21,8.2918,,2.2569, ,10.240973972616594,148.40549790832748
Temp ZONE0,50.7,50.7,51.8,53.45,56.2, 56.75,56.75,,4.4,6.05,1.4645,,53.6977,°C,45473.5103894649,1625648.8460604907
nSats,8.0,10.0,11.0,13.0,16.0, 16.0,16.0,,5.0,6.0,1.4349,,13.4711,nSat,614.80504480676,5359.05450907258
