Name,Min,1%,5%,50%,95%,99%,Max,,90% Range,98% Range,StdDev,,Mean,Units,Skewness,Kurtosis
Local Clock Frequency Offset,8.1819,8.3178,8.3389,8.371,8.3955, 8.4076,8.4639,,0.0565,0.0898,0.0184,,8.3707,ppm,93463686.14355253,42415840744.63718
Local Clock Time Offset,-15.67,-2.083,-0.415,0.009,0.488, 1.506,8.75,,0.903,3.589,0.5573,,-0.0,µs,-7.748348695587059,107.2616943356154
Local RMS Frequency Jitter,0.36,0.606,0.771,1.673,7.983, 18.162,45.48,,7.212,17.556,3.3064,,2.8371,ppb,3.538306936865974,23.383133824679366
Local RMS Time Jitter,0.054,0.096,0.122,0.257,1.098, 2.15,6.734,,0.976,2.054,0.4064,,0.3987,µs,3.898812172870075,28.581480211157277
Server Jitter SHM(0),0.1162,0.3637,0.536,1.4093,3.6875, 5.6177,7.6057,,3.1515,5.2539,1.0178,,1.6629,ms,4.0642975714448335,15.443989822433464
Server Jitter SHM(1),0.014,0.045,0.067,0.203,1.531, 3.587,15.637,,1.464,3.542,0.6874,,0.4218,µs,4.351222801390969,44.73111863543994
Server Offset SHM(0),10.7417,12.0932,13.1192,18.0626,22.6369, 24.0538,25.8284,,9.5176,11.9606,3.1201,,17.9424,ms,121.45567612040567,646.4658885509066
Server Offset SHM(1),-15.671,-2.084,-0.416,0.01,0.489, 1.507,8.751,,0.905,3.591,0.5577,,0.0001,µs,-7.74124080226705,107.03835499663924
TDOP,0.63,0.66,0.7,1.18,3.95, 20.2,39.63,,3.25,19.54,3.8392,,1.9386, ,5.956209127857525,53.1408941316063
Temp ZONE0,54.0,54.0,54.55,57.3,60.05, 60.6,61.7,,5.5,6.6,1.6717,,57.2247,°C,36796.66425042117,1226101.4370507945
nSats,10.0,11.0,12.0,14.0,16.0, 16.0,16.0,,4.0,5.0,1.2283,,13.639,nSat,1061.5854170962834,11026.976123736318
