Name,Min,1%,5%,50%,95%,99%,Max,,90% Range,98% Range,StdDev,,Mean,Units,Skewness,Kurtosis
Local Clock Frequency Offset,7.2326,7.3733,7.4217,7.5583,7.6783, 7.7668,7.8546,,0.2566,0.3935,0.0739,,7.5543,ppm,1037524.0619694964,105054775.06757218
Local Clock Time Offset,-15.202,-2.084,-0.387,0.0,0.579, 1.735,7.179,,0.966,3.819,0.5953,,-0.0001,µs,-7.839937099524053,114.2972065333436
Local RMS Frequency Jitter,0.221,0.512,0.7,1.632,8.864, 19.499,42.013,,8.164,18.987,3.597,,2.9524,ppb,3.2377817838407776,19.917256429541226
Local RMS Time Jitter,0.038,0.078,0.109,0.256,1.222, 2.352,6.502,,1.113,2.274,0.4597,,0.4174,µs,3.7672656378782854,27.017228489317063
Server Jitter SHM(0),0.2405,0.5192,0.7874,1.8328,3.9084, 5.2299,11.0291,,3.121,4.7107,1.0023,,2.032,ms,5.518348689931149,19.42622421019913
Server Jitter SHM(1),0.009,0.043,0.068,0.197,1.605, 3.733,15.26,,1.537,3.69,0.7294,,0.4238,µs,4.369327605339779,45.39569619729928
Server Offset SHM(0),-25.0928,-21.0588,-18.3434,-8.4936,-0.1883, 3.7861,9.762,,18.1551,24.845,5.5925,,-8.7901,ms,-24.768251798825705,86.50016473396022
Server Offset SHM(1),-15.203,-2.085,-0.388,0.0,0.58, 1.736,7.18,,0.968,3.821,0.5957,,-0.0001,µs,-7.8332333372560425,114.07350683318873
Temp ZONE0,48.5,49.05,49.05,50.7,52.9, 54.55,54.55,,3.85,5.5,1.1235,,51.0035,°C,87647.88337647083,3897327.6934709307
