Name,Min,1%,5%,50%,95%,99%,Max,,90% Range,98% Range,StdDev,,Mean,Units,Skewness,Kurtosis
Local Clock Frequency Offset,8.8824,9.0593,9.0926,9.2299,9.3371, 9.3717,9.5007,,0.2445,0.3124,0.0782,,9.2221,ppm,1597811.8351700364,186823256.5643167
Local Clock Time Offset,-20.702,-2.415,-0.51,0.004,0.582, 2.021,9.776,,1.092,4.436,0.6328,,0.0005,µs,-6.681214672738279,94.01710759660274
Local RMS Frequency Jitter,0.456,0.792,0.991,1.995,9.82, 19.025,58.22,,8.829,18.233,3.6476,,3.3422,ppb,3.668853137383595,26.628018638659594
Local RMS Time Jitter,0.067,0.126,0.161,0.308,1.247, 2.07,8.761,,1.086,1.944,0.423,,0.4544,µs,4.5698630279410475,40.79793239395936
Server Jitter SHM(0),0.1597,0.3128,0.4714,1.3018,3.0582, 4.9907,9.1234,,2.5867,4.678,0.8967,,1.4844,ms,4.515093748967717,20.68689285999017
Server Jitter SHM(1),0.021,0.062,0.095,0.25,1.859, 3.749,20.164,,1.764,3.687,0.756,,0.4962,µs,4.203680311656608,45.80267403749527
Server Offset SHM(0),10.9299,12.2592,14.08,19.1811,24.0048, 25.4351,28.3499,,9.9247,13.1759,3.2634,,18.8269,ms,122.80937678204056,656.404338691044
Server Offset SHM(1),-20.703,-2.416,-0.511,0.005,0.583, 2.022,9.777,,1.094,4.438,0.6333,,0.0005,µs,-6.676408621652949,93.83281002319718
TDOP,0.67,0.68,0.73,0.95,7.56, 62.59,119.96,,6.83,61.91,10.6053,,3.0237, ,5.534444924796879,56.421302494310645
Temp ZONE0,50.15,50.15,51.25,52.9,55.1, 55.65,57.3,,3.85,5.5,1.1951,,52.9596,°C,81389.5770078622,3530931.910044788
nSats,9.0,10.0,11.0,13.0,15.0, 16.0,16.0,,4.0,6.0,1.4142,,13.1583,nSat,597.4486839914282,5166.252246384689
