Name,Min,1%,5%,50%,95%,99%,Max,,90% Range,98% Range,StdDev,,Mean,Units,Skewness,Kurtosis
Local Clock Frequency Offset,7.3873,7.5357,7.5536,7.7427,7.8505, 7.8908,7.9654,,0.2969,0.3551,0.0929,,7.7246,ppm,553829.5424113752,45494884.602446854
Local Clock Time Offset,-14.032,-2.379,-0.408,0.002,0.627, 1.704,7.503,,1.035,4.083,0.6046,,-0.0001,µs,-7.525821320758564,96.49978636227583
Local RMS Frequency Jitter,0.304,0.565,0.771,1.77,9.181, 18.734,39.28,,8.41,18.169,3.5548,,3.1148,ppb,3.1203080989812966,18.525325388961896
Local RMS Time Jitter,0.049,0.083,0.117,0.28,1.292, 2.217,5.976,,1.175,2.134,0.4497,,0.4439,µs,3.3968767388844348,21.70103606261293
Server Jitter SHM(0),0.2295,0.3894,0.6046,1.4536,3.2701, 4.5056,7.1791,,2.6655,4.1162,0.8531,,1.6395,ms,4.911784806795728,16.58471394360478
Server Jitter SHM(1),0.016,0.049,0.075,0.218,1.729, 3.645,14.024,,1.654,3.596,0.7327,,0.4522,µs,3.976838153692699,38.244842090202795
Server Offset SHM(0),-21.161,-19.3674,-17.6778,-9.8893,-1.7859, 1.3878,4.4678,,15.892,20.7552,4.8118,,-9.9424,ms,-37.90666871689303,145.8158561767351
Server Offset SHM(1),-14.033,-2.38,-0.409,0.003,0.628, 1.705,7.504,,1.037,4.085,0.605,,-0.0001,µs,-7.519632543578518,96.31431671354454
Temp ZONE0,49.05,49.6,50.15,52.9,56.2, 57.85,57.85,,6.05,8.25,1.8217,,53.0467,°C,22318.514605899698,629984.9076683177
