Name,Min,1%,5%,50%,95%,99%,Max,,90% Range,98% Range,StdDev,,Mean,Units,Skewness,Kurtosis
Local Clock Frequency Offset,8.3599,8.4426,8.4865,8.588,8.6948, 8.711,8.7661,,0.2083,0.2684,0.0678,,8.5962,ppm,1994514.5327427664,251094802.40443817
Local Clock Time Offset,-12.307,-1.871,-0.479,0.007,0.542, 1.707,8.917,,1.021,3.578,0.5534,,-0.0,µs,-5.8120521028408465,69.31592636263966
Local RMS Frequency Jitter,0.368,0.644,0.838,1.741,7.869, 17.603,36.808,,7.031,16.959,3.1854,,2.9277,ppb,3.357027717261288,19.69452860271154
Local RMS Time Jitter,0.059,0.102,0.132,0.264,0.974, 1.972,4.82,,0.842,1.87,0.3571,,0.3859,µs,4.033671571365273,26.09546993834225
Server Jitter SHM(0),0.1697,0.4254,0.6348,1.5122,3.4725, 5.141,8.3293,,2.8377,4.7156,0.9392,,1.714,ms,4.765311371656278,17.934623665684125
Server Jitter SHM(1),0.013,0.053,0.081,0.226,1.582, 3.299,12.031,,1.501,3.246,0.6571,,0.4413,µs,3.9444429797804235,35.00813152933702
Server Offset SHM(0),9.9951,12.8326,13.9335,18.8782,23.8759, 25.326,27.6559,,9.9423,12.4934,3.1725,,18.7502,ms,133.18108973884281,729.3230544640076
Server Offset SHM(1),-12.308,-1.872,-0.48,0.008,0.543, 1.708,8.918,,1.023,3.58,0.5538,,0.0,µs,-5.808130142246063,69.16746388778493
TDOP,0.65,0.68,0.74,1.12,6.9, 15.75,229.0,,6.16,15.07,14.9673,,3.391, ,11.49294214118578,174.13620183678592
Temp ZONE0,51.25,51.25,51.8,53.45,56.2, 56.75,56.75,,4.4,5.5,1.2998,,53.7056,°C,65665.34263429859,2652498.350321289
nSats,8.0,10.0,11.0,13.0,15.0, 16.0,16.0,,4.0,6.0,1.3177,,13.2282,nSat,765.2451367398261,7155.173492095106
