Name,Min,1%,5%,50%,95%,99%,Max,,90% Range,98% Range,StdDev,,Mean,Units,Skewness,Kurtosis
Local Clock Frequency Offset,8.8609,8.9837,9.1042,9.212,9.2692, 9.2931,9.37,,0.165,0.3094,0.0563,,9.1996,ppm,4286811.638947188,696431467.219564
Local Clock Time Offset,-13.527,-2.317,-0.5,0.005,0.552, 1.942,7.483,,1.052,4.259,0.5951,,-0.0005,µs,-6.145142465923091,67.32453562799238
Local RMS Frequency Jitter,0.416,0.78,0.965,1.948,9.67, 17.621,43.448,,8.705,16.841,3.3612,,3.2164,ppb,3.178756483546865,18.308987727577524
Local RMS Time Jitter,0.065,0.128,0.162,0.308,1.249, 1.925,5.819,,1.087,1.797,0.3869,,0.4458,µs,3.7552669673520027,22.87790089834555
Server Jitter SHM(0),0.1334,0.3329,0.5134,1.2729,3.0878, 5.0998,7.9748,,2.5744,4.7669,0.8943,,1.4727,ms,4.486319593766596,19.714059753247778
Server Jitter SHM(1),0.015,0.058,0.09,0.244,1.813, 3.61,12.693,,1.723,3.552,0.7064,,0.4791,µs,3.5716318412233705,30.18186055815165
Server Offset SHM(0),10.456,11.6958,12.8384,18.3407,24.0385, 25.5143,28.1263,,11.2001,13.8185,3.4746,,18.3103,ms,90.70796222433908,444.9004798943944
Server Offset SHM(1),-13.528,-2.318,-0.5,0.006,0.553, 1.943,7.484,,1.053,4.261,0.5955,,-0.0005,µs,-6.141079525164285,67.19569069201717
TDOP,0.7,0.7,0.74,0.95,2.96, 13.62,29.75,,2.22,12.92,2.5192,,1.4648, ,6.7866588371634275,66.81913679875801
Temp ZONE0,49.05,51.25,52.35,54.0,55.65, 56.2,56.75,,3.3,4.95,1.1097,,53.929,°C,107978.93365571386,5146298.821851436
nSats,8.0,11.0,12.0,14.0,15.0, 16.0,16.0,,3.0,5.0,1.1044,,13.7167,nSat,1522.7974671581644,17759.850092972367
