Name,Min,1%,5%,50%,95%,99%,Max,,90% Range,98% Range,StdDev,,Mean,Units,Skewness,Kurtosis
Local Clock Frequency Offset,8.9499,9.1311,9.1525,9.1768,9.1986, 9.2059,9.2406,,0.046,0.0748,0.015,,9.1769,ppm,225846016.74700433,137536799148.81308
Local Clock Time Offset,-18.872,-2.226,-0.556,0.02,0.57, 1.807,10.42,,1.126,4.033,0.6232,,-0.0002,µs,-6.683928948868055,98.3096298803205
Local RMS Frequency Jitter,0.544,0.906,1.129,2.14,9.312, 18.422,55.778,,8.183,17.516,3.527,,3.3617,ppb,4.273297390994676,33.540473039682254
Local RMS Time Jitter,0.078,0.145,0.181,0.328,1.212, 2.117,8.658,,1.031,1.972,0.4313,,0.4671,µs,5.371279605386397,51.70138959008941
Server Jitter SHM(0),0.2001,0.3541,0.5489,1.4464,3.7311, 5.7452,8.5647,,3.1822,5.3911,1.0383,,1.6896,ms,4.120267807107543,16.113502900089916
Server Jitter SHM(1),0.027,0.079,0.115,0.293,1.751, 3.647,17.732,,1.636,3.568,0.7386,,0.5203,µs,4.844465015736041,53.22053447512327
Server Offset SHM(0),11.8672,12.9878,13.79,18.6211,23.3347, 24.54,25.9779,,9.5447,11.5523,3.0765,,18.4412,ms,139.58564364963664,774.3893169280275
Server Offset SHM(1),-18.873,-2.227,-0.557,0.021,0.571, 1.808,10.421,,1.128,4.035,0.6237,,-0.0001,µs,-6.678572221279943,98.0983078993163
TDOP,0.69,0.74,0.78,1.38,12.48, 37.69,55.63,,11.7,36.95,7.0058,,3.6642, ,3.2737471746709326,21.721987432829263
Temp ZONE0,55.1,55.65,56.75,57.85,59.5, 60.05,60.6,,2.75,4.4,0.9687,,57.9892,°C,204144.59748250866,12027270.928585146
nSats,10.0,10.0,12.0,14.0,15.0, 15.0,15.0,,3.0,5.0,1.0351,,13.4855,nSat,1775.775293484897,21772.830948353596
