Name,Min,1%,5%,50%,95%,99%,Max,,90% Range,98% Range,StdDev,,Mean,Units,Skewness,Kurtosis
Local Clock Frequency Offset,7.6566,7.7545,7.7812,7.9843,8.0935, 8.1181,8.1666,,0.3122,0.3637,0.1013,,7.9582,ppm,466949.40744116454,36238455.69327612
Local Clock Time Offset,-11.446,-2.163,-0.394,0.003,0.458, 1.773,8.387,,0.852,3.936,0.5513,,0.0001,µs,-6.161787895342978,72.15651435709141
Local RMS Frequency Jitter,0.256,0.525,0.679,1.518,8.716, 16.957,42.228,,8.037,16.432,3.2931,,2.7806,ppb,2.9888024645326863,17.93521420258164
Local RMS Time Jitter,0.038,0.077,0.103,0.229,1.071, 1.965,5.806,,0.968,1.888,0.3943,,0.3739,µs,3.550085400521964,24.63782065995164
Server Jitter SHM(0),0.1548,0.3558,0.5452,1.4524,3.6107, 5.4382,9.193,,3.0655,5.0824,0.9974,,1.6839,ms,4.176102198251805,15.765245689249832
Server Jitter SHM(1),0.011,0.035,0.054,0.173,1.629, 3.412,12.068,,1.575,3.377,0.679,,0.4015,µs,3.421437634653722,29.903316981706855
Server Offset SHM(0),10.0701,11.9789,13.4743,18.1979,22.5801, 24.075,26.5465,,9.1058,12.0961,2.9844,,17.9342,ms,140.71851492242826,782.0930258512885
Server Offset SHM(1),-11.447,-2.164,-0.395,0.004,0.459, 1.774,8.388,,0.854,3.938,0.5517,,0.0001,µs,-6.157887064731699,72.0256848900345
TDOP,0.66,0.75,0.8,1.1,5.81, 12.73,17.92,,5.01,11.98,2.0956,,1.7986, ,3.9040878369950045,23.103133635089293
Temp ZONE0,50.15,50.15,50.7,53.45,56.75, 58.4,60.05,,6.05,8.25,1.9074,,53.4751,°C,19842.66753680474,538691.5235674278
nSats,10.0,10.0,11.0,14.0,16.0, 16.0,16.0,,5.0,6.0,1.5459,,13.4583,nSat,480.2676671726951,3872.5861043278137
