Name,Min,1%,5%,50%,95%,99%,Max,,90% Range,98% Range,StdDev,,Mean,Units,Skewness,Kurtosis
Local Clock Frequency Offset,7.7786,7.9174,7.9445,8.1277,8.265, 8.3258,8.388,,0.3205,0.4084,0.1028,,8.1281,ppm,476194.36562713794,37198113.10629895
Local Clock Time Offset,-10.589,-2.228,-0.452,0.004,0.54, 1.811,6.976,,0.992,4.039,0.5533,,-0.0004,µs,-5.8385689748224605,53.90970854852999
Local RMS Frequency Jitter,0.348,0.629,0.808,1.769,8.858, 16.32,33.041,,8.05,15.691,3.1202,,2.9968,ppb,2.793411961399427,13.88976179446198
Local RMS Time Jitter,0.051,0.096,0.125,0.259,1.055, 1.832,4.261,,0.93,1.736,0.3543,,0.3929,µs,3.2859953972443807,17.87655431934786
Server Jitter SHM(0),0.1736,0.329,0.5066,1.4051,3.8034, 5.7614,12.0661,,3.2968,5.4324,1.1058,,1.669,ms,3.900081751702388,18.153846846678245
Server Jitter SHM(1),0.013,0.045,0.068,0.208,1.709, 3.329,10.246,,1.641,3.284,0.6597,,0.4375,µs,3.012264083199595,21.85103247302197
Server Offset SHM(0),4.2232,11.0348,12.9718,18.0063,22.6738, 24.4075,27.008,,9.702,13.3726,3.1719,,17.7475,ms,110.74034289616365,573.6013378033468
Server Offset SHM(1),-10.59,-2.229,-0.453,0.005,0.541, 1.812,6.977,,0.994,4.041,0.5538,,-0.0004,µs,-5.834961264915472,53.811275688247804
TDOP,0.73,0.74,0.78,1.06,15.16, 63.78,269.61,,14.38,63.04,19.345,,4.9849, ,8.62400732601801,118.02051228483278
Temp ZONE0,49.05,50.15,50.15,52.35,57.85, 58.95,59.5,,7.7,8.8,2.4307,,53.2925,°C,9225.024186465911,194397.3686940415
nSats,10.0,11.0,11.0,14.0,15.0, 16.0,16.0,,4.0,5.0,1.2397,,13.6266,nSat,1027.0339588709446,10550.461191381555
