Name,Min,1%,5%,50%,95%,99%,Max,,90% Range,98% Range,StdDev,,Mean,Units,Skewness,Kurtosis
Local Clock Frequency Offset,8.3599,8.4605,8.5029,8.6134,8.6904, 8.7026,8.766,,0.1876,0.2421,0.0553,,8.603,ppm,3701631.375783538,572655853.5766764
Local Clock Time Offset,-12.307,-1.958,-0.479,0.008,0.554, 1.707,5.844,,1.033,3.665,0.5513,,0.0002,µs,-5.87568841370436,63.329867250623145
Local RMS Frequency Jitter,0.411,0.662,0.845,1.73,7.949, 17.538,34.442,,7.104,16.876,3.1457,,2.9472,ppb,3.151040156920644,17.180559519260306
Local RMS Time Jitter,0.054,0.102,0.133,0.263,0.99, 1.988,4.82,,0.857,1.886,0.3543,,0.3895,µs,3.751371908094574,22.212169189546703
Server Jitter SHM(0),0.1705,0.4202,0.6365,1.5279,3.6224, 5.4408,8.5883,,2.9859,5.0206,0.9911,,1.7512,ms,4.660472032980765,18.36143870467256
Server Jitter SHM(1),0.012,0.053,0.081,0.223,1.621, 3.32,12.031,,1.54,3.267,0.6554,,0.4438,µs,3.595129334772356,29.42822730919541
Server Offset SHM(0),10.6492,12.9008,13.7253,18.8331,23.825, 25.3312,27.6559,,10.0996,12.4305,3.1964,,18.6913,ms,128.510396399914,696.2849021547131
Server Offset SHM(1),-12.308,-1.959,-0.48,0.009,0.555, 1.708,5.845,,1.035,3.667,0.5518,,0.0002,µs,-5.871596371087727,63.1965616640048
TDOP,0.65,0.67,0.73,1.44,13.89, 28.3,201.7,,13.16,27.63,13.6689,,3.9598, ,10.233392933424385,149.1872048693315
Temp ZONE0,51.25,51.25,51.8,54.55,58.95, 59.5,61.15,,7.15,8.25,2.3313,,55.1502,°C,11698.233917411282,266608.4154139962
nSats,8.0,9.0,11.0,13.0,15.0, 16.0,16.0,,4.0,7.0,1.3665,,12.8423,nSat,617.2245836379469,5391.573085659073
