Name,Min,1%,5%,50%,95%,99%,Max,,90% Range,98% Range,StdDev,,Mean,Units,Skewness,Kurtosis
Local Clock Frequency Offset,9.0188,9.1411,9.1838,9.2257,9.2659, 9.2796,9.3257,,0.0821,0.1385,0.0255,,9.2254,ppm,46887283.36917505,16907527027.343548
Local Clock Time Offset,-15.321,-2.117,-0.745,0.028,0.631, 1.786,7.053,,1.376,3.903,0.6354,,-0.0001,µs,-6.707971770355819,83.73452940527025
Local RMS Frequency Jitter,0.657,1.186,1.454,2.639,8.711, 18.785,46.577,,7.257,17.599,3.3427,,3.6759,ppb,4.645072620471117,32.35953281889299
Local RMS Time Jitter,0.108,0.188,0.231,0.415,1.13, 2.215,6.475,,0.899,2.027,0.395,,0.5262,µs,5.708382079288497,45.70360246905535
Server Jitter SHM(0),0.082,0.3341,0.4972,1.4262,3.5916, 5.1878,8.4263,,3.0943,4.8537,0.9908,,1.6288,ms,3.88155832993054,14.371563626992923
Server Jitter SHM(1),0.022,0.097,0.147,0.383,1.689, 3.593,14.89,,1.542,3.496,0.7067,,0.5835,µs,5.102604573227391,51.23704557644308
Server Offset SHM(0),11.2581,12.6033,13.5125,18.3555,23.0442, 24.4071,26.4217,,9.5317,11.8038,3.0479,,18.1221,ms,135.85451975504637,747.9484361574869
Server Offset SHM(1),-15.322,-2.118,-0.746,0.029,0.632, 1.787,7.054,,1.378,3.905,0.636,,-0.0,µs,-6.7019479063444845,83.53847952817772
TDOP,0.68,0.7,0.75,1.41,9.67, 23.91,124.77,,8.92,23.21,11.2701,,3.401, ,7.214213426180587,76.92790949008297
Temp ZONE0,54.0,54.55,55.1,56.75,58.4, 59.5,60.05,,3.3,4.95,1.0312,,56.805,°C,158402.33976582089,8576581.068432074
nSats,9.0,9.0,11.0,14.0,15.0, 16.0,16.0,,4.0,7.0,1.4226,,13.4667,nSat,631.3877276036674,5544.072100179755
