Name,Min,1%,5%,50%,95%,99%,Max,,90% Range,98% Range,StdDev,,Mean,Units,Skewness,Kurtosis
Local Clock Frequency Offset,8.7353,8.9158,8.9776,9.132,9.2185, 9.2627,9.3027,,0.2408,0.3469,0.0709,,9.1183,ppm,2074398.0646638118,264591413.8259413
Local Clock Time Offset,-16.123,-2.298,-0.475,0.001,0.512, 2.082,9.148,,0.987,4.38,0.6201,,-0.0003,µs,-5.975246622458371,78.43338994572939
Local RMS Frequency Jitter,0.375,0.647,0.813,1.797,10.204, 18.834,44.678,,9.391,18.187,3.679,,3.1564,ppb,3.15569669024154,19.680657853202234
Local RMS Time Jitter,0.061,0.101,0.126,0.267,1.252, 2.151,8.265,,1.126,2.05,0.4377,,0.4174,µs,4.153587179573112,34.38535388355845
Server Jitter SHM(0),0.1899,0.3358,0.5022,1.349,3.317, 5.1891,7.7852,,2.8148,4.8533,0.9357,,1.5473,ms,4.260474661152094,17.43044831616878
Server Jitter SHM(1),0.013,0.046,0.068,0.21,1.854, 3.786,16.352,,1.786,3.74,0.7608,,0.4586,µs,3.7246856305728486,35.11372948009015
Server Offset SHM(0),10.8708,12.5908,13.6407,18.6677,23.6444, 24.9587,26.5057,,10.0037,12.3679,3.2685,,18.3876,ms,112.92524152011146,589.4902503830223
Server Offset SHM(1),-16.124,-2.299,-0.476,0.002,0.513, 2.083,9.149,,0.989,4.382,0.6205,,-0.0002,µs,-5.97192099592638,78.29672604729492
TDOP,0.66,0.68,0.73,1.1,16.86, 35.09,80.05,,16.13,34.41,7.8352,,3.4423, ,3.7590000833866046,33.73406896008207
Temp ZONE0,50.15,50.7,51.25,54.0,55.65, 56.75,57.3,,4.4,6.05,1.372,,53.8281,°C,55997.62464986213,2145259.704927264
nSats,10.0,11.0,12.0,14.0,15.0, 15.0,16.0,,3.0,4.0,1.0772,,13.7375,nSat,1658.2473932337903,19882.961471297414
