Name,Min,1%,5%,50%,95%,99%,Max,,90% Range,98% Range,StdDev,,Mean,Units,Skewness,Kurtosis
Local Clock Frequency Offset,8.5573,8.7036,8.7228,8.7653,8.8076, 8.8326,8.8598,,0.0848,0.1289,0.0254,,8.7628,ppm,40469061.273007706,13894349141.43893
Local Clock Time Offset,-9.809,-1.889,-0.52,0.01,0.582, 1.702,6.95,,1.102,3.591,0.5605,,0.0,µs,-6.053346936223861,61.26618406217083
Local RMS Frequency Jitter,0.445,0.741,0.929,1.872,8.154, 17.524,35.402,,7.225,16.783,3.1441,,3.0532,ppb,3.273601970590536,17.742936851973873
Local RMS Time Jitter,0.068,0.118,0.149,0.287,0.985, 2.012,5.07,,0.836,1.894,0.3544,,0.4062,µs,4.069987211322432,24.628080156107195
Server Jitter SHM(0),0.1448,0.3534,0.5469,1.4393,3.5226, 5.764,7.8467,,2.9757,5.4106,1.0084,,1.6624,ms,4.203810690386479,16.72924942025171
Server Jitter SHM(1),0.02,0.063,0.095,0.251,1.621, 3.349,10.488,,1.526,3.286,0.6547,,0.467,µs,3.77805827325791,30.327444061188718
Server Offset SHM(0),12.8446,13.8894,14.6251,19.3636,24.0285, 25.1769,27.8244,,9.4034,11.2875,3.0873,,19.1468,ms,156.43608785991017,897.9400694061401
Server Offset SHM(1),-9.81,-1.89,-0.521,0.011,0.583, 1.703,6.951,,1.104,3.593,0.561,,0.0001,µs,-6.048822830321452,61.13608742208362
TDOP,0.65,0.65,0.73,0.98,3.52, 8.08,10.11,,2.79,7.43,1.3342,,1.3885, ,4.205968368127619,21.872472091119857
Temp ZONE0,52.9,52.9,53.45,55.65,56.75, 57.3,57.85,,3.3,4.4,0.9173,,55.3054,°C,208606.33582584342,12378914.302305037
nSats,10.0,10.0,12.0,14.0,15.0, 16.0,16.0,,3.0,6.0,1.1199,,13.4979,nSat,1383.023262970178,15641.506810736057
