Name,Min,1%,5%,50%,95%,99%,Max,,90% Range,98% Range,StdDev,,Mean,Units,Skewness,Kurtosis
Local Clock Frequency Offset,8.9426,9.0608,9.0769,9.1657,9.2199, 9.2455,9.2962,,0.1431,0.1846,0.0411,,9.1623,ppm,10899860.531256193,2416826849.84091
Local Clock Time Offset,-12.63,-2.236,-0.494,0.006,0.563, 1.938,8.812,,1.057,4.174,0.5956,,0.0,µs,-6.043380889832139,68.8225186474913
Local RMS Frequency Jitter,0.456,0.699,0.878,1.909,9.551, 17.278,43.959,,8.673,16.579,3.4029,,3.1782,ppb,3.2958840856245755,20.61368657681805
Local RMS Time Jitter,0.065,0.112,0.14,0.284,1.202, 1.898,4.974,,1.062,1.786,0.3912,,0.4255,µs,3.61529420326866,22.397143738556686
Server Jitter SHM(0),0.1528,0.3634,0.5607,1.3671,3.1546, 5.1791,7.3389,,2.5939,4.8158,0.8824,,1.5601,ms,4.799494959998779,19.942989162268763
Server Jitter SHM(1),0.016,0.052,0.079,0.229,1.787, 3.515,12.684,,1.708,3.463,0.7154,,0.4704,µs,3.6926594248888756,33.51629526076807
Server Offset SHM(0),11.3141,12.5552,13.5563,18.6849,23.6874, 24.8993,27.0207,,10.1311,12.3441,3.2261,,18.5171,ms,120.72908575680916,642.0684896181939
Server Offset SHM(1),-12.631,-2.237,-0.495,0.007,0.564, 1.939,8.813,,1.059,4.176,0.596,,0.0001,µs,-6.039589863844736,68.69472434254708
TDOP,0.64,0.65,0.71,0.99,1.83, 2.23,2.53,,1.12,1.58,0.3426,,1.0891, ,18.31328472299108,68.78433856360475
Temp ZONE0,51.8,52.35,52.9,54.55,56.2, 56.75,57.3,,3.3,4.4,1.0345,,54.5523,°C,138628.61693241165,7180063.70229923
nSats,11.0,11.0,12.0,14.0,16.0, 16.0,16.0,,4.0,5.0,1.299,,14.1292,nSat,992.6467551907439,10086.0881059194
