Name,Min,1%,5%,50%,95%,99%,Max,,90% Range,98% Range,StdDev,,Mean,Units,Skewness,Kurtosis
Local Clock Frequency Offset,8.8584,8.986,9.0102,9.1317,9.2134, 9.2396,9.2962,,0.2032,0.2536,0.0632,,9.1218,ppm,2948753.0385969416,422889235.69611144
Local Clock Time Offset,-11.703,-2.171,-0.496,0.005,0.537, 1.907,10.177,,1.033,4.078,0.5874,,0.0001,µs,-5.832504371053726,68.01861393285307
Local RMS Frequency Jitter,0.396,0.691,0.894,1.914,9.326, 17.88,43.654,,8.432,17.189,3.3531,,3.1386,ppb,3.2523599138760013,18.88926496934347
Local RMS Time Jitter,0.065,0.111,0.141,0.289,1.191, 1.981,6.463,,1.05,1.87,0.3913,,0.4239,µs,3.8643843420344104,26.190902791760404
Server Jitter SHM(0),0.1801,0.3464,0.5105,1.3336,3.1461, 5.0125,7.7307,,2.6356,4.6661,0.8839,,1.5178,ms,4.555692128736865,18.87249930577227
Server Jitter SHM(1),0.017,0.053,0.078,0.233,1.729, 3.544,11.691,,1.651,3.491,0.7027,,0.4634,µs,3.6607780580198317,31.142768608790902
Server Offset SHM(0),11.8786,12.7802,13.5476,19.0767,23.7845, 25.1036,26.5947,,10.2369,12.3235,3.2464,,18.7609,ms,123.4341816076562,659.6641654956558
Server Offset SHM(1),-11.704,-2.172,-0.497,0.006,0.538, 1.908,10.178,,1.035,4.08,0.5879,,0.0002,µs,-5.829054645526096,67.89032074120739
TDOP,0.64,0.67,0.71,1.04,3.29, 5.89,10.2,,2.58,5.22,1.0651,,1.4092, ,4.85925825042018,30.39386349998795
Temp ZONE0,51.25,51.25,52.35,54.55,57.85, 58.95,60.05,,5.5,7.7,1.6114,,54.4473,°C,35353.35092502491,1162523.1691724092
nSats,9.0,10.0,11.0,14.0,15.0, 16.0,16.0,,4.0,6.0,1.3909,,13.4896,nSat,683.7531380402545,6163.850946916105
