Name,Min,1%,5%,50%,95%,99%,Max,,90% Range,98% Range,StdDev,,Mean,Units,Skewness,Kurtosis
Local Clock Frequency Offset,8.7492,8.8459,8.92,9.1207,9.177, 9.1969,9.2529,,0.2569,0.3511,0.0777,,9.0918,ppm,1561163.098291854,181131760.87298572
Local Clock Time Offset,-15.413,-2.34,-0.543,0.011,0.585, 1.899,8.476,,1.128,4.239,0.6319,,-0.0009,µs,-6.367154312974541,80.38020846881317
Local RMS Frequency Jitter,0.476,0.829,1.019,2.042,9.741, 18.29,49.534,,8.722,17.461,3.6212,,3.3605,ppb,3.770652499761069,26.50611876361667
Local RMS Time Jitter,0.089,0.131,0.162,0.309,1.236, 2.053,6.582,,1.074,1.922,0.4231,,0.4564,µs,4.312648394046717,32.38949884333238
Server Jitter SHM(0),0.1577,0.3207,0.5181,1.4456,3.5118, 5.4087,8.3884,,2.9937,5.088,0.9876,,1.6538,ms,4.27631075852508,17.256635415868473
Server Jitter SHM(1),0.019,0.061,0.092,0.26,1.832, 3.74,14.671,,1.74,3.679,0.7592,,0.5057,µs,4.143082213233441,40.252008053937686
Server Offset SHM(0),11.0013,12.3958,13.3301,18.7553,23.5089, 24.9157,26.6715,,10.1788,12.5199,3.2483,,18.3023,ms,113.43611944604804,592.0997429505512
Server Offset SHM(1),-15.414,-2.341,-0.544,0.012,0.586, 1.9,8.477,,1.13,4.241,0.6324,,-0.0008,µs,-6.362853702592021,80.22856665868169
TDOP,0.73,0.77,0.79,1.28,9.72, 24.9,50.9,,8.93,24.13,5.1707,,2.9248, ,4.394846760156879,35.49865572473459
Temp ZONE0,49.6,50.15,51.25,55.65,59.5, 60.05,60.6,,8.25,9.9,2.6441,,55.634,°C,8109.027687709918,163710.16931639204
nSats,10.0,10.0,12.0,14.0,15.0, 16.0,16.0,,3.0,6.0,1.2136,,13.5458,nSat,1079.4543321439594,11273.993407996393
