Name,Min,1%,5%,50%,95%,99%,Max,,90% Range,98% Range,StdDev,,Mean,Units,Skewness,Kurtosis
Local Clock Frequency Offset,8.7626,8.9321,9.0516,9.1696,9.2818, 9.294,9.3578,,0.2302,0.3619,0.0727,,9.1712,ppm,1963455.340112385,245895006.84773996
Local Clock Time Offset,-20.178,-2.286,-0.575,0.015,0.609, 1.955,11.757,,1.184,4.241,0.6657,,0.0004,µs,-6.574322511269052,109.29916752354946
Local RMS Frequency Jitter,0.618,1.017,1.239,2.266,9.717, 19.661,65.956,,8.478,18.644,3.7899,,3.5665,ppb,4.66016365363516,40.63253621057701
Local RMS Time Jitter,0.098,0.162,0.197,0.349,1.237, 2.304,9.163,,1.04,2.142,0.4601,,0.4949,µs,5.785158962901501,58.67992757601318
Server Jitter SHM(0),0.158,0.3895,0.5649,1.4288,3.1645, 4.6017,6.9123,,2.5996,4.2122,0.845,,1.588,ms,5.004053066572919,19.061638038603302
Server Jitter SHM(1),0.023,0.085,0.126,0.317,1.813, 3.79,18.962,,1.687,3.705,0.785,,0.5524,µs,5.35326685818247,65.02914117287786
Server Offset SHM(0),11.2406,12.9067,13.8442,19.0439,23.1906, 24.2999,26.1345,,9.3464,11.3932,3.0301,,18.5168,ms,148.7771438024846,839.6301950210154
Server Offset SHM(1),-20.179,-2.287,-0.576,0.016,0.61, 1.956,11.758,,1.186,4.243,0.6661,,0.0004,µs,-6.569494225040627,109.07307613335307
TDOP,0.63,0.64,0.73,0.97,12.2, 50.13,113.59,,11.47,49.49,10.7791,,3.6033, ,4.7457394868233,45.539838734311196
Temp ZONE0,49.05,50.15,51.8,54.0,56.75, 57.3,57.85,,4.95,7.15,1.4932,,54.0069,°C,43603.380243868116,1537185.1896075325
nSats,4.0,9.0,11.0,14.0,16.0, 16.0,16.0,,5.0,7.0,1.5265,,13.6144,nSat,518.6672636057908,4265.598191165287
