Name,Min,1%,5%,50%,95%,99%,Max,,90% Range,98% Range,StdDev,,Mean,Units,Skewness,Kurtosis
Local Clock Frequency Offset,8.6777,8.8552,8.9039,9.1339,9.2369, 9.2705,9.3123,,0.333,0.4153,0.0909,,9.121,ppm,982100.6805818815,97640003.6807975
Local Clock Time Offset,-17.794,-2.308,-0.495,0.007,0.553, 1.885,8.764,,1.048,4.193,0.6153,,0.0003,µs,-6.514469375999837,91.84152811819267
Local RMS Frequency Jitter,0.434,0.713,0.901,1.911,9.685, 18.065,55.809,,8.784,17.352,3.5774,,3.2159,ppb,3.771514780030086,29.19216577413408
Local RMS Time Jitter,0.068,0.114,0.142,0.287,1.225, 2.003,10.545,,1.083,1.889,0.4447,,0.434,µs,5.635826390565613,68.51521543912055
Server Jitter SHM(0),0.1343,0.3188,0.5039,1.3453,3.4383, 5.2887,8.6513,,2.9344,4.9698,0.9673,,1.5636,ms,4.114265591054443,16.746102799549824
Server Jitter SHM(1),0.021,0.053,0.081,0.234,1.793, 3.705,17.128,,1.712,3.652,0.7457,,0.4778,µs,4.219224787930563,45.92432933294573
Server Offset SHM(0),9.4329,12.3543,13.5912,19.0088,24.2525, 25.4883,28.5541,,10.6614,13.1339,3.4371,,18.7805,ms,102.38615495882512,519.3448051973996
Server Offset SHM(1),-17.795,-2.309,-0.496,0.008,0.554, 1.886,8.765,,1.05,4.195,0.6157,,0.0004,µs,-6.509889422537439,91.66218123468157
TDOP,0.67,0.68,0.74,1.21,9.17, 23.51,97.62,,8.43,22.83,7.8461,,2.9746, ,6.984851516912342,79.601695559388
Temp ZONE0,50.15,50.15,50.7,56.2,59.5, 60.05,63.35,,8.8,9.9,2.7689,,55.7436,°C,7060.201223819989,136159.12687982316
nSats,6.0,7.0,11.0,13.0,15.0, 16.0,16.0,,4.0,9.0,1.6511,,13.0124,nSat,345.510637044549,2504.9310525689193
