Name,Min,1%,5%,50%,95%,99%,Max,,90% Range,98% Range,StdDev,,Mean,Units,Skewness,Kurtosis
Local Clock Frequency Offset,8.3854,8.5951,8.6425,8.7856,8.8508, 8.8785,8.9516,,0.2084,0.2834,0.0611,,8.7659,ppm,2897351.121690519,413089264.1853296
Local Clock Time Offset,-16.091,-1.876,-0.54,0.009,0.583, 1.724,9.825,,1.123,3.6,0.5698,,0.0,µs,-5.991935810058429,77.47429875923315
Local RMS Frequency Jitter,0.475,0.767,0.986,1.955,8.012, 17.458,53.451,,7.026,16.691,3.1888,,3.1107,ppb,3.7883565979402984,26.055734426189407
Local RMS Time Jitter,0.069,0.121,0.154,0.298,0.999, 1.951,7.292,,0.845,1.83,0.3591,,0.4142,µs,4.76701729736887,39.52343438006463
Server Jitter SHM(0),0.134,0.3442,0.5126,1.3527,3.3941, 5.5811,7.8931,,2.8815,5.2369,0.974,,1.5741,ms,4.098933525042794,16.268190671500612
Server Jitter SHM(1),0.024,0.067,0.1,0.266,1.611, 3.324,14.859,,1.511,3.257,0.6592,,0.4773,µs,4.414593580100727,45.04780287186206
Server Offset SHM(0),11.1643,12.5182,13.3529,18.3922,23.3252, 24.6315,27.4435,,9.9722,12.1133,3.2221,,18.2028,ms,114.52701415321387,600.3602617633642
Server Offset SHM(1),-16.092,-1.877,-0.541,0.01,0.584, 1.725,9.826,,1.125,3.602,0.5702,,0.0001,µs,-5.987416609689486,77.29225830613038
TDOP,0.72,0.74,0.79,1.24,9.89, 25.45,136.55,,9.1,24.71,9.431,,3.1437, ,9.733294367008662,138.131765327049
Temp ZONE0,50.7,50.7,51.25,53.45,55.1, 55.1,55.1,,3.85,4.4,1.0792,,53.3629,°C,113863.76109010237,5523464.0881440025
nSats,9.0,11.0,12.0,14.0,15.0, 16.0,16.0,,3.0,5.0,1.1507,,13.5958,nSat,1296.8195475498587,14359.939936560279
