Name,Min,1%,5%,50%,95%,99%,Max,,90% Range,98% Range,StdDev,,Mean,Units,Skewness,Kurtosis
Local Clock Frequency Offset,8.5524,8.6332,8.6852,9.1414,9.1666, 9.1756,9.2146,,0.4814,0.5424,0.1543,,9.0715,ppm,193297.00547997883,11182757.611050233
Local Clock Time Offset,-12.719,-2.07,-0.524,0.014,0.557, 1.703,7.92,,1.081,3.773,0.582,,-0.0017,µs,-6.487493194970784,79.11939964364747
Local RMS Frequency Jitter,0.48,0.797,0.996,1.961,8.239, 18.076,43.512,,7.243,17.279,3.2992,,3.1339,ppb,3.756122451948639,24.20139940462183
Local RMS Time Jitter,0.085,0.125,0.158,0.305,1.083, 2.05,5.724,,0.925,1.925,0.3881,,0.4327,µs,4.469497519755309,32.39800296198501
Server Jitter SHM(0),0.1576,0.3162,0.5014,1.3693,3.5073, 5.6364,8.6666,,3.0059,5.3202,0.9977,,1.5945,ms,4.02417957322753,15.941219382351015
Server Jitter SHM(1),0.014,0.067,0.101,0.264,1.596, 3.515,11.513,,1.495,3.448,0.6855,,0.4784,µs,4.389188391839923,41.18776774963738
Server Offset SHM(0),11.073,12.9217,14.2443,19.3699,23.5451, 25.0728,26.9023,,9.3009,12.1511,3.0831,,18.8208,ms,148.26012450367796,836.0805741244507
Server Offset SHM(1),-12.72,-2.071,-0.525,0.015,0.558, 1.704,7.921,,1.083,3.775,0.5824,,-0.0016,µs,-6.482217532711923,78.9460790766842
TDOP,0.64,0.65,0.71,0.98,5.4, 27.0,158.68,,4.69,26.35,10.698,,2.5506, ,10.479769799163646,153.4168143868405
Temp ZONE0,48.5,48.5,49.6,57.3,58.95, 59.5,59.5,,9.35,11.0,2.9759,,56.2756,°C,5797.483327666693,104727.4381824715
nSats,10.0,10.0,11.0,14.0,16.0, 16.0,16.0,,5.0,6.0,1.4165,,13.6875,nSat,675.6953298619758,6071.030920689071
