Name,Min,1%,5%,50%,95%,99%,Max,,90% Range,98% Range,StdDev,,Mean,Units,Skewness,Kurtosis
Local Clock Frequency Offset,7.6295,7.7222,7.7566,7.9466,8.0683, 8.1403,8.1984,,0.3117,0.418,0.0968,,7.9345,ppm,530362.1613004097,42943280.2476793
Local Clock Time Offset,-11.665,-2.203,-0.416,0.002,0.484, 1.77,8.562,,0.9,3.973,0.545,,-0.0,µs,-5.982981845681449,62.77559049323323
Local RMS Frequency Jitter,0.296,0.527,0.693,1.588,8.518, 16.876,43.125,,7.825,16.349,3.1823,,2.8332,ppb,2.8664251541346926,16.319052579029183
Local RMS Time Jitter,0.045,0.08,0.105,0.233,1.055, 1.951,4.838,,0.95,1.871,0.3727,,0.376,µs,3.128485020807304,17.904123294691225
Server Jitter SHM(0),0.1075,0.3484,0.5439,1.453,3.7832, 5.8212,13.2967,,3.2393,5.4728,1.0999,,1.7066,ms,4.245142400336555,21.030002072443242
Server Jitter SHM(1),0.012,0.037,0.055,0.176,1.655, 3.303,12.168,,1.6,3.266,0.6643,,0.4059,µs,3.1600894527886414,25.944449259323346
Server Offset SHM(0),1.3086,10.2941,12.7902,17.8035,22.4651, 24.0525,26.2905,,9.6749,13.7584,3.3578,,17.4222,ms,85.60213138651199,409.447557113273
Server Offset SHM(1),-11.666,-2.204,-0.417,0.003,0.485, 1.771,8.563,,0.902,3.975,0.5454,,0.0,µs,-5.979323188867279,62.66133086377099
TDOP,0.67,0.7,0.78,1.74,21.07, 75.37,104.76,,20.29,74.67,12.4822,,5.3051, ,3.488655596999398,25.383756586650026
Temp ZONE0,48.5,49.6,50.15,52.9,58.95, 60.05,60.05,,8.8,10.45,3.3327,,54.4629,°C,3657.3463435713256,56824.32429042755
nSats,10.0,11.0,11.0,14.0,15.0, 16.0,16.0,,4.0,5.0,1.2427,,13.4855,nSat,985.3133846830734,9990.767578752435
