Name,Min,1%,5%,50%,95%,99%,Max,,90% Range,98% Range,StdDev,,Mean,Units,Skewness,Kurtosis
Local Clock Frequency Offset,7.543,7.6608,7.6966,7.7717,7.8624, 7.9044,7.9654,,0.1657,0.2436,0.0488,,7.7761,ppm,3964270.260999443,627459575.9400412
Local Clock Time Offset,-14.416,-2.263,-0.411,0.006,0.569, 1.696,6.2,,0.98,3.959,0.5963,,-0.0003,µs,-7.724195957171656,102.4543309144145
Local RMS Frequency Jitter,0.304,0.58,0.788,1.768,9.058, 18.704,44.404,,8.27,18.124,3.5139,,3.0631,ppb,3.264642447700925,20.088171145806292
Local RMS Time Jitter,0.049,0.088,0.124,0.287,1.288, 2.254,7.09,,1.164,2.166,0.4514,,0.4473,µs,3.6782458430535576,25.865206269784586
Server Jitter SHM(0),0.2295,0.4015,0.638,1.5676,3.51, 4.8342,8.0707,,2.872,4.4326,0.9103,,1.753,ms,4.998881448959642,17.437473945240807
Server Jitter SHM(1),0.016,0.052,0.079,0.221,1.677, 3.664,14.405,,1.598,3.612,0.726,,0.4491,µs,4.159276380303738,40.79902220782784
Server Offset SHM(0),-20.6561,-19.0141,-17.2115,-10.6315,-3.459, -0.5099,3.3463,,13.7525,18.5042,4.2186,,-10.6143,ms,-53.819140986154444,226.8191162887852
Server Offset SHM(1),-14.417,-2.264,-0.412,0.007,0.57, 1.697,6.201,,0.982,3.961,0.5967,,-0.0003,µs,-7.717492554085264,102.25270389307892
Temp ZONE0,50.7,51.25,51.8,53.45,56.2, 57.85,57.85,,4.4,6.6,1.3821,,53.7467,°C,54499.582307301695,2069225.6997896982
