Name,Min,1%,5%,50%,95%,99%,Max,,90% Range,98% Range,StdDev,,Mean,Units,Skewness,Kurtosis
Local Clock Frequency Offset,8.1671,8.2948,8.3581,8.4548,8.5335, 8.5681,8.6108,,0.1754,0.2733,0.0517,,8.4507,ppm,4300499.016375325,699398225.7053801
Local Clock Time Offset,-13.288,-2.145,-0.36,0.002,0.564, 1.636,6.825,,0.924,3.781,0.5706,,-0.0001,µs,-7.083858677772999,86.43140391586483
Local RMS Frequency Jitter,0.211,0.471,0.635,1.414,8.354, 18.937,36.806,,7.719,18.466,3.4512,,2.826,ppb,2.79092480333037,15.643805279201823
Local RMS Time Jitter,0.034,0.076,0.105,0.23,1.132, 2.223,5.513,,1.027,2.147,0.4225,,0.3916,µs,3.281521813446999,20.56028702655144
Server Jitter SHM(0),0.1587,0.3675,0.5364,1.5332,3.6711, 5.4777,8.9952,,3.1348,5.1102,1.0161,,1.7538,ms,4.173540981247004,15.26904761255887
Server Jitter SHM(1),0.012,0.041,0.062,0.17,1.699, 3.571,13.267,,1.637,3.53,0.7072,,0.4057,µs,3.4864613414006085,31.10761493449798
Server Offset SHM(0),10.8068,12.1767,13.2301,18.5131,23.5461, 24.6513,25.9458,,10.316,12.4747,3.2733,,18.2355,ms,109.22098030337186,563.9375349091183
Server Offset SHM(1),-13.289,-2.146,-0.361,0.003,0.565, 1.637,6.826,,0.926,3.783,0.5709,,-0.0001,µs,-7.078574250886073,86.27434637567463
TDOP,0.68,0.68,0.75,1.14,6.46, 38.4,60.54,,5.71,37.72,6.1283,,2.5025, ,5.945252220941213,54.47715188797912
Temp ZONE0,51.25,51.8,52.35,54.0,57.3, 58.4,58.95,,4.95,6.6,1.4538,,54.5112,°C,48721.88511586111,1782247.4586351183
nSats,5.0,5.0,5.0,13.0,15.0, 15.0,16.0,,10.0,10.0,2.6629,,12.4274,nSat,58.49067902652214,240.51390740863854
