Name,Min,1%,5%,50%,95%,99%,Max,,90% Range,98% Range,StdDev,,Mean,Units,Skewness,Kurtosis
Local Clock Frequency Offset,8.3752,8.4777,8.5013,8.6634,8.7108, 8.7373,8.8096,,0.2095,0.2596,0.0719,,8.6335,ppm,1687095.599818822,200869383.92057043
Local Clock Time Offset,-12.325,-1.82,-0.485,0.005,0.553, 1.745,7.112,,1.038,3.565,0.5609,,-0.0003,µs,-5.78508141615546,69.26023504085542
Local RMS Frequency Jitter,0.402,0.632,0.817,1.699,7.987, 18.008,35.283,,7.17,17.376,3.2721,,2.9204,ppb,3.3471856245962215,19.812937692070548
Local RMS Time Jitter,0.053,0.1,0.129,0.259,0.962, 2.091,5.056,,0.833,1.991,0.3705,,0.3837,µs,4.1134971144450505,27.01403514803567
Server Jitter SHM(0),0.1416,0.3473,0.5238,1.4647,3.5293, 5.271,8.0814,,3.0056,4.9237,0.9701,,1.6801,ms,4.234240514147616,15.704192713661218
Server Jitter SHM(1),0.014,0.052,0.08,0.223,1.57, 3.399,11.902,,1.49,3.347,0.6692,,0.4405,µs,4.017080407080638,35.659823135081965
Server Offset SHM(0),10.7597,12.5369,13.54,18.9807,24.0171, 25.2531,30.2253,,10.4771,12.7162,3.3065,,18.7163,ms,115.19489674762238,604.0104463390165
Server Offset SHM(1),-12.326,-1.821,-0.486,0.006,0.554, 1.746,7.113,,1.04,3.567,0.5614,,-0.0003,µs,-5.7813192294012286,69.11620559606321
TDOP,0.59,0.63,0.71,0.94,5.85, 18.84,122.28,,5.14,18.21,8.3161,,2.2821, ,10.184033143062875,147.16544225322795
Temp ZONE0,50.7,51.25,51.8,54.55,56.2, 56.75,56.75,,4.4,5.5,1.4662,,54.0639,°C,46270.641518728764,1663686.4251590879
nSats,8.0,10.0,10.0,13.0,16.0, 16.0,16.0,,6.0,6.0,1.5641,,13.361,nSat,451.21981675975,3566.819601682781
