Name,Min,1%,5%,50%,95%,99%,Max,,90% Range,98% Range,StdDev,,Mean,Units,Skewness,Kurtosis
Local Clock Frequency Offset,8.2134,8.2819,8.3492,8.4908,8.6168, 8.6377,8.693,,0.2676,0.3558,0.0866,,8.4887,ppm,914653.0373693068,88804237.31931657
Local Clock Time Offset,-12.961,-2.104,-0.37,0.001,0.547, 1.659,7.802,,0.917,3.763,0.5721,,-0.0009,µs,-6.380663148856394,72.23578023245952
Local RMS Frequency Jitter,0.261,0.5,0.633,1.399,8.416, 18.937,35.865,,7.783,18.437,3.4806,,2.8094,ppb,2.71727528227878,14.616041682395183
Local RMS Time Jitter,0.046,0.077,0.103,0.226,1.17, 2.221,5.371,,1.067,2.144,0.4247,,0.3899,µs,3.0274131721126802,17.463125825612046
Server Jitter SHM(0),0.1416,0.3804,0.5997,1.44,3.4597, 5.4602,7.9174,,2.8601,5.0798,0.9549,,1.6646,ms,4.61951459508121,18.50108711007679
Server Jitter SHM(1),0.013,0.04,0.061,0.17,1.68, 3.871,12.925,,1.619,3.831,0.7078,,0.4032,µs,3.280810977807852,26.308294633433615
Server Offset SHM(0),10.3601,12.4009,13.9415,19.0183,23.8622, 25.2354,27.4796,,9.9207,12.8345,3.2126,,18.7508,ms,127.66488035668512,689.8796735784024
Server Offset SHM(1),-12.962,-2.105,-0.371,0.002,0.548, 1.66,7.803,,0.919,3.765,0.5725,,-0.0009,µs,-6.376677750485346,72.11243925765922
TDOP,0.67,0.68,0.7,1.05,4.53, 6.69,13.82,,3.83,6.01,1.5281,,1.7472, ,3.8028525246074745,23.399818377272815
Temp ZONE0,49.6,50.15,50.7,53.45,56.2, 57.3,58.4,,5.5,7.15,1.6523,,53.3698,°C,30762.220351050437,965864.2635765775
nSats,5.0,5.0,5.0,14.0,15.0, 16.0,16.0,,10.0,11.0,3.0349,,12.5792,nSat,39.03535566300814,142.34723892633738
