Name,Min,1%,5%,50%,95%,99%,Max,,90% Range,98% Range,StdDev,,Mean,Units,Skewness,Kurtosis
Local Clock Frequency Offset,7.7892,7.91,7.9677,8.1387,8.3165, 8.3374,8.3936,,0.3488,0.4275,0.1021,,8.1338,ppm,487529.5877557,38383231.52603292
Local Clock Time Offset,-13.276,-2.198,-0.46,0.006,0.506, 1.817,7.913,,0.966,4.015,0.569,,0.0,µs,-6.271288414762772,74.75446063149975
Local RMS Frequency Jitter,0.343,0.645,0.828,1.763,8.813, 17.019,42.18,,7.985,16.374,3.2792,,3.0062,ppb,3.2024144355015585,19.384578957865227
Local RMS Time Jitter,0.058,0.098,0.128,0.262,1.056, 1.934,6.922,,0.928,1.836,0.3821,,0.3975,µs,3.998937482506188,30.07436607669962
Server Jitter SHM(0),0.106,0.3296,0.5327,1.4272,3.5699, 5.5904,8.3979,,3.0372,5.2607,1.0058,,1.644,ms,4.185085240571167,16.796765418251713
Server Jitter SHM(1),0.012,0.045,0.07,0.212,1.702, 3.37,13.257,,1.632,3.325,0.6848,,0.4402,µs,3.647494792904605,32.888505667705665
Server Offset SHM(0),11.83,13.1367,13.9738,18.8555,23.3971, 25.1721,27.4177,,9.4233,12.0354,3.138,,18.5174,ms,132.49814565246672,724.3582536370163
Server Offset SHM(1),-13.277,-2.199,-0.461,0.007,0.507, 1.818,7.914,,0.968,4.017,0.5694,,0.0001,µs,-6.266864270783614,74.60687631397798
TDOP,0.81,0.83,0.89,1.42,10.33, 48.62,103.0,,9.44,47.79,9.0136,,3.7005, ,5.690329239683607,56.96400707394843
Temp ZONE0,49.05,49.6,50.15,52.35,58.4, 60.05,60.6,,8.25,10.45,2.5617,,53.0788,°C,7728.701668713095,153646.42752052672
nSats,8.0,9.0,11.0,14.0,15.0, 15.0,16.0,,4.0,6.0,1.3847,,13.4125,nSat,680.3897721320077,6112.87895541582
