Name,Min,1%,5%,50%,95%,99%,Max,,90% Range,98% Range,StdDev,,Mean,Units,Skewness,Kurtosis
Local Clock Frequency Offset,8.9889,9.1112,9.1564,9.2092,9.2359, 9.2489,9.304,,0.0795,0.1378,0.027,,9.2036,ppm,39160696.16753971,13298664383.275433
Local Clock Time Offset,-18.635,-2.043,-0.593,0.02,0.579, 1.716,9.273,,1.172,3.759,0.6101,,-0.0003,µs,-6.789683940725441,102.06637978381808
Local RMS Frequency Jitter,0.569,1.013,1.252,2.272,8.263, 18.714,55.143,,7.011,17.701,3.3797,,3.3659,ppb,4.574225090629056,34.61442482937039
Local RMS Time Jitter,0.094,0.162,0.202,0.362,1.082, 2.216,8.323,,0.88,2.054,0.408,,0.4785,µs,5.948423086230342,57.59867902237645
Server Jitter SHM(0),0.1407,0.3852,0.5484,1.4533,3.5529, 5.6193,8.5392,,3.0045,5.2342,0.9876,,1.6787,ms,4.311106032470773,16.76424948297813
Server Jitter SHM(1),0.035,0.091,0.135,0.326,1.572, 3.634,17.424,,1.437,3.543,0.7034,,0.5283,µs,5.399763265884073,60.349111877219954
Server Offset SHM(0),8.1779,11.3964,13.5033,18.6044,23.4793, 25.0803,27.2968,,9.976,13.6839,3.216,,18.3325,ms,117.92677361051942,622.4872907687668
Server Offset SHM(1),-18.636,-2.044,-0.594,0.021,0.58, 1.717,9.274,,1.174,3.761,0.6105,,-0.0002,µs,-6.783542020671572,101.82031680249492
TDOP,0.62,0.64,0.7,0.98,7.13, 27.39,136.94,,6.43,26.75,9.3733,,2.4837, ,9.962507459886446,143.68139542038662
Temp ZONE0,53.45,54.55,55.65,57.3,60.6, 61.7,62.8,,4.95,7.15,1.4263,,57.3504,°C,60399.080516046684,2372935.7708572815
nSats,4.0,10.0,12.0,14.0,16.0, 16.0,16.0,,4.0,6.0,1.5329,,13.5917,nSat,508.4333012887368,4153.7419866742675
