Name,Min,1%,5%,50%,95%,99%,Max,,90% Range,98% Range,StdDev,,Mean,Units,Skewness,Kurtosis
Local Clock Frequency Offset,8.9079,9.0297,9.0875,9.1404,9.174, 9.1901,9.243,,0.0865,0.1604,0.0293,,9.1368,ppm,30170599.691080242,9392636116.809008
Local Clock Time Offset,-13.198,-2.195,-0.459,0.011,0.513, 1.75,8.925,,0.972,3.945,0.5817,,0.0,µs,-5.969727152756988,68.9464921603113
Local RMS Frequency Jitter,0.316,0.614,0.817,1.777,8.259, 18.694,46.335,,7.442,18.08,3.4087,,3.0102,ppb,3.3855838332506547,20.923735857925138
Local RMS Time Jitter,0.049,0.097,0.129,0.275,1.109, 2.146,6.919,,0.98,2.049,0.4024,,0.4144,µs,3.871160757490701,27.043737986613657
Server Jitter SHM(0),0.1967,0.3526,0.5567,1.436,3.6095, 5.748,7.8711,,3.0528,5.3954,1.0012,,1.6721,ms,4.297300393212932,16.971442093718487
Server Jitter SHM(1),0.011,0.047,0.073,0.213,1.661, 3.697,12.899,,1.588,3.65,0.7085,,0.4435,µs,3.757599465906513,33.125211035282035
Server Offset SHM(0),10.4677,12.228,13.4074,18.2168,23.3159, 24.5604,26.6769,,9.9086,12.3325,3.1689,,18.2802,ms,122.79094172130068,656.4143028576203
Server Offset SHM(1),-13.199,-2.196,-0.46,0.012,0.514, 1.751,8.926,,0.974,3.947,0.5821,,0.0001,µs,-5.96591762338467,68.81527804312007
TDOP,0.63,0.65,0.73,1.02,5.74, 22.04,158.79,,5.01,21.39,10.5006,,2.4763, ,11.05086194118538,165.65150038537914
Temp ZONE0,54.0,54.0,55.1,57.85,59.5, 60.05,61.15,,4.4,6.05,1.2351,,57.7656,°C,96021.36987170142,4401115.100578221
nSats,10.0,11.0,13.0,14.0,16.0, 16.0,16.0,,3.0,5.0,1.023,,14.2116,nSat,2180.8658772690305,28594.090328196213
