Name,Min,1%,5%,50%,95%,99%,Max,,90% Range,98% Range,StdDev,,Mean,Units,Skewness,Kurtosis
Local Clock Frequency Offset,8.699,8.94,8.9791,9.0563,9.1135, 9.1363,9.1695,,0.1343,0.1963,0.0382,,9.0521,ppm,13110160.982384618,3091431330.1127944
Local Clock Time Offset,-27.051,-2.142,-0.509,0.01,0.579, 1.807,14.331,,1.088,3.949,0.6158,,-0.0004,µs,-7.717753790953518,172.45617321756077
Local RMS Frequency Jitter,0.403,0.699,0.925,1.91,8.532, 18.713,77.814,,7.607,18.014,3.6225,,3.1704,ppb,4.631304216125823,48.601124687099336
Local RMS Time Jitter,0.058,0.114,0.148,0.296,1.1, 2.15,12.565,,0.952,2.036,0.4344,,0.4332,µs,6.438415686100176,93.66083494126154
Server Jitter SHM(0),0.1462,0.3552,0.5651,1.4677,3.2669, 5.0564,8.194,,2.7019,4.7012,0.895,,1.6354,ms,4.903259973090604,19.756366287729744
Server Jitter SHM(1),0.021,0.062,0.095,0.252,1.66, 3.706,25.653,,1.565,3.644,0.7438,,0.4812,µs,5.685344112175745,89.27469194150501
Server Offset SHM(0),11.3875,12.7351,13.7817,18.9145,23.3435, 24.6048,26.5296,,9.5618,11.8697,3.0756,,18.4541,ms,139.98413379447265,776.5792469116517
Server Offset SHM(1),-27.052,-2.143,-0.51,0.011,0.58, 1.808,14.332,,1.09,3.951,0.6162,,-0.0003,µs,-7.710593062720783,172.06134810950763
TDOP,0.7,0.72,0.76,1.32,14.98, 55.02,89.82,,14.22,54.3,9.0608,,3.9358, ,4.0282478170224065,33.8362975054164
Temp ZONE0,52.9,52.9,54.0,55.65,57.85, 58.95,59.5,,3.85,6.05,1.1883,,55.6042,°C,96162.90848159607,4409913.293076903
nSats,11.0,11.0,12.0,14.0,16.0, 16.0,16.0,,4.0,5.0,1.1491,,13.9792,nSat,1425.293893249404,16284.691016256651
