Name,Min,1%,5%,50%,95%,99%,Max,,90% Range,98% Range,StdDev,,Mean,Units,Skewness,Kurtosis
Local Clock Frequency Offset,8.8761,9.0735,9.1094,9.2533,9.3376, 9.371,9.4295,,0.2282,0.2975,0.0673,,9.2445,ppm,2541372.0818294734,346846530.7402728
Local Clock Time Offset,-13.528,-2.36,-0.519,0.008,0.59, 1.941,8.397,,1.109,4.301,0.6233,,0.0004,µs,-6.453979429185305,76.24908924959799
Local RMS Frequency Jitter,0.516,0.818,1.018,2.069,9.698, 18.171,41.851,,8.68,17.353,3.5349,,3.3544,ppb,3.4967618875861377,21.732922756667588
Local RMS Time Jitter,0.077,0.132,0.166,0.318,1.249, 2.071,5.651,,1.083,1.939,0.4177,,0.459,µs,4.239157911194812,29.611677830303186
Server Jitter SHM(0),0.1558,0.3558,0.5275,1.3683,3.6478, 6.0557,13.9834,,3.1203,5.6999,1.1549,,1.6345,ms,4.799967763813149,30.873058194412305
Server Jitter SHM(1),0.018,0.062,0.095,0.258,1.829, 3.738,13.18,,1.734,3.676,0.7435,,0.5008,µs,3.9632809463529366,36.3402599211848
Server Offset SHM(0),7.62,11.9095,13.8811,19.231,23.6118, 24.8349,26.7873,,9.7307,12.9253,3.1996,,18.7608,ms,129.48069550979787,700.6471936465742
Server Offset SHM(1),-13.529,-2.361,-0.52,0.009,0.591, 1.942,8.398,,1.111,4.303,0.6238,,0.0004,µs,-6.449501050267441,76.10479750776486
TDOP,0.7,0.71,0.75,1.11,2.62, 7.39,17.39,,1.87,6.68,1.4435,,1.4399, ,7.4599765273212775,72.38535956424855
Temp ZONE0,50.7,51.8,52.35,54.55,58.4, 60.05,61.15,,6.05,8.25,1.8696,,54.9304,°C,22946.226422056025,653718.667579782
nSats,6.0,7.0,11.0,14.0,15.0, 16.0,16.0,,4.0,9.0,1.5007,,13.4208,nSat,523.4180500397248,4317.354045727827
