Name,Min,1%,5%,50%,95%,99%,Max,,90% Range,98% Range,StdDev,,Mean,Units,Skewness,Kurtosis
Local Clock Frequency Offset,8.8002,9.0061,9.0548,9.1825,9.2228, 9.2469,9.292,,0.168,0.2408,0.0527,,9.1653,ppm,5162790.3346839715,892362819.7728866
Local Clock Time Offset,-30.157,-2.137,-0.541,0.016,0.554, 1.761,15.645,,1.095,3.898,0.6376,,-0.0001,µs,-8.664446009308095,230.39873129475106
Local RMS Frequency Jitter,0.438,0.849,1.074,2.051,8.32, 19.444,90.729,,7.246,18.595,3.7664,,3.2649,ppb,5.6119979543627805,69.21440408218974
Local RMS Time Jitter,0.062,0.131,0.172,0.325,1.124, 2.376,13.534,,0.952,2.245,0.4681,,0.462,µs,7.104371485516546,106.75756282340922
Server Jitter SHM(0),0.1858,0.3394,0.4937,1.3556,3.3673, 5.3359,7.5627,,2.8736,4.9965,0.9635,,1.5721,ms,4.143336590393043,16.65755291065001
Server Jitter SHM(1),0.021,0.073,0.11,0.283,1.639, 3.697,28.685,,1.529,3.624,0.7693,,0.5029,µs,7.027890875760535,129.1060477919653
Server Offset SHM(0),11.8619,13.1217,13.9978,19.0486,23.3221, 24.6048,27.5844,,9.3244,11.4831,3.0573,,18.512,ms,144.33500487303115,808.0552229324877
Server Offset SHM(1),-30.158,-2.138,-0.542,0.017,0.555, 1.762,15.646,,1.097,3.9,0.638,,-0.0,µs,-8.655525218259701,229.86383723750714
TDOP,0.67,0.69,0.73,1.2,13.53, 54.68,171.36,,12.8,53.99,13.2931,,4.0849, ,6.868715526866842,85.30897354891475
Temp ZONE0,50.7,51.8,52.9,56.2,58.4, 59.5,59.5,,5.5,7.7,1.7453,,55.886,°C,29942.51413435811,931689.184974204
nSats,10.0,11.0,11.0,14.0,15.0, 15.0,16.0,,4.0,4.0,1.2405,,13.5542,nSat,1007.5226835982746,10286.27454229846
