Name,Min,1%,5%,50%,95%,99%,Max,,90% Range,98% Range,StdDev,,Mean,Units,Skewness,Kurtosis
Local Clock Frequency Offset,8.2978,8.4248,8.4815,8.5723,8.5968, 8.645,8.6714,,0.1152,0.2202,0.0355,,8.5634,ppm,13817269.279683147,3315720249.0214133
Local Clock Time Offset,-13.431,-2.128,-0.385,0.009,0.516, 1.532,7.276,,0.901,3.66,0.5646,,-0.0001,µs,-7.2283934480262175,86.95816150324919
Local RMS Frequency Jitter,0.365,0.56,0.715,1.483,8.251, 18.507,38.402,,7.536,17.947,3.3999,,2.8148,ppb,3.092442428177939,18.53053720260324
Local RMS Time Jitter,0.043,0.085,0.114,0.238,1.151, 2.233,5.556,,1.037,2.148,0.4247,,0.3971,µs,3.4099779801455505,21.472398297833163
Server Jitter SHM(0),0.1479,0.4011,0.6144,1.5288,3.7734, 5.7054,7.8772,,3.159,5.3043,1.0191,,1.7673,ms,4.438509827992499,16.693346309186474
Server Jitter SHM(1),0.015,0.046,0.069,0.186,1.626, 3.633,13.498,,1.557,3.587,0.6999,,0.4102,µs,3.789997933016137,34.21700446488511
Server Offset SHM(0),11.2149,13.3352,14.2706,18.9029,23.787, 24.865,26.3821,,9.5165,11.5297,3.0217,,18.8246,ms,158.78557058145168,915.383877805966
Server Offset SHM(1),-13.432,-2.129,-0.386,0.01,0.517, 1.533,7.277,,0.903,3.662,0.565,,-0.0,µs,-7.222444434262957,86.79121120388837
TDOP,0.59,0.59,0.71,1.3,22.44, 42.16,50.13,,21.73,41.57,7.6861,,3.8331, ,1.98564980983114,10.838540849821822
Temp ZONE0,51.8,52.35,54.0,57.85,59.5, 60.6,60.6,,5.5,8.25,1.617,,57.6149,°C,41638.83787618147,1445496.7904145855
nSats,5.0,5.0,5.0,13.0,15.0, 15.0,16.0,,10.0,10.0,3.0042,,12.1286,nSat,35.69237716834838,126.8559825198071
