Name,Min,1%,5%,50%,95%,99%,Max,,90% Range,98% Range,StdDev,,Mean,Units,Skewness,Kurtosis
Local Clock Frequency Offset,6.9737,7.1244,7.2848,7.5282,7.6565, 7.7225,7.8042,,0.3717,0.598,0.1229,,7.5,ppm,216376.43627516055,12997215.337894358
Local Clock Time Offset,-18.0,-2.316,-0.406,0.0,0.658, 1.808,8.033,,1.064,4.124,0.6252,,-0.0,µs,-7.6995157115362645,113.36934580687353
Local RMS Frequency Jitter,0.355,0.581,0.766,1.722,9.305, 19.548,49.735,,8.539,18.967,3.7367,,3.1507,ppb,3.2709476996808062,21.77726929668869
Local RMS Time Jitter,0.047,0.091,0.12,0.269,1.278, 2.272,9.338,,1.158,2.181,0.4702,,0.4399,µs,4.192339634224892,40.006826364289
Server Jitter SHM(0),0.1946,0.5048,0.8188,1.8636,4.0545, 5.5416,14.969,,3.2357,5.0368,1.068,,2.08,ms,5.665984166313941,27.277969714660983
Server Jitter SHM(1),0.011,0.049,0.075,0.204,1.76, 3.725,18.0,,1.685,3.676,0.7676,,0.4505,µs,4.233695475152583,45.87328502344844
Server Offset SHM(0),-41.4878,-37.6333,-30.6728,-10.3209,3.6675, 7.6621,12.3734,,34.3403,45.2954,10.3095,,-11.2433,ms,-15.884712792314673,52.06387117933717
Server Offset SHM(1),-18.0,-2.317,-0.407,-0.001,0.659, 1.809,8.034,,1.066,4.126,0.6256,,-0.0,µs,-7.693311442527862,113.1520538580143
Temp ZONE0,47.4,47.4,48.5,50.7,54.0, 54.55,56.2,,5.5,7.15,1.6086,,50.9406,°C,28933.506280514008,890166.632965677
