Name,Min,1%,5%,50%,95%,99%,Max,,90% Range,98% Range,StdDev,,Mean,Units,Skewness,Kurtosis
Local Clock Frequency Offset,8.2978,8.4184,8.4525,8.5666,8.6178, 8.6464,8.6858,,0.1653,0.2279,0.0435,,8.5584,ppm,7496165.808481363,1467150629.792978
Local Clock Time Offset,-13.431,-2.187,-0.401,0.009,0.546, 1.554,6.404,,0.947,3.741,0.5574,,-0.0001,µs,-6.859234309948778,73.43653223610633
Local RMS Frequency Jitter,0.313,0.562,0.744,1.523,8.345, 18.143,37.186,,7.601,17.581,3.2963,,2.85,ppb,2.8842625067734193,15.79875701651655
Local RMS Time Jitter,0.05,0.086,0.117,0.244,1.141, 2.181,5.556,,1.024,2.095,0.4106,,0.4003,µs,3.2739388042978557,19.605382544547734
Server Jitter SHM(0),0.1479,0.3742,0.5861,1.5196,3.6905, 5.6436,7.4439,,3.1045,5.2695,1.0258,,1.7611,ms,4.266661319915135,15.700256056963633
Server Jitter SHM(1),0.012,0.047,0.071,0.191,1.663, 3.545,13.498,,1.592,3.498,0.6826,,0.4176,µs,3.4280993682326506,28.421780833247755
Server Offset SHM(0),12.4335,13.5916,14.3414,19.0371,23.5481, 24.6207,26.9106,,9.2066,11.0291,2.9984,,18.7891,ms,161.885841272741,938.1501619545314
Server Offset SHM(1),-13.432,-2.188,-0.402,0.01,0.547, 1.555,6.405,,0.949,3.743,0.5578,,-0.0,µs,-6.8537935151990395,73.29587085376124
TDOP,0.59,0.59,0.7,1.28,21.99, 42.16,50.13,,21.29,41.57,7.2018,,3.6435, ,2.3794469790013486,13.691212318961487
Temp ZONE0,51.8,52.35,53.45,57.85,60.05, 60.6,61.15,,6.6,8.25,1.9245,,57.465,°C,24123.1339338034,698601.3710961026
nSats,5.0,5.0,5.0,13.0,15.0, 15.0,16.0,,10.0,10.0,3.1966,,11.7708,nSat,26.107636748050133,84.86414027460481
