Name,Min,1%,5%,50%,95%,99%,Max,,90% Range,98% Range,StdDev,,Mean,Units,Skewness,Kurtosis
Local Clock Frequency Offset,8.8829,9.107,9.1295,9.1628,9.1933, 9.2073,9.257,,0.0638,0.1002,0.0204,,9.1625,ppm,90117395.26107663,40403205050.29306
Local Clock Time Offset,-21.949,-2.121,-0.502,0.016,0.516, 1.715,12.155,,1.018,3.836,0.6137,,-0.0001,µs,-7.78171219770833,153.02280821355765
Local RMS Frequency Jitter,0.375,0.777,0.98,1.913,8.355, 18.84,69.02,,7.375,18.063,3.645,,3.1201,ppb,4.771169097631712,45.56840246317067
Local RMS Time Jitter,0.066,0.128,0.16,0.309,1.097, 2.215,10.371,,0.937,2.087,0.4399,,0.4432,µs,5.948859530561436,67.6281396686597
Server Jitter SHM(0),0.1173,0.3157,0.4863,1.3796,3.4904, 5.3634,9.1724,,3.004,5.0477,0.9865,,1.6003,ms,3.915372439422124,15.015188527137894
Server Jitter SHM(1),0.025,0.067,0.103,0.264,1.605, 3.679,20.357,,1.502,3.612,0.7441,,0.4798,µs,5.862346702919183,80.10339639543258
Server Offset SHM(0),10.2522,12.1648,13.6773,18.3196,23.1377, 24.542,26.5611,,9.4603,12.3772,3.091,,18.1034,ms,129.19456154471632,701.1490386016837
Server Offset SHM(1),-21.95,-2.122,-0.503,0.017,0.517, 1.716,12.156,,1.02,3.838,0.6142,,-0.0001,µs,-7.774394538889753,152.68245105376022
TDOP,0.67,0.7,0.74,1.08,19.64, 64.47,93.91,,18.9,63.77,11.2823,,4.0581, ,2.8350815362109247,20.389985102981765
Temp ZONE0,54.0,54.55,55.1,56.75,59.5, 60.6,60.6,,4.4,6.05,1.2436,,56.8436,°C,89513.45272040766,4008316.9684197735
nSats,9.0,10.0,11.0,13.0,15.0, 16.0,16.0,,4.0,6.0,1.2602,,13.3237,nSat,905.2276017347058,8926.199845078236
