Name,Min,1%,5%,50%,95%,99%,Max,,90% Range,98% Range,StdDev,,Mean,Units,Skewness,Kurtosis
Local Clock Frequency Offset,8.4876,8.596,8.7095,8.8958,8.9777, 9.0223,9.1023,,0.2681,0.4263,0.0883,,8.8754,ppm,985130.5533684654,98041889.09144217
Local Clock Time Offset,-11.908,-2.099,-0.414,0.001,0.519, 1.821,8.012,,0.933,3.92,0.5595,,-0.0004,µs,-5.621780697638208,63.123123512489556
Local RMS Frequency Jitter,0.342,0.564,0.739,1.627,8.379, 17.993,38.377,,7.64,17.429,3.2907,,2.8824,ppb,3.042573818515747,17.132983397919645
Local RMS Time Jitter,0.055,0.09,0.119,0.248,1.063, 2.002,5.049,,0.944,1.912,0.3773,,0.3862,µs,3.541739542031951,21.932951777153498
Server Jitter SHM(0),0.1311,0.3594,0.5489,1.4063,3.4222, 5.5048,9.5374,,2.8734,5.1454,0.9678,,1.6253,ms,4.510709091366585,19.317576613071314
Server Jitter SHM(1),0.01,0.047,0.072,0.196,1.6, 3.44,11.53,,1.528,3.393,0.6732,,0.4218,µs,3.599057716140019,30.692747192879906
Server Offset SHM(0),11.9059,13.291,14.2881,19.3443,24.187, 25.4424,27.3528,,9.8989,12.1514,3.1462,,19.2685,ms,149.96788792397024,849.7245001489297
Server Offset SHM(1),-11.909,-2.1,-0.415,0.002,0.52, 1.822,8.013,,0.935,3.922,0.5599,,-0.0004,µs,-5.618660007623342,63.00347919228618
TDOP,0.62,0.62,0.72,1.02,4.72, 21.05,94.33,,4.0,20.43,7.0302,,2.1752, ,8.551580658466575,106.52473857316582
Temp ZONE0,48.5,49.6,50.7,53.45,55.65, 56.2,56.2,,4.95,6.6,1.4546,,53.3973,°C,45637.402886038,1633413.5140975183
nSats,11.0,11.0,12.0,13.0,15.0, 16.0,16.0,,3.0,5.0,1.0394,,13.4458,nSat,1736.1499219079758,21149.168662906985
