Name,Min,1%,5%,50%,95%,99%,Max,,90% Range,98% Range,StdDev,,Mean,Units,Skewness,Kurtosis
Local Clock Frequency Offset,7.1165,7.2355,7.5117,7.689,7.7814, 7.8484,7.9365,,0.2698,0.6129,0.1028,,7.6733,ppm,399043.38603566715,29388742.06727979
Local Clock Time Offset,-18.655,-2.336,-0.408,0.002,0.63, 1.67,8.464,,1.038,4.006,0.5972,,-0.0004,µs,-7.662912799771505,108.42720909795588
Local RMS Frequency Jitter,0.315,0.572,0.765,1.76,8.999, 18.32,51.541,,8.234,17.748,3.5058,,3.0832,ppb,3.280010742879912,21.3616578177799
Local RMS Time Jitter,0.048,0.086,0.12,0.273,1.251, 2.163,8.176,,1.131,2.077,0.4432,,0.4355,µs,3.726594319404691,29.141137122289898
Server Jitter SHM(0),0.1002,0.409,0.6135,1.5187,3.8467, 5.3399,8.2474,,3.2331,4.9309,1.0291,,1.7739,ms,4.181984502059172,14.965546632398251
Server Jitter SHM(1),0.012,0.047,0.072,0.212,1.697, 3.618,18.698,,1.625,3.571,0.726,,0.4446,µs,4.158907378546793,44.406551780929206
Server Offset SHM(0),-21.0943,-18.8013,-16.9372,-9.4665,-0.7039, 5.8465,8.9416,,16.2334,24.6479,4.8839,,-9.191,ms,-32.06934932295426,116.5206983302972
Server Offset SHM(1),-18.656,-2.337,-0.409,0.003,0.631, 1.671,8.465,,1.04,4.008,0.5976,,-0.0004,µs,-7.656363787701148,108.2088063649204
Temp ZONE0,46.3,47.4,49.6,52.35,55.1, 56.2,56.75,,5.5,8.8,1.7313,,52.35,°C,25079.008784426358,735776.9892282347
