Name,Min,1%,5%,50%,95%,99%,Max,,90% Range,98% Range,StdDev,,Mean,Units,Skewness,Kurtosis
Local Clock Frequency Offset,8.0592,8.1573,8.1779,8.4375,8.5285, 8.581,8.6389,,0.3505,0.4237,0.1232,,8.3892,ppm,302582.4285707564,20322730.08666133
Local Clock Time Offset,-12.851,-2.221,-0.362,0.002,0.556, 1.692,6.406,,0.918,3.913,0.5821,,0.0001,µs,-6.660749406255862,73.74704040097103
Local RMS Frequency Jitter,0.28,0.464,0.614,1.433,8.469, 19.298,35.564,,7.855,18.834,3.5444,,2.8543,ppb,2.747930447036492,15.03021277663512
Local RMS Time Jitter,0.037,0.072,0.099,0.23,1.18, 2.308,5.201,,1.081,2.236,0.4323,,0.396,µs,2.9792961434327014,16.627263055704347
Server Jitter SHM(0),0.1984,0.3654,0.5418,1.4176,3.4498, 5.3274,9.0274,,2.908,4.962,0.9659,,1.6387,ms,4.3456544570318005,17.361503131830347
Server Jitter SHM(1),0.011,0.037,0.057,0.169,1.717, 3.876,12.916,,1.66,3.839,0.7219,,0.4075,µs,3.308530438828807,27.356347551392282
Server Offset SHM(0),10.924,12.1318,13.549,18.9374,24.1274, 25.3853,27.6992,,10.5784,13.2535,3.3635,,18.7138,ms,108.75673652973634,561.0319184598501
Server Offset SHM(1),-12.852,-2.222,-0.363,0.003,0.557, 1.693,6.407,,0.92,3.915,0.5825,,0.0001,µs,-6.656361325660179,73.62444086822074
TDOP,0.59,0.61,0.71,1.26,3.29, 13.66,49.45,,2.58,13.05,3.4648,,1.8407, ,9.772754019451522,130.28948024566628
Temp ZONE0,48.5,49.05,49.6,54.0,57.85, 58.95,59.5,,8.25,9.9,2.5636,,53.3996,°C,7857.702041722453,157008.63166132622
nSats,5.0,5.0,5.0,14.0,16.0, 16.0,16.0,,11.0,11.0,3.4552,,12.4417,nSat,24.096624192785203,76.04819756063029
