Name,Min,1%,5%,50%,95%,99%,Max,,90% Range,98% Range,StdDev,,Mean,Units,Skewness,Kurtosis
Local Clock Frequency Offset,8.8781,8.9906,9.0183,9.1866,9.2564, 9.2828,9.3463,,0.2381,0.2922,0.0745,,9.1695,ppm,1819197.5735530131,222108076.01898742
Local Clock Time Offset,-21.484,-2.277,-0.651,0.023,0.606, 1.936,12.645,,1.257,4.213,0.6702,,-0.0008,µs,-6.538355136748216,114.66232236509124
Local RMS Frequency Jitter,0.488,1.075,1.34,2.44,9.718, 19.069,68.13,,8.378,17.994,3.75,,3.6588,ppb,5.035155259340483,45.65757310429867
Local RMS Time Jitter,0.083,0.169,0.209,0.37,1.228, 2.119,9.246,,1.019,1.95,0.4447,,0.5045,µs,6.20308354644696,65.19826317448852
Server Jitter SHM(0),0.0697,0.3399,0.5545,1.3722,3.1917, 4.9132,8.0235,,2.6372,4.5734,0.8786,,1.5601,ms,4.7535334673167835,19.38391675211044
Server Jitter SHM(1),0.032,0.093,0.14,0.351,1.827, 3.728,21.116,,1.687,3.635,0.7762,,0.5748,µs,5.882538074999383,77.87805692607678
Server Offset SHM(0),12.3338,12.8671,13.6786,19.2475,24.2176, 25.3859,27.1592,,10.539,12.5188,3.3439,,19.0048,ms,116.73651689631423,613.912435347606
Server Offset SHM(1),-21.485,-2.278,-0.652,0.024,0.607, 1.937,12.646,,1.259,4.215,0.6706,,-0.0007,µs,-6.533351458769107,114.41307069476028
TDOP,0.69,0.73,0.81,1.33,8.21, 29.76,47.1,,7.4,29.03,4.9346,,2.639, ,4.118867749845248,31.199774701721775
Temp ZONE0,50.7,50.7,51.25,53.45,58.4, 59.5,59.5,,7.15,8.8,2.0077,,53.8517,°C,17296.202780314,448707.451091787
nSats,9.0,9.0,12.0,14.0,15.0, 16.0,16.0,,3.0,7.0,1.2695,,13.6556,nSat,957.3503374717379,9611.447530766754
