Name,Min,1%,5%,50%,95%,99%,Max,,90% Range,98% Range,StdDev,,Mean,Units,Skewness,Kurtosis
Local Clock Frequency Offset,8.4747,8.5638,8.609,8.9243,9.0054, 9.0176,9.079,,0.3964,0.4538,0.1182,,8.8827,ppm,408286.94230474485,30299890.36192597
Local Clock Time Offset,-13.093,-2.181,-0.431,0.007,0.503, 1.653,9.082,,0.934,3.834,0.5526,,0.0001,µs,-6.243694954555066,70.61444277810648
Local RMS Frequency Jitter,0.316,0.565,0.761,1.697,8.084, 17.572,42.992,,7.323,17.007,3.2151,,2.8858,ppb,3.188294161421685,18.674958204580918
Local RMS Time Jitter,0.041,0.087,0.118,0.259,1.065, 1.966,5.497,,0.947,1.879,0.3776,,0.3922,µs,3.721445166643727,24.5958334984695
Server Jitter SHM(0),0.1421,0.3199,0.5016,1.3804,3.5044, 5.4953,8.1085,,3.0028,5.1754,0.9888,,1.6016,ms,4.019046198280978,15.610064099456478
Server Jitter SHM(1),0.006,0.042,0.065,0.201,1.581, 3.404,12.841,,1.516,3.362,0.6672,,0.4214,µs,3.65787122671516,32.10293596801282
Server Offset SHM(0),9.011,12.5838,13.8351,18.8221,23.9461, 25.0203,27.8034,,10.111,12.4365,3.3158,,18.5186,ms,110.21470078681281,571.315115514082
Server Offset SHM(1),-13.094,-2.182,-0.432,0.008,0.504, 1.654,9.083,,0.936,3.836,0.553,,0.0001,µs,-6.239230451071275,70.47309879543528
TDOP,0.69,0.71,0.75,1.05,11.38, 50.62,124.37,,10.63,49.91,12.0143,,3.9925, ,5.9932345852645295,59.74236987919874
Temp ZONE0,49.05,49.05,50.15,56.75,59.5, 60.6,61.7,,9.35,11.55,2.9703,,55.9067,°C,5713.425958712222,102741.00394412053
nSats,9.0,10.0,12.0,14.0,16.0, 16.0,16.0,,4.0,6.0,1.2712,,13.725,nSat,969.0744534715133,9769.87596843636
