Name,Min,1%,5%,50%,95%,99%,Max,,90% Range,98% Range,StdDev,,Mean,Units,Skewness,Kurtosis
Local Clock Frequency Offset,8.1509,8.2646,8.3038,8.467,8.5581, 8.6225,8.6729,,0.2544,0.3579,0.0741,,8.4581,ppm,1447660.6541884576,163790932.9877423
Local Clock Time Offset,-14.443,-2.182,-0.373,0.002,0.577, 1.738,6.474,,0.95,3.92,0.5994,,0.0002,µs,-6.842055213153968,85.41890948975063
Local RMS Frequency Jitter,0.287,0.532,0.679,1.434,8.601, 20.005,39.907,,7.922,19.473,3.6737,,2.9088,ppb,2.9552438900738363,17.435590279628002
Local RMS Time Jitter,0.047,0.084,0.112,0.232,1.158, 2.412,5.91,,1.046,2.328,0.4504,,0.4032,µs,3.4117296715927057,21.797679911522522
Server Jitter SHM(0),0.1858,0.3731,0.5567,1.3807,3.4363, 5.5593,8.3615,,2.8796,5.1862,0.9649,,1.6022,ms,4.361658643364725,17.88194891268465
Server Jitter SHM(1),0.013,0.043,0.064,0.174,1.722, 3.907,14.397,,1.658,3.864,0.7446,,0.4183,µs,3.6627159030116148,32.97817887825903
Server Offset SHM(0),10.038,12.349,13.7364,19.2107,24.4108, 25.7087,27.4659,,10.6744,13.3597,3.3976,,19.0411,ms,111.39285332569438,578.1448738599689
Server Offset SHM(1),-14.444,-2.183,-0.374,0.003,0.578, 1.739,6.475,,0.952,3.922,0.5998,,0.0003,µs,-6.837441409788043,85.27309646172085
TDOP,0.65,0.68,0.75,1.19,8.43, 31.35,65.74,,7.68,30.67,6.0168,,2.7234, ,5.3587182582330435,49.95735731601945
Temp ZONE0,50.15,50.15,51.25,53.45,55.1, 55.65,56.2,,3.85,5.5,1.2208,,53.2208,°C,77418.98763445413,3303225.7783182245
nSats,5.0,5.0,5.0,14.0,15.0, 16.0,16.0,,10.0,11.0,3.0018,,12.8375,nSat,43.301430994998945,162.0955167293932
