Name,Min,1%,5%,50%,95%,99%,Max,,90% Range,98% Range,StdDev,,Mean,Units,Skewness,Kurtosis
Local Clock Frequency Offset,8.9625,9.0869,9.1093,9.1332,9.1621, 9.1758,9.2109,,0.0528,0.089,0.0171,,9.1333,ppm,151628732.6094244,80855901375.95758
Local Clock Time Offset,-11.214,-2.092,-0.444,0.009,0.515, 1.748,7.711,,0.959,3.84,0.567,,-0.0001,µs,-6.10923765706433,68.86014666870398
Local RMS Frequency Jitter,0.317,0.621,0.813,1.713,8.19, 18.496,38.558,,7.377,17.875,3.3144,,2.9438,ppb,3.2739729005986606,19.07964957722087
Local RMS Time Jitter,0.052,0.099,0.132,0.27,1.077, 2.114,4.615,,0.945,2.015,0.3813,,0.4043,µs,3.6706192539510787,21.781769779115518
Server Jitter SHM(0),0.1355,0.3392,0.5139,1.3761,3.4933, 5.3909,8.2687,,2.9794,5.0518,0.9749,,1.5973,ms,4.120816604464783,16.16131772176393
Server Jitter SHM(1),0.014,0.052,0.079,0.218,1.602, 3.547,11.072,,1.523,3.495,0.6865,,0.4399,µs,3.8383279554350653,32.606718903819996
Server Offset SHM(0),9.3562,12.0025,13.76,18.5607,23.2838, 24.665,27.5263,,9.5238,12.6625,3.1684,,18.3604,ms,124.61305809013052,668.3004760788156
Server Offset SHM(1),-11.215,-2.093,-0.445,0.01,0.516, 1.749,7.712,,0.961,3.842,0.5674,,-0.0001,µs,-6.1049794252496214,68.72420467509002
TDOP,0.68,0.68,0.74,1.04,6.33, 31.37,237.99,,5.59,30.69,15.5916,,3.0179, ,11.329082442211181,172.45552534055955
Temp ZONE0,54.0,54.55,55.1,56.75,58.4, 59.5,60.6,,3.3,4.95,0.93,,56.944,°C,218694.76666888432,13183315.555179792
nSats,11.0,11.0,11.0,14.0,15.0, 16.0,16.0,,4.0,5.0,1.2853,,13.6307,nSat,914.6878020043544,9057.106671097506
