Name,Min,1%,5%,50%,95%,99%,Max,,90% Range,98% Range,StdDev,,Mean,Units,Skewness,Kurtosis
Local Clock Frequency Offset,8.8761,9.0737,9.1098,9.2518,9.3546, 9.3728,9.4295,,0.2448,0.2991,0.0685,,9.2498,ppm,2405820.68510413,322403021.54230213
Local Clock Time Offset,-13.528,-2.309,-0.524,0.007,0.587, 1.997,8.397,,1.111,4.306,0.6271,,0.0002,µs,-6.447456532310556,76.69063219518502
Local RMS Frequency Jitter,0.437,0.833,1.038,2.072,9.768, 18.209,41.851,,8.73,17.376,3.5599,,3.3707,ppb,3.5566141119672725,22.63744154860961
Local RMS Time Jitter,0.081,0.134,0.169,0.32,1.253, 2.087,6.752,,1.084,1.953,0.4188,,0.4608,µs,4.388068171707905,32.35420722694858
Server Jitter SHM(0),0.1387,0.3405,0.5203,1.3655,3.1869, 4.8497,8.7997,,2.6666,4.5092,0.8871,,1.5549,ms,4.568633978999726,18.44932567095031
Server Jitter SHM(1),0.02,0.064,0.098,0.262,1.846, 3.732,14.313,,1.748,3.668,0.7486,,0.5057,µs,4.002053352981455,37.212774974981905
Server Offset SHM(0),11.9393,13.5229,14.1645,19.2918,23.6174, 24.7896,26.7362,,9.4529,11.2666,3.0605,,18.803,ms,151.52832949294927,860.7762682498338
Server Offset SHM(1),-13.529,-2.31,-0.525,0.008,0.588, 1.998,8.398,,1.113,4.308,0.6275,,0.0002,µs,-6.443001650358154,76.5449605238459
TDOP,0.7,0.71,0.75,1.22,7.32, 23.17,100.17,,6.57,22.46,9.12,,2.8503, ,6.878359974951869,72.02176760573082
Temp ZONE0,50.7,51.8,52.35,54.55,58.95, 60.6,61.15,,6.6,8.8,2.0286,,55.1069,°C,17991.893285596983,472866.376375654
nSats,6.0,7.0,10.0,14.0,15.0, 16.0,16.0,,5.0,9.0,1.6677,,13.2375,nSat,353.52042444658866,2577.0383937475995
