Name,Min,1%,5%,50%,95%,99%,Max,,90% Range,98% Range,StdDev,,Mean,Units,Skewness,Kurtosis
Local Clock Frequency Offset,8.8466,8.9352,8.9871,9.1444,9.2351, 9.2583,9.3184,,0.2481,0.3231,0.0739,,9.1369,ppm,1845791.2116982997,226447422.21856743
Local Clock Time Offset,-27.583,-2.281,-0.489,0.004,0.55, 1.938,15.423,,1.039,4.219,0.6355,,-0.0006,µs,-7.127812355351076,167.51452924507734
Local RMS Frequency Jitter,0.347,0.69,0.877,1.915,9.745, 18.643,85.609,,8.868,17.953,3.7633,,3.243,ppb,4.555352685297958,51.27895837075617
Local RMS Time Jitter,0.061,0.11,0.139,0.29,1.209, 2.142,13.033,,1.07,2.032,0.456,,0.4372,µs,6.161623432011388,91.12382568430077
Server Jitter SHM(0),0.1734,0.3495,0.5408,1.3497,3.1601, 4.7814,7.4697,,2.6194,4.4318,0.8668,,1.5346,ms,4.644551739033551,18.522983404388295
Server Jitter SHM(1),0.019,0.054,0.08,0.234,1.807, 3.685,26.022,,1.727,3.631,0.7759,,0.479,µs,5.455927687681182,89.41403313931679
Server Offset SHM(0),11.9448,13.0768,13.9552,18.4211,23.5634, 24.9914,27.3562,,9.6082,11.9146,3.0991,,18.4453,ms,136.42629606043323,753.4720240100011
Server Offset SHM(1),-27.584,-2.282,-0.49,0.005,0.551, 1.939,15.424,,1.041,4.221,0.6359,,-0.0006,µs,-7.1223761807004715,167.1650598784806
TDOP,0.62,0.69,0.73,1.1,11.78, 62.46,130.7,,11.05,61.77,11.3982,,3.7348, ,5.462306092395293,57.16744982586873
Temp ZONE0,50.15,50.15,51.25,53.45,55.65, 56.75,57.3,,4.4,6.6,1.3289,,53.4523,°C,60456.28043345876,2375844.5360682104
nSats,9.0,11.0,11.0,14.0,15.0, 16.0,16.0,,4.0,5.0,1.2876,,13.6058,nSat,903.7293130688189,8907.099119531757
