Name,Min,1%,5%,50%,95%,99%,Max,,90% Range,98% Range,StdDev,,Mean,Units,Skewness,Kurtosis
Local Clock Frequency Offset,7.4091,7.5249,7.5513,7.8214,7.8933, 7.9512,8.055,,0.342,0.4263,0.1082,,7.7824,ppm,356800.73149912845,25316501.035334274
Local Clock Time Offset,-12.87,-2.165,-0.4,0.004,0.549, 1.747,6.883,,0.949,3.912,0.5872,,0.0007,µs,-6.9043682374900195,84.00694145327331
Local RMS Frequency Jitter,0.23,0.595,0.776,1.685,8.941, 18.864,37.829,,8.165,18.269,3.4892,,2.9835,ppb,3.1164663260028775,17.806794191769427
Local RMS Time Jitter,0.04,0.091,0.123,0.27,1.241, 2.29,5.228,,1.118,2.199,0.4384,,0.4294,µs,3.397857309141313,20.583186696007118
Server Jitter SHM(0),0.1782,0.4476,0.6727,1.5879,3.5303, 4.8635,7.4035,,2.8575,4.4159,0.9073,,1.7745,ms,5.136736133345648,17.568230400874892
Server Jitter SHM(1),0.02,0.048,0.077,0.211,1.633, 3.706,12.837,,1.556,3.658,0.7134,,0.4352,µs,3.9555854890156237,35.15098393310336
Server Offset SHM(0),-22.8405,-19.6895,-17.0544,-8.3193,1.4723, 6.9809,10.1806,,18.5266,26.6704,5.931,,-8.0529,ms,-19.98169994981721,64.95712886863821
Server Offset SHM(1),-12.871,-2.166,-0.401,0.005,0.55, 1.748,6.884,,0.951,3.914,0.5876,,0.0007,µs,-6.89915241916228,83.84858483054771
Temp ZONE0,48.5,49.05,50.15,53.45,55.1, 56.2,56.75,,4.95,7.15,1.718,,52.9662,°C,26632.23477283512,797072.4201899949
