Name,Min,1%,5%,50%,95%,99%,Max,,90% Range,98% Range,StdDev,,Mean,Units,Skewness,Kurtosis
Local Clock Frequency Offset,7.8642,8.0391,8.1502,8.2104,8.327, 8.3668,8.4451,,0.1768,0.3277,0.0587,,8.2201,ppm,2687137.094475007,373621018.5059705
Local Clock Time Offset,-20.883,-2.256,-0.479,0.006,0.535, 1.823,11.555,,1.014,4.079,0.5812,,0.0009,µs,-6.231884370507924,106.1579720758128
Local RMS Frequency Jitter,0.425,0.637,0.826,1.787,8.893, 16.999,64.034,,8.067,16.362,3.3813,,3.0358,ppb,3.8481009912526836,33.06978108972835
Local RMS Time Jitter,0.059,0.099,0.13,0.27,1.064, 1.91,9.609,,0.934,1.811,0.3988,,0.4053,µs,5.15520109663671,59.81821120144442
Server Jitter SHM(0),0.1545,0.3193,0.5139,1.4741,3.6252, 5.6088,11.2045,,3.1113,5.2895,1.0311,,1.7048,ms,4.13944518438664,16.780673191052024
Server Jitter SHM(1),0.012,0.043,0.069,0.22,1.711, 3.342,19.744,,1.642,3.299,0.7022,,0.4487,µs,4.43748777248128,56.03601249497794
Server Offset SHM(0),3.494,10.4111,13.1799,18.2089,23.475, 24.6916,26.0992,,10.2951,14.2805,3.293,,18.2221,ms,106.66501643898842,546.0050157036469
Server Offset SHM(1),-20.884,-2.257,-0.48,0.007,0.536, 1.824,11.556,,1.016,4.081,0.5816,,0.001,µs,-6.2275220171195205,105.92908576314784
TDOP,0.71,0.71,0.76,1.04,33.06, 82.68,110.35,,32.3,81.97,14.4309,,5.9198, ,2.3767828009361214,17.16552415694975
Temp ZONE0,48.5,50.15,51.25,52.35,54.55, 55.65,56.2,,3.3,5.5,1.1382,,52.6376,°C,92764.42081690505,4203403.995334487
nSats,10.0,10.0,11.0,14.0,15.0, 16.0,16.0,,4.0,6.0,1.1913,,13.5311,nSat,1141.9258957393683,12135.504359757742
