Name,Min,1%,5%,50%,95%,99%,Max,,90% Range,98% Range,StdDev,,Mean,Units,Skewness,Kurtosis
Local Clock Frequency Offset,8.8829,9.1049,9.1266,9.1582,9.183, 9.209,9.2439,,0.0564,0.1041,0.0196,,9.1569,ppm,102098995.25318487,47719870636.89081
Local Clock Time Offset,-21.949,-2.137,-0.504,0.014,0.521, 1.743,12.155,,1.025,3.88,0.6139,,-0.0001,µs,-8.134480448706837,160.91601716427883
Local RMS Frequency Jitter,0.375,0.757,0.955,1.896,8.379, 18.575,69.02,,7.424,17.818,3.6473,,3.1195,ppb,4.658412190505716,42.79456332888414
Local RMS Time Jitter,0.066,0.121,0.154,0.3,1.099, 2.178,10.371,,0.945,2.057,0.4477,,0.4377,µs,5.886648656536545,64.78024918044655
Server Jitter SHM(0),0.209,0.3376,0.4824,1.3432,3.3692, 5.3588,9.1724,,2.8868,5.0213,0.9766,,1.5631,ms,4.037758051273646,16.588672351549736
Server Jitter SHM(1),0.018,0.062,0.096,0.257,1.598, 3.606,20.357,,1.502,3.544,0.7456,,0.4763,µs,5.858020704681579,80.14446676699909
Server Offset SHM(0),9.667,11.7615,13.0603,18.1587,23.1062, 24.5068,26.5611,,10.0459,12.7453,3.1819,,17.9717,ms,114.39457745246233,599.0440906715087
Server Offset SHM(1),-21.95,-2.138,-0.505,0.015,0.522, 1.744,12.156,,1.027,3.882,0.6143,,0.0,µs,-8.126572439784082,160.56007210836154
TDOP,0.69,0.74,0.81,1.15,27.4, 69.17,99.08,,26.59,68.43,12.8753,,4.565, ,2.7735326018259903,19.62346183491325
Temp ZONE0,53.45,54.55,55.1,56.75,58.95, 60.05,60.6,,3.85,5.5,1.0747,,56.624,°C,138238.35458304294,7153255.805595853
nSats,11.0,12.0,12.0,14.0,15.0, 16.0,16.0,,3.0,4.0,1.063,,13.6917,nSat,1712.4104203637096,20766.56367142178
