Name,Min,1%,5%,50%,95%,99%,Max,,90% Range,98% Range,StdDev,,Mean,Units,Skewness,Kurtosis
Local Clock Frequency Offset,7.3873,7.5357,7.5536,7.7392,7.8746, 7.9091,8.0056,,0.321,0.3734,0.104,,7.7383,ppm,396253.3113188777,29115459.17258128
Local Clock Time Offset,-13.239,-2.407,-0.409,0.002,0.644, 1.692,7.503,,1.053,4.099,0.5937,,0.0004,µs,-6.994927790523503,80.7186672395994
Local RMS Frequency Jitter,0.278,0.574,0.76,1.758,9.083, 18.208,39.28,,8.323,17.634,3.4584,,3.0958,ppb,2.9737313544089186,16.997139170466703
Local RMS Time Jitter,0.037,0.087,0.118,0.272,1.257, 2.123,5.137,,1.139,2.036,0.4271,,0.4326,µs,3.1342232396038945,17.987872144882022
Server Jitter SHM(0),0.1461,0.3705,0.5738,1.4495,3.4496, 4.5791,9.238,,2.8758,4.2086,0.901,,1.6476,ms,4.514104093783089,15.96662840502783
Server Jitter SHM(1),0.015,0.047,0.074,0.212,1.739, 3.552,13.268,,1.665,3.505,0.7163,,0.448,µs,3.6593421611141266,32.59879024090775
Server Offset SHM(0),-25.5455,-19.6157,-17.433,-9.5682,-1.3577, 1.9934,5.6986,,16.0753,21.6091,4.9793,,-9.4424,ms,-32.922811164871966,122.50500478330609
Server Offset SHM(1),-13.24,-2.408,-0.41,0.003,0.645, 1.693,7.504,,1.055,4.101,0.5941,,0.0004,µs,-6.989559425794083,80.56581378324992
Temp ZONE0,49.05,49.6,50.15,52.9,56.2, 58.4,58.95,,6.05,8.8,2.0095,,53.0689,°C,16479.84856852615,420693.59045790555
