Name,Min,1%,5%,50%,95%,99%,Max,,90% Range,98% Range,StdDev,,Mean,Units,Skewness,Kurtosis
Local Clock Frequency Offset,8.7353,8.9147,8.9665,9.1404,9.2205, 9.2638,9.3027,,0.254,0.349,0.082,,9.1175,ppm,1340312.9705627146,147801591.4384316
Local Clock Time Offset,-15.117,-2.278,-0.462,0.002,0.518, 2.014,8.562,,0.98,4.292,0.6049,,0.0001,µs,-5.808998968235738,71.69693655437923
Local RMS Frequency Jitter,0.375,0.652,0.821,1.777,9.961, 18.488,43.308,,9.14,17.836,3.5613,,3.1117,ppb,3.139540396356678,19.289701426648374
Local RMS Time Jitter,0.061,0.102,0.13,0.265,1.228, 2.021,6.393,,1.098,1.919,0.4106,,0.4119,µs,3.73787701828724,25.944384860396813
Server Jitter SHM(0),0.1899,0.3442,0.5117,1.3937,3.3413, 5.2902,8.9474,,2.8295,4.946,0.9365,,1.5871,ms,4.386462727462454,17.887054464716893
Server Jitter SHM(1),0.013,0.046,0.069,0.204,1.818, 3.71,14.699,,1.749,3.664,0.74,,0.4505,µs,3.607443442672765,32.91868473868881
Server Offset SHM(0),10.8708,12.6446,13.6448,18.7764,23.3112, 24.4926,26.2245,,9.6664,11.848,3.1699,,18.4069,ms,125.44602273146148,673.6517252151443
Server Offset SHM(1),-15.118,-2.279,-0.463,0.003,0.519, 2.015,8.563,,0.982,4.294,0.6053,,0.0001,µs,-5.805889663465864,71.57195608331786
TDOP,0.63,0.66,0.77,1.5,21.01, 39.31,97.12,,20.24,38.65,9.9676,,4.6972, ,4.113718079242851,35.828281628335816
Temp ZONE0,49.6,50.15,51.25,54.0,56.2, 57.3,57.3,,4.95,7.15,1.5137,,53.6379,°C,40931.550445011664,1412988.3515808112
nSats,8.0,9.0,11.0,14.0,16.0, 16.0,16.0,,5.0,7.0,1.4487,,13.6625,nSat,623.7094985113594,5452.984688019794
