Name,Min,1%,5%,50%,95%,99%,Max,,90% Range,98% Range,StdDev,,Mean,Units,Skewness,Kurtosis
Local Clock Frequency Offset,8.8652,8.9924,9.0251,9.1615,9.2114, 9.2373,9.2959,,0.1863,0.245,0.0539,,9.1495,ppm,4803046.242224875,810437005.0050588
Local Clock Time Offset,-23.613,-2.228,-0.658,0.016,0.597, 1.938,13.86,,1.255,4.166,0.6548,,-0.0001,µs,-6.789941635723385,118.05084390487953
Local RMS Frequency Jitter,0.562,1.01,1.242,2.38,9.709, 18.977,76.132,,8.467,17.967,3.6499,,3.5889,ppb,4.72460598480091,44.08009742878111
Local RMS Time Jitter,0.085,0.161,0.197,0.361,1.246, 2.192,13.684,,1.049,2.031,0.4565,,0.497,µs,7.056987003733573,105.47427390518685
Server Jitter SHM(0),0.23,0.3823,0.5784,1.4169,3.2198, 5.2526,8.8087,,2.6413,4.8703,0.9019,,1.5975,ms,4.8264011697827875,20.111503699841823
Server Jitter SHM(1),0.023,0.07,0.11,0.331,1.789, 3.658,21.641,,1.679,3.588,0.7649,,0.5544,µs,5.4369549649466204,71.59875254101273
Server Offset SHM(0),11.9101,13.1708,13.9726,19.0349,23.8228, 25.3066,27.8835,,9.8501,12.1358,3.2342,,18.898,ms,128.18216560990697,693.8911429032912
Server Offset SHM(1),-23.614,-2.229,-0.659,0.017,0.598, 1.939,13.861,,1.257,4.168,0.6552,,-0.0001,µs,-6.784524896569146,117.79468912512742
TDOP,0.74,0.77,0.83,1.18,8.52, 32.71,95.73,,7.69,31.94,7.9874,,3.1088, ,6.4151773517912245,69.29650496422472
Temp ZONE0,50.7,51.8,52.35,54.0,56.2, 56.75,57.3,,3.85,4.95,1.1858,,54.2807,°C,89905.73509009871,4031618.853563521
nSats,10.0,11.0,11.0,13.0,15.0, 16.0,16.0,,4.0,5.0,1.2318,,13.3112,nSat,972.2669284953221,9818.605069874762
