Name,Min,1%,5%,50%,95%,99%,Max,,90% Range,98% Range,StdDev,,Mean,Units,Skewness,Kurtosis
Local Clock Frequency Offset,8.2575,8.4484,8.4856,9.1579,9.2185, 9.2275,9.2975,,0.7329,0.7791,0.2189,,9.0821,ppm,66469.91975818925,2695610.687802274
Local Clock Time Offset,-18.359,-2.016,-0.533,0.016,0.554, 1.699,11.253,,1.087,3.715,0.5873,,0.0018,µs,-6.568449254727832,104.44572063080348
Local RMS Frequency Jitter,0.374,0.834,1.045,1.999,8.218, 17.724,58.548,,7.173,16.89,3.3506,,3.1396,ppb,4.4803992512813196,37.72884920850279
Local RMS Time Jitter,0.071,0.132,0.166,0.308,1.058, 2.008,7.954,,0.892,1.876,0.3877,,0.4301,µs,5.374142253700023,52.536599956023835
Server Jitter SHM(0),0.1933,0.3598,0.5424,1.3666,3.4804, 5.1049,8.1984,,2.938,4.7451,0.942,,1.5915,ms,4.248554267416833,16.24438747523242
Server Jitter SHM(1),0.024,0.069,0.105,0.274,1.573, 3.435,17.236,,1.468,3.366,0.6921,,0.4826,µs,5.276497955968789,63.9687913353021
Server Offset SHM(0),11.6292,13.0373,14.0584,18.7803,24.074, 25.3994,27.6213,,10.0156,12.3621,3.1302,,18.828,ms,141.3101630663765,788.3941074860056
Server Offset SHM(1),-18.36,-2.017,-0.534,0.017,0.555, 1.7,11.254,,1.089,3.717,0.5877,,0.0019,µs,-6.562949878371479,104.20057586975963
TDOP,0.62,0.64,0.67,0.99,7.66, 15.33,138.38,,6.99,14.69,9.121,,2.491, ,11.22857188901261,167.90015828172383
Temp ZONE0,45.75,46.85,47.95,56.75,58.95, 62.25,62.8,,11.0,15.4,3.3542,,55.8668,°C,3882.690304131491,61459.30492324508
nSats,8.0,9.0,10.0,13.0,15.0, 15.0,16.0,,5.0,6.0,1.421,,13.1494,nSat,586.1446112290582,5024.004980798825
