Name,Min,1%,5%,50%,95%,99%,Max,,90% Range,98% Range,StdDev,,Mean,Units,Skewness,Kurtosis
Local Clock Frequency Offset,7.8809,8.0302,8.0518,8.1529,8.2429, 8.2618,8.3226,,0.1911,0.2317,0.0557,,8.1508,ppm,3076160.1500619003,447424318.4562988
Local Clock Time Offset,-13.086,-2.212,-0.43,0.001,0.524, 1.836,9.002,,0.954,4.048,0.5632,,0.0002,µs,-6.068674180094602,68.89432611695493
Local RMS Frequency Jitter,0.335,0.556,0.71,1.66,8.762, 17.132,40.378,,8.052,16.576,3.2913,,2.925,ppb,2.9634584928311667,17.198940102020895
Local RMS Time Jitter,0.046,0.087,0.112,0.245,1.049, 1.913,6.434,,0.937,1.826,0.3848,,0.3842,µs,3.8108459703285704,28.059063201286254
Server Jitter SHM(0),0.1915,0.3464,0.4945,1.4217,3.5676, 5.6197,8.7804,,3.0732,5.2733,1.0137,,1.6446,ms,3.9911515374771542,15.359006329493644
Server Jitter SHM(1),0.013,0.04,0.06,0.188,1.709, 3.457,12.815,,1.649,3.417,0.6856,,0.4242,µs,3.380826854546946,29.386397348313643
Server Offset SHM(0),11.1299,12.5379,13.7965,18.6137,23.4837, 25.1605,27.5599,,9.6873,12.6227,3.2198,,18.3928,ms,118.87942086425116,630.0645948833942
Server Offset SHM(1),-13.087,-2.213,-0.431,0.002,0.525, 1.837,9.003,,0.956,4.05,0.5636,,0.0002,µs,-6.064904333099594,68.76690921915306
TDOP,0.73,0.76,0.86,1.33,4.68, 22.0,162.06,,3.82,21.24,10.7841,,2.6457, ,10.897479250990349,161.37540114544004
Temp ZONE0,50.7,50.7,51.8,54.0,55.65, 56.2,56.75,,3.85,5.5,1.1665,,53.7353,°C,91646.67301954959,4136003.9667362343
nSats,7.0,10.0,11.0,14.0,16.0, 16.0,16.0,,5.0,6.0,1.5025,,13.8299,nSat,576.191062180557,4914.920301554192
