Name,Min,1%,5%,50%,95%,99%,Max,,90% Range,98% Range,StdDev,,Mean,Units,Skewness,Kurtosis
Local Clock Frequency Offset,7.3026,7.4032,7.4368,7.5365,7.6808, 7.7095,7.7847,,0.244,0.3063,0.0738,,7.5505,ppm,1041072.1739404334,105534057.18947677
Local Clock Time Offset,-14.704,-2.312,-0.4,0.004,0.582, 1.669,7.761,,0.982,3.981,0.6018,,0.0001,µs,-7.540272028968952,99.31937381830963
Local RMS Frequency Jitter,0.243,0.539,0.763,1.748,9.078, 18.978,43.036,,8.315,18.439,3.563,,3.0731,ppb,3.155508659472881,18.94367520751846
Local RMS Time Jitter,0.044,0.085,0.121,0.286,1.273, 2.276,6.433,,1.152,2.191,0.4527,,0.4468,µs,3.5191447436693752,23.403962656866362
Server Jitter SHM(0),0.3335,0.6229,0.871,2.1033,6.5587, 12.1451,36.5319,,5.6877,11.5223,2.2342,,2.7567,ms,4.301680652846466,30.974100700993866
Server Jitter SHM(1),0.012,0.047,0.075,0.212,1.684, 3.72,14.674,,1.609,3.673,0.7371,,0.4465,µs,4.017621020585771,38.69170575309495
Server Offset SHM(0),-74.9031,-57.4975,-53.3966,-20.1472,-3.0776, 3.8196,8.8157,,50.319,61.3171,14.319,,-22.615,ms,-25.86856312636784,97.73925003391604
Server Offset SHM(1),-14.705,-2.313,-0.401,0.005,0.583, 1.67,7.762,,0.984,3.983,0.6022,,0.0001,µs,-7.534122608272944,99.1310365366407
Temp ZONE0,49.05,50.15,51.25,52.9,57.85, 60.6,60.6,,6.6,10.45,2.2794,,53.5481,°C,11447.357490601109,259063.55319777812
