Name,Min,1%,5%,50%,95%,99%,Max,,90% Range,98% Range,StdDev,,Mean,Units,Skewness,Kurtosis
Local Clock Frequency Offset,7.3683,7.4342,7.4811,7.897,8.0044, 8.0248,8.0958,,0.5234,0.5906,0.1743,,7.8247,ppm,84724.13310624851,3724882.803800132
Local Clock Time Offset,-15.434,-2.091,-0.4,0.001,0.47, 1.816,7.571,,0.87,3.907,0.5562,,0.0009,µs,-6.580420408261702,88.80928231391907
Local RMS Frequency Jitter,0.235,0.507,0.654,1.564,8.585, 17.423,42.647,,7.931,16.916,3.3138,,2.8151,ppb,3.071341359285934,18.989878054021638
Local RMS Time Jitter,0.031,0.078,0.102,0.233,1.068, 2.015,6.577,,0.966,1.937,0.3968,,0.3766,µs,3.6920438068909576,27.43555779146522
Server Jitter SHM(0),0.1653,0.3585,0.5561,1.4212,3.4763, 5.5599,8.356,,2.9203,5.2013,0.9866,,1.6534,ms,4.3155334777785415,17.206015596589943
Server Jitter SHM(1),0.013,0.034,0.052,0.165,1.621, 3.372,15.433,,1.569,3.338,0.6849,,0.3981,µs,3.652478737146848,36.123062470774116
Server Offset SHM(0),10.2465,11.5081,12.8421,18.211,22.9994, 24.5238,26.5305,,10.1574,13.0158,3.1391,,17.9319,ms,118.75849848877186,628.093494307875
Server Offset SHM(1),-15.435,-2.092,-0.401,0.002,0.471, 1.817,7.572,,0.872,3.909,0.5566,,0.001,µs,-6.575745022226214,88.63835659105047
TDOP,0.65,0.67,0.73,1.01,8.11, 35.48,66.59,,7.38,34.81,6.6869,,2.6457, ,4.4889288911769025,38.707073160517034
Temp ZONE0,46.85,47.4,48.5,52.9,55.65, 56.2,56.2,,7.15,8.8,2.259,,52.4048,°C,11004.594217205506,245738.97658677032
nSats,10.0,10.0,12.0,14.0,16.0, 16.0,16.0,,4.0,6.0,1.3539,,13.8672,nSat,816.9361640079488,7800.048053082926
