Name,Min,1%,5%,50%,95%,99%,Max,,90% Range,98% Range,StdDev,,Mean,Units,Skewness,Kurtosis
Local Clock Frequency Offset,8.6779,8.8552,8.9061,9.0804,9.2845, 9.3491,9.4061,,0.3784,0.4939,0.1201,,9.0823,ppm,416211.792651181,31086770.90431005
Local Clock Time Offset,-19.798,-2.226,-0.582,0.012,0.602, 1.923,10.411,,1.184,4.149,0.6373,,-0.0,µs,-6.369014967998028,95.8876223442758
Local RMS Frequency Jitter,0.585,0.921,1.145,2.23,9.561, 18.774,61.768,,8.416,17.853,3.5844,,3.4608,ppb,4.246334007118115,33.3682560911744
Local RMS Time Jitter,0.089,0.146,0.181,0.339,1.235, 2.156,9.056,,1.054,2.01,0.435,,0.4769,µs,5.380977345587775,53.50527808664558
Server Jitter SHM(0),0.1673,0.3328,0.5304,1.4064,3.1163, 4.9673,7.3164,,2.5859,4.6346,0.8644,,1.5728,ms,4.790294226120617,18.7405484090712
Server Jitter SHM(1),0.024,0.072,0.107,0.298,1.786, 3.646,18.507,,1.679,3.574,0.7459,,0.5286,µs,4.82801634046282,54.37377597232911
Server Offset SHM(0),11.6483,13.1448,14.0743,18.9318,23.6416, 24.8478,27.4646,,9.5673,11.703,3.1161,,18.8094,ms,142.86351567185656,797.79909951875
Server Offset SHM(1),-19.799,-2.227,-0.583,0.013,0.603, 1.924,10.412,,1.186,4.151,0.6378,,0.0,µs,-6.364420211545176,95.68597835626886
TDOP,0.68,0.69,0.74,1.25,9.1, 34.2,109.62,,8.36,33.51,8.2237,,3.0269, ,7.699082264103251,97.96687157805651
Temp ZONE0,48.5,49.05,49.6,52.35,58.4, 59.5,60.05,,8.8,10.45,2.6296,,52.9092,°C,7049.214225880778,135946.30890864186
nSats,7.0,9.0,12.0,14.0,15.0, 16.0,16.0,,3.0,7.0,1.1829,,13.5292,nSat,1167.1639777179696,12476.462832281826
