Name,Min,1%,5%,50%,95%,99%,Max,,90% Range,98% Range,StdDev,,Mean,Units,Skewness,Kurtosis
Local Clock Frequency Offset,7.5273,7.6727,7.7312,7.9883,8.0859, 8.104,8.1699,,0.3547,0.4314,0.115,,7.9466,ppm,315752.42204216094,21510307.208690584
Local Clock Time Offset,-14.111,-2.182,-0.43,0.003,0.5, 1.769,7.157,,0.93,3.951,0.5614,,0.0,µs,-6.669920953776641,82.96520798695923
Local RMS Frequency Jitter,0.294,0.535,0.698,1.618,8.743, 17.182,39.904,,8.045,16.647,3.3095,,2.882,ppb,3.0079844904431225,17.92044354040413
Local RMS Time Jitter,0.039,0.082,0.107,0.239,1.067, 1.959,5.978,,0.96,1.877,0.3926,,0.3825,µs,3.6692226983647696,26.453271032187363
Server Jitter SHM(0),0.1757,0.3352,0.5011,1.3863,4.1356, 6.2497,15.994,,3.6345,5.9145,1.2449,,1.7099,ms,4.091574781891224,23.848332620930716
Server Jitter SHM(1),0.004,0.036,0.053,0.179,1.683, 3.424,14.101,,1.63,3.388,0.6881,,0.4142,µs,3.4636965818101833,31.962306983853658
Server Offset SHM(0),3.0288,11.3319,12.6803,17.8854,22.7026, 24.3561,27.1647,,10.0223,13.0242,3.2626,,17.5875,ms,97.74409091332144,488.4977611747749
Server Offset SHM(1),-14.112,-2.183,-0.431,0.004,0.5, 1.77,7.158,,0.931,3.953,0.5618,,0.0001,µs,-6.665073400971526,82.8073348337046
TDOP,0.65,0.67,0.71,1.46,7.0, 23.11,64.14,,6.29,22.44,5.0845,,2.5095, ,6.8566070203207214,78.37288120405246
Temp ZONE0,49.05,49.05,50.15,53.45,57.3, 57.85,58.4,,7.15,8.8,2.1802,,53.6906,°C,13260.10805648938,314971.4472590377
nSats,8.0,9.0,11.0,14.0,15.0, 15.0,16.0,,4.0,6.0,1.4292,,13.375,nSat,608.1184772357277,5274.650322852196
