Name,Min,1%,5%,50%,95%,99%,Max,,90% Range,98% Range,StdDev,,Mean,Units,Skewness,Kurtosis
Local Clock Frequency Offset,9.0248,9.1306,9.1522,9.2035,9.2372, 9.2545,9.2955,,0.085,0.1239,0.0245,,9.2007,ppm,52592403.29732223,19704716580.02715
Local Clock Time Offset,-12.62,-2.116,-0.497,0.011,0.515, 1.731,6.793,,1.012,3.847,0.5709,,0.0001,µs,-6.176841699348179,71.56934417751728
Local RMS Frequency Jitter,0.43,0.708,0.894,1.863,8.259, 18.387,36.187,,7.365,17.679,3.2785,,3.0291,ppb,3.329122173320239,18.616829951383117
Local RMS Time Jitter,0.072,0.112,0.143,0.29,1.102, 2.046,5.008,,0.959,1.934,0.3816,,0.4212,µs,3.77381717815655,22.718055237825673
Server Jitter SHM(0),0.1153,0.3378,0.5029,1.3125,3.4187, 5.533,8.3135,,2.9159,5.1952,0.9752,,1.5443,ms,4.097057418558741,16.81308354628764
Server Jitter SHM(1),0.016,0.052,0.082,0.237,1.627, 3.626,12.242,,1.545,3.574,0.6828,,0.4565,µs,3.82805783310933,32.25457354456663
Server Offset SHM(0),7.8889,12.1982,13.7044,18.9129,23.6028, 24.9525,28.2867,,9.8984,12.7543,3.264,,18.6067,ms,117.93142578424066,622.1576001746495
Server Offset SHM(1),-12.621,-2.117,-0.498,0.012,0.516, 1.732,6.794,,1.014,3.849,0.5713,,0.0001,µs,-6.172318620907321,71.42233474895863
TDOP,0.63,0.67,0.77,1.34,7.11, 27.88,106.83,,6.34,27.21,7.7831,,2.8554, ,8.556536008405942,111.27003773107819
Temp ZONE0,54.0,54.55,55.1,56.75,58.95, 60.6,61.7,,3.85,6.05,1.2112,,56.9052,°C,97355.87192079128,4482970.330068546
nSats,8.0,10.0,11.0,14.0,16.0, 16.0,16.0,,5.0,6.0,1.3357,,13.5975,nSat,800.5956423100856,7589.639776246824
