Name,Min,1%,5%,50%,95%,99%,Max,,90% Range,98% Range,StdDev,,Mean,Units,Skewness,Kurtosis
Local Clock Frequency Offset,8.6798,8.821,8.8356,8.8974,9.0265, 9.0689,9.1039,,0.1909,0.2479,0.0584,,8.9112,ppm,3481919.224877875,527792226.2365388
Local Clock Time Offset,-12.212,-2.109,-0.45,0.006,0.508, 1.804,7.856,,0.958,3.913,0.5656,,-0.0,µs,-6.201507370496384,74.08343406043227
Local RMS Frequency Jitter,0.383,0.638,0.832,1.771,8.205, 18.238,34.442,,7.373,17.6,3.2977,,2.9462,ppb,3.307370302271857,18.78205896190576
Local RMS Time Jitter,0.045,0.1,0.132,0.277,1.066, 2.09,4.988,,0.934,1.99,0.3831,,0.4057,µs,3.9523211391757758,25.586823383189998
Server Jitter SHM(0),0.1405,0.3013,0.5088,1.3701,3.3715, 5.2763,8.7837,,2.8627,4.975,0.9336,,1.5786,ms,4.3819114164227555,17.953636621333313
Server Jitter SHM(1),0.015,0.051,0.079,0.221,1.567, 3.521,12.165,,1.488,3.47,0.6766,,0.4376,µs,3.9290188095076575,34.065100527833444
Server Offset SHM(0),11.3235,12.6904,13.4973,18.4173,24.04, 25.2712,27.5285,,10.5427,12.5808,3.3029,,18.4181,ms,109.7484522996854,569.655517774123
Server Offset SHM(1),-12.213,-2.11,-0.451,0.007,0.509, 1.805,7.857,,0.96,3.915,0.566,,0.0,µs,-6.197111735750925,73.93436452087633
TDOP,0.57,0.64,0.74,1.12,10.15, 21.12,161.01,,9.41,20.48,10.9511,,3.3107, ,10.19352495507229,147.055059517617
Temp ZONE0,51.8,51.8,52.35,54.0,58.4, 61.15,61.7,,6.05,9.35,2.0306,,54.4222,°C,17254.6676898564,447290.28643593076
nSats,5.0,11.0,11.0,14.0,15.0, 16.0,16.0,,4.0,5.0,1.3909,,13.5021,nSat,685.228702463319,6173.533595241523
