Name,Min,1%,5%,50%,95%,99%,Max,,90% Range,98% Range,StdDev,,Mean,Units,Skewness,Kurtosis
Local Clock Frequency Offset,8.9426,9.0607,9.0768,9.1623,9.2196, 9.2443,9.2962,,0.1427,0.1836,0.0409,,9.1607,ppm,11068700.800437927,2466870253.6981516
Local Clock Time Offset,-12.63,-2.229,-0.497,0.006,0.559, 1.935,8.812,,1.056,4.164,0.5907,,-0.0001,µs,-5.894479112543333,64.8860888387392
Local RMS Frequency Jitter,0.456,0.7,0.881,1.908,9.491, 17.406,43.959,,8.61,16.706,3.3611,,3.1669,ppb,3.215726792482156,19.311903843208665
Local RMS Time Jitter,0.065,0.112,0.14,0.284,1.198, 1.907,4.974,,1.058,1.795,0.3844,,0.424,µs,3.522042792364024,20.875136824178075
Server Jitter SHM(0),0.1528,0.3483,0.5455,1.3552,3.1429, 5.0329,7.3389,,2.5974,4.6846,0.8761,,1.5428,ms,4.761442693229615,19.80731170848548
Server Jitter SHM(1),0.02,0.052,0.079,0.23,1.775, 3.515,12.684,,1.696,3.463,0.7075,,0.4687,µs,3.5961591299143514,31.550970565989115
Server Offset SHM(0),11.3141,12.493,13.3438,18.5284,23.7374, 24.8993,27.0207,,10.3936,12.4063,3.3126,,18.437,ms,108.91888015151352,562.4419790481389
Server Offset SHM(1),-12.631,-2.23,-0.498,0.007,0.56, 1.936,8.813,,1.058,4.166,0.5911,,-0.0,µs,-5.8909347906957725,64.76634796098182
TDOP,0.65,0.67,0.71,0.97,1.83, 2.23,2.53,,1.12,1.56,0.3447,,1.0838, ,17.72623110284165,66.28770378942143
Temp ZONE0,51.8,52.35,52.9,54.55,56.2, 56.75,57.3,,3.3,4.4,1.0313,,54.5638,°C,140012.0392071476,7275718.720874699
nSats,10.0,11.0,12.0,14.0,16.0, 16.0,16.0,,4.0,5.0,1.2572,,14.1667,nSat,1112.9675191687568,11731.243994338276
