Name,Min,1%,5%,50%,95%,99%,Max,,90% Range,98% Range,StdDev,,Mean,Units,Skewness,Kurtosis
Local Clock Frequency Offset,8.7609,8.8703,8.8981,9.2089,9.294, 9.3211,9.3729,,0.396,0.4509,0.1159,,9.1563,ppm,474256.39623047004,36996260.70437074
Local Clock Time Offset,-21.773,-2.237,-0.586,0.016,0.598, 1.887,10.404,,1.184,4.124,0.6603,,0.0006,µs,-7.832101727581115,143.857810572069
Local RMS Frequency Jitter,0.638,0.981,1.208,2.26,9.622, 19.568,60.55,,8.414,18.587,3.7765,,3.5188,ppb,4.831309882266343,42.86048516852162
Local RMS Time Jitter,0.088,0.153,0.187,0.336,1.239, 2.273,9.48,,1.052,2.12,0.4616,,0.4791,µs,5.990393416446344,65.02880551145348
Server Jitter SHM(0),0.1798,0.3763,0.5779,1.4168,3.4042, 5.427,8.4221,,2.8263,5.0507,0.9407,,1.6237,ms,4.516681080616346,18.02163727556335
Server Jitter SHM(1),0.019,0.077,0.116,0.314,1.779, 3.675,21.4,,1.663,3.598,0.785,,0.5431,µs,5.773240117354727,75.97612587960047
Server Offset SHM(0),12.4683,13.1582,14.0092,19.3892,23.9069, 25.1862,28.197,,9.8977,12.028,3.1279,,19.0682,ms,147.5993034421639,831.4237018499081
Server Offset SHM(1),-21.774,-2.238,-0.587,0.017,0.599, 1.888,10.405,,1.186,4.126,0.6607,,0.0007,µs,-7.824873260819717,143.54774408620796
TDOP,0.62,0.63,0.68,0.92,2.45, 3.37,3.91,,1.77,2.74,0.5738,,1.13, ,5.950479862370089,22.4406344761245
Temp ZONE0,48.5,49.05,50.15,56.2,58.95, 59.5,60.05,,8.8,10.45,3.0521,,55.3085,°C,5070.181368537549,87669.0537056735
nSats,9.0,10.0,10.0,13.0,15.0, 16.0,16.0,,5.0,6.0,1.4582,,12.9167,nSat,508.4752167474571,4176.470329527875
