Name,Min,1%,5%,50%,95%,99%,Max,,90% Range,98% Range,StdDev,,Mean,Units,Skewness,Kurtosis
Local Clock Frequency Offset,7.5782,7.6737,7.715,7.9992,8.1369, 8.2134,8.2385,,0.4219,0.5397,0.1141,,7.9761,ppm,327451.20619794267,22579206.35732363
Local Clock Time Offset,-13.456,-2.13,-0.383,0.0,0.477, 1.817,6.696,,0.86,3.947,0.5574,,0.0002,µs,-6.420001007289525,81.80120859970044
Local RMS Frequency Jitter,0.353,0.507,0.656,1.571,8.505, 17.657,39.205,,7.849,17.15,3.3172,,2.8259,ppb,3.05582229296008,18.354017210440382
Local RMS Time Jitter,0.048,0.079,0.103,0.234,1.047, 1.996,5.471,,0.944,1.917,0.3927,,0.3771,µs,3.6344515906777732,25.164517008752668
Server Jitter SHM(0),0.1638,0.354,0.5372,1.4424,3.4265, 5.2446,7.6123,,2.8894,4.8907,0.948,,1.6495,ms,4.35731133560204,16.25776473973124
Server Jitter SHM(1),0.009,0.036,0.055,0.169,1.658, 3.387,12.944,,1.603,3.351,0.6841,,0.4028,µs,3.472675385829738,31.581015547895298
Server Offset SHM(0),12.1065,13.3283,14.092,18.8966,24.1927, 25.4427,27.5605,,10.1008,12.1144,3.2378,,18.6917,ms,123.25522399457756,661.4867005747229
Server Offset SHM(1),-13.457,-2.131,-0.384,0.0,0.478, 1.818,6.697,,0.862,3.949,0.5578,,0.0002,µs,-6.4157006785349715,81.64724869508828
TDOP,0.6,0.65,0.76,1.23,7.94, 49.68,125.51,,7.18,49.03,9.6899,,3.2775, ,7.359557218449096,88.83315919204713
Temp ZONE0,47.4,47.95,49.6,52.35,54.0, 56.2,57.85,,4.4,8.25,1.5656,,52.1583,°C,33844.42212186876,1096845.3445975678
nSats,6.0,10.0,11.0,14.0,15.0, 16.0,16.0,,4.0,6.0,1.3365,,13.7012,nSat,818.3230755865129,7799.281295796
