Name,Min,1%,5%,50%,95%,99%,Max,,90% Range,98% Range,StdDev,,Mean,Units,Skewness,Kurtosis
Local Clock Frequency Offset,7.3873,7.5357,7.5536,7.7423,7.8504, 7.8904,7.9654,,0.2968,0.3547,0.0929,,7.7244,ppm,555149.4061831719,45639483.730282
Local Clock Time Offset,-14.032,-2.406,-0.408,0.002,0.633, 1.711,7.503,,1.041,4.117,0.6046,,-0.0001,µs,-7.535982778403218,95.77252717701411
Local RMS Frequency Jitter,0.304,0.565,0.771,1.775,9.181, 18.704,39.28,,8.41,18.139,3.5497,,3.1216,ppb,3.1051499199158212,18.398421875028404
Local RMS Time Jitter,0.049,0.083,0.117,0.28,1.295, 2.212,5.976,,1.178,2.129,0.4497,,0.4447,µs,3.370664022184043,21.487246233633257
Server Jitter SHM(0),0.2295,0.3882,0.5995,1.4469,3.2648, 4.5056,7.1791,,2.6653,4.1174,0.8513,,1.6335,ms,4.904314081831708,16.601356239890023
Server Jitter SHM(1),0.016,0.049,0.074,0.218,1.732, 3.645,14.024,,1.658,3.596,0.7321,,0.4528,µs,3.9411531436717033,37.77436257160042
Server Offset SHM(0),-21.161,-19.3114,-17.6151,-9.648,-1.763, 1.3878,4.4678,,15.8522,20.6992,4.7849,,-9.745,ms,-37.04198886518711,142.01027554737405
Server Offset SHM(1),-14.033,-2.407,-0.409,0.003,0.634, 1.712,7.504,,1.043,4.119,0.6051,,-0.0001,µs,-7.5297719527076294,95.58848923071363
Temp ZONE0,49.05,49.6,50.15,52.9,56.2, 57.85,57.85,,6.05,8.25,1.8229,,53.0444,°C,22269.263613839903,628134.6031738282
