Name,Min,1%,5%,50%,95%,99%,Max,,90% Range,98% Range,StdDev,,Mean,Units,Skewness,Kurtosis
Local Clock Frequency Offset,8.1774,8.3147,8.3926,8.7881,9.0105, 9.0302,9.1139,,0.6179,0.7155,0.1957,,8.7487,ppm,83644.45721695414,3661823.0888873385
Local Clock Time Offset,-17.294,-2.113,-0.431,0.001,0.537, 1.851,7.413,,0.968,3.964,0.5734,,0.0,µs,-6.2738123525949065,88.8462557989085
Local RMS Frequency Jitter,0.347,0.638,0.809,1.743,8.311, 18.297,48.468,,7.502,17.659,3.361,,2.9666,ppb,3.371799254523991,21.316051472374994
Local RMS Time Jitter,0.049,0.094,0.124,0.262,1.082, 2.005,7.178,,0.958,1.911,0.3888,,0.3979,µs,4.104837233072802,32.52221167452534
Server Jitter SHM(0),0.1586,0.2991,0.4768,1.3469,3.1895, 5.0525,7.7023,,2.7127,4.7534,0.9137,,1.5419,ms,4.206634839209893,16.48270235137129
Server Jitter SHM(1),0.021,0.046,0.072,0.209,1.603, 3.46,16.883,,1.531,3.414,0.686,,0.4298,µs,4.10749349859889,41.74867116137857
Server Offset SHM(0),11.6357,12.6407,13.7855,18.4831,23.2856, 24.7403,26.8629,,9.5001,12.0996,3.0518,,18.295,ms,139.68737034347768,775.9847829610308
Server Offset SHM(1),-17.295,-2.114,-0.432,0.002,0.538, 1.852,7.414,,0.97,3.966,0.5738,,0.0001,µs,-6.26938272863097,88.65925613508956
TDOP,0.58,0.61,0.72,1.09,5.13, 20.34,73.74,,4.41,19.73,6.2376,,2.2731, ,7.234892804938572,77.3732908558647
Temp ZONE0,45.75,46.85,47.95,51.25,55.1, 55.1,55.65,,7.15,8.25,2.2397,,51.4394,°C,10666.162590375345,235749.77568049566
nSats,9.0,9.0,12.0,14.0,16.0, 16.0,16.0,,4.0,7.0,1.2592,,13.5934,nSat,968.5490256188093,9762.707205715127
