Name,Min,1%,5%,50%,95%,99%,Max,,90% Range,98% Range,StdDev,,Mean,Units,Skewness,Kurtosis
Local Clock Frequency Offset,8.9227,8.9959,9.0865,9.1675,9.2133, 9.2305,9.287,,0.1268,0.2346,0.0406,,9.1613,ppm,11375419.233731989,2558429973.6946025
Local Clock Time Offset,-17.378,-2.327,-0.511,0.01,0.558, 1.964,8.142,,1.069,4.291,0.6086,,-0.0001,µs,-6.772020898140946,84.36304606899245
Local RMS Frequency Jitter,0.434,0.754,0.94,1.936,9.854, 17.33,49.279,,8.914,16.576,3.4749,,3.2497,ppb,3.369451063448604,22.22111370500123
Local RMS Time Jitter,0.07,0.121,0.15,0.295,1.242, 1.953,7.196,,1.092,1.832,0.4096,,0.4405,µs,4.113442198557828,31.30813945689719
Server Jitter SHM(0),0.1039,0.3157,0.5041,1.3452,3.2641, 5.0631,8.7258,,2.76,4.7474,0.927,,1.5448,ms,4.296398187246462,17.6368465217277
Server Jitter SHM(1),0.025,0.059,0.086,0.247,1.833, 3.632,16.814,,1.747,3.573,0.7291,,0.4884,µs,3.8438603327877225,37.352253875093126
Server Offset SHM(0),10.0022,11.8211,13.1394,18.6119,23.672, 25.0819,27.3374,,10.5327,13.2607,3.3417,,18.2291,ms,101.7777301629499,514.9543636579897
Server Offset SHM(1),-17.379,-2.328,-0.512,0.011,0.559, 1.965,8.143,,1.071,4.293,0.609,,0.0,µs,-6.766835672557069,84.19723302134496
TDOP,0.68,0.7,0.74,1.14,4.83, 19.95,138.61,,4.09,19.25,9.9748,,2.4686, ,9.08245724324263,120.08946924587217
Temp ZONE0,51.8,51.8,52.9,55.1,56.2, 57.3,57.85,,3.3,5.5,1.0712,,54.8763,°C,126881.71647422394,6380778.947958483
nSats,9.0,10.0,11.0,13.0,15.0, 15.0,16.0,,4.0,5.0,1.1738,,13.3154,nSat,1137.2897442515996,12070.860766791642
