Name,Min,1%,5%,50%,95%,99%,Max,,90% Range,98% Range,StdDev,,Mean,Units,Skewness,Kurtosis
Local Clock Frequency Offset,8.5587,8.6733,8.6903,8.7414,8.7841, 8.8285,8.8513,,0.0938,0.1552,0.0327,,8.7417,ppm,18830082.403572965,5009740480.548755
Local Clock Time Offset,-11.355,-1.906,-0.506,0.009,0.575, 1.724,7.611,,1.081,3.63,0.554,,-0.0002,µs,-5.944443535126454,61.57799311514272
Local RMS Frequency Jitter,0.392,0.643,0.843,1.797,8.164, 17.231,32.895,,7.321,16.588,3.1278,,2.9964,ppb,3.131171715399898,17.006244078993287
Local RMS Time Jitter,0.066,0.103,0.135,0.276,0.994, 1.991,4.499,,0.859,1.888,0.3564,,0.3987,µs,3.861711075546568,23.161189111127445
Server Jitter SHM(0),0.2041,0.3634,0.5545,1.4356,3.4694, 5.4364,8.358,,2.9149,5.073,0.9777,,1.661,ms,4.355975784861303,17.32111905376513
Server Jitter SHM(1),0.012,0.054,0.084,0.237,1.63, 3.32,10.961,,1.546,3.266,0.6511,,0.4557,µs,3.572013164778384,28.848864832655362
Server Offset SHM(0),10.6115,12.9917,13.9769,18.8669,24.0188, 25.0278,27.44,,10.0419,12.0361,3.2446,,18.8426,ms,125.58354705530985,675.8171617514867
Server Offset SHM(1),-11.356,-1.907,-0.507,0.01,0.576, 1.725,7.612,,1.083,3.632,0.5544,,-0.0001,µs,-5.9402109436836925,61.44798216868578
TDOP,0.65,0.65,0.72,1.07,3.67, 19.5,149.49,,2.95,18.85,9.7649,,2.2613, ,11.537732395353801,174.52983063391392
Temp ZONE0,52.35,52.9,53.45,55.1,58.4, 58.4,59.5,,4.95,5.5,1.5457,,55.4674,°C,42559.02846989306,1488364.7717276055
nSats,9.0,10.0,11.0,13.0,15.0, 16.0,16.0,,4.0,6.0,1.3319,,12.9212,nSat,684.9557748579329,6189.908493762634
