Name,Min,1%,5%,50%,95%,99%,Max,,90% Range,98% Range,StdDev,,Mean,Units,Skewness,Kurtosis
Local Clock Frequency Offset,8.7626,8.9203,9.0327,9.1729,9.2805, 9.2931,9.3578,,0.2478,0.3727,0.0759,,9.1681,ppm,1722657.1642528116,206534017.4310628
Local Clock Time Offset,-21.075,-2.227,-0.57,0.016,0.6, 1.979,11.757,,1.17,4.206,0.6654,,0.0001,µs,-7.152019612293321,135.62579639509056
Local RMS Frequency Jitter,0.618,0.982,1.202,2.238,9.553, 19.01,65.956,,8.351,18.028,3.8353,,3.5144,ppb,5.007759093877687,46.91978625410621
Local RMS Time Jitter,0.104,0.158,0.192,0.346,1.232, 2.221,9.808,,1.04,2.063,0.4702,,0.4897,µs,6.2721016615114324,70.21496908361698
Server Jitter SHM(0),0.158,0.3925,0.558,1.442,3.2718, 5.1004,8.6298,,2.7138,4.7079,0.898,,1.6168,ms,4.696856983752398,18.434545300551406
Server Jitter SHM(1),0.029,0.084,0.123,0.312,1.775, 3.744,19.848,,1.652,3.66,0.79,,0.5433,µs,5.859155182383524,77.9641681931426
Server Offset SHM(0),11.2406,12.646,13.6717,18.5368,23.1691, 24.598,27.6514,,9.4974,11.952,3.1266,,18.3178,ms,129.30987964467758,701.459584741133
Server Offset SHM(1),-21.076,-2.228,-0.571,0.017,0.601, 1.98,11.758,,1.172,4.208,0.6659,,0.0002,µs,-7.146129283643579,135.3388675872732
TDOP,0.63,0.64,0.73,0.96,5.11, 29.6,200.29,,4.38,28.96,13.5384,,2.7565, ,10.428688823038623,154.1495303349193
Temp ZONE0,49.05,50.15,51.25,54.0,56.2, 57.3,57.85,,4.95,7.15,1.4802,,53.8465,°C,44385.11119764141,1574007.8704120119
nSats,4.0,9.0,11.0,14.0,16.0, 16.0,16.0,,5.0,7.0,1.4943,,13.5042,nSat,541.8610053652843,4524.836045753161
