Name,Min,1%,5%,50%,95%,99%,Max,,90% Range,98% Range,StdDev,,Mean,Units,Skewness,Kurtosis
Local Clock Frequency Offset,7.7406,7.851,7.8793,8.0746,8.2005, 8.2262,8.2965,,0.3212,0.3752,0.0872,,8.0647,ppm,766881.3174492761,70211294.365673
Local Clock Time Offset,-9.78,-2.219,-0.433,0.005,0.513, 1.812,6.841,,0.946,4.031,0.5499,,0.0008,µs,-5.6314759701470605,54.77161097557303
Local RMS Frequency Jitter,0.371,0.587,0.764,1.686,8.779, 16.692,29.977,,8.015,16.105,3.1587,,2.9171,ppb,2.777045476470597,13.901509057218387
Local RMS Time Jitter,0.058,0.09,0.118,0.254,1.063, 1.867,4.148,,0.945,1.777,0.3609,,0.389,µs,3.1549569332461362,16.5484004927435
Server Jitter SHM(0),0.2019,0.3678,0.6084,1.4086,3.421, 5.5994,8.9056,,2.8126,5.2316,0.9677,,1.6378,ms,4.536772531803079,18.828341256354584
Server Jitter SHM(1),0.02,0.043,0.065,0.202,1.676, 3.323,9.41,,1.611,3.28,0.6577,,0.4275,µs,3.1000420701155424,22.843968593136747
Server Offset SHM(0),9.2518,11.4459,12.3785,17.9322,23.1763, 24.6463,27.4935,,10.7977,13.2003,3.3104,,17.7111,ms,95.39581156015115,474.24042558967454
Server Offset SHM(1),-9.781,-2.22,-0.434,0.006,0.514, 1.813,6.842,,0.948,4.033,0.5504,,0.0008,µs,-5.6282045891406565,54.6716809693504
TDOP,0.65,0.65,0.78,1.17,6.61, 14.93,32.27,,5.83,14.28,3.3052,,2.2113, ,4.658364964073122,37.3281162287135
Temp ZONE0,48.5,49.05,50.15,52.35,55.1, 55.65,56.75,,4.95,6.6,1.372,,52.423,°C,51625.413158419906,1925080.2595362149
nSats,12.0,12.0,13.0,14.0,16.0, 16.0,16.0,,3.0,4.0,0.9335,,14.0913,nSat,2842.893500431675,40665.52703214773
