Name,Min,1%,5%,50%,95%,99%,Max,,90% Range,98% Range,StdDev,,Mean,Units,Skewness,Kurtosis
Local Clock Frequency Offset,7.5097,7.6402,7.6768,7.84,7.9035, 7.9638,8.0218,,0.2267,0.3236,0.0626,,7.8282,ppm,1912036.1358601863,237347075.0301146
Local Clock Time Offset,-18.649,-2.192,-0.414,0.006,0.568, 1.704,5.799,,0.982,3.896,0.5827,,-0.0001,µs,-7.587957634700037,103.94751634895643
Local RMS Frequency Jitter,0.23,0.593,0.806,1.75,8.883, 18.111,51.534,,8.077,17.518,3.4129,,3.0173,ppb,3.3272446902041213,21.36690305315165
Local RMS Time Jitter,0.04,0.096,0.13,0.279,1.234, 2.158,8.029,,1.104,2.062,0.4315,,0.4351,µs,3.8446689998956005,29.826411526894834
Server Jitter SHM(0),0.1782,0.408,0.6062,1.5467,3.3902, 4.5827,7.6498,,2.784,4.1748,0.87,,1.7214,ms,5.16191687079773,17.332187528378967
Server Jitter SHM(1),0.019,0.053,0.083,0.222,1.681, 3.513,18.666,,1.598,3.46,0.7056,,0.4458,µs,4.191807404184696,43.720268542730395
Server Offset SHM(0),-29.3297,-24.7261,-19.4021,-9.5802,2.3936, 6.9809,10.1806,,21.7957,31.7069,6.9145,,-8.8312,ms,-18.560647852084635,59.81739293688074
Server Offset SHM(1),-18.65,-2.193,-0.415,0.007,0.569, 1.705,5.8,,0.984,3.898,0.5831,,-0.0,µs,-7.581189145925228,103.73039742407734
Temp ZONE0,50.15,50.7,51.25,54.0,55.65, 56.2,57.85,,4.4,5.5,1.273,,53.5577,°C,69400.8919444369,2855392.6926010293
