Name,Min,1%,5%,50%,95%,99%,Max,,90% Range,98% Range,StdDev,,Mean,Units,Skewness,Kurtosis
Local Clock Frequency Offset,8.0663,8.1768,8.2017,8.2652,8.3515, 8.3789,8.4206,,0.1497,0.202,0.044,,8.2726,ppm,6525041.263108308,1219371212.3845007
Local Clock Time Offset,-11.886,-2.179,-0.457,0.004,0.525, 1.747,6.176,,0.982,3.926,0.5499,,0.0,µs,-6.094002710788317,60.823049223501506
Local RMS Frequency Jitter,0.353,0.597,0.772,1.748,8.7, 16.203,34.695,,7.928,15.606,3.1347,,2.9422,ppb,2.95233841120418,16.072026910985937
Local RMS Time Jitter,0.057,0.094,0.123,0.262,1.057, 1.868,4.623,,0.934,1.774,0.3616,,0.3939,µs,3.384502417383707,19.429190284583886
Server Jitter SHM(0),0.1188,0.3548,0.5443,1.4228,4.0454, 5.9404,14.2968,,3.5011,5.5856,1.1871,,1.7206,ms,4.355794142660122,25.410929658407408
Server Jitter SHM(1),0.017,0.043,0.064,0.202,1.686, 3.31,11.418,,1.622,3.267,0.6618,,0.431,µs,3.186537624871121,24.840485320768344
Server Offset SHM(0),3.1758,11.1798,12.9462,18.3354,22.6488, 24.2327,27.3678,,9.7025,13.0529,3.267,,17.842,ms,101.99793901747368,514.7111115571314
Server Offset SHM(1),-11.887,-2.18,-0.458,0.005,0.526, 1.748,6.177,,0.984,3.928,0.5503,,0.0001,µs,-6.0899222004086795,60.70861481574471
TDOP,0.64,0.65,0.7,1.02,4.86, 12.5,46.98,,4.16,11.85,4.1178,,1.8685, ,6.60683634935369,66.66413751313813
Temp ZONE0,52.35,52.35,52.9,54.55,56.75, 57.85,58.95,,3.85,5.5,1.186,,54.5546,°C,91252.4535951303,4112385.961817857
nSats,8.0,10.0,11.0,14.0,15.0, 16.0,16.0,,4.0,6.0,1.4461,,13.5208,nSat,606.7313059081944,5266.575174619762
