Name,Min,1%,5%,50%,95%,99%,Max,,90% Range,98% Range,StdDev,,Mean,Units,Skewness,Kurtosis
Local Clock Frequency Offset,8.8725,9.0428,9.0608,9.1119,9.1437, 9.1574,9.2012,,0.0829,0.1146,0.0264,,9.1085,ppm,40792408.71444384,14042565053.747473
Local Clock Time Offset,-14.265,-2.172,-0.513,0.013,0.549, 1.767,11.399,,1.062,3.939,0.6025,,0.0,µs,-6.528625086858825,90.28447956546921
Local RMS Frequency Jitter,0.419,0.755,0.944,1.948,8.558, 18.514,60.09,,7.614,17.759,3.4948,,3.1583,ppb,3.930405346467341,29.50744522226981
Local RMS Time Jitter,0.063,0.121,0.154,0.305,1.105, 2.13,7.384,,0.951,2.009,0.4182,,0.438,µs,4.943384289172969,43.53660455666485
Server Jitter SHM(0),0.2132,0.3754,0.5285,1.3842,3.4516, 5.1177,8.1063,,2.9231,4.7423,0.9515,,1.5955,ms,4.294156452057391,17.220341927758422
Server Jitter SHM(1),0.016,0.06,0.092,0.254,1.673, 3.622,16.751,,1.581,3.562,0.7227,,0.4795,µs,4.588171475104849,49.36159967109379
Server Offset SHM(0),11.1573,12.9257,13.6926,18.556,23.3272, 24.7568,27.5713,,9.6345,11.8311,3.1447,,18.2928,ms,126.30134480479467,681.010619410855
Server Offset SHM(1),-14.266,-2.173,-0.514,0.014,0.55, 1.768,11.4,,1.064,3.941,0.6029,,0.0001,µs,-6.523663379765377,90.09732775389199
TDOP,0.62,0.66,0.75,1.05,22.73, 113.5,133.79,,21.98,112.84,17.5042,,5.6491, ,3.0714096130287474,22.362478525305914
Temp ZONE0,54.0,54.55,55.1,56.2,58.4, 60.05,60.6,,3.3,5.5,1.1252,,56.5185,°C,119459.07709252181,5888308.31310205
nSats,9.0,10.0,11.0,13.0,15.0, 15.0,16.0,,4.0,5.0,1.299,,13.1292,nSat,782.1588066042762,7362.6284496065255
