Name,Min,1%,5%,50%,95%,99%,Max,,90% Range,98% Range,StdDev,,Mean,Units,Skewness,Kurtosis
Local Clock Frequency Offset,8.6777,8.8552,8.904,9.1344,9.2369, 9.2705,9.3123,,0.333,0.4153,0.091,,9.1216,ppm,978218.6550087393,97125787.7623805
Local Clock Time Offset,-17.794,-2.289,-0.498,0.008,0.55, 1.859,8.764,,1.048,4.148,0.6095,,-0.0002,µs,-6.575268524878464,91.96721512124856
Local RMS Frequency Jitter,0.434,0.72,0.905,1.919,9.574, 17.92,55.809,,8.669,17.2,3.528,,3.2026,ppb,3.7647387888950994,29.03432183027404
Local RMS Time Jitter,0.068,0.114,0.142,0.288,1.216, 2.003,10.545,,1.074,1.889,0.4379,,0.4327,µs,5.597182686039282,68.57040856819219
Server Jitter SHM(0),0.1343,0.3227,0.4908,1.3191,3.3955, 5.2887,8.6513,,2.9047,4.9659,0.9638,,1.5369,ms,4.03138824383472,16.35357165374987
Server Jitter SHM(1),0.021,0.053,0.081,0.235,1.773, 3.665,17.128,,1.692,3.612,0.7371,,0.4757,µs,4.195565189214913,45.10718229441052
Server Offset SHM(0),9.4329,12.6457,13.6832,19.1098,24.3453, 25.6118,28.5541,,10.6621,12.9661,3.4253,,18.9285,ms,106.33272902635792,545.1828348473438
Server Offset SHM(1),-17.795,-2.29,-0.499,0.009,0.551, 1.86,8.765,,1.05,4.15,0.6099,,-0.0001,µs,-6.570517963402163,91.78490585244103
TDOP,0.67,0.68,0.74,1.12,8.2, 23.51,97.62,,7.46,22.83,7.7854,,2.6879, ,7.145602815373661,82.36714297563222
Temp ZONE0,50.15,50.15,50.7,56.75,59.5, 60.05,63.35,,8.8,9.9,2.7641,,56.022,°C,7210.661466144194,140020.7372281392
nSats,6.0,7.0,11.0,13.0,15.0, 16.0,16.0,,4.0,9.0,1.5556,,13.1079,nSat,430.83014170631384,3348.7465340584267
