Name,Min,1%,5%,50%,95%,99%,Max,,90% Range,98% Range,StdDev,,Mean,Units,Skewness,Kurtosis
Local Clock Frequency Offset,8.4876,8.5942,8.6816,8.9032,9.0205, 9.0351,9.1023,,0.3389,0.4408,0.1061,,8.8781,ppm,566167.6385191659,46850992.717454016
Local Clock Time Offset,-10.605,-2.11,-0.415,0.002,0.521, 1.825,8.012,,0.936,3.935,0.5624,,-0.0001,µs,-5.530639827695047,60.43780110715664
Local RMS Frequency Jitter,0.289,0.541,0.719,1.628,8.374, 18.106,38.377,,7.655,17.565,3.3057,,2.8996,ppb,2.9694885779679,16.309665481342634
Local RMS Time Jitter,0.05,0.085,0.117,0.248,1.069, 2.025,5.049,,0.952,1.94,0.3788,,0.3877,µs,3.4141454214117446,20.099044264014996
Server Jitter SHM(0),0.069,0.3384,0.5423,1.4255,3.4436, 5.4917,9.5374,,2.9013,5.1532,0.9762,,1.6439,ms,4.45252546228266,18.747685189911895
Server Jitter SHM(1),0.01,0.044,0.068,0.193,1.62, 3.457,11.238,,1.552,3.413,0.6779,,0.4222,µs,3.481550235560241,28.747122858899793
Server Offset SHM(0),11.9059,13.2592,14.2034,19.3603,23.9199, 25.1838,28.6178,,9.7165,11.9246,3.0871,,19.0955,ms,154.97611513011637,886.07576671295
Server Offset SHM(1),-10.606,-2.111,-0.416,0.003,0.522, 1.826,8.013,,0.938,3.937,0.5628,,-0.0001,µs,-5.527734626118876,60.32700719833425
TDOP,0.62,0.62,0.73,1.14,4.7, 21.05,94.33,,3.97,20.43,7.0129,,2.4052, ,8.681666813604721,107.60757200124489
Temp ZONE0,48.5,49.6,50.15,54.0,56.75, 57.3,58.4,,6.6,7.7,1.9079,,53.7365,°C,20129.051313308308,549024.4010313186
nSats,10.0,11.0,12.0,14.0,15.0, 16.0,16.0,,3.0,5.0,1.1334,,13.6542,nSat,1381.1539455987208,15619.95714450435
