Name,Min,1%,5%,50%,95%,99%,Max,,90% Range,98% Range,StdDev,,Mean,Units,Skewness,Kurtosis
Local Clock Frequency Offset,7.2475,7.3572,7.4148,7.5536,7.6512, 7.7407,7.8387,,0.2364,0.3836,0.0701,,7.548,ppm,1215357.3049756035,129722334.67129685
Local Clock Time Offset,-17.144,-2.209,-0.411,0.0,0.629, 1.756,7.393,,1.04,3.965,0.6073,,-0.0002,µs,-7.339867070829339,104.79091818665529
Local RMS Frequency Jitter,0.356,0.611,0.79,1.725,9.166, 18.957,47.373,,8.376,18.346,3.6085,,3.0854,ppb,3.2704294091421713,20.62056784837883
Local RMS Time Jitter,0.058,0.094,0.125,0.273,1.249, 2.171,7.661,,1.124,2.077,0.4415,,0.4342,µs,3.8124208295351516,29.53841882140547
Server Jitter SHM(0),0.1946,0.4769,0.7685,1.7392,3.8518, 5.1405,7.6042,,3.0833,4.6635,0.9703,,1.9454,ms,5.334865191822694,17.78675200251355
Server Jitter SHM(1),0.018,0.052,0.079,0.213,1.678, 3.714,17.161,,1.599,3.662,0.7415,,0.4474,µs,4.243611085170168,43.637650538641076
Server Offset SHM(0),-28.351,-24.3493,-21.7847,-13.7454,-2.0838, 3.7543,9.762,,19.7009,28.1036,5.9119,,-13.1477,ms,-42.53695614515146,165.6006727604663
Server Offset SHM(1),-17.145,-2.21,-0.412,-0.0,0.63, 1.757,7.394,,1.042,3.967,0.6077,,-0.0002,µs,-7.334005347754166,104.58510583622008
Temp ZONE0,48.5,49.05,49.6,51.25,54.0, 55.65,56.2,,4.4,6.6,1.2797,,51.2705,°C,59733.98125072388,2338205.8272506013
