Name,Min,1%,5%,50%,95%,99%,Max,,90% Range,98% Range,StdDev,,Mean,Units,Skewness,Kurtosis
Local Clock Frequency Offset,8.3539,8.4768,8.5006,8.699,8.7465, 8.8106,8.8672,,0.2459,0.3339,0.0805,,8.6635,ppm,1213662.6851870434,129480980.73631835
Local Clock Time Offset,-11.798,-2.03,-0.492,0.01,0.602, 1.692,6.086,,1.094,3.722,0.561,,0.0006,µs,-6.077188994531307,61.58968282445633
Local RMS Frequency Jitter,0.343,0.646,0.858,1.8,8.166, 17.713,33.741,,7.308,17.067,3.1769,,3.0241,ppb,3.110939502044343,16.599582398575983
Local RMS Time Jitter,0.055,0.101,0.134,0.271,1.007, 2.058,4.471,,0.873,1.957,0.3613,,0.398,µs,3.6924359590432076,20.746440190084382
Server Jitter SHM(0),0.1823,0.3609,0.5225,1.3531,3.5388, 5.5727,7.5803,,3.0163,5.2118,0.9925,,1.5851,ms,4.0861541765227605,16.14176889328757
Server Jitter SHM(1),0.013,0.051,0.079,0.228,1.67, 3.322,11.372,,1.591,3.271,0.6652,,0.4544,µs,3.4742873938531167,27.205993487854357
Server Offset SHM(0),11.5849,13.783,14.4513,19.6315,24.1294, 25.6906,27.2365,,9.6781,11.9076,3.2141,,19.1765,ms,137.42589881757885,758.9602075035568
Server Offset SHM(1),-11.799,-2.031,-0.493,0.011,0.603, 1.693,6.087,,1.096,3.724,0.5614,,0.0006,µs,-6.072774597141037,61.46365371450315
TDOP,0.62,0.69,0.74,1.08,8.24, 47.19,80.18,,7.5,46.5,7.5035,,2.6505, ,5.316078814107595,49.61898964801261
Temp ZONE0,48.5,50.15,50.7,57.3,59.5, 59.5,60.05,,8.8,9.35,2.9297,,56.2046,°C,6066.460587711436,111259.31584813546
nSats,9.0,9.0,11.0,13.0,15.0, 16.0,16.0,,4.0,7.0,1.3889,,13.3292,nSat,660.6622126464487,5893.022143598194
