Name,Min,1%,5%,50%,95%,99%,Max,,90% Range,98% Range,StdDev,,Mean,Units,Skewness,Kurtosis
Local Clock Frequency Offset,8.7031,8.9002,8.9587,9.1401,9.3121, 9.3598,9.432,,0.3535,0.4596,0.1143,,9.1374,ppm,492261.0812214056,38880608.077102244
Local Clock Time Offset,-19.366,-2.292,-0.605,0.018,0.61, 1.958,11.863,,1.215,4.25,0.6401,,-0.0,µs,-6.449237895036632,90.78664891134218
Local RMS Frequency Jitter,0.539,1.046,1.269,2.317,9.745, 18.464,63.061,,8.476,17.418,3.526,,3.5518,ppb,4.29604240264041,33.854596974562874
Local RMS Time Jitter,0.086,0.167,0.203,0.358,1.228, 2.067,8.251,,1.025,1.9,0.4054,,0.49,µs,5.144805891913999,44.71519762866228
Server Jitter SHM(0),0.187,0.334,0.505,1.3373,3.2538, 4.974,8.1043,,2.7488,4.6401,0.9172,,1.5428,ms,4.2370937450767405,16.791112088079593
Server Jitter SHM(1),0.029,0.09,0.131,0.324,1.836, 3.617,17.737,,1.705,3.527,0.7376,,0.5505,µs,4.85690403453232,54.4982747267006
Server Offset SHM(0),10.2899,11.8581,12.8281,18.2411,22.9523, 24.4659,27.5219,,10.1242,12.6078,3.2688,,17.903,ms,103.14308785617995,523.6454553240596
Server Offset SHM(1),-19.367,-2.293,-0.606,0.019,0.611, 1.959,11.864,,1.217,4.252,0.6406,,0.0,µs,-6.444236513741469,90.58828668538847
TDOP,0.67,0.69,0.78,1.19,3.09, 11.54,197.55,,2.31,10.85,12.6912,,2.3729, ,12.12371027690648,187.4104726038969
Temp ZONE0,48.5,49.05,50.15,52.35,58.4, 58.95,59.5,,8.25,9.9,2.7844,,53.4089,°C,6065.299244064466,111299.3837065221
nSats,11.0,11.0,12.0,14.0,16.0, 16.0,16.0,,4.0,5.0,1.1528,,13.9461,nSat,1399.7072965352475,15899.595201520884
