Name,Min,1%,5%,50%,95%,99%,Max,,90% Range,98% Range,StdDev,,Mean,Units,Skewness,Kurtosis
Local Clock Frequency Offset,7.6151,7.746,7.7756,7.9748,8.0601, 8.0755,8.146,,0.2845,0.3295,0.0899,,7.9531,ppm,670130.2506715102,58657615.30717804
Local Clock Time Offset,-10.857,-2.189,-0.41,0.0,0.512, 1.778,6.82,,0.922,3.967,0.5552,,0.0,µs,-6.066900122123285,65.68872090891281
Local RMS Frequency Jitter,0.275,0.492,0.655,1.606,8.677, 16.769,37.067,,8.022,16.277,3.2607,,2.8656,ppb,2.9293099921366803,17.212527415448903
Local RMS Time Jitter,0.039,0.078,0.103,0.238,1.041, 1.922,4.885,,0.938,1.844,0.3766,,0.3762,µs,3.3641194793913165,20.898658783019243
Server Jitter SHM(0),0.1705,0.3467,0.5266,1.3424,3.6822, 5.5686,8.2061,,3.1556,5.2219,1.0171,,1.6037,ms,3.8595865760799657,14.642390287880655
Server Jitter SHM(1),0.009,0.034,0.052,0.172,1.682, 3.287,10.262,,1.63,3.253,0.6798,,0.4091,µs,3.190751659615393,26.559133724804685
Server Offset SHM(0),10.4878,11.6454,12.5932,17.6106,21.9722, 23.8193,26.0294,,9.379,12.1738,3.0867,,17.2299,ms,109.974263891623,569.3823412890223
Server Offset SHM(1),-10.858,-2.19,-0.411,0.001,0.513, 1.779,6.821,,0.924,3.969,0.5556,,0.0001,µs,-6.063260713240818,65.5727905285713
TDOP,0.65,0.7,0.75,1.12,3.45, 14.09,33.62,,2.7,13.39,3.1638,,1.8135, ,6.421160611709052,58.87292216851719
Temp ZONE0,49.6,50.15,51.25,53.45,55.65, 56.2,56.75,,4.4,6.05,1.5475,,53.4592,°C,37850.36071906367,1273076.4659342999
nSats,10.0,10.0,11.0,14.0,15.0, 16.0,16.0,,4.0,6.0,1.2547,,13.5292,nSat,965.2350908810771,9719.397565367963
