Name,Min,1%,5%,50%,95%,99%,Max,,90% Range,98% Range,StdDev,,Mean,Units,Skewness,Kurtosis
Local Clock Frequency Offset,8.8325,9.0326,9.0456,9.1089,9.1436, 9.1555,9.2041,,0.098,0.1229,0.0316,,9.103,ppm,23621906.220475875,6777930441.542759
Local Clock Time Offset,-16.628,-2.143,-0.524,0.014,0.55, 1.75,11.399,,1.074,3.893,0.6085,,0.0001,µs,-6.705583112278398,102.48935121999416
Local RMS Frequency Jitter,0.419,0.776,0.979,1.969,8.519, 18.682,60.09,,7.54,17.906,3.5394,,3.1785,ppb,4.180982224934268,33.44366383418506
Local RMS Time Jitter,0.063,0.124,0.158,0.307,1.114, 2.188,8.305,,0.956,2.064,0.4334,,0.4418,µs,5.403466866502895,52.955221956998066
Server Jitter SHM(0),0.1459,0.3738,0.5448,1.4021,3.4155, 5.2289,8.1063,,2.8707,4.8551,0.9437,,1.6067,ms,4.407218335586739,17.738418248310328
Server Jitter SHM(1),0.013,0.062,0.097,0.261,1.653, 3.632,16.751,,1.556,3.57,0.73,,0.4848,µs,4.99970639397209,58.132488030055946
Server Offset SHM(0),9.1424,11.2535,13.3272,18.3064,22.8331, 24.5652,27.5713,,9.5058,13.3117,3.1519,,17.9582,ms,117.74090995172894,621.269287761109
Server Offset SHM(1),-16.629,-2.144,-0.525,0.015,0.551, 1.75,11.4,,1.076,3.894,0.6089,,0.0001,µs,-6.700301182273887,102.27191958807471
TDOP,0.66,0.66,0.72,1.03,22.73, 113.5,133.79,,22.01,112.84,17.5118,,5.6206, ,3.0611444694919463,22.323815632470414
Temp ZONE0,53.45,54.0,54.55,56.2,58.4, 58.95,60.6,,3.85,4.95,1.1144,,56.2985,°C,121577.77675918546,6027858.970605005
nSats,9.0,10.0,11.0,13.0,15.0, 16.0,16.0,,4.0,6.0,1.4157,,13.25,nSat,608.998126687627,5297.4333521459075
