Name,Min,1%,5%,50%,95%,99%,Max,,90% Range,98% Range,StdDev,,Mean,Units,Skewness,Kurtosis
Local Clock Frequency Offset,8.873,8.9972,9.0417,9.1581,9.2155, 9.2376,9.2911,,0.1738,0.2404,0.0505,,9.1487,ppm,5857407.41328703,1055926632.1239419
Local Clock Time Offset,-15.882,-2.093,-0.54,0.016,0.567, 1.781,9.763,,1.107,3.874,0.6162,,0.0,µs,-7.035015478968485,101.2523694250663
Local RMS Frequency Jitter,0.438,0.863,1.089,2.062,8.432, 19.237,54.459,,7.343,18.374,3.5362,,3.2719,ppb,4.1644028783045925,30.50330921750946
Local RMS Time Jitter,0.062,0.141,0.177,0.329,1.105, 2.247,7.535,,0.928,2.106,0.4166,,0.4594,µs,5.00961777170143,41.29853952203251
Server Jitter SHM(0),0.1173,0.3123,0.4917,1.3759,3.3647, 5.1981,7.5627,,2.8731,4.8857,0.953,,1.5873,ms,4.090517301459453,15.625391749130715
Server Jitter SHM(1),0.018,0.075,0.113,0.289,1.652, 3.764,15.033,,1.539,3.689,0.7302,,0.5058,µs,4.932298944760842,51.60864048234051
Server Offset SHM(0),11.2452,12.7312,13.9011,18.7294,23.686, 25.1111,26.5279,,9.7849,12.3799,3.1649,,18.4147,ms,126.40996573783468,682.0139328545781
Server Offset SHM(1),-15.883,-2.094,-0.541,0.017,0.568, 1.782,9.764,,1.109,3.876,0.6167,,0.0001,µs,-7.028863452674841,101.03125005788144
TDOP,0.65,0.69,0.73,1.1,4.77, 32.53,59.63,,4.04,31.84,5.1216,,2.1785, ,6.392754664606401,64.16203784943498
Temp ZONE0,51.25,52.35,53.45,56.2,58.4, 60.05,60.6,,4.95,7.7,1.4886,,56.1019,°C,49494.847609832046,1819919.0999709324
nSats,9.0,10.0,11.0,14.0,15.0, 16.0,16.0,,4.0,6.0,1.3368,,13.5809,nSat,795.288470127848,7522.7847691007955
