Name,Min,1%,5%,50%,95%,99%,Max,,90% Range,98% Range,StdDev,,Mean,Units,Skewness,Kurtosis
Local Clock Frequency Offset,8.3609,8.4514,8.5361,8.6254,8.7028, 8.7299,8.7924,,0.1667,0.2785,0.0621,,8.6255,ppm,2619701.544604071,361172438.0187818
Local Clock Time Offset,-11.322,-1.82,-0.482,0.006,0.532, 1.725,6.606,,1.014,3.545,0.5564,,0.0001,µs,-5.7018355856417235,65.93429431306672
Local RMS Frequency Jitter,0.307,0.606,0.812,1.686,7.926, 18.176,33.915,,7.114,17.57,3.2452,,2.8973,ppb,3.3150252822049793,19.156317681273595
Local RMS Time Jitter,0.053,0.096,0.128,0.259,0.954, 2.096,5.056,,0.826,2.0,0.3697,,0.3828,µs,4.108179717873543,26.750962657489087
Server Jitter SHM(0),0.1697,0.4035,0.588,1.4837,3.516, 5.3276,7.9832,,2.928,4.924,0.9539,,1.6915,ms,4.591567969657607,17.67070166152274
Server Jitter SHM(1),0.021,0.051,0.078,0.221,1.569, 3.435,10.932,,1.491,3.384,0.6646,,0.4366,µs,3.8988706815444427,33.25288480430136
Server Offset SHM(0),9.9951,12.9788,14.0302,19.0384,24.2383, 25.3525,30.2253,,10.2081,12.3738,3.2488,,18.941,ms,127.26173705722373,688.0406292435131
Server Offset SHM(1),-11.323,-1.821,-0.483,0.007,0.533, 1.726,6.607,,1.016,3.547,0.5568,,0.0001,µs,-5.69820459449659,65.7986804978321
TDOP,0.67,0.68,0.74,0.97,3.68, 7.85,10.41,,2.94,7.17,1.2571,,1.4066, ,4.31759000984843,23.93847716620063
Temp ZONE0,51.25,51.25,51.8,53.45,55.65, 56.75,56.75,,3.85,5.5,1.2817,,53.8083,°C,68957.39668645417,2831127.1345340246
nSats,9.0,10.0,11.0,14.0,15.0, 16.0,16.0,,4.0,6.0,1.3361,,13.5062,nSat,782.4907592873565,7365.154869396079
