Name,Min,1%,5%,50%,95%,99%,Max,,90% Range,98% Range,StdDev,,Mean,Units,Skewness,Kurtosis
Local Clock Frequency Offset,8.2952,8.4213,8.4763,8.6301,8.7056, 8.7277,8.7688,,0.2293,0.3064,0.0679,,8.6102,ppm,1987266.7289835992,249878765.93828404
Local Clock Time Offset,-13.529,-1.913,-0.49,0.009,0.567, 1.664,6.829,,1.057,3.577,0.5525,,0.0002,µs,-6.240183803889613,69.66499124952131
Local RMS Frequency Jitter,0.364,0.678,0.866,1.754,7.953, 17.701,38.142,,7.087,17.023,3.1458,,2.9605,ppb,3.2209533606038527,18.000293883972002
Local RMS Time Jitter,0.054,0.105,0.136,0.267,0.986, 2.058,5.393,,0.85,1.953,0.3625,,0.3924,µs,3.9185382416252956,24.36748884036378
Server Jitter SHM(0),0.1705,0.4015,0.6077,1.5194,3.649, 5.8625,8.5883,,3.0413,5.461,1.0169,,1.7476,ms,4.469612492479582,17.631528419105443
Server Jitter SHM(1),0.011,0.056,0.083,0.226,1.62, 3.344,13.078,,1.537,3.288,0.6555,,0.4473,µs,3.6804147381222667,31.130020042818707
Server Offset SHM(0),9.8305,12.1071,13.2706,18.542,24.2318, 25.7475,27.9617,,10.9611,13.6404,3.4101,,18.5867,ms,101.56289357470956,514.4604554956132
Server Offset SHM(1),-13.53,-1.914,-0.491,0.01,0.568, 1.665,6.83,,1.059,3.579,0.5529,,0.0002,µs,-6.235272665908627,69.51201461500041
TDOP,0.67,0.7,0.81,1.34,7.98, 26.45,201.7,,7.17,25.75,13.3123,,3.4606, ,11.153003662032074,166.97432450744373
Temp ZONE0,50.7,51.25,51.8,56.75,59.5, 60.05,61.15,,7.7,8.8,2.5543,,55.949,°C,9197.309976760765,193556.636552648
nSats,10.0,10.0,11.0,13.0,15.0, 16.0,16.0,,4.0,6.0,1.3101,,13.3112,nSat,795.6741528997999,7531.0847578378425
