Name,Min,1%,5%,50%,95%,99%,Max,,90% Range,98% Range,StdDev,,Mean,Units,Skewness,Kurtosis
Local Clock Frequency Offset,9.1386,9.2095,9.2548,9.3379,9.396, 9.428,9.472,,0.1412,0.2185,0.0422,,9.3339,ppm,10641011.157566272,2340606595.050342
Local Clock Time Offset,-15.446,-2.342,-0.498,0.007,0.54, 1.961,8.271,,1.038,4.303,0.6098,,0.0,µs,-6.206106396412642,73.98006815641598
Local RMS Frequency Jitter,0.423,0.754,0.96,1.938,9.867, 18.202,43.54,,8.907,17.448,3.4917,,3.2461,ppb,3.2565282654836465,19.195220461774895
Local RMS Time Jitter,0.064,0.121,0.158,0.305,1.264, 2.02,6.406,,1.106,1.899,0.4066,,0.4485,µs,3.8850172150889595,25.339633552760617
Server Jitter SHM(0),0.1265,0.3357,0.4963,1.2813,3.1918, 5.202,7.5155,,2.6955,4.8663,0.9012,,1.4803,ms,4.3130914764243675,17.863504965996356
Server Jitter SHM(1),0.012,0.054,0.088,0.246,1.804, 3.729,15.003,,1.716,3.675,0.7309,,0.481,µs,3.8053119591018105,34.16666548588059
Server Offset SHM(0),9.8655,11.9485,13.4884,18.4582,23.2773, 24.7687,27.3778,,9.7889,12.8202,3.2314,,18.3404,ms,116.23942036631009,610.9206971119971
Server Offset SHM(1),-15.447,-2.343,-0.499,0.008,0.541, 1.962,8.272,,1.04,4.305,0.6102,,0.0001,µs,-6.2020756942559325,73.84173483813882
TDOP,0.65,0.71,0.75,1.22,11.15, 36.71,39.13,,10.4,36.0,5.5211,,2.9492, ,3.202071919457757,19.602576612299618
Temp ZONE0,51.25,51.8,52.9,54.0,55.65, 56.2,56.75,,2.75,4.4,0.8663,,54.1306,°C,232594.80879270702,14311847.567446651
nSats,11.0,12.0,12.0,14.0,16.0, 16.0,16.0,,4.0,4.0,1.1446,,13.8,nSat,1385.1583514531417,15689.904694468749
