Name,Min,1%,5%,50%,95%,99%,Max,,90% Range,98% Range,StdDev,,Mean,Units,Skewness,Kurtosis
Local Clock Frequency Offset,8.3609,8.4514,8.5355,8.6257,8.7004, 8.7261,8.7924,,0.1649,0.2747,0.0619,,8.6256,ppm,2642564.4416788323,365381050.29841906
Local Clock Time Offset,-12.307,-1.82,-0.469,0.006,0.536, 1.699,8.917,,1.005,3.519,0.554,,-0.0,µs,-5.921783728693894,71.93808168025633
Local RMS Frequency Jitter,0.307,0.592,0.793,1.678,7.777, 18.118,36.808,,6.984,17.526,3.2359,,2.8798,ppb,3.3537068195200623,19.908434091978542
Local RMS Time Jitter,0.053,0.094,0.125,0.257,0.953, 2.083,4.82,,0.828,1.989,0.3682,,0.3799,µs,4.107082171883847,27.07089170224987
Server Jitter SHM(0),0.1697,0.4189,0.5925,1.4654,3.4808, 5.3276,7.9832,,2.8883,4.9087,0.9454,,1.6679,ms,4.641949187950738,18.3121587443417
Server Jitter SHM(1),0.013,0.05,0.077,0.218,1.577, 3.399,12.031,,1.5,3.349,0.6625,,0.4336,µs,3.9836873731527667,35.655839421095436
Server Offset SHM(0),9.9951,12.9788,14.0131,18.9635,24.2695, 25.4831,27.0908,,10.2564,12.5044,3.2457,,18.8519,ms,125.69952613637177,677.4196153208802
Server Offset SHM(1),-12.308,-1.821,-0.47,0.007,0.537, 1.7,8.918,,1.007,3.521,0.5545,,0.0,µs,-5.917708952850804,71.78637640097185
TDOP,0.67,0.68,0.74,1.1,4.27, 12.99,229.0,,3.53,12.31,14.7172,,2.7141, ,12.097856141384382,187.12251490497377
Temp ZONE0,51.25,51.25,51.8,54.0,56.2, 56.75,56.75,,4.4,5.5,1.3812,,53.9201,°C,55150.7735655052,2102184.8886646703
nSats,10.0,10.0,11.0,14.0,15.0, 16.0,16.0,,4.0,6.0,1.2245,,13.5602,nSat,1052.0377648859865,10891.606792690574
