Name,Min,1%,5%,50%,95%,99%,Max,,90% Range,98% Range,StdDev,,Mean,Units,Skewness,Kurtosis
Local Clock Frequency Offset,8.5976,8.7291,8.7695,9.0624,9.2067, 9.2446,9.3127,,0.4372,0.5155,0.1561,,9.0182,ppm,183055.04674719376,10400230.22466136
Local Clock Time Offset,-23.613,-2.315,-0.667,0.013,0.628, 2.048,13.86,,1.295,4.363,0.6879,,0.0,µs,-7.13858236360972,139.52172897763617
Local RMS Frequency Jitter,0.562,1.042,1.287,2.437,9.919, 20.37,76.132,,8.632,19.328,3.8961,,3.7064,ppb,4.93640068902209,46.273886050853896
Local RMS Time Jitter,0.085,0.16,0.198,0.366,1.265, 2.336,13.684,,1.067,2.176,0.4866,,0.5064,µs,7.213426176376958,102.60138062042122
Server Jitter SHM(0),0.1632,0.3725,0.5668,1.4134,3.0528, 4.5369,7.2448,,2.486,4.1644,0.8283,,1.5714,ms,5.139673357016042,19.94624015107379
Server Jitter SHM(1),0.031,0.074,0.114,0.335,1.845, 3.785,21.641,,1.731,3.711,0.8086,,0.5686,µs,5.828308549118692,80.59458139551992
Server Offset SHM(0),9.4928,12.1805,13.1439,18.6196,23.2637, 24.6595,26.7543,,10.1199,12.479,3.2236,,18.3055,ms,116.37466554179136,611.1395673305072
Server Offset SHM(1),-23.614,-2.316,-0.668,0.014,0.629, 2.049,13.861,,1.297,4.365,0.6883,,0.0001,µs,-7.132882053126122,139.23038704137235
TDOP,0.65,0.67,0.76,1.29,9.69, 24.02,35.04,,8.93,23.35,4.3497,,2.5049, ,3.32923730415962,20.70155877377605
Temp ZONE0,47.95,48.5,49.05,52.35,55.65, 56.2,56.75,,6.6,7.7,2.2241,,52.2313,°C,11434.968150402183,258633.86156648697
nSats,4.0,4.0,12.0,13.0,16.0, 16.0,16.0,,4.0,12.0,1.865,,13.4292,nSat,254.41991640069372,1659.272142324788
