Name,Min,1%,5%,50%,95%,99%,Max,,90% Range,98% Range,StdDev,,Mean,Units,Skewness,Kurtosis
Local Clock Frequency Offset,8.979,9.1015,9.1211,9.1506,9.1835, 9.1908,9.24,,0.0625,0.0892,0.02,,9.1517,ppm,94712643.61515148,43173254380.21476
Local Clock Time Offset,-11.714,-2.005,-0.469,0.013,0.518, 1.667,6.728,,0.987,3.672,0.5536,,-0.0001,µs,-6.626606266777679,76.07186098489208
Local RMS Frequency Jitter,0.303,0.653,0.861,1.792,7.971, 17.477,36.148,,7.11,16.824,3.1739,,2.9428,ppb,3.44135607183511,20.45682587302485
Local RMS Time Jitter,0.054,0.103,0.135,0.278,1.071, 1.951,4.865,,0.936,1.848,0.3713,,0.4063,µs,3.8759918048681032,24.586808754166235
Server Jitter SHM(0),0.1086,0.3515,0.5214,1.4264,3.5179, 5.4587,7.8695,,2.9964,5.1072,0.9769,,1.6493,ms,4.261118919190305,16.419070820633845
Server Jitter SHM(1),0.017,0.049,0.078,0.225,1.55, 3.444,11.306,,1.472,3.395,0.6637,,0.4388,µs,3.917920296689373,34.21110438913452
Server Offset SHM(0),10.1974,12.1718,13.1792,18.2141,23.3631, 24.6693,28.5299,,10.184,12.4975,3.2007,,18.0852,ms,114.59278990138124,600.8056076440395
Server Offset SHM(1),-11.715,-2.006,-0.47,0.014,0.519, 1.668,6.729,,0.989,3.674,0.554,,0.0,µs,-6.621028531597367,75.9078324610137
TDOP,0.62,0.64,0.72,1.16,6.69, 8.46,9.24,,5.97,7.82,1.8467,,1.8149, ,2.38225287269061,7.691235870623153
Temp ZONE0,55.1,55.65,56.2,57.85,58.95, 59.5,60.05,,2.75,3.85,0.9677,,57.6369,°C,201001.1491752244,11781033.403364623
nSats,8.0,9.0,10.0,13.0,15.0, 16.0,16.0,,5.0,7.0,1.6382,,13.0625,nSat,359.54189867682874,2644.612343584891
