Name,Min,1%,5%,50%,95%,99%,Max,,90% Range,98% Range,StdDev,,Mean,Units,Skewness,Kurtosis
Local Clock Frequency Offset,8.8761,9.0741,9.1107,9.2673,9.338, 9.3689,9.4149,,0.2272,0.2948,0.0622,,9.2554,ppm,3234169.494822118,478324947.57568127
Local Clock Time Offset,-16.017,-2.306,-0.521,0.009,0.566, 1.96,8.397,,1.087,4.266,0.6199,,-0.0001,µs,-6.519939336701241,77.16268661150261
Local RMS Frequency Jitter,0.437,0.858,1.056,2.063,9.75, 18.116,45.949,,8.694,17.258,3.4972,,3.3555,ppb,3.5554623642432563,22.91373389599565
Local RMS Time Jitter,0.081,0.137,0.171,0.321,1.246, 2.004,6.752,,1.075,1.867,0.4063,,0.4598,µs,4.411422503106983,33.91912734545525
Server Jitter SHM(0),0.1387,0.3222,0.5283,1.4488,3.4363, 5.2968,8.5695,,2.908,4.9747,0.9447,,1.6412,ms,4.518851170876196,18.052942051490582
Server Jitter SHM(1),0.02,0.067,0.101,0.264,1.838, 3.681,15.426,,1.737,3.614,0.7378,,0.5052,µs,3.97707690491891,37.222411433657776
Server Offset SHM(0),10.9107,12.534,13.7696,18.8953,23.4582, 24.6477,26.7362,,9.6886,12.1137,3.143,,18.5167,ms,131.69173957462792,717.6584519780474
Server Offset SHM(1),-16.018,-2.307,-0.522,0.01,0.567, 1.961,8.398,,1.089,4.268,0.6204,,-0.0001,µs,-6.515197956632521,77.01106969825709
TDOP,0.65,0.7,0.75,1.18,7.32, 23.17,100.17,,6.57,22.47,9.1219,,2.8475, ,6.871596762407984,71.95697757938872
Temp ZONE0,50.7,51.8,52.35,55.1,58.95, 60.05,60.6,,6.6,8.25,2.1399,,55.6615,°C,15722.420844689295,395138.8881651018
nSats,6.0,7.0,10.0,13.0,16.0, 16.0,16.0,,6.0,9.0,1.6905,,13.225,nSat,337.0727417082799,2423.1704247707307
