Name,Min,1%,5%,50%,95%,99%,Max,,90% Range,98% Range,StdDev,,Mean,Units,Skewness,Kurtosis
Local Clock Frequency Offset,8.5976,8.7291,8.7695,9.0622,9.1963, 9.2176,9.2855,,0.4268,0.4884,0.1514,,9.0135,ppm,200793.18098492708,11764762.90868871
Local Clock Time Offset,-23.613,-2.31,-0.669,0.013,0.627, 2.05,13.86,,1.296,4.36,0.6872,,0.0001,µs,-7.068005829126705,138.50197139061387
Local RMS Frequency Jitter,0.562,1.044,1.291,2.438,9.918, 20.258,76.132,,8.627,19.214,3.8924,,3.7025,ppb,4.9618299390767415,46.76540596673707
Local RMS Time Jitter,0.085,0.161,0.199,0.366,1.263, 2.322,13.684,,1.064,2.161,0.491,,0.507,µs,7.310176613123744,103.43948132507694
Server Jitter SHM(0),0.1632,0.3725,0.5665,1.4204,3.057, 4.5322,7.2448,,2.4905,4.1597,0.8276,,1.5745,ms,5.15429043739246,19.978108491555364
Server Jitter SHM(1),0.023,0.074,0.113,0.335,1.845, 3.789,21.641,,1.732,3.715,0.8079,,0.5682,µs,5.836884028162301,80.81789762132206
Server Offset SHM(0),9.4928,12.5307,13.3763,18.6047,23.2798, 24.6595,26.7543,,9.9035,12.1288,3.1555,,18.3852,ms,126.8751965491979,683.7865922040878
Server Offset SHM(1),-23.614,-2.311,-0.67,0.014,0.628, 2.051,13.861,,1.298,4.362,0.6876,,0.0001,µs,-7.0624133553485064,138.2124213944062
TDOP,0.65,0.67,0.77,1.31,9.69, 24.02,35.04,,8.92,23.35,4.346,,2.5201, ,3.345478773279793,20.77936867047456
Temp ZONE0,47.95,48.5,49.05,52.35,55.65, 56.2,56.75,,6.6,7.7,2.2013,,52.2062,°C,11790.297534730082,269383.61270426516
nSats,4.0,4.0,11.0,14.0,16.0, 16.0,16.0,,5.0,12.0,1.8825,,13.4208,nSat,246.14065986365566,1588.7788068634734
