Name,Min,1%,5%,50%,95%,99%,Max,,90% Range,98% Range,StdDev,,Mean,Units,Skewness,Kurtosis
Local Clock Frequency Offset,7.9106,7.9996,8.02,8.3444,8.4377, 8.4555,8.51,,0.4176,0.4559,0.14,,8.2883,ppm,197317.1548213423,11493976.135501998
Local Clock Time Offset,-20.142,-2.218,-0.485,0.006,0.553, 1.763,10.584,,1.038,3.981,0.5765,,-0.0002,µs,-6.780106302560998,103.18494153741992
Local RMS Frequency Jitter,0.413,0.647,0.846,1.861,8.817, 16.865,60.658,,7.971,16.218,3.293,,3.0774,ppb,3.7125141349768773,30.062353964475005
Local RMS Time Jitter,0.051,0.097,0.129,0.279,1.059, 1.97,8.658,,0.93,1.873,0.3892,,0.4108,µs,4.6306536585981375,44.85727360032717
Server Jitter SHM(0),0.1941,0.3751,0.5453,1.4163,3.6381, 5.4458,9.0922,,3.0929,5.0707,1.0141,,1.6645,ms,4.089437789743823,15.830292034048632
Server Jitter SHM(1),0.016,0.047,0.073,0.231,1.727, 3.3,18.993,,1.654,3.253,0.6871,,0.457,µs,4.240912154867192,51.11982330558043
Server Offset SHM(0),9.1049,10.698,12.2478,17.0759,22.2067, 24.2303,26.1091,,9.9589,13.5323,3.2584,,17.2095,ms,91.40057961423612,449.2530342726836
Server Offset SHM(1),-20.143,-2.219,-0.486,0.007,0.554, 1.764,10.585,,1.04,3.983,0.5769,,-0.0002,µs,-6.774568683856954,102.95533531674216
TDOP,0.65,0.7,0.76,1.27,15.31, 73.69,122.04,,14.55,72.99,11.9287,,4.178, ,4.57327405480546,41.55892989941894
Temp ZONE0,48.5,49.05,49.6,54.0,57.3, 58.95,64.45,,7.7,9.9,2.5016,,53.8052,°C,8687.426084825076,179427.56287715497
nSats,10.0,11.0,11.0,13.0,15.0, 16.0,16.0,,4.0,5.0,1.2153,,13.3792,nSat,1032.5124341302053,10634.993113880422
