Name,Min,1%,5%,50%,95%,99%,Max,,90% Range,98% Range,StdDev,,Mean,Units,Skewness,Kurtosis
Local Clock Frequency Offset,7.9178,8.0128,8.0434,8.3453,8.4377, 8.4555,8.51,,0.3943,0.4427,0.1199,,8.3067,ppm,318406.58238320885,21751602.59739261
Local Clock Time Offset,-20.142,-2.221,-0.485,0.006,0.553, 1.802,10.584,,1.038,4.023,0.5804,,-0.0003,µs,-6.694716266378035,101.56675643169521
Local RMS Frequency Jitter,0.413,0.677,0.881,1.886,8.849, 17.039,60.658,,7.968,16.362,3.3096,,3.1042,ppb,3.7551612129242895,30.18060105911667
Local RMS Time Jitter,0.066,0.103,0.135,0.283,1.055, 2.01,8.658,,0.92,1.907,0.3931,,0.4154,µs,4.674301086076751,44.51917411679543
Server Jitter SHM(0),0.1941,0.3509,0.5297,1.3859,3.6352, 5.4458,9.0922,,3.1055,5.0949,1.0143,,1.6341,ms,3.9902240824619035,15.520242401522731
Server Jitter SHM(1),0.017,0.05,0.076,0.235,1.73, 3.321,18.993,,1.654,3.271,0.6912,,0.4618,µs,4.277886055438759,50.99293081954065
Server Offset SHM(0),9.1049,10.8617,12.574,17.2523,22.2775, 24.2891,26.1091,,9.7035,13.4275,3.1959,,17.3678,ms,100.56321863339322,507.87827588307096
Server Offset SHM(1),-20.143,-2.222,-0.486,0.007,0.554, 1.803,10.585,,1.04,4.025,0.5808,,-0.0003,µs,-6.689350028332154,101.34182896844824
TDOP,0.65,0.7,0.76,1.07,15.31, 73.69,122.04,,14.55,72.99,11.9488,,4.0957, ,4.526463524445711,41.269737417406
Temp ZONE0,49.05,49.05,50.15,54.0,57.3, 58.95,64.45,,7.15,9.9,2.2749,,53.9863,°C,11814.07515287561,270111.4384803054
nSats,10.0,10.0,11.0,13.0,15.0, 16.0,16.0,,4.0,6.0,1.3509,,13.2583,nSat,711.0341381487119,6496.778016120078
