Name,Min,1%,5%,50%,95%,99%,Max,,90% Range,98% Range,StdDev,,Mean,Units,Skewness,Kurtosis
Local Clock Frequency Offset,7.6019,7.6953,7.7197,7.8505,7.9453, 7.9813,8.0083,,0.2256,0.2859,0.0713,,7.8357,ppm,1290634.5557890963,140543502.36987752
Local Clock Time Offset,-9.931,-2.264,-0.443,0.006,0.601, 1.8,6.551,,1.044,4.064,0.5683,,0.0001,µs,-6.508648794694693,61.76310444610534
Local RMS Frequency Jitter,0.382,0.627,0.785,1.749,9.235, 17.109,74.665,,8.45,16.482,3.3558,,3.0535,ppb,3.549590512933424,32.43853570170155
Local RMS Time Jitter,0.06,0.098,0.126,0.276,1.233, 1.963,5.165,,1.107,1.865,0.3995,,0.4308,µs,3.0125844583312524,15.698904170592131
Server Jitter SHM(0),0.0,0.3088,0.5042,1.3496,6.2513, 10.6939,13.8263,,5.7471,10.3851,1.8914,,1.8586,ms,3.2490606024002733,14.412630070938166
Server Jitter SHM(1),0.0,0.048,0.072,0.208,1.707, 3.52,9.854,,1.635,3.472,0.6779,,0.4462,µs,3.0875044443177595,22.96975619025516
Server Offset SHM(0),-90.2272,-88.1867,-86.9098,195.6079,545.6414, 547.5464,615.7274,,632.5512,635.7331,225.2244,,233.3188,ms,0.11716177174460819,1.8792722416367165
Server Offset SHM(1),-9.932,-2.265,-0.444,0.007,0.602, 1.801,6.552,,1.046,4.066,0.5687,,0.0001,µs,-6.503862684825112,61.64908313830586
TDOP,0.68,0.69,0.78,1.1,4.21, 12.67,135.09,,3.43,11.98,8.8443,,2.2612, ,11.458565986884642,172.13992507935455
Temp ZONE0,50.7,51.25,51.25,54.0,56.75, 57.85,59.5,,5.5,6.6,1.626,,53.8545,°C,33238.105483926585,1070777.256872515
nSats,11.0,11.0,12.0,14.0,16.0, 16.0,16.0,,4.0,5.0,1.3202,,14.0702,nSat,929.244717160935,9243.662244024721
