Name,Min,1%,5%,50%,95%,99%,Max,,90% Range,98% Range,StdDev,,Mean,Units,Skewness,Kurtosis
Local Clock Frequency Offset,7.5782,7.6737,7.715,8.0004,8.1369, 8.2134,8.2385,,0.4219,0.5397,0.1137,,7.9777,ppm,330995.34292244253,22905562.26360584
Local Clock Time Offset,-13.456,-2.138,-0.382,0.0,0.474, 1.817,6.696,,0.856,3.955,0.5576,,0.0002,µs,-6.411472346547659,81.7165125384155
Local RMS Frequency Jitter,0.353,0.507,0.655,1.57,8.513, 17.657,39.205,,7.858,17.15,3.322,,2.8234,ppb,3.0479169887046194,18.273711331411548
Local RMS Time Jitter,0.048,0.079,0.103,0.234,1.047, 1.997,5.471,,0.944,1.918,0.3929,,0.3766,µs,3.628305110661175,25.108650655334653
Server Jitter SHM(0),0.1638,0.3487,0.5367,1.4475,3.4265, 5.2446,7.6123,,2.8898,4.896,0.9497,,1.6548,ms,4.353508159766892,16.19056521051001
Server Jitter SHM(1),0.009,0.036,0.055,0.169,1.662, 3.395,12.944,,1.607,3.359,0.685,,0.4023,µs,3.4662537614330273,31.470833096902833
Server Offset SHM(0),12.1065,13.3283,14.092,19.0707,24.1927, 25.4427,27.5605,,10.1008,12.1144,3.2434,,18.7514,ms,123.80661852245477,664.7362617476376
Server Offset SHM(1),-13.457,-2.139,-0.383,0.0,0.475, 1.818,6.697,,0.858,3.957,0.558,,0.0002,µs,-6.407193846098763,81.56321643572436
TDOP,0.6,0.65,0.76,1.23,7.94, 49.68,125.51,,7.18,49.03,9.6908,,3.2669, ,7.355119964812431,88.79746006809516
Temp ZONE0,47.4,47.95,49.6,52.35,54.0, 56.2,57.85,,4.4,8.25,1.5547,,52.1788,°C,34623.29636584564,1130595.816280439
nSats,6.0,10.0,11.0,14.0,15.0, 16.0,16.0,,4.0,6.0,1.3628,,13.7469,nSat,776.5252281210882,7277.742467692566
