Name,Min,1%,5%,50%,95%,99%,Max,,90% Range,98% Range,StdDev,,Mean,Units,Skewness,Kurtosis
Local Clock Frequency Offset,8.6493,8.8192,8.846,9.1508,9.2291, 9.2477,9.321,,0.3832,0.4286,0.1286,,9.0907,ppm,339046.62039547425,23651282.78317561
Local Clock Time Offset,-26.697,-2.202,-0.572,0.017,0.604, 1.896,14.729,,1.176,4.098,0.6584,,-0.0004,µs,-7.923569132715849,181.10213731281266
Local RMS Frequency Jitter,0.588,0.94,1.152,2.201,9.582, 18.164,84.028,,8.43,17.224,3.8164,,3.4538,ppb,5.48554211417158,61.431887018126716
Local RMS Time Jitter,0.107,0.152,0.186,0.339,1.207, 2.071,12.968,,1.021,1.919,0.4656,,0.4775,µs,7.172536027246003,101.04620627203379
Server Jitter SHM(0),0.1574,0.3296,0.5107,1.3458,3.1981, 5.3028,7.7056,,2.6874,4.9732,0.9156,,1.5451,ms,4.37351486973781,17.696210324330597
Server Jitter SHM(1),0.027,0.082,0.119,0.302,1.775, 3.582,24.718,,1.656,3.5,0.7852,,0.532,µs,6.631084160371005,106.24246356101649
Server Offset SHM(0),11.5309,13.2296,13.9705,18.8814,23.4009, 24.6497,26.4215,,9.4303,11.4201,3.0806,,18.4954,ms,140.34214331128533,779.886177009123
Server Offset SHM(1),-26.698,-2.203,-0.573,0.018,0.605, 1.897,14.73,,1.178,4.1,0.6588,,-0.0003,µs,-7.916211311772743,180.70205013526456
TDOP,0.7,0.71,0.79,1.1,19.16, 44.15,202.56,,18.37,43.44,14.8287,,4.2151, ,7.934579727999619,107.61856515211485
Temp ZONE0,48.5,49.05,50.15,54.0,58.95, 60.05,60.6,,8.8,11.0,3.0799,,54.3104,°C,4652.383168666268,78226.96688606935
nSats,8.0,9.0,11.0,13.0,15.0, 15.0,15.0,,4.0,6.0,1.2255,,13.0166,nSat,918.6592304640096,9094.328854658837
