Name,Min,1%,5%,50%,95%,99%,Max,,90% Range,98% Range,StdDev,,Mean,Units,Skewness,Kurtosis
Local Clock Frequency Offset,8.957,9.0893,9.1118,9.1681,9.2117, 9.2408,9.3044,,0.0999,0.1515,0.0296,,9.1657,ppm,29279016.809583176,9024388447.362509
Local Clock Time Offset,-14.534,-2.211,-0.491,0.006,0.55, 1.88,9.11,,1.041,4.091,0.6077,,-0.0001,µs,-6.067334273494359,78.157252603834
Local RMS Frequency Jitter,0.36,0.72,0.902,1.894,9.425, 18.352,48.023,,8.523,17.632,3.5367,,3.1722,ppb,3.506452836916553,22.892836611819156
Local RMS Time Jitter,0.062,0.116,0.146,0.283,1.195, 2.06,6.358,,1.049,1.944,0.411,,0.4262,µs,4.106811069784741,29.697006725161028
Server Jitter SHM(0),0.1673,0.3857,0.5912,1.3979,3.1838, 4.8255,7.6201,,2.5927,4.4398,0.8562,,1.5778,ms,5.024099920691772,20.04201723689777
Server Jitter SHM(1),0.017,0.054,0.081,0.235,1.768, 3.705,13.39,,1.687,3.651,0.7367,,0.4727,µs,4.0168840587476655,38.051584782835526
Server Offset SHM(0),10.1579,12.1856,13.5539,18.7288,23.6844, 24.8878,26.4706,,10.1304,12.7021,3.2203,,18.6512,ms,124.36278614225472,666.3154506584616
Server Offset SHM(1),-14.535,-2.212,-0.492,0.007,0.551, 1.881,9.111,,1.043,4.093,0.6081,,-0.0001,µs,-6.063578914967579,78.01135989664381
TDOP,0.62,0.67,0.74,0.99,8.1, 47.83,249.99,,7.36,47.16,17.0503,,3.6012, ,9.961178094181042,145.49289179435218
Temp ZONE0,52.35,52.9,53.45,54.55,55.65, 56.2,57.3,,2.2,3.3,0.7804,,54.655,°C,329195.784763352,22739858.172512192
nSats,4.0,6.0,12.0,14.0,15.0, 16.0,16.0,,3.0,10.0,1.468,,13.4398,nSat,564.6914051739323,4766.238751693724
