Name,Min,1%,5%,50%,95%,99%,Max,,90% Range,98% Range,StdDev,,Mean,Units,Skewness,Kurtosis
Local Clock Frequency Offset,8.8213,8.9293,8.9684,9.1564,9.2295, 9.2554,9.3132,,0.2611,0.3261,0.076,,9.1388,ppm,1697084.5814827257,202456464.01507092
Local Clock Time Offset,-20.654,-2.347,-0.569,0.013,0.603, 1.965,12.736,,1.172,4.312,0.6404,,0.0,µs,-6.194898286460067,94.84181610784358
Local RMS Frequency Jitter,0.653,0.962,1.166,2.176,9.805, 18.968,66.98,,8.639,18.006,3.6097,,3.4693,ppb,4.199753954604827,34.97489561774999
Local RMS Time Jitter,0.104,0.15,0.184,0.333,1.22, 2.113,9.33,,1.036,1.963,0.4221,,0.4722,µs,5.259140749499435,52.63504203561514
Server Jitter SHM(0),0.1113,0.3052,0.4925,1.333,3.1701, 5.0613,7.9328,,2.6776,4.7561,0.8849,,1.5116,ms,4.537988240280556,19.175638683075057
Server Jitter SHM(1),0.029,0.078,0.117,0.299,1.845, 3.703,19.19,,1.728,3.625,0.7529,,0.5331,µs,4.8159363733948775,57.61239708452845
Server Offset SHM(0),11.9855,13.0001,13.9256,19.1565,23.5636, 24.9372,27.8649,,9.6381,11.9371,3.099,,18.8324,ms,146.05213132875306,820.1570410771835
Server Offset SHM(1),-20.655,-2.348,-0.57,0.014,0.604, 1.966,12.737,,1.174,4.314,0.6408,,0.0001,µs,-6.190623457186985,94.64156678614758
TDOP,0.68,0.7,0.75,1.31,5.31, 11.11,12.89,,4.56,10.41,2.0874,,2.1101, ,3.1444742744365204,13.914237128354184
Temp ZONE0,50.15,50.7,51.25,54.0,55.65, 56.2,56.75,,4.4,5.5,1.2879,,53.6668,°C,67385.18271620058,2745391.3147980897
nSats,10.0,10.0,11.0,13.0,16.0, 16.0,16.0,,5.0,6.0,1.279,,13.4938,nSat,899.4989448448408,8861.782649339748
