Name,Min,1%,5%,50%,95%,99%,Max,,90% Range,98% Range,StdDev,,Mean,Units,Skewness,Kurtosis
Local Clock Frequency Offset,8.5689,8.6754,8.7141,8.8413,8.9225, 8.9528,9.0191,,0.2084,0.2773,0.0634,,8.8354,ppm,2653772.630387769,367448679.4042663
Local Clock Time Offset,-19.765,-1.883,-0.51,0.006,0.599, 1.76,8.378,,1.109,3.643,0.5812,,0.0002,µs,-6.8617950859058805,119.40213442991178
Local RMS Frequency Jitter,0.372,0.716,0.908,1.835,8.122, 17.8,55.252,,7.214,17.084,3.3548,,3.0654,ppb,3.9076730097279326,30.350353539991964
Local RMS Time Jitter,0.065,0.109,0.141,0.28,1.01, 2.031,8.596,,0.869,1.922,0.3873,,0.4067,µs,5.373581248157467,57.96543668419075
Server Jitter SHM(0),0.1963,0.3348,0.533,1.4376,3.3846, 5.2009,7.9083,,2.8516,4.8661,0.9497,,1.6472,ms,4.323889925479682,16.36321059860408
Server Jitter SHM(1),0.02,0.059,0.088,0.241,1.629, 3.396,19.369,,1.541,3.337,0.6884,,0.4626,µs,4.84535496550767,61.59922426034483
Server Offset SHM(0),10.7039,12.6693,13.7165,18.8091,23.4681, 24.5402,26.5134,,9.7516,11.8709,3.183,,18.5088,ms,126.05235128905495,678.1756217375461
Server Offset SHM(1),-19.766,-1.884,-0.511,0.007,0.6, 1.761,8.379,,1.111,3.645,0.5817,,0.0003,µs,-6.855751997231549,119.11858823606823
TDOP,0.66,0.68,0.75,1.13,4.83, 15.1,17.28,,4.08,14.42,2.0828,,1.7862, ,4.393400476796436,27.966569951949374
Temp ZONE0,49.6,50.15,51.25,52.9,54.55, 55.1,56.2,,3.3,4.95,1.139,,52.9985,°C,94521.64492053643,4309799.082115835
nSats,11.0,12.0,12.0,14.0,16.0, 16.0,16.0,,4.0,4.0,1.1027,,14.025,nSat,1644.0912565038539,19673.30291051135
