Name,Min,1%,5%,50%,95%,99%,Max,,90% Range,98% Range,StdDev,,Mean,Units,Skewness,Kurtosis
Local Clock Frequency Offset,8.9179,9.0858,9.1041,9.1381,9.1719, 9.1836,9.2371,,0.0678,0.0978,0.0214,,9.1384,ppm,77498573.74405661,33041750717.123142
Local Clock Time Offset,-16.212,-2.101,-0.475,0.009,0.522, 1.792,7.151,,0.997,3.893,0.5877,,0.0001,µs,-6.773584602408629,90.53323898827716
Local RMS Frequency Jitter,0.317,0.621,0.814,1.782,8.426, 18.869,45.355,,7.612,18.248,3.4636,,3.0191,ppb,3.5502506377531575,23.477709324240585
Local RMS Time Jitter,0.052,0.1,0.133,0.281,1.088, 2.177,6.595,,0.955,2.077,0.4077,,0.4161,µs,4.202158721219821,31.038599277929606
Server Jitter SHM(0),0.1355,0.3476,0.522,1.364,3.4647, 5.3164,8.2687,,2.9427,4.9689,0.961,,1.5883,ms,4.167679258016869,16.290158161229847
Server Jitter SHM(1),0.014,0.051,0.08,0.229,1.617, 3.652,15.865,,1.537,3.601,0.7141,,0.4538,µs,4.256127905471566,41.34009644646999
Server Offset SHM(0),11.1726,12.8517,14.0402,18.8794,23.5493, 24.5841,27.5263,,9.5091,11.7324,3.1132,,18.6577,ms,139.4894675349704,773.4829541823647
Server Offset SHM(1),-16.213,-2.102,-0.476,0.01,0.523, 1.793,7.152,,0.999,3.895,0.5881,,0.0001,µs,-6.768119025453704,90.34703298002849
TDOP,0.68,0.68,0.75,1.27,7.4, 19.14,237.99,,6.65,18.46,15.525,,3.2949, ,11.533240692791637,175.5771341729219
Temp ZONE0,54.0,54.0,55.1,56.75,58.4, 60.6,60.6,,3.3,6.6,1.0093,,56.7934,°C,169029.15626534712,9351936.93352827
nSats,9.0,10.0,10.0,13.0,15.0, 16.0,16.0,,5.0,6.0,1.5148,,13.2033,nSat,482.1903852792128,3894.1208072877907
