Name,Min,1%,5%,50%,95%,99%,Max,,90% Range,98% Range,StdDev,,Mean,Units,Skewness,Kurtosis
Local Clock Frequency Offset,8.3858,8.5028,8.5255,8.5476,8.5665, 8.5724,8.6061,,0.041,0.0695,0.0156,,8.5465,ppm,164859652.3479586,90397284717.82407
Local Clock Time Offset,-14.932,-2.214,-0.382,0.008,0.579, 1.579,7.621,,0.961,3.793,0.5931,,0.0,µs,-7.55409377723261,98.44710189792777
Local RMS Frequency Jitter,0.329,0.559,0.72,1.476,8.624, 19.372,41.245,,7.904,18.813,3.596,,2.9268,ppb,3.0325269196332116,18.392173670573484
Local RMS Time Jitter,0.047,0.085,0.112,0.237,1.198, 2.452,6.202,,1.086,2.367,0.4613,,0.4115,µs,3.4425989341140433,22.670973718454565
Server Jitter SHM(0),0.2002,0.4098,0.6055,1.4967,3.8508, 5.7112,7.9313,,3.2454,5.3014,1.0514,,1.7635,ms,4.127205979204498,15.10128326072912
Server Jitter SHM(1),0.018,0.044,0.068,0.181,1.711, 3.891,14.914,,1.643,3.847,0.7419,,0.4237,µs,3.767015271708728,35.65229363179217
Server Offset SHM(0),11.179,12.1975,13.0572,18.188,23.657, 25.0093,26.6889,,10.5998,12.8118,3.3029,,18.2437,ms,106.22274624668677,545.2158372015689
Server Offset SHM(1),-14.933,-2.215,-0.383,0.009,0.58, 1.58,7.622,,0.963,3.795,0.5935,,0.0001,µs,-7.548034771806199,98.26595439424607
TDOP,0.73,0.76,0.83,1.37,16.74, 65.91,104.51,,15.91,65.15,10.4237,,4.1639, ,4.427693737820906,38.67314922823488
Temp ZONE0,54.55,55.65,56.75,58.4,59.5, 60.6,61.15,,2.75,4.95,1.046,,58.1204,°C,162638.82363772998,8883607.79865596
nSats,5.0,5.0,5.0,13.0,15.0, 16.0,16.0,,10.0,11.0,3.0082,,11.9292,nSat,33.654578253515915,118.23982100655604
