Name,Min,1%,5%,50%,95%,99%,Max,,90% Range,98% Range,StdDev,,Mean,Units,Skewness,Kurtosis
Local Clock Frequency Offset,8.705,8.866,8.9019,9.0269,9.0751, 9.1181,9.1505,,0.1731,0.2521,0.0543,,9.0103,ppm,4491464.251481012,741109352.1785318
Local Clock Time Offset,-20.156,-2.072,-0.514,0.013,0.549, 1.795,8.937,,1.063,3.867,0.6028,,0.0001,µs,-7.307254012366192,121.81303176569972
Local RMS Frequency Jitter,0.427,0.76,0.962,1.943,8.463, 18.782,56.139,,7.501,18.022,3.4902,,3.1669,ppb,3.99333095560283,29.8955217721913
Local RMS Time Jitter,0.078,0.123,0.155,0.301,1.091, 2.202,8.773,,0.936,2.079,0.4234,,0.4353,µs,5.2556834832345345,51.25480621809544
Server Jitter SHM(0),0.1657,0.3463,0.5329,1.4458,3.3558, 4.9396,7.5658,,2.8229,4.5932,0.9111,,1.6306,ms,4.557123604033326,17.362423867258347
Server Jitter SHM(1),0.022,0.065,0.098,0.26,1.645, 3.675,19.73,,1.547,3.61,0.7204,,0.4824,µs,4.882937968957377,57.81407043539443
Server Offset SHM(0),9.8877,11.1209,13.3939,18.3709,23.4654, 24.9485,26.7547,,10.0715,13.8276,3.2789,,18.0956,ms,105.89566529460483,542.8370893615089
Server Offset SHM(1),-20.157,-2.073,-0.515,0.014,0.55, 1.796,8.938,,1.065,3.869,0.6032,,0.0002,µs,-7.300566883388879,121.53733718618597
TDOP,0.64,0.67,0.79,1.32,8.04, 29.3,42.37,,7.25,28.63,4.7353,,2.7275, ,4.567978600186925,35.11643201224209
Temp ZONE0,52.35,52.35,52.9,56.2,58.4, 58.95,59.5,,5.5,6.6,1.8057,,55.9869,°C,27103.869005114244,815949.678521959
nSats,9.0,10.0,11.0,14.0,16.0, 16.0,16.0,,5.0,6.0,1.3545,,13.6792,nSat,779.8912089651632,7326.448296202781
