Name,Min,1%,5%,50%,95%,99%,Max,,90% Range,98% Range,StdDev,,Mean,Units,Skewness,Kurtosis
Local Clock Frequency Offset,8.6303,8.7878,8.8027,8.8713,9.0611, 9.0785,9.1216,,0.2584,0.2907,0.0777,,8.8939,ppm,1459972.5086312424,165651173.608958
Local Clock Time Offset,-13.109,-2.073,-0.47,0.006,0.526, 1.776,9.997,,0.996,3.849,0.5908,,-0.0002,µs,-6.441439851986661,90.13367730367516
Local RMS Frequency Jitter,0.418,0.664,0.867,1.834,8.233, 19.093,47.072,,7.366,18.429,3.4835,,3.0334,ppb,3.7138110073834065,24.622840887468673
Local RMS Time Jitter,0.066,0.106,0.139,0.283,1.066, 2.144,8.676,,0.927,2.038,0.4095,,0.4146,µs,4.834136964825153,43.795987543248984
Server Jitter SHM(0),0.1742,0.3499,0.5368,1.4155,3.2957, 5.3146,8.6251,,2.7589,4.9647,0.9303,,1.6154,ms,4.629527366607125,19.16524125849866
Server Jitter SHM(1),0.015,0.053,0.083,0.233,1.575, 3.61,13.831,,1.492,3.557,0.7115,,0.4527,µs,4.561112974428528,45.76669834237775
Server Offset SHM(0),12.0119,13.2767,14.0984,18.8588,23.6255, 24.9585,27.8015,,9.5271,11.6818,3.0925,,18.6836,ms,143.34886758580646,802.1021180168152
Server Offset SHM(1),-13.11,-2.074,-0.471,0.007,0.527, 1.777,9.998,,0.998,3.851,0.5912,,-0.0002,µs,-6.4367506789807,89.95106706555062
TDOP,0.68,0.69,0.75,1.2,8.6, 19.33,76.82,,7.85,18.64,5.842,,2.4662, ,7.471597198809851,92.43517922757191
Temp ZONE0,50.15,50.7,51.25,53.45,57.85, 59.5,61.7,,6.6,8.8,1.9224,,53.733,°C,19658.98351077316,532123.5983870302
nSats,9.0,10.0,12.0,14.0,15.0, 16.0,16.0,,3.0,6.0,1.1588,,13.639,nSat,1281.212161916314,14135.328140940604
