Name,Min,1%,5%,50%,95%,99%,Max,,90% Range,98% Range,StdDev,,Mean,Units,Skewness,Kurtosis
Local Clock Frequency Offset,8.8325,9.0375,9.0539,9.1099,9.1437, 9.1567,9.2041,,0.0898,0.1193,0.0286,,9.1061,ppm,31833805.227075603,10089276620.462553
Local Clock Time Offset,-16.628,-2.157,-0.522,0.013,0.55, 1.76,11.399,,1.072,3.917,0.6064,,-0.0,µs,-6.659778302329898,101.18545664789049
Local RMS Frequency Jitter,0.419,0.765,0.965,1.966,8.506, 18.532,60.09,,7.541,17.767,3.5229,,3.1732,ppb,4.1565875767812335,33.41890124451476
Local RMS Time Jitter,0.063,0.122,0.156,0.306,1.112, 2.12,8.305,,0.956,1.998,0.4282,,0.4407,µs,5.410211529911979,53.92804303672922
Server Jitter SHM(0),0.1459,0.3645,0.5351,1.385,3.4281, 5.2457,8.1063,,2.893,4.8812,0.9508,,1.596,ms,4.317961771232236,17.42008562126509
Server Jitter SHM(1),0.013,0.061,0.094,0.258,1.662, 3.602,16.751,,1.568,3.541,0.7273,,0.483,µs,4.93000017372494,57.467954864820065
Server Offset SHM(0),10.6277,12.7271,13.6268,18.3992,22.794, 24.5652,27.5713,,9.1672,11.8381,3.0408,,18.0689,ms,135.6160988637439,746.5797353717079
Server Offset SHM(1),-16.629,-2.158,-0.523,0.014,0.551, 1.761,11.4,,1.074,3.919,0.6069,,0.0001,µs,-6.654574691263787,100.97056950281483
TDOP,0.62,0.66,0.7,1.04,22.73, 113.5,133.79,,22.03,112.84,17.5113,,5.6227, ,3.0618751952600354,22.32651689747663
Temp ZONE0,53.45,54.0,54.55,56.2,58.4, 60.05,60.6,,3.85,6.05,1.1185,,56.4085,°C,120951.77220035302,5986548.9018072765
nSats,9.0,10.0,11.0,13.0,15.0, 16.0,16.0,,4.0,6.0,1.4191,,13.2208,nSat,599.9669094228673,5194.757705593069
