Name,Min,1%,5%,50%,95%,99%,Max,,90% Range,98% Range,StdDev,,Mean,Units,Skewness,Kurtosis
Local Clock Frequency Offset,7.8796,7.9805,7.9991,8.3848,8.4833, 8.5583,8.636,,0.4842,0.5778,0.1668,,8.3204,ppm,116878.96095819696,5719200.125862308
Local Clock Time Offset,-17.205,-2.09,-0.366,0.002,0.557, 1.663,7.23,,0.923,3.753,0.5772,,0.0001,µs,-7.173536878384632,96.67483191875664
Local RMS Frequency Jitter,0.258,0.478,0.636,1.439,8.406, 19.072,47.568,,7.77,18.594,3.514,,2.8311,ppb,2.97185808139976,17.897710266104887
Local RMS Time Jitter,0.041,0.073,0.101,0.231,1.137, 2.259,7.428,,1.036,2.186,0.4335,,0.391,µs,3.5767308944943466,26.067876734271838
Server Jitter SHM(0),0.0971,0.3629,0.551,1.3895,3.4818, 5.5568,8.4784,,2.9308,5.1938,0.9667,,1.6099,ms,4.3094333823485425,17.14592652638303
Server Jitter SHM(1),0.014,0.039,0.06,0.172,1.674, 3.748,17.184,,1.614,3.709,0.7148,,0.4042,µs,3.7679477826668717,36.73244812795719
Server Offset SHM(0),10.8796,12.5067,13.697,18.6139,23.6354, 24.9363,26.8211,,9.9384,12.4296,3.1699,,18.5308,ms,128.3604181027172,694.8586396505394
Server Offset SHM(1),-17.206,-2.091,-0.367,0.003,0.558, 1.664,7.231,,0.925,3.755,0.5776,,0.0001,µs,-7.168074227523735,96.494547843222
TDOP,0.59,0.59,0.73,1.05,6.33, 10.57,139.9,,5.6,9.98,9.0912,,2.3894, ,11.782127482396474,178.36799632934054
Temp ZONE0,47.4,47.95,48.5,52.9,56.75, 59.5,60.6,,8.25,11.55,2.544,,52.7676,°C,7753.944419037235,154257.3924094951
nSats,5.0,5.0,5.0,13.0,16.0, 16.0,16.0,,11.0,11.0,2.8424,,12.6722,nSat,50.20067048842295,198.13689112746474
