Name,Min,1%,5%,50%,95%,99%,Max,,90% Range,98% Range,StdDev,,Mean,Units,Skewness,Kurtosis
Local Clock Frequency Offset,8.1819,8.3243,8.3496,8.3765,8.3966, 8.4068,8.4345,,0.047,0.0825,0.0165,,8.3753,ppm,130640604.40771729,66288918816.012146
Local Clock Time Offset,-16.821,-2.164,-0.421,0.009,0.492, 1.529,8.75,,0.913,3.693,0.5627,,-0.0001,µs,-8.35473206674295,124.30274409029963
Local RMS Frequency Jitter,0.36,0.602,0.761,1.675,7.976, 17.961,46.476,,7.215,17.359,3.3401,,2.8631,ppb,3.642927177431352,25.567071407723567
Local RMS Time Jitter,0.054,0.093,0.12,0.256,1.092, 2.161,7.149,,0.972,2.068,0.4166,,0.4022,µs,4.123889650853995,33.764347909381726
Server Jitter SHM(0),0.1649,0.3748,0.5738,1.4504,3.9453, 5.8562,7.6057,,3.3715,5.4814,1.0653,,1.7293,ms,4.007148471538238,14.906890467527518
Server Jitter SHM(1),0.013,0.043,0.066,0.199,1.564, 3.539,16.82,,1.498,3.496,0.6979,,0.4238,µs,4.4844197716630205,49.96447111888466
Server Offset SHM(0),10.7417,12.1466,13.2411,18.239,22.9583, 24.3432,26.3829,,9.7172,12.1966,3.1447,,18.0667,ms,121.08204953593143,644.1740275505196
Server Offset SHM(1),-16.822,-2.165,-0.422,0.01,0.493, 1.53,8.751,,0.915,3.695,0.5631,,-0.0,µs,-8.346574704767107,124.03970546392294
TDOP,0.63,0.66,0.7,0.97,7.25, 35.6,57.58,,6.55,34.94,5.8066,,2.4412, ,4.503377415390355,37.2567555528481
Temp ZONE0,55.65,55.65,56.75,58.4,60.05, 61.15,61.7,,3.3,5.5,1.0666,,58.1663,°C,153569.33037609243,8229579.468799273
nSats,10.0,11.0,12.0,14.0,15.0, 16.0,16.0,,3.0,5.0,1.0723,,13.6833,nSat,1661.7490699707685,19946.40591289539
