Name,Min,1%,5%,50%,95%,99%,Max,,90% Range,98% Range,StdDev,,Mean,Units,Skewness,Kurtosis
Local Clock Frequency Offset,8.8824,9.065,9.0864,9.2275,9.3684, 9.3876,9.5007,,0.282,0.3226,0.0973,,9.2319,ppm,827476.3255193076,77703262.72313805
Local Clock Time Offset,-20.702,-2.375,-0.523,0.005,0.611, 1.989,9.776,,1.134,4.364,0.6299,,-0.0002,µs,-6.8400785595672735,96.67149497250637
Local RMS Frequency Jitter,0.534,0.84,1.03,2.052,9.732, 18.694,58.22,,8.702,17.854,3.5902,,3.3709,ppb,3.728904366101691,27.187190020299933
Local RMS Time Jitter,0.084,0.132,0.165,0.312,1.244, 2.074,8.761,,1.079,1.942,0.4222,,0.4567,µs,4.6744967148873515,42.236488943084744
Server Jitter SHM(0),0.2134,0.3203,0.4867,1.3088,3.1466, 5.0649,9.1234,,2.6599,4.7446,0.9024,,1.5017,ms,4.416973175989468,19.057163046301095
Server Jitter SHM(1),0.024,0.067,0.098,0.255,1.839, 3.729,20.164,,1.741,3.662,0.7485,,0.5015,µs,4.205569860906799,46.32182650450782
Server Offset SHM(0),9.7974,11.5663,12.9958,18.7661,23.859, 25.4029,28.3499,,10.8632,13.8366,3.4287,,18.4541,ms,97.2950312222147,485.93355767058426
Server Offset SHM(1),-20.703,-2.375,-0.524,0.006,0.612, 1.99,9.777,,1.136,4.365,0.6304,,-0.0002,µs,-6.834872680709667,96.47514739965791
TDOP,0.65,0.67,0.72,0.94,7.56, 62.59,119.96,,6.84,61.92,10.5314,,3.0608, ,5.686340190273846,58.148691380067504
Temp ZONE0,50.15,50.15,50.7,52.9,58.95, 59.5,60.05,,8.25,9.35,2.7065,,54.0665,°C,6891.579262193006,131902.46244819157
nSats,4.0,5.0,11.0,13.0,15.0, 16.0,16.0,,4.0,11.0,1.8527,,13.0708,nSat,238.47947591632817,1531.9040479064527
