Name,Min,1%,5%,50%,95%,99%,Max,,90% Range,98% Range,StdDev,,Mean,Units,Skewness,Kurtosis
Local Clock Frequency Offset,8.9017,9.0156,9.0524,9.1909,9.287, 9.3166,9.3954,,0.2346,0.301,0.0729,,9.187,ppm,1951942.7041930647,243974697.34597844
Local Clock Time Offset,-16.053,-2.276,-0.509,0.005,0.56, 1.903,12.202,,1.069,4.179,0.6304,,-0.0002,µs,-6.278436299177204,90.81749130269267
Local RMS Frequency Jitter,0.412,0.703,0.892,1.937,9.71, 18.975,63.323,,8.818,18.272,3.7,,3.2556,ppb,3.8093265654494934,29.36151604116599
Local RMS Time Jitter,0.072,0.11,0.14,0.288,1.23, 2.118,7.09,,1.09,2.008,0.4319,,0.436,µs,4.281813769680579,34.11377114138897
Server Jitter SHM(0),0.1697,0.332,0.495,1.4045,3.328, 4.8347,8.203,,2.8329,4.5027,0.9237,,1.5848,ms,4.223568647835413,16.273163079957833
Server Jitter SHM(1),0.02,0.052,0.079,0.238,1.799, 3.728,17.572,,1.72,3.676,0.7648,,0.4818,µs,4.447457872807141,49.46177981363529
Server Offset SHM(0),11.2507,12.4728,13.3679,18.8895,23.9734, 25.4107,27.4095,,10.6055,12.9379,3.3798,,18.6253,ms,105.34080506835512,538.4896134410576
Server Offset SHM(1),-16.054,-2.277,-0.51,0.006,0.561, 1.904,12.203,,1.071,4.181,0.6308,,-0.0002,µs,-6.274547285744506,90.65006217000041
TDOP,0.7,0.78,0.85,1.89,27.2, 71.63,107.19,,26.35,70.85,13.0481,,6.3857, ,2.8000586937734893,19.790254993304675
Temp ZONE0,50.15,50.15,51.25,53.45,55.1, 56.2,56.2,,3.85,6.05,1.204,,53.3975,°C,81605.09642688089,3543362.073844086
nSats,7.0,8.0,11.0,13.0,15.0, 16.0,16.0,,4.0,8.0,1.4415,,13.3237,nSat,583.9423645200047,4999.744211905807
