Name,Min,1%,5%,50%,95%,99%,Max,,90% Range,98% Range,StdDev,,Mean,Units,Skewness,Kurtosis
Local Clock Frequency Offset,8.172,8.2596,8.3095,8.5163,8.5931, 8.6322,8.7169,,0.2836,0.3726,0.1034,,8.4732,ppm,530399.6325044188,42947304.65054602
Local Clock Time Offset,-12.69,-2.085,-0.367,0.003,0.526, 1.662,6.354,,0.893,3.747,0.5658,,-0.0001,µs,-6.507850279023637,75.88190251675431
Local RMS Frequency Jitter,0.322,0.526,0.682,1.429,8.389, 18.963,35.216,,7.707,18.437,3.4274,,2.7966,ppb,2.882015894693081,16.034301621972553
Local RMS Time Jitter,0.052,0.084,0.112,0.231,1.151, 2.198,5.15,,1.039,2.114,0.4159,,0.3906,µs,3.180615263764252,18.56197186725989
Server Jitter SHM(0),0.1982,0.4023,0.5875,1.4308,3.3763, 5.4717,7.7118,,2.7888,5.0693,0.9365,,1.6395,ms,4.735805002025953,19.374773173923813
Server Jitter SHM(1),0.012,0.045,0.067,0.179,1.659, 3.576,12.706,,1.592,3.531,0.6943,,0.4036,µs,3.5738582775168894,30.43584238213331
Server Offset SHM(0),11.8794,13.3534,14.1255,18.9616,23.9142, 25.1948,26.8184,,9.7887,11.8414,3.1371,,18.8612,ms,141.0298913086797,785.2598958272611
Server Offset SHM(1),-12.691,-2.086,-0.368,0.004,0.527, 1.663,6.355,,0.895,3.749,0.5662,,-0.0001,µs,-6.5034109944245575,75.74569569246168
TDOP,0.64,0.64,0.76,1.15,10.19, 59.07,107.04,,9.43,58.43,9.6655,,3.7497, ,5.3371883509102,51.47913685675607
Temp ZONE0,49.05,50.15,50.7,53.45,56.2, 56.75,57.3,,5.5,6.6,1.9568,,53.2583,°C,18097.375670262893,476517.62799356884
nSats,5.0,5.0,5.0,13.0,15.0, 16.0,16.0,,10.0,11.0,3.339,,11.9336,nSat,23.673647692167002,75.11625403949854
