Name,Min,1%,5%,50%,95%,99%,Max,,90% Range,98% Range,StdDev,,Mean,Units,Skewness,Kurtosis
Local Clock Frequency Offset,7.608,7.7529,7.7704,7.89,7.9628, 7.9886,8.0888,,0.1924,0.2358,0.0594,,7.8807,ppm,2287612.749239944,301457742.0236796
Local Clock Time Offset,-12.05,-2.223,-0.472,0.001,0.57, 1.792,6.194,,1.042,4.015,0.5647,,0.0,µs,-6.047568462854239,63.30028246805118
Local RMS Frequency Jitter,0.298,0.558,0.721,1.757,8.898, 16.938,33.953,,8.177,16.38,3.2436,,2.9949,ppb,2.8232948540490446,15.031877075761875
Local RMS Time Jitter,0.053,0.088,0.115,0.26,1.082, 1.958,4.809,,0.967,1.87,0.3788,,0.3972,µs,3.3192674374826767,19.330939015124347
Server Jitter SHM(0),0.1551,0.3425,0.5182,1.4284,3.6606, 5.7196,9.2055,,3.1424,5.3771,1.0529,,1.6794,ms,4.006897618803172,16.237084232197677
Server Jitter SHM(1),0.009,0.039,0.06,0.192,1.738, 3.382,11.736,,1.678,3.343,0.6811,,0.4356,µs,3.096894211279701,24.448286991745995
Server Offset SHM(0),10.0048,11.7608,13.0348,18.1812,23.0557, 24.439,26.1965,,10.0209,12.6781,3.2155,,17.8854,ms,108.66124913008572,560.4228175887463
Server Offset SHM(1),-12.051,-2.224,-0.473,0.002,0.571, 1.793,6.195,,1.044,4.017,0.5651,,0.0,µs,-6.04378881657272,63.18452817261534
TDOP,0.67,0.68,0.77,1.56,27.41, 141.05,208.87,,26.64,140.37,24.2864,,7.8683, ,3.5846535843433305,28.053403710777662
Temp ZONE0,50.7,51.25,51.8,54.0,55.65, 56.75,60.05,,3.85,5.5,1.392,,53.8151,°C,53524.06037770681,2019979.503669197
nSats,10.0,10.0,11.0,14.0,15.0, 16.0,16.0,,4.0,6.0,1.2887,,13.4896,nSat,876.8428878465344,8566.362097070829
