Name,Min,1%,5%,50%,95%,99%,Max,,90% Range,98% Range,StdDev,,Mean,Units,Skewness,Kurtosis
Local Clock Frequency Offset,8.9499,9.1332,9.1584,9.1773,9.1995, 9.2076,9.2525,,0.0411,0.0744,0.0146,,9.178,ppm,247698157.36800012,155560463507.82272
Local Clock Time Offset,-18.872,-2.218,-0.555,0.02,0.56, 1.803,10.42,,1.115,4.021,0.621,,-0.0002,µs,-6.483748096251784,94.59005512753052
Local RMS Frequency Jitter,0.544,0.906,1.129,2.128,9.324, 18.526,55.778,,8.195,17.62,3.5132,,3.3514,ppb,4.183742840397975,31.999307403994692
Local RMS Time Jitter,0.078,0.145,0.181,0.326,1.208, 2.131,8.658,,1.027,1.986,0.4357,,0.4657,µs,5.4591537103395895,53.27611958151994
Server Jitter SHM(0),0.2001,0.3533,0.531,1.4287,3.7014, 5.7385,8.5647,,3.1704,5.3852,1.0357,,1.6693,ms,4.063365059924793,15.928042792589668
Server Jitter SHM(1),0.027,0.078,0.114,0.292,1.744, 3.667,17.732,,1.63,3.589,0.7366,,0.5183,µs,4.7280665991546895,50.80402824772237
Server Offset SHM(0),11.4562,12.7275,13.6658,18.5492,23.3117, 24.5771,25.9779,,9.6459,11.8496,3.1086,,18.358,ms,132.80044237866875,726.0598611082299
Server Offset SHM(1),-18.873,-2.219,-0.556,0.021,0.561, 1.804,10.421,,1.117,4.023,0.6215,,-0.0001,µs,-6.47877100963392,94.3875732226798
TDOP,0.69,0.72,0.76,1.35,12.48, 37.69,55.63,,11.72,36.97,7.0109,,3.6501, ,3.2596961304574457,21.654283124744786
Temp ZONE0,55.1,55.65,56.75,57.85,59.5, 60.05,60.05,,2.75,4.4,0.9534,,57.9664,°C,214006.94729743953,12807933.903038226
nSats,10.0,10.0,12.0,14.0,15.0, 15.0,15.0,,3.0,5.0,1.0543,,13.4606,nSat,1664.155513385875,19979.16956568828
