Name,Min,1%,5%,50%,95%,99%,Max,,90% Range,98% Range,StdDev,,Mean,Units,Skewness,Kurtosis
Local Clock Frequency Offset,7.6433,7.7554,7.7805,7.9002,7.9573, 8.0131,8.0787,,0.1768,0.2577,0.0549,,7.8852,ppm,2909689.1044408446,415436374.8684124
Local Clock Time Offset,-12.05,-2.189,-0.458,0.005,0.511, 1.751,6.61,,0.969,3.94,0.5441,,0.0001,µs,-6.067881195930742,61.79096067934261
Local RMS Frequency Jitter,0.261,0.527,0.709,1.723,8.648, 16.168,33.953,,7.939,15.641,3.1016,,2.9115,ppb,2.864981103016339,15.45859302332001
Local RMS Time Jitter,0.043,0.083,0.111,0.256,1.053, 1.83,4.809,,0.942,1.747,0.3629,,0.3869,µs,3.3668290174250384,20.357569576087556
Server Jitter SHM(0),0.2083,0.3525,0.5235,1.4402,4.3095, 6.8222,14.1967,,3.786,6.4698,1.3247,,1.7863,ms,3.9695851425509385,21.332451233584013
Server Jitter SHM(1),0.012,0.037,0.058,0.195,1.699, 3.249,11.736,,1.641,3.212,0.6574,,0.4262,µs,3.0861209328875625,24.367718123630492
Server Offset SHM(0),2.1249,10.9351,12.4385,17.3604,22.3165, 23.961,26.0209,,9.8779,13.0259,3.2451,,17.2479,ms,93.22746481042627,459.7318857392881
Server Offset SHM(1),-12.051,-2.19,-0.459,0.006,0.512, 1.752,6.611,,0.971,3.942,0.5445,,0.0001,µs,-6.063829052563041,61.674021746772006
TDOP,0.67,0.68,0.74,1.28,15.88, 141.05,186.24,,15.14,140.37,20.7934,,6.2299, ,3.9556709486383927,32.026232983320774
Temp ZONE0,50.7,51.25,51.8,55.1,58.95, 60.05,60.6,,7.15,8.8,2.5205,,55.4058,°C,9299.817543646264,196450.32384891436
nSats,10.0,10.0,11.0,13.0,15.0, 16.0,16.0,,4.0,6.0,1.3707,,12.9046,nSat,621.141362873817,5444.843146362173
