Name,Min,1%,5%,50%,95%,99%,Max,,90% Range,98% Range,StdDev,,Mean,Units,Skewness,Kurtosis
Local Clock Frequency Offset,7.2131,7.3262,7.4062,7.5946,7.6867, 7.7284,7.8251,,0.2805,0.4022,0.0802,,7.5809,ppm,817361.9959661673,76439364.67026359
Local Clock Time Offset,-15.202,-2.223,-0.408,0.004,0.589, 1.677,6.402,,0.997,3.9,0.588,,0.0,µs,-7.801637208728115,107.85182157483986
Local RMS Frequency Jitter,0.253,0.572,0.752,1.721,8.784, 18.638,42.025,,8.032,18.066,3.4809,,3.0028,ppb,3.231584368712766,19.737709121987674
Local RMS Time Jitter,0.034,0.091,0.123,0.276,1.234, 2.249,6.618,,1.111,2.158,0.4401,,0.4332,µs,3.6403714499973927,25.181344600598827
Server Jitter SHM(0),0.3719,0.72,1.0829,4.5577,11.0638, 13.685,22.0704,,9.981,12.965,3.1805,,4.9096,ms,2.6224048398864177,7.023669865730281
Server Jitter SHM(1),0.019,0.05,0.075,0.208,1.645, 3.533,15.216,,1.57,3.483,0.7178,,0.4373,µs,4.205927307457516,42.594563144008234
Server Offset SHM(0),-52.1733,-46.2334,-40.5422,-22.6769,-7.2507, -4.2515,1.8735,,33.2914,41.9819,10.3325,,-23.0434,ms,-43.559472281769715,175.87671126877484
Server Offset SHM(1),-15.203,-2.224,-0.409,0.005,0.59, 1.678,6.403,,0.999,3.902,0.5884,,0.0,µs,-7.794774291871687,107.63588799846113
Temp ZONE0,48.5,49.05,50.15,53.45,55.1, 56.2,56.75,,4.95,7.15,1.4324,,53.1136,°C,47072.87483996981,1702203.8842184183
