Name,Min,1%,5%,50%,95%,99%,Max,,90% Range,98% Range,StdDev,,Mean,Units,Skewness,Kurtosis
Local Clock Frequency Offset,8.957,9.0896,9.1124,9.1742,9.2142, 9.2436,9.3044,,0.1018,0.154,0.0306,,9.1696,ppm,26735132.21091229,7994404899.846053
Local Clock Time Offset,-14.534,-2.189,-0.487,0.006,0.552, 1.886,8.713,,1.039,4.075,0.5999,,-0.0001,µs,-6.192272896372613,75.80925131054947
Local RMS Frequency Jitter,0.36,0.715,0.896,1.879,9.418, 17.877,48.023,,8.522,17.162,3.47,,3.1554,ppb,3.42391188302415,21.96276607966812
Local RMS Time Jitter,0.062,0.115,0.145,0.283,1.188, 2.025,6.358,,1.043,1.91,0.4,,0.425,µs,3.899257658891431,26.282676298992833
Server Jitter SHM(0),0.1673,0.3924,0.5857,1.4024,3.1731, 4.9181,7.685,,2.5875,4.5257,0.8684,,1.5808,ms,4.965631494879949,20.138497537354436
Server Jitter SHM(1),0.017,0.053,0.081,0.235,1.767, 3.658,13.382,,1.686,3.605,0.7252,,0.4708,µs,3.8704345871431527,35.321255315493346
Server Offset SHM(0),10.1579,12.0714,13.4349,18.5266,23.62, 24.7783,27.3916,,10.1851,12.7069,3.2273,,18.4538,ms,119.1800697222851,631.2636249262133
Server Offset SHM(1),-14.535,-2.19,-0.488,0.007,0.553, 1.887,8.714,,1.041,4.077,0.6003,,-0.0001,µs,-6.188209545627775,75.66585405665195
TDOP,0.62,0.67,0.73,1.01,8.06, 47.83,266.23,,7.33,47.16,23.6971,,4.4268, ,7.27861570411719,80.78422203983075
Temp ZONE0,52.35,52.9,53.45,54.55,55.65, 56.2,57.3,,2.2,3.3,0.8033,,54.7371,°C,302858.1816554377,20347500.81597825
nSats,4.0,6.0,11.0,13.0,15.0, 16.0,16.0,,4.0,10.0,1.6307,,13.3817,nSat,393.54091783462,2956.0351910935574
