Name,Min,1%,5%,50%,95%,99%,Max,,90% Range,98% Range,StdDev,,Mean,Units,Skewness,Kurtosis
Local Clock Frequency Offset,8.9119,9.0175,9.0889,9.2295,9.3913, 9.454,9.4787,,0.3024,0.4364,0.0976,,9.2342,ppm,820937.3964863863,76885739.86699004
Local Clock Time Offset,-17.357,-2.291,-0.538,0.004,0.587, 2.002,9.047,,1.125,4.293,0.613,,0.0001,µs,-6.252359840331732,72.09802252796598
Local RMS Frequency Jitter,0.47,0.841,1.041,2.086,9.767, 18.116,48.897,,8.726,17.275,3.4355,,3.3417,ppb,3.383725403281106,20.296836097538392
Local RMS Time Jitter,0.081,0.134,0.169,0.319,1.24, 1.996,7.187,,1.071,1.862,0.3933,,0.4538,µs,4.164752790593696,29.886412173674493
Server Jitter SHM(0),0.1613,0.3637,0.5441,1.3483,3.1155, 4.955,7.8692,,2.5714,4.5914,0.8745,,1.5326,ms,4.801228008875209,20.608394245717943
Server Jitter SHM(1),0.019,0.062,0.096,0.263,1.816, 3.669,16.891,,1.72,3.607,0.721,,0.4993,µs,3.7668708941271905,33.87805687243777
Server Offset SHM(0),10.1102,11.8757,13.2095,18.0028,22.5171, 24.1815,26.4257,,9.3077,12.3059,3.1141,,17.8441,ms,120.06057316747099,637.4964241758934
Server Offset SHM(1),-17.358,-2.292,-0.539,0.005,0.588, 2.003,9.048,,1.127,4.295,0.6135,,0.0001,µs,-6.24808456236026,71.95596799969168
TDOP,0.69,0.75,0.8,1.29,12.01, 75.05,121.07,,11.21,74.3,12.1625,,4.057, ,5.609755048062634,52.62627049275377
Temp ZONE0,49.6,50.15,50.7,52.9,57.3, 58.4,58.95,,6.6,8.25,1.9486,,53.3131,°C,18395.6993628382,487063.41574548295
nSats,10.0,10.0,11.0,14.0,16.0, 16.0,16.0,,5.0,6.0,1.3602,,13.5394,nSat,744.2307386938799,6893.223465855937
