Name,Min,1%,5%,50%,95%,99%,Max,,90% Range,98% Range,StdDev,,Mean,Units,Skewness,Kurtosis
Local Clock Frequency Offset,9.0428,9.134,9.159,9.2017,9.2219, 9.2343,9.2689,,0.0629,0.1003,0.0211,,9.1968,ppm,82324669.05347775,35813318570.15763
Local Clock Time Offset,-15.652,-2.094,-0.704,0.025,0.609, 1.767,6.57,,1.313,3.861,0.6054,,-0.0003,µs,-6.518123294204358,74.52716484068785
Local RMS Frequency Jitter,0.46,0.958,1.267,2.451,8.635, 17.799,44.406,,7.368,16.841,3.1926,,3.4953,ppb,4.100871179348485,25.753020509209996
Local RMS Time Jitter,0.069,0.157,0.207,0.386,1.135, 2.05,6.312,,0.928,1.893,0.3747,,0.499,µs,4.982670890986232,35.605421572456905
Server Jitter SHM(0),0.1819,0.358,0.5189,1.3113,3.387, 5.3619,7.7469,,2.8681,5.004,0.9644,,1.5478,ms,4.109415855306736,16.54718616205402
Server Jitter SHM(1),0.017,0.081,0.124,0.348,1.675, 3.53,15.129,,1.551,3.449,0.6785,,0.5496,µs,4.542434489892178,42.416740776536734
Server Offset SHM(0),10.9243,12.3597,13.4169,18.3655,23.1055, 24.5089,26.3168,,9.6886,12.1492,3.1287,,18.2685,ms,127.81661872627443,690.6329790737539
Server Offset SHM(1),-15.653,-2.095,-0.705,0.026,0.61, 1.768,6.571,,1.315,3.863,0.6059,,-0.0001,µs,-6.512336351046475,74.3523497661302
TDOP,0.68,0.69,0.78,1.19,5.93, 33.2,193.81,,5.15,32.51,12.9459,,3.0372, ,10.70662654135404,158.7587912852961
Temp ZONE0,55.1,55.1,55.65,57.85,59.5, 60.05,62.25,,3.85,4.95,1.1324,,57.5465,°C,123795.08895220906,6174805.852870809
nSats,7.0,10.0,11.0,13.0,15.0, 16.0,16.0,,4.0,6.0,1.3733,,13.4149,nSat,699.9007892658716,6356.740512230598
