Name,Min,1%,5%,50%,95%,99%,Max,,90% Range,98% Range,StdDev,,Mean,Units,Skewness,Kurtosis
Local Clock Frequency Offset,8.5112,8.6317,8.6616,8.6852,8.7066, 8.7148,8.7586,,0.045,0.0832,0.0162,,8.6868,ppm,152819198.23393106,81703422473.64339
Local Clock Time Offset,-13.398,-2.005,-0.493,0.011,0.572, 1.64,8.066,,1.065,3.645,0.5538,,-0.0,µs,-6.373186383463819,73.97872215249677
Local RMS Frequency Jitter,0.28,0.597,0.805,1.749,8.02, 17.123,45.703,,7.215,16.526,3.1617,,2.9589,ppb,3.3206306382105955,20.786721114115345
Local RMS Time Jitter,0.047,0.096,0.131,0.269,1.0, 2.011,6.24,,0.869,1.915,0.3665,,0.3956,µs,4.1076047118161725,29.069222636549185
Server Jitter SHM(0),0.1377,0.3456,0.5758,1.4476,3.5977, 5.6174,7.9711,,3.0219,5.2718,1.0141,,1.6825,ms,4.276728521327423,16.96008402545614
Server Jitter SHM(1),0.017,0.052,0.081,0.228,1.627, 3.252,12.494,,1.546,3.2,0.6597,,0.4498,µs,3.8581326431649345,35.76313314748341
Server Offset SHM(0),11.5095,13.1352,14.124,19.1875,23.9408, 25.1846,27.3268,,9.8169,12.0495,3.2101,,18.9318,ms,132.1953485719015,721.82551510538
Server Offset SHM(1),-13.399,-2.006,-0.494,0.012,0.573, 1.641,8.067,,1.067,3.647,0.5543,,0.0001,µs,-6.368011736427424,73.81463140769849
TDOP,0.63,0.69,0.71,1.01,3.59, 12.37,102.61,,2.88,11.68,6.6994,,1.8916, ,11.586469096121284,174.06511795036906
Temp ZONE0,54.55,54.55,55.65,57.85,58.95, 60.05,62.25,,3.3,5.5,1.0562,,57.5659,°C,153318.74208567265,8211644.608873603
nSats,10.0,10.0,11.0,14.0,15.0, 16.0,16.0,,4.0,6.0,1.2741,,13.5826,nSat,930.1620554971292,9256.966779808683
