Name,Min,1%,5%,50%,95%,99%,Max,,90% Range,98% Range,StdDev,,Mean,Units,Skewness,Kurtosis
Local Clock Frequency Offset,8.8609,8.9835,9.0559,9.1736,9.2459, 9.2707,9.3229,,0.19,0.2872,0.059,,9.1694,ppm,3691059.7682033423,570476210.0697393
Local Clock Time Offset,-13.736,-2.304,-0.508,0.003,0.582, 1.991,7.319,,1.09,4.295,0.6146,,-0.0,µs,-6.020765351041946,69.72902607470871
Local RMS Frequency Jitter,0.477,0.783,0.954,1.985,9.678, 18.621,40.661,,8.724,17.838,3.5207,,3.2701,ppb,3.3727721767169565,20.472615611839284
Local RMS Time Jitter,0.072,0.123,0.157,0.304,1.232, 2.048,5.403,,1.075,1.925,0.4031,,0.4438,µs,3.9172689820675166,25.0559812005263
Server Jitter SHM(0),0.1334,0.3142,0.5035,1.3265,3.1674, 4.8925,7.9748,,2.6639,4.5783,0.8907,,1.5176,ms,4.526395066346761,19.11914849356449
Server Jitter SHM(1),0.016,0.054,0.085,0.242,1.82, 3.669,13.255,,1.735,3.615,0.7347,,0.4843,µs,3.765577286657092,33.36800978349231
Server Offset SHM(0),9.7948,12.0386,13.1181,18.7471,23.9716, 25.5143,28.1263,,10.8535,13.4757,3.4403,,18.5041,ms,97.1018538385453,484.9716578716978
Server Offset SHM(1),-13.737,-2.305,-0.509,0.004,0.583, 1.992,7.32,,1.092,4.297,0.615,,0.0,µs,-6.017082735820047,69.60026826415331
TDOP,0.65,0.66,0.71,0.97,6.5, 29.75,58.18,,5.79,29.09,5.0676,,2.1536, ,5.722441127937706,57.35981960207501
Temp ZONE0,49.05,49.6,51.25,53.45,55.65, 56.2,56.75,,4.4,6.6,1.3326,,53.3125,°C,59459.53141963209,2323771.523767734
nSats,8.0,10.0,11.0,13.0,15.0, 15.0,16.0,,4.0,5.0,1.2609,,13.3125,nSat,901.3130613595852,8877.11387336418
