Name,Min,1%,5%,50%,95%,99%,Max,,90% Range,98% Range,StdDev,,Mean,Units,Skewness,Kurtosis
Local Clock Frequency Offset,8.8873,9.1184,9.1647,9.208,9.2307, 9.2428,9.2919,,0.066,0.1244,0.0227,,9.2035,ppm,66025872.82496129,26686450999.634674
Local Clock Time Offset,-36.546,-2.073,-0.65,0.025,0.584, 1.733,16.543,,1.234,3.806,0.6607,,-0.0001,µs,-10.791119822448634,388.5022133016072
Local RMS Frequency Jitter,0.444,0.945,1.226,2.364,8.46, 18.932,102.238,,7.234,17.987,3.8309,,3.465,ppb,7.273867554104497,112.22857080707163
Local RMS Time Jitter,0.067,0.15,0.199,0.372,1.12, 2.262,17.495,,0.921,2.112,0.4962,,0.4955,µs,10.83093326841405,230.34187146666673
Server Jitter SHM(0),0.1475,0.3514,0.504,1.2852,3.3649, 5.4193,8.9551,,2.8609,5.0679,0.9678,,1.5349,ms,4.017675824457428,16.202879790662347
Server Jitter SHM(1),0.027,0.077,0.121,0.334,1.638, 3.69,35.686,,1.517,3.613,0.7863,,0.5417,µs,9.288948530117946,225.0527192339894
Server Offset SHM(0),10.8624,13.1598,14.0856,18.6973,23.3835, 24.6343,26.3168,,9.2979,11.4746,3.0915,,18.469,ms,138.05996304560944,763.9315983545179
Server Offset SHM(1),-36.547,-2.074,-0.651,0.026,0.585, 1.734,16.544,,1.236,3.808,0.6612,,0.0,µs,-10.777858435000258,387.5550843095779
TDOP,0.64,0.65,0.7,1.0,6.4, 33.2,193.81,,5.7,32.55,13.9827,,3.1595, ,8.87255901958682,118.30868910111394
Temp ZONE0,54.0,55.1,55.65,57.3,59.5, 61.15,61.7,,3.85,6.05,1.2546,,57.3616,°C,89579.55975025381,4012208.4782962543
nSats,10.0,10.0,11.0,14.0,15.0, 16.0,16.0,,4.0,6.0,1.3097,,13.5602,nSat,846.1243769702521,8170.269703899683
