Name,Min,1%,5%,50%,95%,99%,Max,,90% Range,98% Range,StdDev,,Mean,Units,Skewness,Kurtosis
Local Clock Frequency Offset,8.9407,9.1062,9.1247,9.1551,9.1797, 9.1937,9.2376,,0.055,0.0875,0.0178,,9.1543,ppm,134621667.2946864,68995894768.19736
Local Clock Time Offset,-16.41,-2.09,-0.508,0.015,0.534, 1.753,8.556,,1.042,3.843,0.594,,-0.0,µs,-7.427742525423128,108.31399653855028
Local RMS Frequency Jitter,0.449,0.747,0.934,1.901,8.38, 18.782,46.492,,7.446,18.035,3.4433,,3.1167,ppb,3.847819982162088,26.63150853942172
Local RMS Time Jitter,0.075,0.121,0.152,0.3,1.115, 2.216,6.623,,0.963,2.095,0.4165,,0.4363,µs,4.631249448112058,37.003293896710936
Server Jitter SHM(0),0.1998,0.3545,0.5055,1.3693,3.4607, 5.4615,8.2382,,2.9553,5.107,0.9852,,1.5933,ms,4.071778264628802,16.201756336034652
Server Jitter SHM(1),0.02,0.063,0.096,0.254,1.614, 3.555,16.001,,1.518,3.492,0.7112,,0.4749,µs,4.688748727697204,49.274685869545294
Server Offset SHM(0),10.4058,12.6647,13.5785,18.4894,23.2903, 24.3869,27.3896,,9.7118,11.7222,3.1503,,18.3045,ms,125.77196655933882,676.7076403649039
Server Offset SHM(1),-16.411,-2.091,-0.509,0.016,0.535, 1.754,8.557,,1.044,3.845,0.5945,,0.0,µs,-7.420841594628792,108.07631300511065
TDOP,0.72,0.75,0.79,1.18,12.1, 55.29,99.08,,11.31,54.54,9.7429,,3.5019, ,5.099864302340258,46.39329260499496
Temp ZONE0,54.55,54.55,55.65,56.75,58.4, 58.95,58.95,,2.75,4.4,0.8582,,56.7958,°C,277112.83247137873,18075055.279220782
nSats,10.0,11.0,12.0,14.0,15.0, 16.0,16.0,,3.0,5.0,1.1561,,13.6958,nSat,1308.1973024853626,14535.453587123313
