Name,Min,1%,5%,50%,95%,99%,Max,,90% Range,98% Range,StdDev,,Mean,Units,Skewness,Kurtosis
Local Clock Frequency Offset,8.705,8.866,8.9019,9.0259,9.0825, 9.1187,9.1505,,0.1806,0.2527,0.055,,9.0106,ppm,4315980.550926813,702757041.6311032
Local Clock Time Offset,-28.019,-2.081,-0.52,0.012,0.552, 1.823,12.419,,1.072,3.904,0.6272,,-0.0001,µs,-8.77000894277403,211.78780878582046
Local RMS Frequency Jitter,0.463,0.772,0.966,1.962,8.618, 19.335,77.407,,7.652,18.563,3.7,,3.2174,ppb,4.736516531716542,48.08069606579802
Local RMS Time Jitter,0.078,0.125,0.156,0.305,1.11, 2.322,14.26,,0.954,2.197,0.4713,,0.4453,µs,7.310659568748203,117.06951299370206
Server Jitter SHM(0),0.2033,0.3463,0.5089,1.4148,3.3595, 5.0754,7.5658,,2.8507,4.7291,0.9305,,1.6113,ms,4.356669813651673,16.866354729907954
Server Jitter SHM(1),0.022,0.067,0.1,0.262,1.658, 3.762,28.042,,1.558,3.695,0.7594,,0.4889,µs,6.146697255694118,103.90018715647054
Server Offset SHM(0),11.5442,13.1636,13.8564,18.6305,23.5391, 24.9485,26.7547,,9.6827,11.7849,3.1493,,18.3271,ms,126.53778348700529,683.5291598486305
Server Offset SHM(1),-28.02,-2.082,-0.521,0.013,0.553, 1.824,12.42,,1.074,3.906,0.6276,,-0.0001,µs,-8.760894779716082,211.30194331783628
TDOP,0.67,0.67,0.74,1.15,6.77, 29.3,42.37,,6.03,28.63,4.6272,,2.5117, ,4.871870072622257,38.80630752387293
Temp ZONE0,52.35,52.35,52.9,56.2,58.4, 58.95,59.5,,5.5,6.6,1.8214,,56.0121,°C,26426.897678282137,788919.0460578244
nSats,10.0,10.0,12.0,14.0,16.0, 16.0,16.0,,4.0,6.0,1.2192,,13.7833,nSat,1124.7234895867234,11892.789233870051
