Name,Min,1%,5%,50%,95%,99%,Max,,90% Range,98% Range,StdDev,,Mean,Units,Skewness,Kurtosis
Local Clock Frequency Offset,8.7759,9.0904,9.1161,9.1525,9.1759, 9.1877,9.2293,,0.0598,0.0973,0.0197,,9.1497,ppm,99035175.4897655,45820167472.44502
Local Clock Time Offset,-36.355,-2.101,-0.494,0.014,0.535, 1.735,16.386,,1.029,3.836,0.6307,,-0.0001,µs,-10.768936691642557,399.1309579569992
Local RMS Frequency Jitter,0.434,0.727,0.923,1.884,8.383, 18.479,101.975,,7.46,17.752,3.8098,,3.1297,ppb,6.54280751070188,101.37253030917839
Local RMS Time Jitter,0.063,0.114,0.148,0.298,1.12, 2.08,17.271,,0.972,1.966,0.4786,,0.4379,µs,9.412421965537405,200.63161572039897
Server Jitter SHM(0),0.1998,0.3816,0.5747,1.4714,3.5147, 5.3718,7.4669,,2.94,4.9903,0.9647,,1.6691,ms,4.429239901818844,16.977168011497533
Server Jitter SHM(1),0.011,0.06,0.091,0.249,1.628, 3.62,35.152,,1.537,3.56,0.7788,,0.4735,µs,8.344069240781039,199.20916877552636
Server Offset SHM(0),11.2919,12.883,13.7382,18.3719,23.0538, 24.4089,27.3688,,9.3156,11.5259,3.0953,,18.1387,ms,129.45838114632494,703.1242626323553
Server Offset SHM(1),-36.356,-2.102,-0.495,0.015,0.536, 1.736,16.387,,1.031,3.838,0.6311,,0.0,µs,-10.756501440699049,398.209920515598
TDOP,0.75,0.76,0.8,1.28,17.63, 58.18,215.28,,16.83,57.42,17.9675,,4.9726, ,6.187529339104125,69.6266056566309
Temp ZONE0,54.55,54.55,55.65,56.75,58.4, 58.95,58.95,,2.75,4.4,0.8712,,56.8669,°C,265727.6023383003,17091926.41183608
nSats,9.0,10.0,11.0,14.0,16.0, 16.0,16.0,,5.0,6.0,1.3102,,13.5125,nSat,835.573718719265,8038.057239605486
