Name,Min,1%,5%,50%,95%,99%,Max,,90% Range,98% Range,StdDev,,Mean,Units,Skewness,Kurtosis
Local Clock Frequency Offset,8.9079,9.031,9.0885,9.1426,9.1743, 9.1902,9.243,,0.0859,0.1593,0.029,,9.1391,ppm,31053222.209979896,9760774814.940105
Local Clock Time Offset,-13.198,-2.17,-0.46,0.011,0.513, 1.742,8.925,,0.973,3.912,0.5773,,-0.0,µs,-6.182039539041805,73.43212888129662
Local RMS Frequency Jitter,0.316,0.622,0.821,1.785,8.206, 18.372,46.335,,7.385,17.75,3.3771,,2.9943,ppb,3.4509731491921487,21.744354490548282
Local RMS Time Jitter,0.049,0.098,0.131,0.276,1.098, 2.115,6.919,,0.967,2.017,0.4008,,0.4126,µs,4.024110537118518,29.17785797586067
Server Jitter SHM(0),0.1967,0.3519,0.5569,1.4365,3.6047, 5.8195,7.8711,,3.0479,5.4677,1.007,,1.6707,ms,4.289155282063134,17.093196354335984
Server Jitter SHM(1),0.011,0.047,0.074,0.214,1.634, 3.67,12.899,,1.56,3.623,0.7026,,0.442,µs,3.866535330285914,35.04828129421148
Server Offset SHM(0),10.4677,12.2268,13.369,18.1828,23.1929, 24.444,26.3266,,9.8239,12.2172,3.1655,,18.1817,ms,121.01459980402205,644.1100757904826
Server Offset SHM(1),-13.199,-2.171,-0.461,0.012,0.514, 1.743,8.926,,0.975,3.914,0.5777,,0.0001,µs,-6.177765164729321,73.28766343610964
TDOP,0.63,0.65,0.73,1.06,10.01, 23.45,158.79,,9.28,22.8,10.6944,,3.1056, ,10.442523497847287,153.16550835665507
Temp ZONE0,54.0,54.0,55.1,57.85,59.5, 60.05,61.15,,4.4,6.05,1.2371,,57.7519,°C,95469.06764655061,4367409.137605238
nSats,10.0,11.0,12.0,14.0,16.0, 16.0,16.0,,4.0,5.0,1.0937,,14.1245,nSat,1726.5696644036561,20979.830065210124
