Name,Min,1%,5%,50%,95%,99%,Max,,90% Range,98% Range,StdDev,,Mean,Units,Skewness,Kurtosis
Local Clock Frequency Offset,8.5235,8.6233,8.7325,8.787,8.8291, 8.8475,8.9053,,0.0966,0.2242,0.0359,,8.7832,ppm,14439375.824176563,3516244501.918554
Local Clock Time Offset,-12.651,-1.889,-0.523,0.009,0.58, 1.683,6.985,,1.103,3.572,0.5544,,0.0,µs,-5.7248075149206885,61.186620826000684
Local RMS Frequency Jitter,0.415,0.67,0.864,1.795,8.12, 17.429,36.058,,7.256,16.759,3.1347,,2.9942,ppb,3.1650778103415904,17.28561018647501
Local RMS Time Jitter,0.066,0.105,0.136,0.273,0.983, 1.965,5.011,,0.847,1.86,0.3496,,0.3934,µs,3.9322403605156406,24.28167215060619
Server Jitter SHM(0),0.1412,0.4044,0.6232,1.5115,3.5135, 5.2792,7.7299,,2.8904,4.8748,0.9534,,1.7244,ms,4.750366065875321,18.24229656481756
Server Jitter SHM(1),0.02,0.055,0.084,0.239,1.621, 3.363,12.217,,1.537,3.308,0.6528,,0.4574,µs,3.6574076097213606,30.13342896101525
Server Offset SHM(0),10.8389,12.0634,13.9251,18.7099,23.5544, 24.8988,26.7855,,9.6293,12.8354,3.1112,,18.6087,ms,138.53426006687857,766.6021217498388
Server Offset SHM(1),-12.652,-1.89,-0.524,0.01,0.581, 1.684,6.986,,1.105,3.574,0.5549,,0.0001,µs,-5.7209495862799855,61.05560923902288
TDOP,0.65,0.66,0.71,1.14,3.32, 4.26,5.38,,2.61,3.6,0.8294,,1.3879, ,4.413479788143429,15.583509776371278
Temp ZONE0,51.8,53.45,54.0,55.65,56.75, 57.3,57.85,,2.75,3.85,0.9845,,55.3876,°C,168928.60581555677,9344447.334438585
nSats,12.0,12.0,12.0,14.0,15.0, 16.0,16.0,,3.0,4.0,1.0245,,13.9876,nSat,2063.315934318361,26579.0642874343
