Name,Min,1%,5%,50%,95%,99%,Max,,90% Range,98% Range,StdDev,,Mean,Units,Skewness,Kurtosis
Local Clock Frequency Offset,8.3289,8.4009,8.4701,8.6019,8.7191, 8.7509,8.8106,,0.249,0.35,0.0715,,8.5909,ppm,1692404.1159891426,201712614.9246119
Local Clock Time Offset,-11.685,-1.928,-0.488,0.005,0.572, 1.714,6.545,,1.06,3.642,0.5581,,0.0003,µs,-5.4554180080377375,55.73638069092435
Local RMS Frequency Jitter,0.373,0.652,0.864,1.783,8.013, 17.97,33.846,,7.149,17.318,3.1787,,2.9894,ppb,3.145059177276163,16.601409484522033
Local RMS Time Jitter,0.062,0.106,0.136,0.272,0.998, 2.002,4.917,,0.862,1.896,0.3567,,0.3959,µs,3.8096176236221395,22.64572017637445
Server Jitter SHM(0),0.158,0.3754,0.5594,1.4495,3.4345, 5.3881,8.1498,,2.8751,5.0127,0.9537,,1.6439,ms,4.514608894015242,18.240406913560808
Server Jitter SHM(1),0.014,0.055,0.085,0.233,1.61, 3.382,11.198,,1.525,3.327,0.6549,,0.4507,µs,3.6019884128420587,28.320124349597037
Server Offset SHM(0),9.697,12.5082,13.7765,18.8351,23.7292, 24.9356,27.1739,,9.9527,12.4274,3.1658,,18.5921,ms,130.32161927111673,708.4138943722477
Server Offset SHM(1),-11.686,-1.929,-0.489,0.006,0.573, 1.715,6.546,,1.062,3.644,0.5585,,0.0004,µs,-5.452290065674119,55.624735298152174
TDOP,0.67,0.7,0.75,0.99,15.38, 82.2,290.97,,14.63,81.5,26.2888,,5.5048, ,6.115338354527572,65.63679385577687
Temp ZONE0,49.05,50.15,51.25,52.9,55.65, 57.3,57.3,,4.4,7.15,1.3953,,53.1337,°C,51094.342691541686,1898748.4510873663
nSats,10.0,11.0,12.0,14.0,16.0, 16.0,16.0,,4.0,5.0,1.2952,,13.85,nSat,939.5920134876607,9383.256038538122
