Name,Min,1%,5%,50%,95%,99%,Max,,90% Range,98% Range,StdDev,,Mean,Units,Skewness,Kurtosis
Local Clock Frequency Offset,8.9889,9.1112,9.1478,9.2142,9.2407, 9.2539,9.3257,,0.0928,0.1427,0.0274,,9.2105,ppm,37791766.28706168,12682471959.22309
Local Clock Time Offset,-18.635,-2.004,-0.636,0.024,0.583, 1.731,9.273,,1.219,3.735,0.6166,,-0.0,µs,-7.124818324351172,107.02354659906085
Local RMS Frequency Jitter,0.569,1.029,1.287,2.368,8.275, 18.731,55.143,,6.988,17.702,3.3871,,3.4304,ppb,4.705869946040633,35.86148893794915
Local RMS Time Jitter,0.094,0.166,0.209,0.378,1.085, 2.249,8.323,,0.876,2.083,0.4114,,0.4917,µs,6.118939753933819,59.430970077487025
Server Jitter SHM(0),0.1407,0.3658,0.5406,1.4874,3.6704, 5.5649,7.5124,,3.1298,5.199,1.0026,,1.7068,ms,4.212131431238311,15.696365927660622
Server Jitter SHM(1),0.033,0.093,0.138,0.34,1.578, 3.639,17.424,,1.44,3.546,0.7063,,0.5405,µs,5.518893524168563,62.277813711252904
Server Offset SHM(0),7.6116,10.8307,13.6094,18.7731,23.6667, 25.0944,27.2968,,10.0573,14.2637,3.2866,,18.4636,ms,112.22629211341331,583.201145073769
Server Offset SHM(1),-18.636,-2.005,-0.637,0.025,0.584, 1.732,9.274,,1.221,3.737,0.6171,,0.0001,µs,-7.117921780829116,106.7643239367313
TDOP,0.62,0.64,0.7,1.11,8.98, 29.44,136.94,,8.28,28.8,12.3046,,3.4093, ,6.854089592262874,73.25504387846195
Temp ZONE0,53.45,54.0,55.1,57.3,60.6, 61.7,62.8,,5.5,7.7,1.4247,,57.3479,°C,60594.03134231614,2383138.100824951
nSats,4.0,9.0,12.0,13.0,16.0, 16.0,16.0,,4.0,7.0,1.5464,,13.5892,nSat,493.67269291516254,3994.488700829106
