Name,Min,1%,5%,50%,95%,99%,Max,,90% Range,98% Range,StdDev,,Mean,Units,Skewness,Kurtosis
Local Clock Frequency Offset,7.1165,7.2357,7.5327,7.6663,7.7656, 7.8435,7.9545,,0.2329,0.6078,0.0973,,7.6529,ppm,468070.30838899943,36354144.17861103
Local Clock Time Offset,-14.042,-2.306,-0.415,0.002,0.628, 1.726,8.464,,1.043,4.032,0.6,,0.0004,µs,-7.216361129984395,91.48426807045415
Local RMS Frequency Jitter,0.291,0.552,0.773,1.786,9.085, 18.371,41.762,,8.312,17.819,3.5204,,3.0995,ppb,3.262490335143346,20.311570940502726
Local RMS Time Jitter,0.049,0.088,0.123,0.285,1.259, 2.135,5.748,,1.136,2.047,0.4348,,0.4418,µs,3.432158033651524,21.611840456770036
Server Jitter SHM(0),0.1501,0.4121,0.5953,1.4437,3.4197, 4.8072,8.3355,,2.8244,4.3951,0.9083,,1.6535,ms,4.662279429032908,17.532547654998986
Server Jitter SHM(1),0.013,0.049,0.074,0.217,1.683, 3.619,14.025,,1.609,3.57,0.725,,0.4489,µs,4.064610224228912,39.00863873601587
Server Offset SHM(0),-23.2558,-20.5924,-18.208,-10.4273,-0.871, 5.8465,8.9416,,17.337,26.439,5.3271,,-10.1959,ms,-32.986456366401995,120.62643103931713
Server Offset SHM(1),-14.043,-2.307,-0.416,0.003,0.629, 1.727,8.465,,1.045,4.034,0.6004,,0.0005,µs,-7.2105956408941605,91.30660430815576
Temp ZONE0,46.3,47.4,49.6,51.25,54.0, 56.75,56.75,,4.4,9.35,1.5145,,51.6227,°C,36320.37864834227,1205032.9347889472
