Name,Min,1%,5%,50%,95%,99%,Max,,90% Range,98% Range,StdDev,,Mean,Units,Skewness,Kurtosis
Local Clock Frequency Offset,7.8329,7.9279,7.9553,8.1657,8.2715, 8.2829,8.3388,,0.3162,0.3549,0.0933,,8.1456,ppm,643654.1050348366,55588525.59217599
Local Clock Time Offset,-12.519,-2.214,-0.426,0.001,0.508, 1.766,7.686,,0.934,3.98,0.5525,,-0.0002,µs,-6.040881219266249,64.5474239286521
Local RMS Frequency Jitter,0.315,0.539,0.7,1.651,8.775, 16.933,41.002,,8.075,16.394,3.2151,,2.8841,ppb,2.834704816424316,15.665150566126632
Local RMS Time Jitter,0.04,0.083,0.108,0.243,1.065, 1.89,5.157,,0.957,1.807,0.3687,,0.3803,µs,3.177582992052051,18.154273978847872
Server Jitter SHM(0),0.1696,0.3521,0.5146,1.3371,3.5014, 5.5194,7.7266,,2.9867,5.1674,0.9812,,1.5667,ms,4.067277817026744,16.122587847022377
Server Jitter SHM(1),0.015,0.037,0.056,0.182,1.697, 3.329,12.135,,1.641,3.292,0.6716,,0.4175,µs,3.151862359861011,25.85786012471284
Server Offset SHM(0),11.5379,12.7878,13.7328,18.5725,23.165, 24.8544,27.5092,,9.4322,12.0666,3.0852,,18.3617,ms,136.31509281966325,751.491692072701
Server Offset SHM(1),-12.52,-2.215,-0.427,0.002,0.509, 1.767,7.687,,0.936,3.982,0.5529,,-0.0001,µs,-6.037152077846639,64.42943710715805
TDOP,0.68,0.71,0.83,1.32,22.75, 30.84,86.21,,21.92,30.13,8.1403,,4.1027, ,4.016896255336942,37.7831145593244
Temp ZONE0,49.6,50.15,50.7,54.0,56.2, 57.3,57.85,,5.5,7.15,1.6292,,53.7777,°C,32892.45086859944,1055910.3463260091
nSats,9.0,10.0,11.0,13.0,15.0, 16.0,16.0,,4.0,6.0,1.2245,,13.225,nSat,970.3331420842472,9789.841111013084
