Name,Min,1%,5%,50%,95%,99%,Max,,90% Range,98% Range,StdDev,,Mean,Units,Skewness,Kurtosis
Local Clock Frequency Offset,8.6493,8.8192,8.846,9.1464,9.2354, 9.2517,9.3324,,0.3894,0.4325,0.1293,,9.0896,ppm,332867.78747729346,23078462.834992837
Local Clock Time Offset,-26.697,-2.214,-0.58,0.017,0.606, 1.904,14.729,,1.186,4.118,0.6622,,-0.0005,µs,-7.889409179597221,178.49578243353136
Local RMS Frequency Jitter,0.588,0.946,1.159,2.216,9.642, 18.439,84.028,,8.483,17.493,3.8355,,3.4771,ppb,5.420652728734874,60.01918072133228
Local RMS Time Jitter,0.107,0.152,0.186,0.34,1.213, 2.125,12.968,,1.027,1.973,0.4659,,0.4798,µs,7.04328564404326,98.6616239411283
Server Jitter SHM(0),0.1574,0.3297,0.511,1.3566,3.157, 5.2267,7.7056,,2.646,4.897,0.8979,,1.5453,ms,4.4657017385109405,17.90488627635946
Server Jitter SHM(1),0.012,0.082,0.12,0.304,1.787, 3.586,24.718,,1.667,3.504,0.7889,,0.5358,µs,6.549647304360525,103.96754692423823
Server Offset SHM(0),11.087,12.6124,13.6619,18.7384,23.2592, 24.6038,26.4215,,9.5973,11.9914,3.1266,,18.309,ms,129.06310735930515,699.3976155533437
Server Offset SHM(1),-26.698,-2.215,-0.581,0.018,0.607, 1.905,14.73,,1.188,4.12,0.6627,,-0.0004,µs,-7.882155870545662,178.10424402473294
TDOP,0.7,0.71,0.79,1.07,19.16, 44.15,202.56,,18.37,43.44,14.8387,,4.0973, ,7.899858005122871,107.325063108314
Temp ZONE0,48.5,49.05,50.15,53.45,58.95, 60.05,60.6,,8.8,11.0,2.9351,,54.032,°C,5328.893427194001,93700.27220239174
nSats,8.0,9.0,11.0,13.0,15.0, 15.0,15.0,,4.0,6.0,1.1981,,12.9834,nSat,980.3317700738424,9908.632138079545
