Name,Min,1%,5%,50%,95%,99%,Max,,90% Range,98% Range,StdDev,,Mean,Units,Skewness,Kurtosis
Local Clock Frequency Offset,8.514,8.6287,8.6908,8.7892,8.8547, 8.8867,8.9406,,0.1639,0.258,0.0508,,8.7832,ppm,5072514.016846007,871619459.4977398
Local Clock Time Offset,-11.782,-1.956,-0.509,0.004,0.582, 1.795,7.102,,1.091,3.751,0.5726,,0.0001,µs,-5.718965219690932,66.54977401200433
Local RMS Frequency Jitter,0.363,0.668,0.858,1.782,8.235, 18.308,38.874,,7.377,17.64,3.2956,,3.0303,ppb,3.305829588518172,19.422604080479484
Local RMS Time Jitter,0.054,0.103,0.135,0.269,0.998, 2.052,4.89,,0.863,1.949,0.3699,,0.3967,µs,3.9999185787674723,25.626358637139187
Server Jitter SHM(0),0.187,0.3422,0.5397,1.417,3.4025, 5.2437,7.4436,,2.8628,4.9014,0.9372,,1.6147,ms,4.469315091168691,17.66712816837071
Server Jitter SHM(1),0.019,0.055,0.083,0.233,1.644, 3.446,11.312,,1.561,3.391,0.6769,,0.4569,µs,3.862706944464851,33.97175903740727
Server Offset SHM(0),11.6944,13.3628,14.3906,19.539,23.6975, 25.0669,27.5147,,9.307,11.7041,3.0696,,18.9668,ms,154.42493830081787,881.7835263701214
Server Offset SHM(1),-11.783,-1.957,-0.51,0.005,0.583, 1.796,7.103,,1.093,3.753,0.5731,,0.0001,µs,-5.715373402130834,66.41253879545029
TDOP,0.62,0.62,0.75,1.07,4.55, 13.74,55.0,,3.8,13.12,3.8793,,1.9656, ,9.401813987532345,125.90849842139872
Temp ZONE0,50.15,50.7,51.25,52.9,54.55, 55.1,55.1,,3.3,4.4,0.9605,,53.1351,°C,160450.90619763924,8724651.62085714
nSats,10.0,11.0,12.0,13.0,16.0, 16.0,16.0,,4.0,5.0,1.1505,,13.5726,nSat,1291.2072130216109,14293.816642884818
