Name,Min,1%,5%,50%,95%,99%,Max,,90% Range,98% Range,StdDev,,Mean,Units,Skewness,Kurtosis
Local Clock Frequency Offset,8.861,8.9445,9.0072,9.138,9.2485, 9.2816,9.3707,,0.2412,0.3371,0.0795,,9.1347,ppm,1479455.9464391149,168604604.89817205
Local Clock Time Offset,-16.912,-2.247,-0.573,0.016,0.592, 1.951,11.734,,1.165,4.198,0.6222,,-0.0005,µs,-6.095766003498309,75.98369938879657
Local RMS Frequency Jitter,0.597,0.905,1.13,2.177,9.692, 17.878,59.565,,8.562,16.973,3.461,,3.418,ppb,3.913809999455766,28.87223257737987
Local RMS Time Jitter,0.092,0.146,0.181,0.332,1.229, 1.999,7.96,,1.048,1.853,0.4071,,0.4684,µs,4.936670676062012,44.4322553469257
Server Jitter SHM(0),0.162,0.3422,0.5468,1.3537,3.1099, 4.8892,8.58,,2.5631,4.547,0.8727,,1.5487,ms,4.771586522394687,19.826343640983318
Server Jitter SHM(1),0.031,0.076,0.114,0.297,1.789, 3.59,16.912,,1.675,3.514,0.7209,,0.5256,µs,4.362944941963638,44.58237011098607
Server Offset SHM(0),11.0248,12.7743,14.261,18.8695,23.9128, 25.1564,26.9394,,9.6518,12.382,3.1285,,18.9774,ms,145.2348844184992,815.1487277088181
Server Offset SHM(1),-16.913,-2.248,-0.574,0.017,0.593, 1.952,11.735,,1.167,4.2,0.6226,,-0.0005,µs,-6.09152843466628,75.82602286241813
TDOP,0.62,0.64,0.69,1.09,5.94, 7.41,104.28,,5.25,6.77,6.8472,,2.241, ,11.572400642051562,171.9721660819957
Temp ZONE0,49.05,50.15,50.7,52.35,55.1, 56.2,57.85,,4.4,6.05,1.4098,,52.7052,°C,48277.69599653316,1760594.9129726572
nSats,4.0,9.0,11.0,13.0,15.0, 15.0,16.0,,4.0,6.0,1.5002,,13.2427,nSat,500.73493871416514,4063.9413277377053
