Name,Min,1%,5%,50%,95%,99%,Max,,90% Range,98% Range,StdDev,,Mean,Units,Skewness,Kurtosis
Local Clock Frequency Offset,8.7527,8.9309,8.9447,9.0034,9.0759, 9.091,9.15,,0.1312,0.1601,0.0428,,9.0068,ppm,9187285.598289859,1924285181.9920986
Local Clock Time Offset,-14.453,-2.084,-0.448,0.005,0.522, 1.784,9.573,,0.97,3.868,0.5755,,-0.0001,µs,-6.5676323056718005,88.83949149464475
Local RMS Frequency Jitter,0.367,0.636,0.816,1.736,8.232, 18.413,42.174,,7.416,17.777,3.3947,,2.9527,ppb,3.5471711864744093,23.16688496236929
Local RMS Time Jitter,0.05,0.101,0.131,0.273,1.077, 2.103,5.991,,0.946,2.002,0.3981,,0.4056,µs,4.169020345109406,30.20527461212683
Server Jitter SHM(0),0.1506,0.3477,0.5122,1.3583,3.216, 4.979,7.9062,,2.7038,4.6313,0.9002,,1.5453,ms,4.365824953471009,17.059470107821305
Server Jitter SHM(1),0.019,0.051,0.078,0.22,1.581, 3.564,13.837,,1.503,3.513,0.6954,,0.4406,µs,4.279164718767366,42.106157622686474
Server Offset SHM(0),10.7473,12.6795,13.736,18.8651,23.6482, 24.8406,26.411,,9.9122,12.1611,3.1893,,18.5589,ms,126.37414651956796,680.6896569046161
Server Offset SHM(1),-14.454,-2.085,-0.449,0.006,0.523, 1.785,9.574,,0.972,3.87,0.5759,,-0.0001,µs,-6.562636434391954,88.6563883018851
TDOP,0.59,0.62,0.67,1.01,13.01, 93.85,117.9,,12.34,93.23,13.6419,,4.1823, ,4.052048004149286,32.16658110990934
Temp ZONE0,52.35,52.35,53.45,55.1,57.3, 59.5,60.05,,3.85,7.15,1.3642,,55.0361,°C,61013.162412330494,2405132.4557953663
nSats,10.0,10.0,12.0,14.0,16.0, 16.0,16.0,,4.0,6.0,1.348,,13.8548,nSat,826.1215227179442,7914.745434260901
