Name,Min,1%,5%,50%,95%,99%,Max,,90% Range,98% Range,StdDev,,Mean,Units,Skewness,Kurtosis
Local Clock Frequency Offset,8.7569,8.8446,9.0303,9.2166,9.3067, 9.3447,9.4178,,0.2764,0.5,0.1004,,9.1891,ppm,743002.2062317668,67311794.84563823
Local Clock Time Offset,-18.779,-2.331,-0.501,0.005,0.579, 1.967,8.054,,1.08,4.298,0.6275,,-0.0002,µs,-6.629511574545874,92.10647888957206
Local RMS Frequency Jitter,0.506,0.768,0.972,1.974,9.693, 18.668,53.781,,8.721,17.9,3.6241,,3.3059,ppb,3.745955362885755,27.764643559631626
Local RMS Time Jitter,0.069,0.121,0.157,0.31,1.246, 2.026,7.591,,1.089,1.905,0.4132,,0.4519,µs,4.330225394797405,35.37243559324292
Server Jitter SHM(0),0.1279,0.306,0.4261,1.2068,3.0936, 4.8406,8.1366,,2.6675,4.5346,0.9004,,1.4057,ms,3.880147718807144,16.19497798866544
Server Jitter SHM(1),0.018,0.061,0.093,0.253,1.837, 3.702,18.263,,1.744,3.641,0.7509,,0.4927,µs,4.3233279582954,46.452347269235005
Server Offset SHM(0),10.9838,12.7484,13.5973,18.6084,23.7197, 24.9467,27.817,,10.1224,12.1984,3.2933,,18.4149,ms,110.65470637164245,574.258775682176
Server Offset SHM(1),-18.78,-2.332,-0.502,0.006,0.58, 1.968,8.055,,1.082,4.3,0.6279,,-0.0002,µs,-6.62476535310091,91.92577491680038
TDOP,0.63,0.64,0.68,0.99,5.11, 20.53,45.59,,4.43,19.89,4.1088,,2.1271, ,5.5444896857779336,51.65999925441622
Temp ZONE0,48.5,49.6,50.7,52.35,55.1, 55.65,56.2,,4.4,6.05,1.4207,,52.6079,°C,46880.08469355882,1692979.7395750885
nSats,10.0,11.0,12.0,14.0,16.0, 17.0,17.0,,4.0,6.0,1.3846,,14.0,nSat,783.4095220889394,7380.121667701419
