Name,Min,1%,5%,50%,95%,99%,Max,,90% Range,98% Range,StdDev,,Mean,Units,Skewness,Kurtosis
Local Clock Frequency Offset,8.4779,8.638,8.6698,8.702,8.7465, 8.8106,8.8672,,0.0766,0.1727,0.0257,,8.702,ppm,38445110.184087336,12975650701.698622
Local Clock Time Offset,-11.798,-2.034,-0.505,0.013,0.588, 1.643,7.339,,1.093,3.677,0.5587,,0.0002,µs,-6.171239545439758,63.82807357027931
Local RMS Frequency Jitter,0.424,0.672,0.881,1.811,8.132, 17.493,37.833,,7.251,16.821,3.1534,,3.0231,ppb,3.229096068149304,18.03434920380383
Local RMS Time Jitter,0.055,0.106,0.138,0.274,1.01, 2.023,5.195,,0.872,1.917,0.3613,,0.4006,µs,3.8837857644324822,23.783991635293393
Server Jitter SHM(0),0.1823,0.3576,0.5293,1.3943,3.8242, 5.7118,7.5803,,3.2949,5.3542,1.0377,,1.6427,ms,3.8690764427130855,14.474437881990196
Server Jitter SHM(1),0.014,0.053,0.081,0.234,1.656, 3.312,11.372,,1.575,3.259,0.6632,,0.4567,µs,3.6072885284916687,29.445406699312944
Server Offset SHM(0),8.1172,12.9627,14.1535,19.2008,24.1298, 25.6207,27.2365,,9.9763,12.658,3.2848,,19.0089,ms,124.0894729875194,665.2554474168118
Server Offset SHM(1),-11.799,-2.035,-0.506,0.014,0.589, 1.644,7.34,,1.095,3.679,0.5592,,0.0003,µs,-6.16657448638263,63.69410751309891
TDOP,0.62,0.69,0.75,1.04,6.66, 30.85,160.32,,5.91,30.16,11.8197,,2.831, ,8.403350869551788,109.13200138960204
Temp ZONE0,52.35,52.35,55.65,57.85,59.5, 60.05,60.6,,3.85,7.7,1.3559,,57.7538,°C,72083.12026843916,3003244.0513574784
nSats,9.0,9.0,11.0,14.0,15.0, 16.0,16.0,,4.0,7.0,1.3654,,13.3625,nSat,704.1090618728825,6407.59449309617
