Name,Min,1%,5%,50%,95%,99%,Max,,90% Range,98% Range,StdDev,,Mean,Units,Skewness,Kurtosis
Local Clock Frequency Offset,8.514,8.6279,8.6756,8.7836,8.8524, 8.8867,8.9775,,0.1767,0.2588,0.0532,,8.7749,ppm,4411861.311515938,723648944.3314015
Local Clock Time Offset,-11.782,-1.963,-0.516,0.004,0.594, 1.797,7.102,,1.11,3.76,0.5747,,-0.0,µs,-5.649780013828281,64.76879156069049
Local RMS Frequency Jitter,0.363,0.665,0.856,1.793,8.309, 18.271,38.874,,7.453,17.606,3.3004,,3.0496,ppb,3.2745302214662293,19.112285629881214
Local RMS Time Jitter,0.054,0.102,0.134,0.27,1.008, 2.035,4.89,,0.874,1.933,0.3692,,0.3974,µs,3.9643614709731185,25.37583894279166
Server Jitter SHM(0),0.187,0.3508,0.5505,1.4043,3.3619, 5.3164,7.4436,,2.8114,4.9657,0.9326,,1.6055,ms,4.54495080280275,18.337046385758626
Server Jitter SHM(1),0.019,0.054,0.083,0.233,1.654, 3.446,11.312,,1.571,3.392,0.6783,,0.4589,µs,3.8359695020574036,33.64409068320849
Server Offset SHM(0),11.6944,13.3882,14.3746,19.5109,23.6968, 24.794,27.0713,,9.3222,11.4058,3.0378,,18.9919,ms,160.5570140215051,927.033644570369
Server Offset SHM(1),-11.783,-1.964,-0.517,0.005,0.595, 1.798,7.103,,1.112,3.762,0.5752,,-0.0,µs,-5.64634698715154,64.63600069957754
TDOP,0.62,0.62,0.75,1.07,4.34, 13.74,55.0,,3.59,13.12,3.8261,,1.9011, ,9.792729729915843,133.03811007533582
Temp ZONE0,50.15,50.7,51.25,52.9,54.55, 55.1,56.2,,3.3,4.4,0.9911,,53.0705,°C,145268.83249539408,7642053.726879515
nSats,11.0,11.0,12.0,13.0,15.0, 16.0,16.0,,3.0,5.0,1.0476,,13.562,nSat,1740.7703363264634,21230.092682873594
