Name,Min,1%,5%,50%,95%,99%,Max,,90% Range,98% Range,StdDev,,Mean,Units,Skewness,Kurtosis
Local Clock Frequency Offset,8.4089,8.4855,8.5605,8.7919,8.8543, 8.8836,8.9402,,0.2937,0.3981,0.0976,,8.7519,ppm,696553.7730509577,61761103.66253378
Local Clock Time Offset,-15.274,-1.961,-0.514,0.006,0.593, 1.724,7.354,,1.107,3.685,0.5731,,-0.0,µs,-6.3106235399408375,82.14907746268935
Local RMS Frequency Jitter,0.45,0.73,0.916,1.85,8.076, 18.184,43.528,,7.16,17.454,3.2746,,3.0584,ppb,3.4768020727198143,21.317991532492673
Local RMS Time Jitter,0.069,0.114,0.144,0.279,0.991, 2.101,6.2,,0.847,1.987,0.373,,0.4042,µs,4.343588507527297,31.353048693783027
Server Jitter SHM(0),0.1943,0.3959,0.5702,1.4948,3.5332, 5.5996,8.1276,,2.963,5.2037,0.9922,,1.7161,ms,4.399837218050225,17.041121512196778
Server Jitter SHM(1),0.017,0.059,0.089,0.24,1.627, 3.376,14.724,,1.538,3.317,0.6739,,0.4611,µs,4.167722917450614,40.48891455725946
Server Offset SHM(0),11.5658,12.8058,13.6678,19.0365,24.451, 25.5609,27.5201,,10.7832,12.7551,3.2873,,19.0116,ms,123.84008700391054,663.824789492006
Server Offset SHM(1),-15.275,-1.962,-0.515,0.007,0.594, 1.725,7.355,,1.109,3.687,0.5735,,-0.0,µs,-6.305682501119759,81.96582445974184
TDOP,0.64,0.66,0.7,0.93,13.8, 73.92,98.5,,13.1,73.26,10.9696,,3.9797, ,3.885908113024718,31.167811204396813
Temp ZONE0,48.5,50.15,50.15,54.0,55.65, 56.75,56.75,,5.5,6.6,1.6399,,53.3678,°C,31477.145083829415,995818.6097823983
nSats,10.0,11.0,11.0,14.0,16.0, 16.0,16.0,,5.0,5.0,1.2893,,13.6224,nSat,903.7206358412993,8916.4748192488
