Name,Min,1%,5%,50%,95%,99%,Max,,90% Range,98% Range,StdDev,,Mean,Units,Skewness,Kurtosis
Local Clock Frequency Offset,7.3012,7.4145,7.4471,7.5643,7.7145, 7.7883,7.872,,0.2674,0.3738,0.0765,,7.5661,ppm,939016.8355331441,91972038.64163522
Local Clock Time Offset,-15.684,-2.135,-0.402,0.001,0.591, 1.735,7.179,,0.993,3.87,0.5929,,0.0001,µs,-7.406912802160523,106.58989026995127
Local RMS Frequency Jitter,0.285,0.599,0.792,1.738,8.936, 19.045,43.328,,8.144,18.446,3.5126,,3.0246,ppb,3.36049341684478,21.016471031838645
Local RMS Time Jitter,0.046,0.091,0.124,0.279,1.231, 2.217,6.904,,1.107,2.126,0.4438,,0.4331,µs,3.947926041098607,29.744739186628074
Server Jitter SHM(0),0.2029,0.474,0.6985,1.7246,3.8597, 5.0608,11.0291,,3.1612,4.5869,0.9937,,1.9258,ms,5.0428535208140115,17.96779588497017
Server Jitter SHM(1),0.011,0.051,0.08,0.217,1.618, 3.589,15.66,,1.538,3.538,0.7151,,0.4395,µs,4.43575481303977,46.40894855760379
Server Offset SHM(0),-24.1463,-21.2481,-19.3371,-12.1619,-3.7305, -0.8464,4.669,,15.6065,20.4017,4.6419,,-11.9538,ms,-56.20667500829703,239.66739239989369
Server Offset SHM(1),-15.685,-2.136,-0.403,0.002,0.592, 1.736,7.18,,0.995,3.872,0.5933,,0.0001,µs,-7.400659857611723,106.37172979696882
Temp ZONE0,48.5,49.05,49.6,50.7,52.9, 54.0,55.1,,3.3,4.95,1.0843,,51.0195,°C,97812.20084208416,4511001.497950927
