Name,Min,1%,5%,50%,95%,99%,Max,,90% Range,98% Range,StdDev,,Mean,Units,Skewness,Kurtosis
Local Clock Frequency Offset,8.1671,8.2947,8.3586,8.4668,8.5031, 8.5306,8.5791,,0.1446,0.2359,0.0469,,8.453,ppm,5756272.89085643,1031688600.4856699
Local Clock Time Offset,-13.302,-2.169,-0.358,0.001,0.577, 1.633,6.807,,0.935,3.802,0.5838,,-0.0002,µs,-7.349656659312046,93.67828256737745
Local RMS Frequency Jitter,0.211,0.463,0.623,1.41,8.501, 19.29,43.905,,7.878,18.827,3.5663,,2.8479,ppb,2.9187209057212584,17.802121342543384
Local RMS Time Jitter,0.034,0.075,0.102,0.23,1.166, 2.312,5.728,,1.064,2.237,0.4406,,0.3971,µs,3.327097256784078,21.60336717275346
Server Jitter SHM(0),0.1587,0.3668,0.5527,1.4825,3.5742, 5.6265,8.9952,,3.0215,5.2597,1.0145,,1.7058,ms,4.241003622352513,16.491924751953952
Server Jitter SHM(1),0.012,0.04,0.061,0.169,1.714, 3.703,13.371,,1.653,3.663,0.7285,,0.4086,µs,3.7117398914133544,35.321327120882835
Server Offset SHM(0),8.3829,11.3997,12.697,18.1148,23.4863, 24.9966,26.8313,,10.7893,13.597,3.3706,,18.0528,ms,95.72401678549235,476.1199478485174
Server Offset SHM(1),-13.303,-2.17,-0.359,0.002,0.578, 1.634,6.808,,0.937,3.804,0.5842,,-0.0002,µs,-7.344173593108331,93.51215429860038
TDOP,0.64,0.66,0.75,1.18,7.06, 25.33,60.54,,6.31,24.67,5.1767,,2.5461, ,6.138628794014772,62.7221455228156
Temp ZONE0,51.25,51.8,52.9,54.55,56.2, 56.75,57.3,,3.3,4.95,1.1111,,54.6801,°C,112218.17088350879,5417355.113627918
nSats,5.0,5.0,5.0,13.0,16.0, 16.0,16.0,,11.0,11.0,2.7526,,12.7593,nSat,57.249155504191556,234.6894287419914
