Name,Min,1%,5%,50%,95%,99%,Max,,90% Range,98% Range,StdDev,,Mean,Units,Skewness,Kurtosis
Local Clock Frequency Offset,8.8638,9.055,9.0741,9.1338,9.1733, 9.1879,9.2302,,0.0993,0.1329,0.0311,,9.1288,ppm,25102496.336789135,7350202844.175601
Local Clock Time Offset,-17.416,-2.117,-0.543,0.015,0.57, 1.75,9.641,,1.113,3.867,0.6038,,0.0001,µs,-6.3578699295655206,91.96334827026728
Local RMS Frequency Jitter,0.445,0.791,1.011,1.998,8.437, 18.716,52.232,,7.426,17.925,3.4608,,3.2101,ppb,4.055523315940815,30.29194422207198
Local RMS Time Jitter,0.066,0.13,0.163,0.312,1.092, 2.131,7.931,,0.929,2.001,0.4133,,0.4436,µs,5.31750074970986,50.992890019693526
Server Jitter SHM(0),0.1301,0.3122,0.4966,1.4272,3.4944, 5.4535,7.669,,2.9978,5.1412,0.9702,,1.625,ms,4.178962946678043,16.027852953302386
Server Jitter SHM(1),0.022,0.068,0.102,0.269,1.643, 3.673,16.262,,1.541,3.605,0.7172,,0.4908,µs,4.694607883941587,49.844283359740764
Server Offset SHM(0),11.5876,13.0549,13.91,19.019,23.4823, 24.8682,26.8047,,9.5723,11.8134,3.1306,,18.7488,ms,139.11483445968125,770.2879937081391
Server Offset SHM(1),-17.417,-2.118,-0.544,0.016,0.571, 1.751,9.642,,1.115,3.869,0.6042,,0.0001,µs,-6.353045384139804,91.76380222196453
TDOP,0.63,0.65,0.69,0.96,6.66, 16.11,29.8,,5.97,15.46,3.0548,,1.9798, ,4.1145844615283265,31.9624235725934
Temp ZONE0,53.45,54.0,54.55,56.75,58.95, 59.5,60.05,,4.4,5.5,1.3295,,56.6056,°C,71987.58102688189,2998104.428016772
nSats,10.0,10.0,11.0,14.0,15.0, 16.0,16.0,,4.0,6.0,1.2355,,13.5833,nSat,1027.9307382802185,10564.510155006885
