Name,Min,1%,5%,50%,95%,99%,Max,,90% Range,98% Range,StdDev,,Mean,Units,Skewness,Kurtosis
Local Clock Frequency Offset,8.8829,9.1054,9.1276,9.1621,9.1975, 9.2103,9.257,,0.0699,0.1049,0.0218,,9.1616,ppm,73918672.1934307,31022524018.261444
Local Clock Time Offset,-21.949,-2.137,-0.504,0.016,0.52, 1.726,12.155,,1.024,3.863,0.6227,,0.0001,µs,-8.15885871018648,165.01741194179866
Local RMS Frequency Jitter,0.375,0.762,0.961,1.894,8.362, 18.932,69.02,,7.401,18.17,3.7342,,3.1238,ppb,4.798548688675392,45.134365076695225
Local RMS Time Jitter,0.066,0.123,0.155,0.303,1.102, 2.244,10.371,,0.947,2.121,0.456,,0.4408,µs,5.9432131237022485,65.64605650925955
Server Jitter SHM(0),0.1173,0.3098,0.4681,1.3232,3.4116, 5.3502,9.1724,,2.9435,5.0404,0.9847,,1.5476,ms,3.8406934447230294,15.213404760072715
Server Jitter SHM(1),0.018,0.063,0.097,0.259,1.594, 3.699,20.357,,1.497,3.636,0.7606,,0.4778,µs,6.008807920965053,82.42992558811274
Server Offset SHM(0),9.667,11.7868,13.5704,18.2712,22.9693, 24.4119,26.5611,,9.3989,12.6251,3.0777,,17.9979,ms,128.52184014090105,696.2675161720299
Server Offset SHM(1),-21.95,-2.138,-0.505,0.017,0.521, 1.727,12.156,,1.026,3.865,0.6231,,0.0002,µs,-8.15106927709026,164.66138924860516
TDOP,0.67,0.7,0.74,1.11,16.44, 64.47,93.91,,15.7,63.77,11.0198,,3.8393, ,3.0865360943203295,22.544453049011494
Temp ZONE0,53.45,54.55,55.1,56.75,59.5, 60.6,60.6,,4.4,6.05,1.2405,,56.8367,°C,90154.05104264861,4046593.310767472
nSats,10.0,10.0,12.0,14.0,15.0, 16.0,16.0,,3.0,6.0,1.1258,,13.7303,nSat,1436.268511129865,16438.93228774708
