Name,Min,1%,5%,50%,95%,99%,Max,,90% Range,98% Range,StdDev,,Mean,Units,Skewness,Kurtosis
Local Clock Frequency Offset,7.4096,7.5334,7.601,7.7126,7.8323, 7.8863,7.9923,,0.2313,0.3529,0.0706,,7.7177,ppm,1268477.9446787038,137336058.23097602
Local Clock Time Offset,-18.0,-2.205,-0.401,0.003,0.591, 1.724,8.04,,0.992,3.929,0.5934,,0.0003,µs,-8.251041987337057,126.94506482566922
Local RMS Frequency Jitter,0.311,0.574,0.762,1.719,8.924, 18.587,49.776,,8.162,18.013,3.5261,,3.015,ppb,3.4089627983186026,23.11551235171991
Local RMS Time Jitter,0.049,0.09,0.12,0.266,1.232, 2.162,9.368,,1.112,2.072,0.4533,,0.4278,µs,4.298769953641087,39.53359583424563
Server Jitter SHM(0),0.1745,0.4921,0.7417,1.6604,3.6764, 5.0743,10.0984,,2.9347,4.5822,0.9461,,1.8667,ms,5.439495414960364,20.47940796550084
Server Jitter SHM(1),0.014,0.048,0.075,0.21,1.644, 3.59,18.013,,1.569,3.542,0.721,,0.4357,µs,4.517673837906723,51.474121319346665
Server Offset SHM(0),-23.9762,-21.6295,-18.0358,-8.0807,4.2023, 7.1881,11.151,,22.2382,28.8176,6.3608,,-7.6493,ms,-17.116674198172674,53.92667123709365
Server Offset SHM(1),-18.001,-2.206,-0.402,0.004,0.592, 1.725,8.041,,0.994,3.931,0.5938,,0.0003,µs,-8.243296419682856,126.68293611582223
Temp ZONE0,49.05,49.6,50.15,52.35,55.65, 57.3,57.85,,5.5,7.7,1.6534,,52.5631,°C,29284.225688257255,904581.9910276587
