Name,Min,1%,5%,50%,95%,99%,Max,,90% Range,98% Range,StdDev,,Mean,Units,Skewness,Kurtosis
Local Clock Frequency Offset,7.1201,7.2762,7.3097,7.5309,7.6451, 7.721,7.8159,,0.3353,0.4448,0.101,,7.508,ppm,394427.23752477474,28936719.723305594
Local Clock Time Offset,-18.0,-2.316,-0.411,0.0,0.652, 1.808,8.033,,1.063,4.124,0.6306,,-0.0,µs,-7.861786209636118,120.06862491597202
Local RMS Frequency Jitter,0.355,0.599,0.782,1.743,9.332, 19.639,49.735,,8.55,19.04,3.7771,,3.1679,ppb,3.3811782128635834,22.955400242835037
Local RMS Time Jitter,0.047,0.092,0.122,0.273,1.276, 2.277,9.338,,1.154,2.185,0.4744,,0.4432,µs,4.3429749941490945,41.835975600540216
Server Jitter SHM(0),0.1946,0.4962,0.7945,1.8056,3.9405, 5.4622,7.5691,,3.1461,4.966,1.008,,2.02,ms,5.370837755480931,18.105034922468445
Server Jitter SHM(1),0.011,0.051,0.078,0.209,1.736, 3.763,18.0,,1.658,3.712,0.7757,,0.4544,µs,4.422308618203429,48.99276686465102
Server Offset SHM(0),-28.351,-24.3493,-21.7847,-11.0162,3.6675, 7.6621,12.3734,,25.4522,32.0114,8.1024,,-10.0286,ms,-17.684089650829915,55.11165160041266
Server Offset SHM(1),-18.0,-2.317,-0.412,0.0,0.653, 1.809,8.034,,1.065,4.126,0.631,,-0.0,µs,-7.855339324673802,119.83859762285898
Temp ZONE0,47.4,47.4,49.05,50.7,52.9, 55.65,56.2,,3.85,8.25,1.4393,,50.92,°C,40733.2982125322,1403944.8362166956
