Name,Min,1%,5%,50%,95%,99%,Max,,90% Range,98% Range,StdDev,,Mean,Units,Skewness,Kurtosis
Local Clock Frequency Offset,7.5097,7.6402,7.6767,7.8382,7.9035, 7.9638,8.0218,,0.2267,0.3236,0.0624,,7.8268,ppm,1930081.7614212553,240338332.8823462
Local Clock Time Offset,-18.649,-2.202,-0.414,0.005,0.578, 1.704,5.949,,0.992,3.906,0.5877,,-0.0004,µs,-7.619166657028284,104.46700059975463
Local RMS Frequency Jitter,0.23,0.592,0.8,1.754,8.953, 18.247,51.534,,8.153,17.655,3.4485,,3.0358,ppb,3.310551547692031,21.177808294022668
Local RMS Time Jitter,0.04,0.096,0.129,0.279,1.245, 2.181,8.029,,1.116,2.085,0.4372,,0.4372,µs,3.8305561300344024,29.49660987903038
Server Jitter SHM(0),0.1782,0.408,0.6062,1.5513,3.4066, 4.6674,7.6498,,2.8004,4.2594,0.8761,,1.7295,ms,5.123532635597404,17.101381328961818
Server Jitter SHM(1),0.019,0.052,0.083,0.222,1.694, 3.542,18.666,,1.611,3.49,0.7131,,0.448,µs,4.191299817308074,43.50428105799827
Server Offset SHM(0),-29.3297,-24.7261,-19.6208,-9.7537,2.3936, 6.9809,10.1806,,22.0144,31.7069,6.9615,,-8.916,ms,-18.61068271224926,59.89603276953937
Server Offset SHM(1),-18.65,-2.203,-0.415,0.006,0.579, 1.705,5.95,,0.994,3.908,0.5881,,-0.0003,µs,-7.612441549407956,104.25179753005746
Temp ZONE0,50.15,50.7,51.25,54.0,55.65, 56.2,57.85,,4.4,5.5,1.2737,,53.5554,°C,69277.01903543125,2848603.8302408233
