Name,Min,1%,5%,50%,95%,99%,Max,,90% Range,98% Range,StdDev,,Mean,Units,Skewness,Kurtosis
Local Clock Frequency Offset,7.6244,7.783,7.8522,7.9659,8.2006, 8.2227,8.2856,,0.3484,0.4397,0.0972,,7.986,ppm,534133.347679521,43351050.20801973
Local Clock Time Offset,-10.473,-2.194,-0.404,0.0,0.502, 1.819,6.909,,0.906,4.013,0.5552,,0.0006,µs,-5.851850186482609,63.076299991575105
Local RMS Frequency Jitter,0.305,0.511,0.665,1.606,8.846, 17.298,33.49,,8.181,16.787,3.2674,,2.8577,ppb,2.7911998414163772,14.882316474538982
Local RMS Time Jitter,0.044,0.08,0.103,0.241,1.06, 1.939,4.57,,0.957,1.859,0.3744,,0.3786,µs,3.1910994008389446,18.366341864772874
Server Jitter SHM(0),0.1606,0.3497,0.5313,1.3433,3.2876, 5.1969,8.3939,,2.7563,4.8471,0.9203,,1.5596,ms,4.4565266887875055,18.242450046666733
Server Jitter SHM(1),0.011,0.036,0.054,0.175,1.684, 3.355,10.453,,1.63,3.319,0.6761,,0.4106,µs,3.119468041709001,24.778828623772206
Server Offset SHM(0),9.6934,12.5054,13.4043,18.741,23.6419, 25.0211,26.3217,,10.2376,12.5157,3.2773,,18.4951,ms,114.03937136177703,596.0703085078165
Server Offset SHM(1),-10.474,-2.195,-0.405,0.001,0.503, 1.82,6.91,,0.908,4.015,0.5556,,0.0006,µs,-5.8485239320982,62.964887579637185
TDOP,0.64,0.67,0.73,1.25,5.31, 34.47,79.0,,4.58,33.8,6.8393,,2.5383, ,6.84120142788709,70.34171753463929
Temp ZONE0,49.05,49.6,50.15,51.8,55.1, 57.3,57.85,,4.95,7.7,1.6011,,52.0739,°C,31424.854176824432,993761.6032606383
nSats,5.0,9.0,11.0,13.0,15.0, 16.0,16.0,,4.0,7.0,1.3946,,13.3485,nSat,654.3501121796877,5807.6362484809915
