Name,Min,1%,5%,50%,95%,99%,Max,,90% Range,98% Range,StdDev,,Mean,Units,Skewness,Kurtosis
Local Clock Frequency Offset,7.1165,7.2357,7.5328,7.67,7.7743, 7.8492,7.9545,,0.2415,0.6136,0.0987,,7.6565,ppm,449055.41656388104,34398774.575076826
Local Clock Time Offset,-14.042,-2.303,-0.413,0.002,0.629, 1.716,8.464,,1.042,4.019,0.6008,,0.0006,µs,-7.248336982246713,92.19490097172772
Local RMS Frequency Jitter,0.291,0.552,0.767,1.785,9.081, 18.397,41.762,,8.314,17.845,3.5282,,3.1004,ppb,3.2518664170717457,20.22676166183751
Local RMS Time Jitter,0.049,0.088,0.122,0.284,1.26, 2.161,5.748,,1.138,2.073,0.437,,0.4415,µs,3.4224617675920017,21.512208100009364
Server Jitter SHM(0),0.1501,0.4121,0.5962,1.4434,3.4197, 4.8072,8.3355,,2.8236,4.3951,0.9089,,1.6543,ms,4.6575115251646375,17.494922254532224
Server Jitter SHM(1),0.013,0.049,0.074,0.216,1.688, 3.624,14.025,,1.614,3.575,0.7267,,0.4485,µs,4.061556054951307,39.03400912354057
Server Offset SHM(0),-23.2558,-20.5924,-18.208,-10.4063,-0.871, 5.8465,8.9416,,17.337,26.439,5.3361,,-10.203,ms,-32.93516907653302,120.39328065413504
Server Offset SHM(1),-14.043,-2.304,-0.414,0.003,0.63, 1.717,8.465,,1.044,4.021,0.6012,,0.0006,µs,-7.242533304804547,92.01654658853923
Temp ZONE0,46.3,47.4,49.6,51.8,54.0, 56.75,56.75,,4.4,9.35,1.5365,,51.6659,°C,34827.50997711385,1139504.2278694352
