Name,Min,1%,5%,50%,95%,99%,Max,,90% Range,98% Range,StdDev,,Mean,Units,Skewness,Kurtosis
Local Clock Frequency Offset,7.0825,7.1929,7.2142,7.3699,7.6639, 7.6959,7.7615,,0.4497,0.5029,0.1312,,7.3922,ppm,169700.98744131599,9401566.044807747
Local Clock Time Offset,-17.296,-2.14,-0.423,0.003,0.576, 1.705,7.825,,0.999,3.845,0.5919,,0.0009,µs,-7.1809373502720195,101.78902920760255
Local RMS Frequency Jitter,0.315,0.597,0.791,1.772,8.853, 19.184,61.84,,8.062,18.587,3.581,,3.044,ppb,3.6629385542732593,26.59843282978802
Local RMS Time Jitter,0.039,0.092,0.123,0.277,1.209, 2.216,9.019,,1.086,2.124,0.4362,,0.4287,µs,4.11367454878613,35.11296403222634
Server Jitter SHM(0),0.4311,0.8184,1.1936,2.9519,9.2193, 17.3743,70.6249,,8.0258,16.5559,3.6308,,3.9347,ms,6.11455591765655,70.95245987111205
Server Jitter SHM(1),0.0,0.052,0.079,0.222,1.612, 3.646,17.248,,1.533,3.594,0.7157,,0.4433,µs,4.341229779770961,44.07566818636444
Server Offset SHM(0),-39.4863,-22.894,-17.7734,5.0173,15.2894, 51.7776,61.2309,,33.0628,74.6716,11.258,,3.5619,ms,-1.839143994473742,9.905102075326074
Server Offset SHM(1),-17.297,-2.141,-0.424,0.004,0.577, 1.706,7.826,,1.001,3.847,0.5923,,0.001,µs,-7.175028429457999,101.58211708196936
Temp ZONE0,47.4,47.95,47.95,50.15,55.65, 58.95,60.05,,7.7,11.0,2.2511,,50.9373,°C,10183.121486031085,221732.63804076193
