Name,Min,1%,5%,50%,95%,99%,Max,,90% Range,98% Range,StdDev,,Mean,Units,Skewness,Kurtosis
Local Clock Frequency Offset,7.3623,7.5029,7.5298,7.7697,7.8341, 7.8854,7.9883,,0.3043,0.3825,0.1113,,7.7186,ppm,319868.6468139699,21884963.363669068
Local Clock Time Offset,-19.316,-2.189,-0.415,0.004,0.578, 1.781,6.883,,0.993,3.97,0.6146,,0.0,µs,-8.017734250488683,118.35648530165527
Local RMS Frequency Jitter,0.342,0.622,0.8,1.738,9.169, 19.731,53.364,,8.369,19.109,3.684,,3.084,ppb,3.4272201771794437,22.82219555621639
Local RMS Time Jitter,0.05,0.093,0.124,0.281,1.261, 2.449,8.587,,1.137,2.356,0.4729,,0.4419,µs,4.0658890148414,32.67504575897635
Server Jitter SHM(0),0.3143,0.5634,0.7625,1.6425,3.6144, 4.9457,8.0013,,2.8519,4.3823,0.9058,,1.8471,ms,5.691262415108931,19.953944948440302
Server Jitter SHM(1),0.016,0.049,0.078,0.216,1.7, 3.817,19.308,,1.622,3.768,0.7546,,0.4494,µs,4.408577669486367,47.40516330438096
Server Offset SHM(0),-21.8433,-19.2248,-16.3161,-9.4394,0.7743, 6.4258,10.5796,,17.0904,25.6505,5.3497,,-8.9039,ms,-26.295080498798892,89.83369207163521
Server Offset SHM(1),-19.317,-2.19,-0.416,0.005,0.579, 1.782,6.884,,0.995,3.972,0.615,,0.0,µs,-8.010794839065916,118.12562019125069
Temp ZONE0,48.5,49.05,49.6,52.9,58.4, 59.5,59.5,,8.8,10.45,3.3187,,53.8471,°C,3575.4847944815706,55146.95388022876
