Name,Min,1%,5%,50%,95%,99%,Max,,90% Range,98% Range,StdDev,,Mean,Units,Skewness,Kurtosis
Local Clock Frequency Offset,7.1764,7.2913,7.4132,7.7097,7.8016, 7.8832,7.9879,,0.3884,0.5919,0.132,,7.6614,ppm,185590.36453156036,10592586.56363116
Local Clock Time Offset,-21.359,-2.195,-0.428,0.0,0.625, 1.769,7.976,,1.053,3.964,0.6159,,-0.0005,µs,-8.074890205850345,130.96370663339712
Local RMS Frequency Jitter,0.222,0.585,0.804,1.801,9.143, 19.572,59.001,,8.339,18.987,3.6699,,3.1171,ppb,3.600414373700363,25.741883090368177
Local RMS Time Jitter,0.039,0.086,0.122,0.274,1.234, 2.265,9.331,,1.112,2.179,0.4604,,0.4335,µs,4.328151607759169,39.20161025509448
Server Jitter SHM(0),0.1398,0.4193,0.6419,1.5455,3.6066, 4.8419,7.3568,,2.9647,4.4227,0.929,,1.7532,ms,4.784130689846871,16.37168011422617
Server Jitter SHM(1),0.013,0.046,0.075,0.219,1.656, 3.681,21.339,,1.581,3.635,0.7506,,0.4518,µs,4.720173082237172,56.06192426008196
Server Offset SHM(0),-31.1292,-24.8068,-21.8576,-12.47,1.1727, 3.5597,6.7076,,23.0303,28.3665,7.2698,,-10.9785,ms,-23.147957005746065,77.68483254484161
Server Offset SHM(1),-21.36,-2.196,-0.429,0.0,0.625, 1.77,7.977,,1.054,3.966,0.6163,,-0.0005,µs,-8.067740536459082,130.6970867208787
Temp ZONE0,47.95,48.5,48.5,51.8,55.65, 56.2,56.75,,7.15,7.7,1.9216,,51.7817,°C,17546.10128777929,457301.9587489812
