Name,Min,1%,5%,50%,95%,99%,Max,,90% Range,98% Range,StdDev,,Mean,Units,Skewness,Kurtosis
Local Clock Frequency Offset,8.9969,9.1,9.116,9.1482,9.1836, 9.1909,9.24,,0.0676,0.0909,0.0218,,9.1492,ppm,73402956.21478753,30734278221.692078
Local Clock Time Offset,-11.714,-1.969,-0.467,0.012,0.516, 1.681,6.269,,0.983,3.65,0.5486,,-0.0,µs,-6.689129651690379,75.23932333871261
Local RMS Frequency Jitter,0.303,0.63,0.853,1.799,7.941, 17.329,33.55,,7.088,16.699,3.1276,,2.9359,ppb,3.3240233532958805,18.8264794142224
Local RMS Time Jitter,0.054,0.101,0.135,0.28,1.071, 1.911,4.865,,0.936,1.81,0.3652,,0.4064,µs,3.7863308278170504,23.254986149522004
Server Jitter SHM(0),0.1086,0.3521,0.5199,1.4146,3.4714, 5.4191,7.8695,,2.9515,5.067,0.9667,,1.6362,ms,4.280889120877194,16.458790988160736
Server Jitter SHM(1),0.017,0.05,0.078,0.223,1.551, 3.466,11.306,,1.473,3.416,0.6563,,0.4372,µs,3.786171953758747,31.92183223208325
Server Offset SHM(0),10.1974,12.2417,13.4351,18.5485,23.3601, 24.6693,28.5299,,9.925,12.4276,3.1494,,18.2929,ms,125.59997085245907,675.4716676122634
Server Offset SHM(1),-11.715,-1.97,-0.468,0.013,0.517, 1.682,6.27,,0.985,3.652,0.5491,,0.0,µs,-6.683366419662076,75.07569725592624
TDOP,0.67,0.69,0.73,1.19,7.06, 8.91,36.8,,6.33,8.22,2.9136,,2.0278, ,6.686597189486551,76.93033072203632
Temp ZONE0,55.1,55.1,55.65,57.3,58.95, 59.5,60.05,,3.3,4.4,1.0615,,57.394,°C,149610.97737967226,7948008.545694126
nSats,8.0,9.0,10.0,13.0,15.0, 16.0,16.0,,5.0,7.0,1.6012,,13.1542,nSat,396.63495460031123,3006.992032481048
