Name,Min,1%,5%,50%,95%,99%,Max,,90% Range,98% Range,StdDev,,Mean,Units,Skewness,Kurtosis
Local Clock Frequency Offset,8.9017,9.0702,9.0946,9.2001,9.2871, 9.3165,9.3954,,0.1925,0.2463,0.0601,,9.199,ppm,3521311.000240696,535767830.7709762
Local Clock Time Offset,-15.237,-2.278,-0.502,0.005,0.554, 1.899,12.202,,1.056,4.177,0.6284,,0.0,µs,-6.417064811135844,93.05380313497928
Local RMS Frequency Jitter,0.412,0.7,0.893,1.921,9.745, 18.694,63.323,,8.852,17.994,3.689,,3.2441,ppb,3.831007443313772,29.99149752474511
Local RMS Time Jitter,0.072,0.11,0.141,0.286,1.228, 2.114,7.09,,1.087,2.004,0.4304,,0.4353,µs,4.260489096887052,33.87013705893643
Server Jitter SHM(0),0.2006,0.3346,0.4984,1.3734,3.2936, 4.8499,8.203,,2.7952,4.5153,0.9136,,1.5616,ms,4.28647510593676,16.832818661736574
Server Jitter SHM(1),0.017,0.052,0.078,0.235,1.802, 3.701,17.572,,1.724,3.649,0.7637,,0.4783,µs,4.454523756383205,49.88796266789518
Server Offset SHM(0),9.9934,12.0868,12.9456,18.7529,23.9736, 25.4181,27.4095,,11.028,13.3313,3.4943,,18.4894,ms,91.89287618250255,451.44425925288914
Server Offset SHM(1),-15.238,-2.279,-0.503,0.006,0.555, 1.9,12.203,,1.058,4.179,0.6288,,0.0001,µs,-6.412950551317764,92.88251779890984
TDOP,0.7,0.79,0.87,1.98,26.75, 71.63,107.19,,25.88,70.84,12.8056,,6.2799, ,2.9950979918254106,21.433797919230884
Temp ZONE0,50.15,50.15,51.8,53.45,55.1, 56.2,56.2,,3.3,6.05,1.1664,,53.4454,°C,90163.81549321342,4047051.9144373294
nSats,5.0,10.0,11.0,13.0,15.0, 15.0,16.0,,4.0,5.0,1.4429,,13.3361,nSat,583.4362749360357,4989.405491911117
