Name,Min,1%,5%,50%,95%,99%,Max,,90% Range,98% Range,StdDev,,Mean,Units,Skewness,Kurtosis
Local Clock Frequency Offset,8.7161,8.9841,9.0191,9.1715,9.2324, 9.2613,9.3067,,0.2133,0.2772,0.0594,,9.1612,ppm,3594625.1815854865,550691076.580395
Local Clock Time Offset,-14.582,-2.194,-0.651,0.018,0.602, 1.88,7.887,,1.253,4.074,0.6269,,0.001,µs,-6.4392306172279605,77.64185064283608
Local RMS Frequency Jitter,0.576,0.996,1.244,2.365,9.432, 18.434,41.761,,8.188,17.438,3.4032,,3.5276,ppb,3.9975646604855815,25.832735561327144
Local RMS Time Jitter,0.095,0.16,0.197,0.358,1.221, 2.125,7.454,,1.024,1.965,0.4104,,0.4875,µs,5.020170403479042,40.444218806788065
Server Jitter SHM(0),0.066,0.3528,0.523,1.365,3.2181, 5.2526,8.8087,,2.6951,4.8998,0.9268,,1.5497,ms,4.484381112100152,19.357076223657582
Server Jitter SHM(1),0.025,0.071,0.111,0.329,1.763, 3.639,14.42,,1.652,3.568,0.7213,,0.5459,µs,4.450454807414547,42.25778945580081
Server Offset SHM(0),11.3753,12.841,14.0194,18.9121,23.6676, 25.0596,27.8835,,9.6482,12.2186,3.1913,,18.8393,ms,132.6155495837975,724.6726175979121
Server Offset SHM(1),-14.583,-2.195,-0.652,0.019,0.603, 1.881,7.888,,1.255,4.076,0.6274,,0.0011,µs,-6.434191706187637,77.47875220765566
TDOP,0.62,0.64,0.77,1.06,7.49, 32.71,95.73,,6.72,32.07,7.9266,,2.8459, ,6.570727596347559,71.95613157646902
Temp ZONE0,50.7,51.25,52.35,54.55,56.75, 57.3,57.85,,4.4,6.05,1.3695,,54.7127,°C,59213.195907738685,2310929.046576366
nSats,11.0,11.0,11.0,14.0,16.0, 16.0,16.0,,5.0,5.0,1.3772,,13.8083,nSat,762.3449465996383,7122.2923855912795
