Name,Min,1%,5%,50%,95%,99%,Max,,90% Range,98% Range,StdDev,,Mean,Units,Skewness,Kurtosis
Local Clock Frequency Offset,8.957,9.0894,9.1119,9.1687,9.2132, 9.2424,9.3044,,0.1013,0.1529,0.0303,,9.1667,ppm,27527110.511877522,8311709347.437045
Local Clock Time Offset,-14.534,-2.188,-0.489,0.006,0.551, 1.886,9.11,,1.04,4.074,0.6011,,-0.0002,µs,-6.114920537732171,75.91545474200146
Local RMS Frequency Jitter,0.36,0.72,0.9,1.884,9.354, 17.964,48.023,,8.454,17.244,3.4832,,3.155,ppb,3.4535728706656474,22.224048732021203
Local RMS Time Jitter,0.062,0.116,0.146,0.283,1.189, 2.036,6.358,,1.043,1.92,0.4019,,0.4247,µs,3.9413311415613963,26.86524022542271
Server Jitter SHM(0),0.1673,0.3971,0.589,1.3933,3.1731, 4.8861,7.1488,,2.5842,4.489,0.8545,,1.5722,ms,5.013873440650146,19.908293624863994
Server Jitter SHM(1),0.017,0.053,0.081,0.234,1.765, 3.671,13.382,,1.684,3.618,0.7271,,0.4708,µs,3.904957550447296,35.929708090412966
Server Offset SHM(0),10.1579,12.0714,13.444,18.6591,23.6693, 24.8878,26.4706,,10.2252,12.8163,3.2414,,18.5784,ms,120.0908692091921,637.0217819494488
Server Offset SHM(1),-14.535,-2.189,-0.49,0.007,0.552, 1.887,9.111,,1.042,4.076,0.6016,,-0.0001,µs,-6.111018410412855,75.77237524548515
TDOP,0.62,0.67,0.73,0.98,8.1, 47.83,249.99,,7.37,47.16,17.0568,,3.5503, ,9.940285196410473,145.26372383432647
Temp ZONE0,52.35,52.9,53.45,54.55,55.65, 56.2,57.3,,2.2,3.3,0.7804,,54.655,°C,329195.7934780401,22739860.61109752
nSats,4.0,6.0,12.0,14.0,15.0, 16.0,16.0,,3.0,10.0,1.4707,,13.4357,nSat,560.8146052022546,4723.443716379151
