Name,Min,1%,5%,50%,95%,99%,Max,,90% Range,98% Range,StdDev,,Mean,Units,Skewness,Kurtosis
Local Clock Frequency Offset,8.7609,8.9023,8.9968,9.2102,9.294, 9.3211,9.3729,,0.2972,0.4188,0.0863,,9.1808,ppm,1168901.3328034123,123153709.29337287
Local Clock Time Offset,-21.773,-2.23,-0.586,0.018,0.597, 1.875,10.404,,1.183,4.105,0.66,,0.0006,µs,-7.843244272748285,144.72093164840496
Local RMS Frequency Jitter,0.638,0.974,1.205,2.261,9.516, 19.832,60.55,,8.311,18.858,3.7781,,3.514,ppb,4.867473298981629,43.18483468573768
Local RMS Time Jitter,0.088,0.152,0.186,0.336,1.234, 2.293,9.48,,1.048,2.141,0.4625,,0.479,µs,5.995468975908074,64.90504584068715
Server Jitter SHM(0),0.1798,0.3695,0.5831,1.4604,3.4353, 5.4304,8.4221,,2.8522,5.0609,0.9489,,1.6602,ms,4.575820078871302,18.092894969937365
Server Jitter SHM(1),0.019,0.077,0.116,0.316,1.772, 3.681,21.4,,1.656,3.604,0.7855,,0.5432,µs,5.8188368439602955,76.50877451354238
Server Offset SHM(0),12.4683,13.1784,14.0165,19.3245,24.0406, 25.2906,28.197,,10.0241,12.1122,3.1441,,19.0394,ms,144.39690722553468,808.9297296764373
Server Offset SHM(1),-21.774,-2.231,-0.587,0.019,0.598, 1.876,10.405,,1.185,4.107,0.6604,,0.0007,µs,-7.835971605303369,144.40850957788967
TDOP,0.62,0.63,0.68,0.91,3.47, 15.76,200.29,,2.79,15.13,12.9265,,2.1658, ,11.938566952939304,184.59799736354438
Temp ZONE0,49.6,50.15,51.25,56.2,58.95, 59.5,60.05,,7.7,9.35,2.5915,,55.6798,°C,8658.042511380907,178605.4198767016
nSats,10.0,10.0,11.0,13.0,15.0, 16.0,16.0,,4.0,6.0,1.3764,,12.9625,nSat,621.610589259311,5444.4408163023345
