Name,Min,1%,5%,50%,95%,99%,Max,,90% Range,98% Range,StdDev,,Mean,Units,Skewness,Kurtosis
Local Clock Frequency Offset,8.8902,9.0293,9.0742,9.1827,9.262, 9.2954,9.3479,,0.1878,0.2661,0.0578,,9.1787,ppm,3925928.6725146873,619381162.0787492
Local Clock Time Offset,-16.581,-2.29,-0.46,0.003,0.558, 1.918,9.271,,1.018,4.208,0.6097,,0.0002,µs,-6.606176535158136,88.48001955873218
Local RMS Frequency Jitter,0.371,0.669,0.833,1.857,9.866, 17.757,47.987,,9.033,17.088,3.5537,,3.1769,ppb,3.2825717663593617,21.5429291567541
Local RMS Time Jitter,0.06,0.106,0.133,0.278,1.233, 1.996,7.021,,1.1,1.89,0.4217,,0.4258,µs,4.066627698350254,32.109417383192415
Server Jitter SHM(0),0.1829,0.3469,0.5328,1.3898,3.1881, 4.9355,7.1625,,2.6553,4.5885,0.8753,,1.5623,ms,4.701222446258028,18.537849652788342
Server Jitter SHM(1),0.014,0.047,0.07,0.211,1.816, 3.704,15.912,,1.746,3.657,0.7429,,0.4603,µs,3.7740406667550612,37.54199103676919
Server Offset SHM(0),10.7239,11.906,13.0127,18.5318,23.8384, 25.4007,27.6661,,10.8257,13.4946,3.3607,,18.3894,ms,102.86954476219675,522.4957765151953
Server Offset SHM(1),-16.582,-2.291,-0.461,0.004,0.559, 1.919,9.272,,1.02,4.21,0.6101,,0.0002,µs,-6.60167031015491,88.31563803687231
TDOP,0.68,0.7,0.75,1.05,4.75, 20.92,29.04,,4.0,20.22,3.1168,,1.835, ,4.624674925876228,33.55018258758953
Temp ZONE0,50.15,50.15,51.25,53.45,54.55, 55.65,56.2,,3.3,5.5,1.0771,,53.183,°C,113372.03283688077,5491724.377496409
nSats,4.0,4.0,10.0,13.0,15.0, 16.0,16.0,,5.0,12.0,1.9367,,13.0166,nSat,202.42571653200125,1231.962447975766
