Name,Min,1%,5%,50%,95%,99%,Max,,90% Range,98% Range,StdDev,,Mean,Units,Skewness,Kurtosis
Local Clock Frequency Offset,7.3623,7.5037,7.5301,7.7998,7.9039, 7.9449,7.9869,,0.3739,0.4412,0.1173,,7.7481,ppm,275758.98947096616,17957320.43579291
Local Clock Time Offset,-19.316,-2.24,-0.416,0.004,0.582, 1.743,6.883,,0.998,3.983,0.6039,,-0.0005,µs,-8.14995597936596,120.54872565491772
Local RMS Frequency Jitter,0.342,0.632,0.806,1.734,8.972, 18.938,53.364,,8.166,18.306,3.5904,,3.0658,ppb,3.4764041505859833,23.822774559248984
Local RMS Time Jitter,0.052,0.094,0.126,0.282,1.247, 2.336,8.587,,1.121,2.242,0.4635,,0.4417,µs,4.139564776999611,34.23194049014344
Server Jitter SHM(0),0.3234,0.5717,0.7898,1.6942,3.7099, 4.9669,8.0596,,2.9201,4.3952,0.9263,,1.9029,ms,5.823342374724454,20.69081926742602
Server Jitter SHM(1),0.016,0.051,0.08,0.218,1.702, 3.703,19.308,,1.622,3.652,0.7403,,0.4497,µs,4.393813584560683,48.18031699190897
Server Offset SHM(0),-21.8433,-18.9592,-15.2291,-7.6123,0.8503, 6.4258,10.5796,,16.0794,25.385,4.9633,,-7.449,ms,-22.85392925300227,77.2430486405294
Server Offset SHM(1),-19.317,-2.241,-0.417,0.005,0.583, 1.744,6.884,,1.0,3.985,0.6043,,-0.0004,µs,-8.1425600794126,120.3039920954173
Temp ZONE0,48.5,49.05,49.6,54.55,58.95, 59.5,59.5,,9.35,10.45,3.2667,,54.5248,°C,3910.2705129207843,62090.86267493179
