Name,Min,1%,5%,50%,95%,99%,Max,,90% Range,98% Range,StdDev,,Mean,Units,Skewness,Kurtosis
Local Clock Frequency Offset,7.1764,7.2829,7.3961,7.687,7.8049, 7.8787,7.9687,,0.4088,0.5957,0.1411,,7.6409,ppm,150328.2864440734,7998764.9387833495
Local Clock Time Offset,-15.036,-2.272,-0.438,0.002,0.65, 1.753,7.976,,1.088,4.025,0.611,,0.0004,µs,-7.0660266261839215,88.64223577938267
Local RMS Frequency Jitter,0.353,0.605,0.82,1.836,9.185, 19.187,41.638,,8.365,18.582,3.5795,,3.1625,ppb,3.2316643390358704,19.220670657705202
Local RMS Time Jitter,0.046,0.091,0.126,0.291,1.266, 2.227,6.063,,1.14,2.136,0.4434,,0.4473,µs,3.566865767943662,23.16350169945785
Server Jitter SHM(0),0.1398,0.4136,0.6121,1.5421,3.6947, 4.9094,8.0031,,3.0826,4.4958,0.9567,,1.7576,ms,4.5482688173140335,15.661862563893349
Server Jitter SHM(1),0.01,0.05,0.079,0.226,1.705, 3.654,15.058,,1.626,3.604,0.7351,,0.4602,µs,4.057275766848344,38.17745432042667
Server Offset SHM(0),-22.4229,-20.0538,-17.2011,-8.2192,2.102, 5.8883,10.0916,,19.3031,25.9421,5.8227,,-7.7352,ms,-19.45483417485295,63.09881325608496
Server Offset SHM(1),-15.037,-2.273,-0.439,0.003,0.651, 1.754,7.977,,1.09,4.027,0.6114,,0.0004,µs,-7.060506548138772,88.47060143609164
Temp ZONE0,47.95,48.5,48.5,51.25,54.55, 56.2,56.75,,6.05,7.7,1.8995,,51.4577,°C,17837.139603430198,467434.65335387044
