Name,Min,1%,5%,50%,95%,99%,Max,,90% Range,98% Range,StdDev,,Mean,Units,Skewness,Kurtosis
Local Clock Frequency Offset,8.884,9.0672,9.0864,9.2373,9.38, 9.3996,9.4727,,0.2937,0.3324,0.0973,,9.2343,ppm,827848.0555201059,77749786.58925751
Local Clock Time Offset,-17.357,-2.256,-0.532,0.007,0.57, 1.945,7.502,,1.102,4.201,0.6116,,-0.0004,µs,-6.450889666195642,76.01766445458848
Local RMS Frequency Jitter,0.45,0.813,1.021,2.061,9.619, 18.498,48.897,,8.598,17.685,3.4432,,3.3184,ppb,3.430277169658712,20.740303215525454
Local RMS Time Jitter,0.072,0.128,0.166,0.319,1.233, 2.021,7.187,,1.067,1.893,0.3941,,0.4535,µs,4.10071129549924,28.687023742434246
Server Jitter SHM(0),0.1118,0.3274,0.5011,1.3375,3.1428, 4.9443,7.3383,,2.6417,4.6169,0.88,,1.5114,ms,4.434248788789372,17.848975498679913
Server Jitter SHM(1),0.013,0.062,0.096,0.263,1.799, 3.666,16.891,,1.703,3.604,0.7202,,0.4971,µs,3.8733509721545274,35.172358562921055
Server Offset SHM(0),11.8334,13.3214,14.1506,18.4742,22.9158, 24.288,27.122,,8.7652,10.9665,2.919,,18.3146,ms,162.65476592770452,944.9570464487655
Server Offset SHM(1),-17.358,-2.257,-0.533,0.008,0.571, 1.946,7.503,,1.104,4.203,0.6121,,-0.0003,µs,-6.44624034128699,75.8671607769236
TDOP,0.69,0.75,0.84,1.28,15.53, 31.74,116.45,,14.69,30.99,9.527,,3.6723, ,6.290567896456483,71.54071685181233
Temp ZONE0,49.6,50.15,50.7,53.45,56.2, 57.3,57.3,,5.5,7.15,1.6741,,53.3354,°C,29479.183646901245,912585.7790625849
nSats,10.0,10.0,11.0,14.0,16.0, 16.0,16.0,,5.0,6.0,1.3322,,13.4875,nSat,786.7056235111189,7424.566116511206
