Name,Min,1%,5%,50%,95%,99%,Max,,90% Range,98% Range,StdDev,,Mean,Units,Skewness,Kurtosis
Local Clock Frequency Offset,8.519,8.6532,8.6793,8.7816,8.8654, 8.876,8.923,,0.1861,0.2228,0.0549,,8.7768,ppm,4003326.53413523,635714902.6136397
Local Clock Time Offset,-15.726,-1.936,-0.55,0.012,0.604, 1.728,11.777,,1.154,3.664,0.5815,,-0.0003,µs,-6.2428607502398386,85.68118832393175
Local RMS Frequency Jitter,0.46,0.807,1.025,1.942,8.236, 17.849,63.65,,7.211,17.042,3.2784,,3.1503,ppb,4.037475992051574,33.046839449995225
Local RMS Time Jitter,0.065,0.127,0.162,0.298,1.007, 2.072,7.933,,0.845,1.945,0.3736,,0.42,µs,4.917137480113261,43.36992623563909
Server Jitter SHM(0),0.1827,0.3548,0.5645,1.4356,3.4891, 5.6678,8.6563,,2.9246,5.3129,0.9928,,1.677,ms,4.443203638094885,18.11893303751377
Server Jitter SHM(1),0.027,0.068,0.103,0.268,1.654, 3.368,17.277,,1.551,3.3,0.6786,,0.4849,µs,4.664844560311475,53.552421670196935
Server Offset SHM(0),9.7472,11.1082,13.0104,17.744,22.881, 24.0854,26.7543,,9.8706,12.9772,3.1663,,17.7906,ms,112.3787142661181,585.0577737480343
Server Offset SHM(1),-15.727,-1.937,-0.551,0.013,0.605, 1.729,11.778,,1.156,3.666,0.582,,-0.0002,µs,-6.237922094318493,85.48076055286336
TDOP,0.67,0.68,0.72,1.0,4.56, 19.49,64.81,,3.84,18.81,4.744,,2.1289, ,8.514655191873851,108.72497014464662
Temp ZONE0,51.25,51.8,52.9,54.55,58.4, 59.5,59.5,,5.5,7.7,1.8574,,55.1753,°C,23741.348647785824,684035.8135518798
nSats,10.0,10.0,11.0,14.0,15.0, 16.0,16.0,,4.0,6.0,1.2656,,13.4689,nSat,925.2013580751839,9196.494166600542
