Name,Min,1%,5%,50%,95%,99%,Max,,90% Range,98% Range,StdDev,,Mean,Units,Skewness,Kurtosis
Local Clock Frequency Offset,7.7564,7.8538,7.8652,7.9257,7.9721, 8.0056,8.0478,,0.1069,0.1518,0.0347,,7.9242,ppm,11759703.649284348,2674311213.6289053
Local Clock Time Offset,-9.854,-2.35,-0.531,0.004,0.611, 1.765,6.698,,1.142,4.115,0.5952,,0.0014,µs,-6.036678403962908,59.61273129103967
Local RMS Frequency Jitter,0.313,0.561,0.731,1.847,9.053, 17.592,33.177,,8.322,17.031,3.4081,,3.1656,ppb,2.840539847330223,15.470476805408577
Local RMS Time Jitter,0.044,0.087,0.114,0.262,1.089, 2.046,4.703,,0.975,1.959,0.3967,,0.4087,µs,3.3051030614813515,19.3406448976041
Server Jitter SHM(0),0.4026,0.5455,0.8707,2.091,4.7219, 7.201,13.036,,3.8512,6.6555,1.3541,,2.3987,ms,4.989057667372927,23.1147674821118
Server Jitter SHM(1),0.013,0.037,0.057,0.198,1.869, 3.58,9.747,,1.812,3.543,0.7273,,0.4626,µs,2.9899552595411993,23.04867632534121
Server Offset SHM(0),244.4606,246.4023,247.7426,253.7831,259.4121, 261.4598,262.9544,,11.6695,15.0575,3.6073,,253.6723,ms,333329.34462320886,23121275.695656873
Server Offset SHM(1),-9.855,-2.351,-0.532,0.005,0.612, 1.766,6.699,,1.144,4.117,0.5956,,0.0014,µs,-6.033117151828785,59.512562038754204
TDOP,0.62,0.62,0.63,1.39,6.35, 6.59,6.59,,5.72,5.97,2.1279,,2.3705, ,1.3837785040691495,2.8174907120312196
Temp ZONE0,52.35,52.35,52.9,54.55,57.3, 57.3,57.3,,4.4,4.95,1.2373,,54.6325,°C,80498.35623021699,3479531.896331462
nSats,8.0,8.0,11.0,13.0,16.0, 16.0,16.0,,5.0,8.0,1.8302,,13.1833,nSat,256.4062671970809,1693.3874200628795
