Name,Min,1%,5%,50%,95%,99%,Max,,90% Range,98% Range,StdDev,,Mean,Units,Skewness,Kurtosis
Local Clock Frequency Offset,8.8638,9.0548,9.0739,9.1297,9.1734, 9.1886,9.2302,,0.0995,0.1337,0.0309,,9.1273,ppm,25431476.679860193,7478918430.251784
Local Clock Time Offset,-17.416,-2.13,-0.54,0.015,0.569, 1.787,9.641,,1.109,3.917,0.617,,-0.0,µs,-6.909597521255462,106.20438206865069
Local RMS Frequency Jitter,0.445,0.773,0.99,1.983,8.502, 19.139,52.232,,7.512,18.366,3.5875,,3.2248,ppb,4.1223123949437,31.105865455375778
Local RMS Time Jitter,0.066,0.128,0.16,0.309,1.099, 2.246,7.931,,0.939,2.118,0.4372,,0.4475,µs,5.3721362076613834,51.01166955262427
Server Jitter SHM(0),0.1301,0.3122,0.4889,1.3953,3.3736, 5.5415,9.0566,,2.8846,5.2293,0.9659,,1.5931,ms,4.2755057382474835,17.797631916002288
Server Jitter SHM(1),0.023,0.067,0.101,0.267,1.651, 3.745,16.262,,1.55,3.678,0.7395,,0.4934,µs,4.886322402364302,52.88578445006183
Server Offset SHM(0),11.5876,13.0553,13.9007,18.8861,23.3814, 24.4816,26.8047,,9.4807,11.4262,3.1247,,18.6261,ms,136.9638450302525,754.9762664535359
Server Offset SHM(1),-17.417,-2.131,-0.541,0.016,0.57, 1.788,9.642,,1.111,3.919,0.6175,,0.0,µs,-6.903891271776,105.97832129882346
TDOP,0.63,0.65,0.69,1.26,8.62, 20.88,42.91,,7.93,20.23,4.2663,,2.5617, ,4.3330628006307,35.703814223703006
Temp ZONE0,53.45,54.0,54.55,56.2,58.4, 59.5,60.05,,3.85,5.5,1.2352,,56.4085,°C,89253.55463684775,3992749.29841982
nSats,12.0,12.0,12.0,14.0,15.0, 16.0,16.0,,3.0,4.0,0.9913,,13.775,nSat,2183.083196509245,28648.78261924308
