Name,Min,1%,5%,50%,95%,99%,Max,,90% Range,98% Range,StdDev,,Mean,Units,Skewness,Kurtosis
Local Clock Frequency Offset,8.9048,9.0719,9.1002,9.1407,9.1702, 9.1777,9.2159,,0.07,0.1058,0.0241,,9.1389,ppm,53941907.94400465,20381733859.925743
Local Clock Time Offset,-13.198,-2.12,-0.484,0.014,0.531, 1.732,8.925,,1.015,3.852,0.5754,,-0.0001,µs,-6.271757017097033,74.24343232870115
Local RMS Frequency Jitter,0.316,0.671,0.865,1.823,8.29, 18.324,46.335,,7.425,17.653,3.3245,,3.031,ppb,3.4441578530754398,21.472935343654154
Local RMS Time Jitter,0.054,0.105,0.138,0.283,1.108, 2.136,6.919,,0.97,2.031,0.3975,,0.4192,µs,4.016442475729065,28.37117527437036
Server Jitter SHM(0),0.2061,0.3599,0.5493,1.3724,3.5743, 5.5798,8.3525,,3.025,5.2199,0.9994,,1.6166,ms,4.165190948842252,16.7435559878824
Server Jitter SHM(1),0.011,0.051,0.081,0.229,1.637, 3.564,12.899,,1.556,3.513,0.6913,,0.4521,µs,3.9197227372280627,35.63220210046947
Server Offset SHM(0),9.9104,12.1834,13.2421,18.2107,23.3409, 24.7217,27.5127,,10.0987,12.5383,3.2101,,18.216,ms,116.21248121679308,611.4572716051972
Server Offset SHM(1),-13.199,-2.121,-0.485,0.015,0.532, 1.733,8.926,,1.017,3.854,0.5758,,0.0,µs,-6.267112418322906,74.09055526270231
TDOP,0.62,0.68,0.71,1.07,5.86, 32.94,158.79,,5.15,32.26,10.7512,,2.7097, ,10.282651420815895,149.94168388738305
Temp ZONE0,55.65,56.2,56.75,57.85,59.5, 60.05,63.35,,2.75,3.85,0.9565,,58.0052,°C,212382.52627388635,12678652.752211567
nSats,9.0,9.0,11.0,14.0,15.0, 16.0,16.0,,4.0,7.0,1.3063,,13.7137,nSat,884.3889870865902,8647.15219776654
