Name,Min,1%,5%,50%,95%,99%,Max,,90% Range,98% Range,StdDev,,Mean,Units,Skewness,Kurtosis
Local Clock Frequency Offset,8.4058,8.4723,8.5759,8.9696,9.0249, 9.0397,9.1039,,0.449,0.5674,0.1521,,8.8838,ppm,189528.7088381741,10893233.853834372
Local Clock Time Offset,-13.158,-2.118,-0.411,0.004,0.501, 1.772,7.836,,0.912,3.89,0.5531,,0.0002,µs,-6.056582354888898,71.12540410303606
Local RMS Frequency Jitter,0.382,0.6,0.781,1.638,8.269, 17.616,43.123,,7.488,17.016,3.2334,,2.8715,ppb,3.175661041695471,19.097823628465182
Local RMS Time Jitter,0.057,0.095,0.123,0.253,1.062, 1.906,5.556,,0.939,1.811,0.3654,,0.3866,µs,3.679713051920792,24.67153786138672
Server Jitter SHM(0),0.1194,0.3413,0.5035,1.3499,3.4099, 5.307,7.6712,,2.9065,4.9657,0.9508,,1.5632,ms,4.100776410717113,15.940619995665179
Server Jitter SHM(1),0.016,0.048,0.074,0.202,1.579, 3.439,12.834,,1.505,3.391,0.6648,,0.4203,µs,3.7366793059371077,33.37627290925742
Server Offset SHM(0),11.768,13.383,14.0664,19.2575,23.7569, 24.8568,27.2984,,9.6905,11.4738,3.1714,,18.9318,ms,137.6115663024264,759.3362838508825
Server Offset SHM(1),-13.159,-2.119,-0.412,0.005,0.502, 1.773,7.837,,0.914,3.892,0.5535,,0.0002,µs,-6.052463453871046,70.9819798441409
TDOP,0.7,0.71,0.73,1.28,7.55, 18.84,49.4,,6.82,18.13,4.6549,,2.5329, ,5.411721211725518,49.680064943284464
Temp ZONE0,47.95,48.5,49.6,54.55,56.75, 57.3,57.3,,7.15,8.8,2.4701,,53.6288,°C,8946.17136613596,186550.2925135127
nSats,10.0,10.0,12.0,14.0,15.0, 16.0,16.0,,3.0,6.0,1.1838,,13.5833,nSat,1180.1280118618683,12679.290240029064
