Name,Min,1%,5%,50%,95%,99%,Max,,90% Range,98% Range,StdDev,,Mean,Units,Skewness,Kurtosis
Local Clock Frequency Offset,8.5851,8.7114,8.743,8.796,8.8585, 8.8905,8.9406,,0.1155,0.1791,0.0359,,8.7984,ppm,14600944.344418056,3568802180.9740977
Local Clock Time Offset,-11.782,-1.897,-0.516,0.005,0.571, 1.781,7.072,,1.087,3.678,0.5655,,0.0001,µs,-5.556843831849059,62.42823378814456
Local RMS Frequency Jitter,0.324,0.666,0.861,1.794,8.178, 18.102,37.612,,7.317,17.436,3.2389,,3.0102,ppb,3.2768644542133023,18.62221194664046
Local RMS Time Jitter,0.057,0.106,0.137,0.272,0.985, 2.042,4.89,,0.848,1.936,0.3634,,0.3954,µs,4.033968385367194,25.58083341312798
Server Jitter SHM(0),0.187,0.3484,0.533,1.4004,3.4205, 5.2022,7.3245,,2.8874,4.8537,0.9443,,1.6018,ms,4.327367918464056,16.861664938549836
Server Jitter SHM(1),0.015,0.054,0.083,0.234,1.633, 3.439,11.312,,1.55,3.385,0.6663,,0.4559,µs,3.7967207892959776,32.424658773920115
Server Offset SHM(0),11.6944,13.2713,14.2038,19.3295,23.5515, 24.7919,27.5147,,9.3477,11.5206,3.0817,,18.8444,ms,149.1473977684506,843.0134292928976
Server Offset SHM(1),-11.783,-1.898,-0.517,0.006,0.572, 1.782,7.073,,1.089,3.68,0.566,,0.0002,µs,-5.55351812771621,62.298986457228686
TDOP,0.62,0.62,0.75,1.07,4.68, 12.8,34.17,,3.93,12.18,3.3588,,1.8139, ,6.1238958425417485,56.374592913703964
Temp ZONE0,50.7,51.25,52.35,53.45,54.55, 55.1,55.1,,2.2,3.85,0.7908,,53.3336,°C,293533.19033766945,19516670.465577863
nSats,10.0,11.0,12.0,14.0,16.0, 16.0,16.0,,4.0,5.0,1.2024,,13.8008,nSat,1181.4248271525491,12703.590864152275
