Name,Min,1%,5%,50%,95%,99%,Max,,90% Range,98% Range,StdDev,,Mean,Units,Skewness,Kurtosis
Local Clock Frequency Offset,8.9067,9.0537,9.1067,9.2427,9.3037, 9.3295,9.4309,,0.197,0.2758,0.0628,,9.2252,ppm,3108324.722058303,453672387.4396556
Local Clock Time Offset,-12.554,-2.356,-0.513,0.007,0.59, 1.926,7.285,,1.103,4.282,0.6147,,-0.0003,µs,-6.214829016188537,67.73177523861064
Local RMS Frequency Jitter,0.432,0.792,1.001,2.029,9.913, 18.31,39.078,,8.912,17.518,3.4671,,3.3279,ppb,3.210659700549893,18.102103811429554
Local RMS Time Jitter,0.069,0.125,0.163,0.316,1.261, 1.975,6.703,,1.098,1.85,0.3964,,0.4547,µs,3.8694012917546643,25.041433166340106
Server Jitter SHM(0),0.1756,0.3532,0.4999,1.3486,3.4788, 5.4949,29.4295,,2.9788,5.1417,1.1074,,1.5888,ms,6.414516503001892,95.12164969772304
Server Jitter SHM(1),0.02,0.061,0.095,0.257,1.846, 3.743,12.297,,1.751,3.682,0.7295,,0.4985,µs,3.6099467998196415,29.756394156970845
Server Offset SHM(0),-8.5941,10.307,11.6583,16.9365,21.7176, 23.6527,27.4727,,10.0593,13.3457,3.3416,,16.7955,ms,77.23514352181574,360.87914188772163
Server Offset SHM(1),-12.555,-2.357,-0.514,0.008,0.591, 1.927,7.286,,1.105,4.284,0.6151,,-0.0003,µs,-6.2106913491430875,67.60444495540416
TDOP,0.7,0.71,0.74,1.01,9.02, 32.54,35.58,,8.28,31.83,4.869,,2.6266, ,3.5214533609411958,22.363042408173527
Temp ZONE0,51.25,51.25,52.35,54.0,57.85, 58.95,59.5,,5.5,7.7,1.6547,,54.3598,°C,32411.85786017632,1035523.649615033
nSats,10.0,11.0,12.0,14.0,15.0, 16.0,16.0,,3.0,5.0,1.1142,,13.6833,nSat,1469.299185062837,16952.702506818678
