Name,Min,1%,5%,50%,95%,99%,Max,,90% Range,98% Range,StdDev,,Mean,Units,Skewness,Kurtosis
Local Clock Frequency Offset,8.884,9.0699,9.0928,9.31,9.3813, 9.4039,9.4727,,0.2886,0.334,0.0869,,9.2796,ppm,1184853.5417516907,125399595.61741047
Local Clock Time Offset,-11.632,-2.257,-0.518,0.009,0.547, 1.914,7.758,,1.065,4.171,0.6063,,-0.0001,µs,-5.983980981874904,63.5393844616185
Local RMS Frequency Jitter,0.45,0.794,1.003,2.028,9.546, 18.595,40.071,,8.543,17.801,3.4313,,3.27,ppb,3.372139707766887,19.412494489084217
Local RMS Time Jitter,0.072,0.127,0.165,0.314,1.223, 2.049,5.356,,1.058,1.922,0.3898,,0.4485,µs,3.8072221654606104,22.253966405754287
Server Jitter SHM(0),0.1118,0.3219,0.4992,1.3162,3.1664, 5.2492,7.3383,,2.6672,4.9273,0.9123,,1.5054,ms,4.353070786655722,18.239009994607514
Server Jitter SHM(1),0.013,0.06,0.094,0.259,1.782, 3.657,11.24,,1.688,3.597,0.717,,0.4907,µs,3.762674449644837,31.099761616868783
Server Offset SHM(0),10.6636,13.2904,14.3322,18.3652,23.4007, 24.658,27.122,,9.0685,11.3676,3.0188,,18.4676,ms,149.54995706157112,848.4854927957821
Server Offset SHM(1),-11.633,-2.258,-0.519,0.01,0.548, 1.915,7.759,,1.067,4.173,0.6067,,-0.0,µs,-5.980224878000651,63.422162809552034
TDOP,0.66,0.71,0.81,1.27,14.05, 52.25,93.36,,13.24,51.54,8.6307,,3.3745, ,5.208088039509138,49.56252320204925
Temp ZONE0,50.15,50.7,51.25,54.0,56.75, 57.3,57.3,,5.5,6.6,1.5442,,54.1077,°C,39544.99704093967,1349568.509960799
nSats,6.0,10.0,11.0,13.0,15.0, 16.0,16.0,,4.0,6.0,1.3275,,13.4333,nSat,784.9759214321368,7392.854243745711
