Name,Min,1%,5%,50%,95%,99%,Max,,90% Range,98% Range,StdDev,,Mean,Units,Skewness,Kurtosis
Local Clock Frequency Offset,8.514,8.6253,8.6663,8.7656,8.8542, 8.8818,8.9775,,0.1878,0.2564,0.0574,,8.7649,ppm,3493162.0592520405,530065189.12793714
Local Clock Time Offset,-14.441,-1.899,-0.518,0.004,0.583, 1.811,8.491,,1.101,3.71,0.5886,,-0.0001,µs,-6.247045641111473,85.46492976002271
Local RMS Frequency Jitter,0.363,0.672,0.877,1.814,8.362, 18.538,41.595,,7.485,17.866,3.4178,,3.0813,ppb,3.5494505424010985,22.846704687485776
Local RMS Time Jitter,0.054,0.101,0.136,0.273,1.013, 2.135,5.569,,0.877,2.034,0.3909,,0.4032,µs,4.39344642323688,32.38762356743867
Server Jitter SHM(0),0.2447,0.371,0.57,1.4307,3.4204, 5.4597,7.638,,2.8504,5.0886,0.9418,,1.6415,ms,4.5776414994169965,18.22098846761131
Server Jitter SHM(1),0.02,0.056,0.086,0.238,1.643, 3.461,14.086,,1.557,3.405,0.6997,,0.4638,µs,4.355691931448527,43.6835411251388
Server Offset SHM(0),11.6944,13.3483,14.4291,19.4787,23.8291, 24.7982,27.0713,,9.4,11.45,3.0396,,19.0976,ms,163.22778853662112,946.9860919318096
Server Offset SHM(1),-14.442,-1.9,-0.519,0.005,0.584, 1.812,8.492,,1.103,3.712,0.589,,-0.0001,µs,-6.242471054620676,85.28261430469405
TDOP,0.62,0.62,0.75,1.14,5.4, 25.64,55.0,,4.65,25.02,4.5254,,2.309, ,6.596438963048626,70.04646552390194
Temp ZONE0,50.15,50.7,51.25,52.9,55.1, 55.65,56.2,,3.85,4.95,1.0912,,53.1045,°C,108451.68857806968,5176442.881893917
nSats,11.0,11.0,12.0,14.0,15.0, 16.0,16.0,,3.0,5.0,0.8871,,13.5165,nSat,2928.5411924823525,42308.410564262624
