Name,Min,1%,5%,50%,95%,99%,Max,,90% Range,98% Range,StdDev,,Mean,Units,Skewness,Kurtosis
Local Clock Frequency Offset,8.3027,8.4305,8.4603,8.6101,8.7308, 8.7441,8.8174,,0.2705,0.3136,0.0856,,8.5979,ppm,984521.8575370039,97961350.35844488
Local Clock Time Offset,-14.516,-1.913,-0.496,0.006,0.584, 1.765,9.078,,1.08,3.678,0.5698,,0.0006,µs,-5.737326011206038,67.65397292029931
Local RMS Frequency Jitter,0.387,0.651,0.831,1.766,8.059, 18.318,50.551,,7.228,17.667,3.2956,,2.9977,ppb,3.4149724646024464,21.99598656666838
Local RMS Time Jitter,0.056,0.104,0.134,0.27,0.99, 2.081,6.725,,0.856,1.977,0.3699,,0.3961,µs,4.151280367491956,30.043135220943213
Server Jitter SHM(0),0.1391,0.3958,0.5769,1.4711,3.3932, 5.0714,7.8,,2.8163,4.6755,0.915,,1.6574,ms,4.78326650421037,18.572185156321442
Server Jitter SHM(1),0.016,0.053,0.08,0.225,1.629, 3.396,13.465,,1.549,3.343,0.6757,,0.4503,µs,3.928350773124495,36.4131419813543
Server Offset SHM(0),10.7557,12.7143,13.7952,19.0917,24.2413, 25.3966,27.6647,,10.446,12.6823,3.3012,,19.0172,ms,122.17128508381833,651.4754772205428
Server Offset SHM(1),-14.517,-1.914,-0.497,0.007,0.585, 1.766,9.079,,1.082,3.68,0.5703,,0.0006,µs,-5.733665657677092,67.51419068070649
TDOP,0.63,0.67,0.72,1.24,8.35, 23.42,75.11,,7.63,22.75,6.2148,,2.71, ,6.426818494770423,69.88296499837895
Temp ZONE0,49.6,50.15,50.7,52.35,55.65, 56.2,56.2,,4.95,6.05,1.4484,,52.79,°C,44646.62600942294,1586401.259562152
nSats,9.0,10.0,11.0,14.0,15.0, 16.0,16.0,,4.0,6.0,1.3165,,13.5917,nSat,837.969305789116,8061.628843531994
