Name,Min,1%,5%,50%,95%,99%,Max,,90% Range,98% Range,StdDev,,Mean,Units,Skewness,Kurtosis
Local Clock Frequency Offset,8.9887,9.1235,9.1426,9.233,9.3015, 9.3322,9.3961,,0.1589,0.2086,0.0501,,9.2299,ppm,6138825.6637740005,1124103400.9334416
Local Clock Time Offset,-11.941,-2.304,-0.512,0.009,0.558, 1.981,8.903,,1.07,4.285,0.6267,,-0.0002,µs,-5.96457746139842,69.56609816024779
Local RMS Frequency Jitter,0.493,0.795,1.008,2.009,9.92, 19.438,43.72,,8.912,18.643,3.601,,3.3226,ppb,3.3932505596938745,20.379528412900434
Local RMS Time Jitter,0.077,0.129,0.165,0.311,1.275, 2.206,5.736,,1.11,2.077,0.4185,,0.4564,µs,3.8433380800226846,23.547468343310545
Server Jitter SHM(0),0.0922,0.3111,0.5055,1.3465,3.2126, 5.2293,7.5733,,2.7071,4.9182,0.9111,,1.5496,ms,4.33953964871042,17.094433001093407
Server Jitter SHM(1),0.02,0.064,0.097,0.261,1.85, 3.805,12.807,,1.753,3.741,0.7506,,0.5005,µs,3.9122938006350183,34.644728313162304
Server Offset SHM(0),12.8932,13.8889,14.9662,19.2406,23.8073, 24.9951,26.7682,,8.8411,11.1062,2.9192,,19.0965,ms,186.90153035365563,1131.3522425660387
Server Offset SHM(1),-11.942,-2.305,-0.513,0.01,0.559, 1.982,8.904,,1.072,4.287,0.6272,,-0.0002,µs,-5.961008657696419,69.43998172989706
TDOP,0.69,0.73,0.76,1.3,14.35, 59.06,100.37,,13.59,58.33,9.9135,,4.3619, ,4.381033072373488,38.27797034972247
Temp ZONE0,51.8,52.35,52.9,54.55,56.2, 56.75,58.4,,3.3,4.4,1.0273,,54.4861,°C,141084.3936400506,7350096.837572298
nSats,10.0,10.0,11.0,13.0,15.0, 16.0,16.0,,4.0,6.0,1.3253,,13.3568,nSat,774.8976044490938,7271.281691188475
