Name,Min,1%,5%,50%,95%,99%,Max,,90% Range,98% Range,StdDev,,Mean,Units,Skewness,Kurtosis
Local Clock Frequency Offset,8.8609,8.9837,9.0563,9.1972,9.2546, 9.2857,9.3425,,0.1983,0.302,0.0617,,9.1827,ppm,3223555.342343249,476233103.4954841
Local Clock Time Offset,-13.527,-2.271,-0.503,0.004,0.558, 1.931,7.483,,1.061,4.202,0.5963,,-0.0006,µs,-6.078061205658841,67.4394119560953
Local RMS Frequency Jitter,0.416,0.776,0.957,1.959,9.621, 17.782,43.448,,8.664,17.006,3.3752,,3.2153,ppb,3.21810271912314,18.669209026238
Local RMS Time Jitter,0.065,0.125,0.159,0.308,1.248, 1.955,5.819,,1.089,1.83,0.3902,,0.4451,µs,3.762349532461707,22.940627223027985
Server Jitter SHM(0),0.1334,0.325,0.5185,1.3007,3.1194, 5.0708,7.9748,,2.6008,4.7459,0.8862,,1.4991,ms,4.582772742695464,19.74084628369577
Server Jitter SHM(1),0.022,0.056,0.087,0.244,1.798, 3.599,12.693,,1.711,3.543,0.708,,0.4783,µs,3.622095037191945,30.891231870468445
Server Offset SHM(0),10.456,11.7064,12.9209,18.3474,23.9182, 25.4982,28.1263,,10.9973,13.7918,3.4188,,18.2499,ms,94.7423160836955,470.8391062163204
Server Offset SHM(1),-13.528,-2.272,-0.504,0.005,0.559, 1.932,7.484,,1.063,4.204,0.5967,,-0.0006,µs,-6.0741433587118046,67.31060642920548
TDOP,0.65,0.66,0.71,0.93,2.96, 13.62,29.75,,2.25,12.96,2.5246,,1.4348, ,6.722735258749607,66.2060802762897
Temp ZONE0,49.05,49.6,51.25,54.0,55.65, 56.2,56.75,,4.4,6.6,1.3248,,53.5944,°C,61536.43065703165,2432509.190723221
nSats,8.0,11.0,12.0,14.0,15.0, 16.0,16.0,,3.0,5.0,1.0939,,13.6083,nSat,1531.0220695947878,17891.909196542256
