Name,Min,1%,5%,50%,95%,99%,Max,,90% Range,98% Range,StdDev,,Mean,Units,Skewness,Kurtosis
Local Clock Frequency Offset,7.2326,7.3736,7.4226,7.5614,7.6791, 7.7668,7.8387,,0.2565,0.3932,0.0716,,7.5581,ppm,1141273.4317313216,119288669.6715021
Local Clock Time Offset,-17.144,-2.077,-0.395,0.0,0.595, 1.695,7.393,,0.99,3.772,0.5917,,0.0,µs,-7.775040191727556,113.25021791400374
Local RMS Frequency Jitter,0.221,0.516,0.711,1.659,8.827, 19.327,47.373,,8.116,18.811,3.5538,,2.9611,ppb,3.2223423563416733,19.6821037988654
Local RMS Time Jitter,0.038,0.079,0.111,0.262,1.209, 2.293,7.661,,1.098,2.214,0.4488,,0.4192,µs,3.8050648441442747,28.301786464056512
Server Jitter SHM(0),0.262,0.574,0.8619,1.8825,3.9091, 5.1194,7.6042,,3.0473,4.5453,0.975,,2.0784,ms,6.065461563423771,20.151645264316464
Server Jitter SHM(1),0.009,0.044,0.069,0.203,1.597, 3.739,17.161,,1.528,3.695,0.7222,,0.4265,µs,4.347962582584184,45.16825963477055
Server Offset SHM(0),-25.0928,-20.9327,-17.8116,-8.5411,-0.289, 3.7759,9.762,,17.5226,24.7086,5.3154,,-8.6976,ms,-26.254128204745655,93.13110717916814
Server Offset SHM(1),-17.145,-2.078,-0.396,-0.0,0.596, 1.696,7.394,,0.992,3.774,0.5921,,0.0,µs,-7.7682985670149876,113.02336943603956
Temp ZONE0,48.5,49.05,49.05,51.25,52.9, 54.55,54.55,,3.85,5.5,1.1807,,51.1727,°C,76036.71688550895,3224934.2121833186
