Name,Min,1%,5%,50%,95%,99%,Max,,90% Range,98% Range,StdDev,,Mean,Units,Skewness,Kurtosis
Local Clock Frequency Offset,8.6615,8.7451,8.8047,9.1409,9.2055, 9.2336,9.2959,,0.4008,0.4885,0.1313,,9.0818,ppm,316971.2344146456,21620997.54736946
Local Clock Time Offset,-23.613,-2.242,-0.672,0.014,0.606, 1.965,13.86,,1.278,4.207,0.6601,,-0.0009,µs,-7.003491187743811,133.9944501970678
Local RMS Frequency Jitter,0.562,1.025,1.27,2.413,9.765, 18.883,76.132,,8.495,17.858,3.6736,,3.6245,ppb,4.961719126601613,49.095082990737986
Local RMS Time Jitter,0.085,0.16,0.197,0.364,1.246, 2.151,13.684,,1.049,1.991,0.4581,,0.4983,µs,7.4278011626685,114.96596221603853
Server Jitter SHM(0),0.1632,0.3848,0.5897,1.4191,3.1373, 4.7991,7.2808,,2.5476,4.4143,0.8629,,1.588,ms,4.996549738854377,19.962765226359146
Server Jitter SHM(1),0.023,0.072,0.112,0.335,1.817, 3.67,21.641,,1.705,3.598,0.7688,,0.5591,µs,5.68672727703341,81.20620936100966
Server Offset SHM(0),11.424,13.2031,13.9683,18.7396,23.4387, 24.7095,26.7543,,9.4704,11.5064,3.1089,,18.597,ms,138.63528082141423,767.640103848294
Server Offset SHM(1),-23.614,-2.243,-0.673,0.015,0.607, 1.966,13.861,,1.28,4.209,0.6606,,-0.0009,µs,-6.997695860471175,133.69664866371454
TDOP,0.74,0.77,0.82,1.25,3.78, 20.63,24.02,,2.96,19.86,2.5514,,1.7806, ,5.7074606458144554,44.158742638646785
Temp ZONE0,48.5,48.5,49.6,54.0,55.65, 56.2,56.75,,6.05,7.7,2.007,,53.256,°C,16726.801250216682,429037.43344486714
nSats,10.0,11.0,11.0,13.0,16.0, 16.0,16.0,,5.0,5.0,1.3235,,13.4772,nSat,802.0089571744974,7620.795448441591
