Name,Min,1%,5%,50%,95%,99%,Max,,90% Range,98% Range,StdDev,,Mean,Units,Skewness,Kurtosis
Local Clock Frequency Offset,9.0428,9.1395,9.1652,9.2043,9.2234, 9.2362,9.2756,,0.0582,0.0967,0.0194,,9.2001,ppm,105667744.14815085,49956705180.09931
Local Clock Time Offset,-13.9,-2.085,-0.702,0.027,0.602, 1.742,6.57,,1.304,3.827,0.6038,,-0.0001,µs,-6.234972870934973,65.67920750316816
Local RMS Frequency Jitter,0.559,1.047,1.332,2.462,8.462, 18.067,39.366,,7.13,17.02,3.1739,,3.4945,ppb,4.13892581633332,24.87391741132554
Local RMS Time Jitter,0.101,0.171,0.217,0.389,1.119, 2.097,5.684,,0.902,1.926,0.3683,,0.5008,µs,4.96470492614504,32.65651422914311
Server Jitter SHM(0),0.1819,0.3615,0.5186,1.327,3.4098, 5.4193,7.7469,,2.8913,5.0578,0.9685,,1.5595,ms,4.097093942034424,16.345185580190183
Server Jitter SHM(1),0.017,0.085,0.131,0.353,1.658, 3.578,13.43,,1.527,3.493,0.6739,,0.552,µs,4.46431715027762,38.605078228749946
Server Offset SHM(0),10.9243,12.3597,13.4039,18.2378,23.0696, 24.5561,26.3168,,9.6657,12.1963,3.1462,,18.1407,ms,122.60130542005884,655.1504012885907
Server Offset SHM(1),-13.901,-2.086,-0.703,0.028,0.603, 1.743,6.571,,1.306,3.829,0.6043,,-0.0,µs,-6.229786436219324,65.52921815172058
TDOP,0.68,0.69,0.76,1.11,4.74, 14.92,193.81,,3.98,14.23,12.6163,,2.4737, ,11.608235107667223,177.1966188637929
Temp ZONE0,55.1,55.1,55.65,57.85,58.95, 59.5,60.05,,3.3,4.4,1.0146,,57.6263,°C,173874.16064782048,9710839.618211312
nSats,7.0,10.0,11.0,13.0,15.0, 16.0,16.0,,4.0,6.0,1.3418,,13.4606,nSat,763.3832734535147,7129.6264263401445
