Name,Min,1%,5%,50%,95%,99%,Max,,90% Range,98% Range,StdDev,,Mean,Units,Skewness,Kurtosis
Local Clock Frequency Offset,8.5531,8.6341,8.6904,8.7941,8.8582, 8.8872,8.9545,,0.1678,0.2531,0.0498,,8.7875,ppm,5398421.367256873,947073600.3326272
Local Clock Time Offset,-14.441,-1.868,-0.535,0.009,0.577, 1.766,8.491,,1.112,3.634,0.5772,,-0.0002,µs,-6.364221434036941,83.26484217253925
Local RMS Frequency Jitter,0.431,0.731,0.952,1.914,8.188, 17.724,41.595,,7.236,16.993,3.2772,,3.1026,ppb,3.6463688794624605,23.095783400328198
Local RMS Time Jitter,0.069,0.115,0.15,0.292,1.015, 2.048,5.569,,0.865,1.933,0.3757,,0.4135,µs,4.598715449962182,34.282942747460005
Server Jitter SHM(0),0.134,0.3615,0.5449,1.4099,3.4507, 5.6386,7.8931,,2.9057,5.2771,0.9788,,1.6353,ms,4.250780570951077,16.627831846313796
Server Jitter SHM(1),0.022,0.065,0.098,0.26,1.615, 3.386,14.086,,1.517,3.321,0.6746,,0.4753,µs,4.425885331782703,43.822911311228594
Server Offset SHM(0),11.5751,12.5906,13.398,18.5318,23.3872, 24.5456,27.4435,,9.9892,11.9551,3.2288,,18.3672,ms,117.14366700523004,617.3060872894459
Server Offset SHM(1),-14.442,-1.869,-0.536,0.01,0.578, 1.767,8.492,,1.114,3.636,0.5776,,-0.0001,µs,-6.359044719439423,83.07489975700753
TDOP,0.66,0.67,0.76,1.17,8.85, 25.64,136.55,,8.09,24.97,9.5098,,3.0049, ,9.421748987119798,132.83470505933633
Temp ZONE0,50.7,51.25,52.35,54.0,55.1, 55.65,56.2,,2.75,4.4,0.9518,,53.6691,°C,170071.4480972945,9428781.683466524
nSats,11.0,11.0,12.0,14.0,15.0, 16.0,16.0,,3.0,5.0,1.0511,,13.4979,nSat,1696.1030309646621,20507.128501579977
