Name,Min,1%,5%,50%,95%,99%,Max,,90% Range,98% Range,StdDev,,Mean,Units,Skewness,Kurtosis
Local Clock Frequency Offset,8.3609,8.4514,8.5354,8.6257,8.7021, 8.7289,8.7924,,0.1667,0.2775,0.0623,,8.6259,ppm,2597586.5972983884,357113123.687042
Local Clock Time Offset,-11.322,-1.804,-0.48,0.006,0.532, 1.699,6.606,,1.012,3.503,0.5558,,-0.0001,µs,-5.899762144960319,70.60920010471476
Local RMS Frequency Jitter,0.307,0.598,0.804,1.682,7.88, 18.145,36.808,,7.076,17.547,3.2474,,2.8874,ppb,3.3670931492844565,20.035209087150346
Local RMS Time Jitter,0.053,0.094,0.126,0.258,0.954, 2.087,5.056,,0.828,1.993,0.3694,,0.3808,µs,4.1337611038224,27.395049760890053
Server Jitter SHM(0),0.1697,0.3908,0.5674,1.4561,3.5011, 5.2932,7.9832,,2.9337,4.9024,0.9509,,1.6649,ms,4.53219634007835,17.65640455574907
Server Jitter SHM(1),0.016,0.05,0.077,0.22,1.565, 3.398,10.932,,1.488,3.348,0.6646,,0.4349,µs,3.9850479914110877,35.00175843727473
Server Offset SHM(0),9.9951,12.9788,14.0247,19.0149,24.2161, 25.3525,30.2253,,10.1914,12.3738,3.2282,,18.9241,ms,129.6115909644619,704.5372432789859
Server Offset SHM(1),-11.323,-1.805,-0.481,0.007,0.533, 1.7,6.607,,1.014,3.505,0.5562,,-0.0,µs,-5.8957405861448855,70.4617815632619
TDOP,0.67,0.68,0.74,1.05,3.88, 7.85,10.41,,3.14,7.17,1.3203,,1.5689, ,3.7948444532685035,19.271185939629053
Temp ZONE0,51.25,51.25,51.8,54.0,56.2, 56.75,56.75,,4.4,5.5,1.3378,,53.8768,°C,60686.6034897537,2387931.2740985467
nSats,9.0,10.0,11.0,14.0,15.0, 16.0,16.0,,4.0,6.0,1.3297,,13.5228,nSat,797.9945098946849,7558.249915779654
