Name,Min,1%,5%,50%,95%,99%,Max,,90% Range,98% Range,StdDev,,Mean,Units,Skewness,Kurtosis
Local Clock Frequency Offset,8.2575,8.4483,8.4854,9.1437,9.2184, 9.2275,9.2975,,0.733,0.7792,0.2722,,8.9631,ppm,32636.103254500285,1044932.4036917511
Local Clock Time Offset,-13.883,-2.055,-0.53,0.013,0.548, 1.765,11.253,,1.078,3.82,0.5787,,0.0,µs,-5.815745698173035,76.62266730150306
Local RMS Frequency Jitter,0.374,0.813,1.012,1.989,8.229, 17.758,58.548,,7.217,16.945,3.2783,,3.1191,ppb,4.056633039854032,30.123257196533984
Local RMS Time Jitter,0.071,0.129,0.162,0.307,1.057, 1.972,7.156,,0.895,1.843,0.375,,0.4271,µs,4.829638683284969,40.062955535127315
Server Jitter SHM(0),0.1576,0.3162,0.4975,1.3244,3.3012, 5.3085,8.196,,2.8037,4.9923,0.944,,1.5313,ms,4.102551114390425,16.431913412239133
Server Jitter SHM(1),0.023,0.068,0.104,0.269,1.579, 3.388,16.072,,1.475,3.32,0.674,,0.4781,µs,4.735729173505035,50.701380501269554
Server Offset SHM(0),11.9466,13.3354,14.2627,18.9946,23.9707, 25.1335,27.6213,,9.708,11.798,3.1543,,18.794,ms,136.8767343125671,755.9823760751244
Server Offset SHM(1),-13.884,-2.056,-0.531,0.014,0.549, 1.766,11.254,,1.08,3.822,0.5792,,0.0001,µs,-5.8118068001769965,76.45115422298821
TDOP,0.62,0.66,0.72,0.99,8.01, 15.13,158.68,,7.29,14.47,10.364,,2.506, ,11.577893365242055,175.3225327871889
Temp ZONE0,45.75,46.85,47.4,55.65,58.95, 61.15,62.8,,11.55,14.3,4.246,,54.0917,°C,1652.842538628228,19808.41755389905
nSats,8.0,9.0,11.0,14.0,16.0, 16.0,16.0,,5.0,7.0,1.4637,,13.4125,nSat,567.6807247868564,4817.410437066393
