Name,Min,1%,5%,50%,95%,99%,Max,,90% Range,98% Range,StdDev,,Mean,Units,Skewness,Kurtosis
Local Clock Frequency Offset,8.867,8.999,9.0547,9.1991,9.2868, 9.3165,9.3954,,0.2321,0.3176,0.0731,,9.1893,ppm,1941558.0792792977,242245649.6035206
Local Clock Time Offset,-15.237,-2.29,-0.496,0.004,0.552, 1.899,12.202,,1.048,4.189,0.625,,0.0003,µs,-6.390227937904288,92.6973501598252
Local RMS Frequency Jitter,0.412,0.695,0.883,1.902,9.728, 18.571,63.323,,8.845,17.876,3.6713,,3.2243,ppb,3.7957732517664726,29.816017877164516
Local RMS Time Jitter,0.072,0.108,0.138,0.282,1.222, 2.081,7.09,,1.084,1.973,0.4267,,0.4306,µs,4.26034339464944,34.310551594989334
Server Jitter SHM(0),0.2006,0.3376,0.5117,1.4135,3.3211, 4.8347,8.203,,2.8094,4.4971,0.9097,,1.5986,ms,4.452384294174383,17.36623576019489
Server Jitter SHM(1),0.017,0.051,0.076,0.229,1.797, 3.684,17.572,,1.721,3.633,0.7601,,0.4736,µs,4.415556026240882,49.691161349913706
Server Offset SHM(0),9.9934,12.0868,12.9456,18.7952,24.0846, 25.4601,27.4095,,11.139,13.3733,3.5151,,18.579,ms,91.53258489492099,448.99287179678856
Server Offset SHM(1),-15.238,-2.291,-0.497,0.005,0.553, 1.9,12.203,,1.05,4.191,0.6254,,0.0004,µs,-6.386155490441177,92.52636464165204
TDOP,0.68,0.7,0.77,1.55,21.94, 71.63,107.19,,21.17,70.93,11.7551,,5.0523, ,3.7184612291895385,29.598147932393303
Temp ZONE0,50.15,50.15,51.25,53.45,55.1, 56.2,56.2,,3.85,6.05,1.2788,,53.3313,°C,67568.01360839841,2755326.4896247494
nSats,5.0,11.0,12.0,14.0,15.0, 15.0,16.0,,3.0,4.0,1.3546,,13.5062,nSat,747.1745676774036,6911.463009004784
