Name,Min,1%,5%,50%,95%,99%,Max,,90% Range,98% Range,StdDev,,Mean,Units,Skewness,Kurtosis
Local Clock Frequency Offset,8.5854,8.7038,8.7292,8.7875,8.8392, 8.8529,8.9016,,0.11,0.1491,0.0332,,8.7838,ppm,18306263.70742988,4824794027.396861
Local Clock Time Offset,-14.118,-1.881,-0.546,0.014,0.584, 1.694,7.41,,1.13,3.575,0.5606,,-0.0001,µs,-5.996099567481344,65.66587956873329
Local RMS Frequency Jitter,0.437,0.752,0.958,1.934,8.086, 17.346,42.068,,7.128,16.594,3.1248,,3.0745,ppb,3.516075071400364,20.975697711209865
Local RMS Time Jitter,0.072,0.119,0.152,0.296,0.993, 2.006,6.095,,0.841,1.887,0.353,,0.4106,µs,4.370960816738893,29.98270101911144
Server Jitter SHM(0),0.1265,0.379,0.5672,1.3978,3.4382, 5.3332,10.5389,,2.8709,4.9541,0.9667,,1.6198,ms,4.547920126238505,19.786833468218408
Server Jitter SHM(1),0.013,0.065,0.098,0.263,1.614, 3.399,13.312,,1.516,3.334,0.6524,,0.4748,µs,3.944612770755858,34.008916177877566
Server Offset SHM(0),9.6704,12.9878,14.0885,19.2636,23.8819, 24.9752,26.4687,,9.7934,11.9873,3.1971,,18.971,ms,134.88025805511506,739.9877072215779
Server Offset SHM(1),-14.119,-1.882,-0.547,0.015,0.585, 1.695,7.411,,1.132,3.577,0.5611,,-0.0,µs,-5.991534751986913,65.5179683421579
TDOP,0.6,0.63,0.75,1.1,10.41, 55.31,137.81,,9.66,54.68,11.2545,,3.5868, ,6.731683012753322,75.4468734240946
Temp ZONE0,52.9,53.45,54.0,56.2,58.95, 60.05,61.15,,4.95,6.6,1.5972,,56.5241,°C,40775.77024454207,1405845.584894206
nSats,9.0,9.0,12.0,14.0,15.0, 16.0,16.0,,3.0,7.0,1.2317,,13.5519,nSat,1029.7392720489518,10572.082216689681
