Name,Min,1%,5%,50%,95%,99%,Max,,90% Range,98% Range,StdDev,,Mean,Units,Skewness,Kurtosis
Local Clock Frequency Offset,8.76,8.9242,9.0313,9.1546,9.2205, 9.2376,9.2929,,0.1892,0.3134,0.059,,9.1462,ppm,3661830.3243583115,564460711.2063661
Local Clock Time Offset,-12.104,-2.272,-0.479,0.007,0.513, 1.908,8.925,,0.992,4.18,0.5952,,0.0001,µs,-5.5795485693443485,60.79239921885248
Local RMS Frequency Jitter,0.471,0.72,0.9,1.824,9.763, 18.11,39.714,,8.863,17.39,3.4366,,3.1368,ppb,3.0704569991608945,17.232548209903463
Local RMS Time Jitter,0.072,0.115,0.144,0.279,1.236, 1.993,6.119,,1.092,1.878,0.3951,,0.4238,µs,3.5456013762738134,21.958165428569977
Server Jitter SHM(0),0.1465,0.3262,0.4964,1.3943,3.3805, 5.4496,9.5708,,2.8841,5.1235,0.9724,,1.5944,ms,4.23312237009895,17.995821533470856
Server Jitter SHM(1),0.018,0.054,0.081,0.233,1.757, 3.666,11.495,,1.676,3.612,0.7172,,0.4652,µs,3.539136487885701,28.37364618290545
Server Offset SHM(0),11.6327,13.0977,13.8287,19.0823,24.0123, 25.2282,27.2699,,10.1836,12.1306,3.2338,,18.6688,ms,123.13315741383258,659.1247286640393
Server Offset SHM(1),-12.105,-2.273,-0.48,0.008,0.514, 1.909,8.926,,0.994,4.182,0.5956,,0.0002,µs,-5.576644748580142,60.68590953294483
TDOP,0.63,0.66,0.75,1.08,6.93, 23.99,157.25,,6.18,23.33,12.0157,,2.9489, ,8.140679795681201,99.61305899992995
Temp ZONE0,50.7,51.25,52.35,54.0,55.65, 57.3,57.85,,3.3,6.05,1.2032,,54.1826,°C,85493.57137212569,3770141.92869643
nSats,8.0,8.0,11.0,14.0,16.0, 16.0,16.0,,5.0,8.0,1.6114,,13.5436,nSat,427.58955035702223,3320.066820602489
