Name,Min,1%,5%,50%,95%,99%,Max,,90% Range,98% Range,StdDev,,Mean,Units,Skewness,Kurtosis
Local Clock Frequency Offset,8.9963,9.1546,9.1708,9.2113,9.2359, 9.2474,9.304,,0.0652,0.0928,0.02,,9.2088,ppm,97323161.55363595,44767107742.17465
Local Clock Time Offset,-14.603,-2.074,-0.579,0.019,0.575, 1.724,8.317,,1.154,3.798,0.6022,,0.0,µs,-6.351373882178837,81.59178758969693
Local RMS Frequency Jitter,0.569,0.929,1.181,2.2,8.297, 18.612,45.133,,7.116,17.683,3.34,,3.3189,ppb,4.158590610995759,27.609898501304052
Local RMS Time Jitter,0.094,0.152,0.193,0.35,1.102, 2.224,7.932,,0.909,2.072,0.4039,,0.4721,µs,5.305220523867413,44.68373234387725
Server Jitter SHM(0),0.1773,0.3724,0.5484,1.4354,3.5542, 5.5513,8.5392,,3.0058,5.1789,0.9909,,1.6606,ms,4.265448985576337,16.777783787401408
Server Jitter SHM(1),0.026,0.085,0.126,0.314,1.584, 3.636,14.593,,1.458,3.551,0.6964,,0.5187,µs,4.874793696768621,47.85260936848717
Server Offset SHM(0),8.1779,11.9123,13.4529,18.7482,23.6058, 25.0916,27.2968,,10.1529,13.1792,3.2917,,18.4692,ms,111.80448480391686,580.7550497245082
Server Offset SHM(1),-14.604,-2.075,-0.58,0.02,0.576, 1.725,8.318,,1.156,3.8,0.6027,,0.0001,µs,-6.346190234150993,81.40477267570397
TDOP,0.66,0.68,0.74,1.07,9.4, 36.7,136.94,,8.66,36.02,10.1551,,3.1383, ,7.891775141287842,103.07578882722967
Temp ZONE0,54.55,55.1,55.65,57.3,59.5, 61.15,62.8,,3.85,6.05,1.2604,,57.5292,°C,89116.87227200015,3984651.623331209
nSats,3.0,5.0,11.0,14.0,16.0, 16.0,16.0,,5.0,11.0,1.626,,13.4208,nSat,400.7705156141279,3023.950109803926
