Name,Min,1%,5%,50%,95%,99%,Max,,90% Range,98% Range,StdDev,,Mean,Units,Skewness,Kurtosis
Local Clock Frequency Offset,7.6244,7.7831,7.8598,7.971,8.2008, 8.2227,8.2856,,0.341,0.4397,0.0948,,7.9931,ppm,578834.7280999208,48253893.4499867
Local Clock Time Offset,-10.473,-2.19,-0.397,0.0,0.489, 1.809,6.909,,0.886,3.999,0.5522,,0.0003,µs,-5.74735984398425,61.242697033689566
Local RMS Frequency Jitter,0.305,0.514,0.664,1.594,8.795, 17.271,33.49,,8.131,16.757,3.2491,,2.8423,ppb,2.7770028812657714,14.717855939017417
Local RMS Time Jitter,0.044,0.08,0.103,0.24,1.058, 1.918,4.57,,0.955,1.838,0.371,,0.3772,µs,3.1320853424836743,17.66552086600137
Server Jitter SHM(0),0.1606,0.3476,0.5381,1.3529,3.2961, 5.1783,8.3939,,2.7579,4.8307,0.9165,,1.5648,ms,4.4760552861800305,18.142877247574546
Server Jitter SHM(1),0.011,0.036,0.054,0.174,1.678, 3.342,10.453,,1.624,3.306,0.6725,,0.408,µs,3.0975889105631706,24.338235370745732
Server Offset SHM(0),9.6934,12.5795,13.6135,18.9445,23.8205, 25.1695,26.3217,,10.207,12.5901,3.2553,,18.6702,ms,120.36762517224598,638.9336820041567
Server Offset SHM(1),-10.474,-2.191,-0.398,0.001,0.49, 1.81,6.91,,0.888,4.001,0.5526,,0.0003,µs,-5.74422546835833,61.135418392683356
TDOP,0.64,0.67,0.74,1.32,5.64, 34.47,79.0,,4.9,33.8,6.8409,,2.6449, ,6.854306613924767,70.25270811055388
Temp ZONE0,49.05,49.6,50.15,51.8,55.1, 57.3,57.85,,4.95,7.7,1.5938,,52.099,°C,31915.98746125396,1014499.898339905
nSats,5.0,9.0,11.0,13.0,15.0, 16.0,16.0,,4.0,7.0,1.3865,,13.3568,nSat,668.1903616865843,5969.481231636883
