Name,Min,1%,5%,50%,95%,99%,Max,,90% Range,98% Range,StdDev,,Mean,Units,Skewness,Kurtosis
Local Clock Frequency Offset,8.5812,8.6768,8.7365,8.8094,8.8999, 8.9206,9.0234,,0.1634,0.2438,0.0502,,8.8127,ppm,5307107.206453353,925775565.0166283
Local Clock Time Offset,-12.629,-1.919,-0.526,0.009,0.605, 1.739,6.123,,1.131,3.658,0.5575,,0.0002,µs,-5.6354079785010835,55.79879122458163
Local RMS Frequency Jitter,0.474,0.743,0.939,1.896,8.164, 17.42,36.105,,7.225,16.677,3.1038,,3.0605,ppb,3.243138734462025,17.101174246530892
Local RMS Time Jitter,0.07,0.119,0.149,0.288,1.0, 1.951,5.23,,0.851,1.832,0.3449,,0.4054,µs,3.935272527237934,23.031877537794575
Server Jitter SHM(0),0.1494,0.3367,0.5093,1.3566,3.1955, 5.1787,9.1346,,2.6862,4.842,0.9157,,1.5641,ms,4.405461320906248,17.793505338916553
Server Jitter SHM(1),0.024,0.064,0.094,0.255,1.611, 3.307,12.157,,1.517,3.243,0.6425,,0.4671,µs,3.708397538204982,29.41387743617204
Server Offset SHM(0),11.1502,13.3206,14.2726,19.1717,23.4849, 24.7897,26.7919,,9.2122,11.4692,3.0595,,18.7835,ms,151.1695576866022,858.0359160933722
Server Offset SHM(1),-12.63,-1.92,-0.527,0.01,0.606, 1.74,6.124,,1.133,3.66,0.558,,0.0002,µs,-5.6317014433753645,55.67988179219915
TDOP,0.64,0.66,0.71,1.5,15.53, 82.37,129.03,,14.82,81.71,15.5825,,5.2126, ,3.332431860491633,25.31782104928951
Temp ZONE0,50.7,51.25,51.8,53.45,55.1, 56.2,58.4,,3.3,4.95,1.0985,,53.3519,°C,107783.35359848329,5134036.660579349
nSats,9.0,10.0,12.0,14.0,16.0, 16.0,16.0,,4.0,6.0,1.3741,,13.6473,nSat,738.8840283865436,6828.107431236747
