Name,Min,1%,5%,50%,95%,99%,Max,,90% Range,98% Range,StdDev,,Mean,Units,Skewness,Kurtosis
Local Clock Frequency Offset,8.8824,9.053,9.0781,9.2077,9.3533, 9.3689,9.5007,,0.2753,0.3159,0.0909,,9.2129,ppm,1009843.5319357149,101334779.257726
Local Clock Time Offset,-20.702,-2.381,-0.514,0.005,0.598, 2.005,9.776,,1.112,4.386,0.627,,-0.0,µs,-6.7260426016897705,93.01101934202165
Local RMS Frequency Jitter,0.488,0.817,1.006,2.019,9.722, 18.801,58.22,,8.716,17.984,3.5875,,3.3407,ppb,3.6877354992190674,26.881472462854518
Local RMS Time Jitter,0.08,0.13,0.162,0.309,1.244, 2.046,8.761,,1.082,1.916,0.4169,,0.4527,µs,4.58263801894069,41.310183612194905
Server Jitter SHM(0),0.1597,0.3151,0.4812,1.2933,3.0889, 5.0649,9.1234,,2.6078,4.7498,0.8922,,1.4811,ms,4.471798222381324,19.961429144849003
Server Jitter SHM(1),0.024,0.065,0.096,0.252,1.833, 3.716,20.164,,1.737,3.651,0.7456,,0.4958,µs,4.181100599402869,45.67768391796628
Server Offset SHM(0),10.9299,12.2644,13.9771,19.0969,23.9801, 25.4351,28.3499,,10.003,13.1707,3.3088,,18.75,ms,115.67454355063256,607.7255944355148
Server Offset SHM(1),-20.703,-2.382,-0.515,0.006,0.599, 2.006,9.777,,1.114,4.388,0.6275,,-0.0,µs,-6.721063770952822,92.8242348791549
TDOP,0.65,0.67,0.72,0.95,7.56, 62.59,119.96,,6.84,61.92,10.5381,,2.9589, ,5.654989666976303,58.00598303165641
Temp ZONE0,50.15,50.15,50.7,52.9,58.4, 59.5,59.5,,7.7,9.35,2.209,,53.3583,°C,12486.07686680483,290820.55517429835
nSats,4.0,5.0,11.0,13.0,15.0, 16.0,16.0,,4.0,11.0,1.8298,,13.0417,nSat,246.69023770044024,1601.148627654806
