Name,Min,1%,5%,50%,95%,99%,Max,,90% Range,98% Range,StdDev,,Mean,Units,Skewness,Kurtosis
Local Clock Frequency Offset,7.5681,7.6679,7.7184,7.7766,7.8636, 7.9063,7.9683,,0.1453,0.2384,0.0467,,7.7826,ppm,4550224.341190694,754064993.3263398
Local Clock Time Offset,-14.416,-2.233,-0.409,0.006,0.554, 1.665,8.017,,0.963,3.898,0.5929,,0.0,µs,-7.501955492143618,97.48074654584883
Local RMS Frequency Jitter,0.318,0.564,0.768,1.766,8.977, 18.642,44.404,,8.209,18.078,3.497,,3.0421,ppb,3.3054080785041373,20.72150036447364
Local RMS Time Jitter,0.047,0.087,0.12,0.286,1.269, 2.198,7.09,,1.149,2.111,0.4421,,0.4412,µs,3.6387623254467103,25.32492260478783
Server Jitter SHM(0),0.2595,0.4216,0.6461,1.5591,3.4628, 4.8586,8.0707,,2.8167,4.4371,0.9014,,1.745,ms,5.136032066341101,18.444498848572685
Server Jitter SHM(1),0.016,0.049,0.076,0.22,1.662, 3.676,14.405,,1.586,3.627,0.7235,,0.4454,µs,4.152974535363197,40.03378612478974
Server Offset SHM(0),-20.6561,-18.8795,-17.022,-10.2615,-1.0305, 2.9614,6.8928,,15.9915,21.8409,4.9544,,-9.8494,ms,-35.17665754236012,130.5354552228096
Server Offset SHM(1),-14.417,-2.234,-0.41,0.007,0.555, 1.666,8.018,,0.965,3.9,0.5933,,0.0001,µs,-7.495666871188758,97.29117350727626
Temp ZONE0,50.7,51.25,51.8,54.0,56.2, 58.4,58.95,,4.4,7.15,1.3886,,53.7969,°C,53878.38366952315,2037870.5434628122
