Name,Min,1%,5%,50%,95%,99%,Max,,90% Range,98% Range,StdDev,,Mean,Units,Skewness,Kurtosis
Local Clock Frequency Offset,7.6206,7.7159,7.7394,7.8876,7.9595, 7.9807,8.0478,,0.2201,0.2649,0.0683,,7.8741,ppm,1492940.191041334,170656326.60539111
Local Clock Time Offset,-13.034,-2.189,-0.488,0.002,0.565, 1.736,6.729,,1.053,3.925,0.5608,,-0.0005,µs,-6.059392764384023,63.92513918108428
Local RMS Frequency Jitter,0.298,0.534,0.724,1.795,8.759, 16.985,38.137,,8.035,16.451,3.2074,,2.9864,ppb,2.9564928984564833,16.53414433125785
Local RMS Time Jitter,0.04,0.083,0.112,0.26,1.053, 1.909,5.323,,0.941,1.826,0.3733,,0.3909,µs,3.523353035256274,22.529440151972587
Server Jitter SHM(0),0.0,0.474,0.7604,1.8089,4.1945, 5.9215,18.2174,,3.4341,5.4475,1.1543,,2.0657,ms,5.156687197075196,28.747853199486258
Server Jitter SHM(1),0.0,0.038,0.06,0.21,1.722, 3.353,12.627,,1.662,3.315,0.6771,,0.4427,µs,3.2611673332499644,26.594714391950887
Server Offset SHM(0),-5.712,-3.7654,-1.9079,5.7676,256.8168, 259.8287,509.2954,,258.7248,263.5941,108.2942,,66.7379,ms,-0.025908926202097192,1.5859167120469804
Server Offset SHM(1),-13.035,-2.19,-0.489,0.003,0.566, 1.737,6.73,,1.055,3.927,0.5612,,-0.0005,µs,-6.055471923501747,63.80234817326918
TDOP,0.61,0.62,0.71,0.99,5.55, 6.35,6.59,,4.84,5.73,1.3686,,1.6003, ,2.7586452264863772,8.924724644134713
Temp ZONE0,50.15,50.7,51.25,54.55,56.75, 57.3,58.4,,5.5,6.6,1.6198,,54.2784,°C,34457.30632570456,1123365.583930671
nSats,7.0,8.0,11.0,14.0,16.0, 16.0,16.0,,5.0,8.0,1.4479,,13.7137,nSat,632.0693062782428,5543.660286445866
