Name,Min,1%,5%,50%,95%,99%,Max,,90% Range,98% Range,StdDev,,Mean,Units,Skewness,Kurtosis
Local Clock Frequency Offset,8.8765,8.9759,9.0472,9.1641,9.2237, 9.239,9.297,,0.1765,0.2632,0.0495,,9.1558,ppm,6216706.789003307,1143157159.855252
Local Clock Time Offset,-17.378,-2.332,-0.511,0.008,0.535, 1.987,9.541,,1.046,4.319,0.6197,,-0.0005,µs,-6.258006822909539,79.86670547441965
Local RMS Frequency Jitter,0.501,0.753,0.924,1.896,9.972, 18.203,49.279,,9.048,17.45,3.5913,,3.2524,ppb,3.322336172124678,21.539312587383115
Local RMS Time Jitter,0.082,0.119,0.147,0.286,1.252, 2.044,7.196,,1.105,1.925,0.4175,,0.4358,µs,4.112215962934735,31.907041411917294
Server Jitter SHM(0),0.1039,0.314,0.4806,1.3355,3.337, 5.2172,8.7258,,2.8563,4.9033,0.9475,,1.5436,ms,4.156936852029236,17.103707260641656
Server Jitter SHM(1),0.022,0.057,0.084,0.238,1.837, 3.716,16.814,,1.753,3.659,0.7513,,0.484,µs,3.8412827153614217,36.41513252349352
Server Offset SHM(0),10.1049,11.8686,12.9834,18.3283,23.6778, 24.9921,27.1536,,10.6944,13.1235,3.3542,,17.9882,ms,96.21986666144491,480.17749047968965
Server Offset SHM(1),-17.379,-2.333,-0.512,0.009,0.536, 1.988,9.542,,1.048,4.321,0.6202,,-0.0005,µs,-6.253959159694199,79.71930162333173
TDOP,0.68,0.7,0.75,1.13,11.48, 33.95,207.04,,10.73,33.25,18.5962,,4.352, ,7.33632616677095,80.13880305660513
Temp ZONE0,50.7,51.8,52.35,54.55,56.2, 57.3,57.85,,3.85,5.5,1.1543,,54.5179,°C,98934.27716128765,4580008.172792089
nSats,8.0,11.0,12.0,13.0,15.0, 15.0,16.0,,3.0,4.0,1.1394,,13.2917,nSat,1244.6580283405542,13603.492315664165
