Name,Min,1%,5%,50%,95%,99%,Max,,90% Range,98% Range,StdDev,,Mean,Units,Skewness,Kurtosis
Local Clock Frequency Offset,7.8878,7.9749,7.999,8.3826,8.4873, 8.5131,16.5363,,0.4884,0.5383,0.2207,,8.322,ppm,49555.240217535335,1824269.2498986942
Local Clock Time Offset,-67.269,-2.325,-0.416,0.001,0.589, 1.875,43004.3,,1.005,4.2,837.0998,,25.4171,µs,35.55424249627609,1523.7980958732119
Local RMS Frequency Jitter,0.0,0.522,0.7,1.635,8.465, 19.512,1555.621,,7.765,18.99,23.9769,,3.6008,ppb,42.33686298044809,2204.867436399746
Local RMS Time Jitter,0.041,0.085,0.114,0.25,1.132, 2.443,15203.888,,1.018,2.358,208.8144,,6.1213,µs,45.80223297684497,2601.7064838507854
Server Jitter SHM(0),0.0,0.3566,0.5633,1.4077,3.4643, 5.5481,25.5973,,2.901,5.1915,1.1684,,1.6488,ms,7.981570497637892,115.20285927193339
Server Jitter SHM(1),0.0,0.042,0.064,0.187,1.702, 4.043,4473.064,,1.638,4.001,126.4541,,4.8808,µs,28.33771269230821,957.5006976408322
Server Offset SHM(0),10.1779,11.421,13.1562,18.8329,24.0764, 25.7528,59.3964,,10.9203,14.3318,3.5975,,18.7725,ms,88.25541880658173,440.6562394005665
Server Offset SHM(1),-67.27,-2.326,-0.417,0.002,0.591, 1.876,43004.3,,1.008,4.202,837.1026,,25.4282,µs,35.55388631959107,1523.7771422039468
TDOP,0.59,0.59,0.73,1.07,6.78, 27.78,75.58,,6.05,27.19,6.5363,,2.4164, ,6.180400433760224,63.51004308879798
Temp ZONE0,47.4,47.95,49.05,53.45,55.65, 56.2,56.2,,6.6,8.25,2.1742,,52.6685,°C,12595.417780174743,294098.72623965674
nSats,5.0,5.0,8.0,13.0,15.0, 16.0,16.0,,7.0,11.0,2.1714,,12.7083,nSat,126.83340949238108,664.9297213049658
