Name,Min,1%,5%,50%,95%,99%,Max,,90% Range,98% Range,StdDev,,Mean,Units,Skewness,Kurtosis
Local Clock Frequency Offset,7.2131,7.3262,7.4064,7.5947,7.683, 7.7272,7.8251,,0.2766,0.401,0.0791,,7.5813,ppm,851905.9929630604,80776302.44351766
Local Clock Time Offset,-15.202,-2.231,-0.403,0.004,0.599, 1.67,6.273,,1.002,3.901,0.5883,,-0.0,µs,-7.719244881514148,104.20820465407155
Local RMS Frequency Jitter,0.253,0.55,0.732,1.696,8.809, 18.62,48.728,,8.077,18.07,3.4873,,2.9988,ppb,3.2393752327992,20.667140744425872
Local RMS Time Jitter,0.034,0.088,0.119,0.269,1.233, 2.213,6.961,,1.114,2.125,0.4376,,0.4288,µs,3.5988493802989896,25.41165916707091
Server Jitter SHM(0),0.3532,0.7177,1.0365,4.3532,10.9672, 13.685,22.0704,,9.9308,12.9673,3.2095,,4.76,ms,2.430939566093838,6.498141810286109
Server Jitter SHM(1),0.019,0.047,0.073,0.203,1.657, 3.525,15.216,,1.584,3.478,0.7195,,0.4345,µs,4.143479433074851,41.67113514096354
Server Offset SHM(0),-52.1733,-46.754,-42.6412,-23.3357,-7.2507, -4.2515,1.8735,,35.3905,42.5025,11.7394,,-24.6359,ms,-39.15533837249484,153.0007352896682
Server Offset SHM(1),-15.203,-2.232,-0.404,0.005,0.6, 1.671,6.274,,1.004,3.903,0.5887,,0.0,µs,-7.712611861132,104.00315657246824
Temp ZONE0,48.5,49.05,50.15,53.45,55.1, 56.2,56.75,,4.95,7.15,1.4046,,53.1023,°C,49972.67059286768,1843325.2854807202
