Name,Min,1%,5%,50%,95%,99%,Max,,90% Range,98% Range,StdDev,,Mean,Units,Skewness,Kurtosis
Local Clock Frequency Offset,8.8325,9.0313,9.0443,9.0977,9.1424, 9.1533,9.2041,,0.0981,0.122,0.0311,,9.0965,ppm,24713837.43233893,7198861253.740779
Local Clock Time Offset,-16.628,-2.057,-0.531,0.014,0.545, 1.728,11.399,,1.076,3.785,0.6119,,0.0,µs,-6.8193408153810635,107.88115071684652
Local RMS Frequency Jitter,0.494,0.783,0.995,1.975,8.36, 18.986,60.09,,7.365,18.203,3.5836,,3.1687,ppb,4.370171130067264,35.29275659280912
Local RMS Time Jitter,0.081,0.126,0.161,0.309,1.098, 2.294,8.305,,0.937,2.168,0.4368,,0.4429,µs,5.374140472146364,49.997890233736015
Server Jitter SHM(0),0.1459,0.3688,0.5459,1.4102,3.3617, 5.2091,8.7486,,2.8157,4.8403,0.9296,,1.6107,ms,4.517109694111094,18.2060536478054
Server Jitter SHM(1),0.013,0.066,0.102,0.268,1.605, 3.695,16.751,,1.503,3.629,0.7343,,0.4877,µs,5.282606481087057,61.90268661578422
Server Offset SHM(0),9.1424,11.0439,13.2301,18.4721,23.4349, 24.7585,27.2424,,10.2048,13.7146,3.2843,,18.38,ms,110.80858220205128,573.7651751623177
Server Offset SHM(1),-16.629,-2.058,-0.532,0.015,0.546, 1.729,11.4,,1.078,3.787,0.6123,,0.0001,µs,-6.813798935483504,107.650412951019
TDOP,0.66,0.66,0.71,1.04,7.52, 19.6,24.18,,6.81,18.94,3.1324,,2.1465, ,3.3235094418736444,19.106604416738083
Temp ZONE0,53.45,53.45,54.55,56.2,57.85, 58.4,58.4,,3.3,4.95,1.0366,,56.0075,°C,149269.59161347713,7923858.66605066
nSats,9.0,9.0,10.0,13.0,15.0, 16.0,16.0,,5.0,7.0,1.4691,,13.0,nSat,506.9024377078691,4162.752925558239
