Name,Min,1%,5%,50%,95%,99%,Max,,90% Range,98% Range,StdDev,,Mean,Units,Skewness,Kurtosis
Local Clock Frequency Offset,8.8761,9.0737,9.1098,9.2536,9.3546, 9.3728,9.4295,,0.2448,0.2991,0.0691,,9.2511,ppm,2350595.5507201725,312573899.8409794
Local Clock Time Offset,-13.528,-2.326,-0.524,0.007,0.588, 2.0,8.397,,1.112,4.326,0.6279,,0.0002,µs,-6.447305914302978,76.46571550976803
Local RMS Frequency Jitter,0.437,0.838,1.041,2.077,9.776, 18.209,41.851,,8.735,17.371,3.5623,,3.3773,ppb,3.5538004425121854,22.58362739371862
Local RMS Time Jitter,0.081,0.134,0.169,0.32,1.253, 2.087,6.752,,1.084,1.953,0.4188,,0.461,µs,4.388625830798438,32.35534413583804
Server Jitter SHM(0),0.1387,0.3372,0.5165,1.3686,3.2051, 4.8687,8.7997,,2.6886,4.5315,0.8937,,1.5602,ms,4.5280004286624616,18.195251043489204
Server Jitter SHM(1),0.02,0.064,0.098,0.263,1.849, 3.732,14.313,,1.751,3.668,0.7493,,0.5069,µs,3.9966644307259367,37.092297483089986
Server Offset SHM(0),11.9393,13.5229,14.168,19.3934,23.6289, 24.7896,26.7362,,9.461,11.2666,3.0435,,18.8643,ms,156.03860211876014,893.7152639924366
Server Offset SHM(1),-13.529,-2.327,-0.525,0.008,0.589, 2.0,8.398,,1.114,4.327,0.6283,,0.0002,µs,-6.442848169757716,76.3205505008014
TDOP,0.7,0.71,0.75,1.22,7.32, 23.17,100.17,,6.57,22.46,9.1208,,2.8461, ,6.8750393044202545,71.99470148665081
Temp ZONE0,50.7,51.8,52.35,54.55,58.95, 60.6,61.15,,6.6,8.8,2.0707,,55.1802,°C,16949.432792759115,436741.34267109464
nSats,6.0,7.0,10.0,13.0,15.0, 16.0,16.0,,5.0,9.0,1.6588,,13.2,nSat,356.465182790655,2605.853311032238
