Name,Min,1%,5%,50%,95%,99%,Max,,90% Range,98% Range,StdDev,,Mean,Units,Skewness,Kurtosis
Local Clock Frequency Offset,8.1358,8.3225,8.3412,8.5326,8.6637, 8.6977,8.7528,,0.3224,0.3752,0.0947,,8.5078,ppm,700447.2033482777,62221895.637207255
Local Clock Time Offset,-18.542,-2.014,-0.46,0.003,0.589, 1.814,7.723,,1.049,3.828,0.5928,,0.0003,µs,-6.270461723505847,89.75269028751114
Local RMS Frequency Jitter,0.0,0.578,0.781,1.67,8.345, 19.313,51.26,,7.564,18.735,3.5231,,3.0071,ppb,3.342584928009062,21.707492282659807
Local RMS Time Jitter,0.042,0.09,0.124,0.258,1.081, 2.24,8.291,,0.957,2.15,0.4123,,0.4018,µs,4.1898216524610055,35.079433271591554
Server Jitter SHM(0),0.0,0.3637,0.5862,1.4935,3.4164, 5.1577,9.1132,,2.8302,4.7941,0.9294,,1.6855,ms,4.786610595356476,18.824719164180397
Server Jitter SHM(1),0.0,0.048,0.075,0.215,1.671, 3.636,18.441,,1.596,3.588,0.7151,,0.4473,µs,4.116553629315234,42.54892426562342
Server Offset SHM(0),11.889,12.9956,14.0084,18.8199,23.683, 24.8746,27.7391,,9.6746,11.879,3.0794,,18.7516,ms,147.13228264792912,829.2287421977936
Server Offset SHM(1),-178180.801,-2.016,-0.461,0.004,0.591, 1.818,7.724,,1.052,3.834,857.3424,,-4.1249,µs,-211.84842087384087,44032.313273043415
TDOP,0.7,0.7,0.75,1.21,6.24, 23.45,91.59,,5.49,22.75,6.5084,,2.5471, ,9.06996689885624,122.62875131570286
Temp ZONE0,48.5,49.05,50.15,52.35,54.55, 55.1,56.2,,4.4,6.05,1.3269,,52.3133,°C,56847.15543550268,2188740.3821745324
nSats,7.0,11.0,12.0,14.0,16.0, 16.0,16.0,,4.0,5.0,1.139,,14.1667,nSat,1529.4738990423652,17848.897975212996
