Name,Min,1%,5%,50%,95%,99%,Max,,90% Range,98% Range,StdDev,,Mean,Units,Skewness,Kurtosis
Local Clock Frequency Offset,8.8638,9.0548,9.0739,9.1294,9.1734, 9.1883,9.2302,,0.0995,0.1334,0.0313,,9.1277,ppm,24562909.08420317,7140303324.87383
Local Clock Time Offset,-17.416,-2.107,-0.538,0.015,0.567, 1.796,9.641,,1.105,3.903,0.6142,,-0.0001,µs,-6.7457607984201164,102.25045485536947
Local RMS Frequency Jitter,0.445,0.776,0.996,1.98,8.504, 18.939,52.232,,7.508,18.163,3.5671,,3.2149,ppb,4.104570549564185,30.85301365209881
Local RMS Time Jitter,0.066,0.128,0.161,0.309,1.094, 2.213,7.931,,0.933,2.085,0.4333,,0.4455,µs,5.395741942171246,51.48406241279478
Server Jitter SHM(0),0.1301,0.3066,0.487,1.4113,3.4531, 5.4868,9.0249,,2.9661,5.1801,0.97,,1.6082,ms,4.20550103708545,16.86431871960582
Server Jitter SHM(1),0.023,0.067,0.101,0.265,1.647, 3.778,16.262,,1.546,3.711,0.7362,,0.491,µs,4.829776556615498,51.87606667795029
Server Offset SHM(0),11.5876,13.0553,13.9248,18.8953,23.4205, 24.6394,26.8047,,9.4957,11.5841,3.1341,,18.6581,ms,136.38772576723673,751.0350139722268
Server Offset SHM(1),-17.417,-2.108,-0.539,0.016,0.568, 1.797,9.642,,1.107,3.905,0.6147,,0.0,µs,-6.740349504487969,102.03343959247226
TDOP,0.63,0.65,0.72,1.05,6.66, 16.11,29.8,,5.94,15.46,3.0312,,2.0711, ,4.270384752315894,33.075113691758304
Temp ZONE0,53.45,54.0,54.55,56.2,58.4, 59.5,60.05,,3.85,5.5,1.2721,,56.459,°C,81787.32621578095,3553955.2039340986
nSats,12.0,12.0,12.0,14.0,15.0, 16.0,16.0,,3.0,4.0,1.0206,,13.8417,nSat,2020.110564971001,25848.697702082212
