Name,Min,1%,5%,50%,95%,99%,Max,,90% Range,98% Range,StdDev,,Mean,Units,Skewness,Kurtosis
Local Clock Frequency Offset,7.8286,7.9673,8.0116,8.365,8.3955, 8.4087,8.4672,,0.3839,0.4413,0.121,,8.3163,ppm,311205.0312641091,21098142.480958086
Local Clock Time Offset,-22.222,-2.104,-0.422,0.006,0.497, 1.559,9.78,,0.919,3.663,0.573,,-0.0013,µs,-8.211861428514394,147.18187441705706
Local RMS Frequency Jitter,0.377,0.604,0.775,1.711,8.05, 18.436,62.466,,7.275,17.832,3.4252,,2.8874,ppb,4.07199369105597,35.3581797964404
Local RMS Time Jitter,0.06,0.096,0.123,0.259,1.088, 2.16,9.57,,0.965,2.064,0.4207,,0.4018,µs,4.7615350029746635,50.00319887058184
Server Jitter SHM(0),0.1162,0.3949,0.5887,1.4573,3.5666, 5.5986,8.5839,,2.978,5.2037,0.9838,,1.694,ms,4.483944415861977,17.6674880097154
Server Jitter SHM(1),0.014,0.045,0.068,0.204,1.554, 3.64,22.178,,1.486,3.595,0.7078,,0.4273,µs,5.05675708209585,68.42069212268235
Server Offset SHM(0),10.7417,12.0918,13.0851,17.9983,22.6683, 24.1287,25.6219,,9.5832,12.0369,3.1404,,17.8663,ms,117.19296911003417,617.6581372134951
Server Offset SHM(1),-22.223,-2.105,-0.423,0.007,0.498, 1.56,9.781,,0.921,3.665,0.5734,,-0.0013,µs,-8.204118264593994,146.8634372268416
TDOP,0.63,0.66,0.71,1.36,5.61, 20.2,39.63,,4.9,19.54,3.8915,,2.2227, ,5.7202271363774075,50.0039806128379
Temp ZONE0,47.4,48.5,49.6,56.2,58.95, 60.05,61.15,,9.35,11.55,2.974,,55.6295,°C,5602.211108607928,100083.77129676948
nSats,10.0,11.0,12.0,14.0,16.0, 16.0,16.0,,4.0,5.0,1.3041,,13.805,nSat,909.3538798489733,8986.137617303775
