Name,Min,1%,5%,50%,95%,99%,Max,,90% Range,98% Range,StdDev,,Mean,Units,Skewness,Kurtosis
Local Clock Frequency Offset,8.6493,8.8192,8.846,9.1551,9.1929, 9.1999,9.2689,,0.3469,0.3808,0.1237,,9.0869,ppm,380478.81920081354,27580544.491777882
Local Clock Time Offset,-26.697,-2.186,-0.572,0.017,0.598, 1.865,14.729,,1.17,4.051,0.6445,,-0.0001,µs,-7.616119078954083,176.61741870074388
Local RMS Frequency Jitter,0.588,0.934,1.145,2.189,9.464, 17.963,84.028,,8.319,17.029,3.7019,,3.4178,ppb,5.438633338618356,62.3883956444042
Local RMS Time Jitter,0.099,0.15,0.183,0.334,1.195, 2.032,12.968,,1.012,1.882,0.4517,,0.47,µs,7.234356574951214,106.78729465308189
Server Jitter SHM(0),0.1574,0.3465,0.5518,1.3673,3.3163, 5.3782,8.5647,,2.7645,5.0317,0.9324,,1.5803,ms,4.516401172540499,18.678030268132304
Server Jitter SHM(1),0.027,0.081,0.117,0.299,1.761, 3.562,24.718,,1.644,3.481,0.7657,,0.5266,µs,6.47811883528316,106.1089807773507
Server Offset SHM(0),12.3732,13.4389,14.0914,18.827,23.2594, 24.4436,25.7658,,9.168,11.0047,3.008,,18.5042,ms,152.22070926278946,866.2682666305333
Server Offset SHM(1),-26.698,-2.187,-0.573,0.018,0.599, 1.866,14.73,,1.172,4.053,0.6449,,-0.0,µs,-7.609106265535283,176.21309523706466
TDOP,0.7,0.71,0.79,1.06,19.77, 44.15,202.56,,18.98,43.44,14.9212,,4.2271, ,7.754898311174004,104.79568355765437
Temp ZONE0,48.5,49.05,50.15,57.3,59.5, 60.05,60.6,,9.35,11.0,3.5211,,55.399,°C,3241.890705418626,48397.95880932545
nSats,9.0,9.0,11.0,13.0,15.0, 15.0,15.0,,4.0,6.0,1.2057,,13.278,nSat,1032.8143115405585,10618.562642936293
