Name,Min,1%,5%,50%,95%,99%,Max,,90% Range,98% Range,StdDev,,Mean,Units,Skewness,Kurtosis
Local Clock Frequency Offset,8.8609,8.9837,9.0878,9.2049,9.2557, 9.2865,9.3425,,0.1679,0.3028,0.0566,,9.1913,ppm,4200064.217952594,677705322.6909025
Local Clock Time Offset,-13.527,-2.304,-0.503,0.005,0.555, 1.947,7.483,,1.058,4.251,0.598,,-0.0001,µs,-6.098198368637296,67.2942143807926
Local RMS Frequency Jitter,0.416,0.783,0.965,1.957,9.635, 17.879,43.448,,8.67,17.096,3.3858,,3.2242,ppb,3.210101475685271,18.556668831328707
Local RMS Time Jitter,0.065,0.126,0.16,0.308,1.248, 1.96,5.819,,1.088,1.834,0.3905,,0.4459,µs,3.756719672668615,22.864523811217772
Server Jitter SHM(0),0.1334,0.3385,0.521,1.2858,3.126, 5.0725,7.9748,,2.605,4.7341,0.8889,,1.4874,ms,4.511753095026611,19.42580595861094
Server Jitter SHM(1),0.022,0.056,0.088,0.245,1.806, 3.612,12.693,,1.718,3.556,0.7106,,0.4799,µs,3.6096357131560346,30.619880551542057
Server Offset SHM(0),10.456,11.6958,12.9199,18.1954,23.945, 25.4982,28.1263,,11.0251,13.8024,3.4402,,18.2134,ms,92.18615385065965,454.8603287937315
Server Offset SHM(1),-13.528,-2.305,-0.504,0.006,0.556, 1.948,7.484,,1.06,4.253,0.5984,,-0.0,µs,-6.094231593875414,67.16632572516211
TDOP,0.67,0.69,0.72,0.94,2.96, 13.62,29.75,,2.24,12.93,2.5225,,1.4446, ,6.747956787855911,66.45082886245646
Temp ZONE0,49.05,51.25,51.8,54.0,55.65, 56.2,56.75,,3.85,4.95,1.1536,,53.7777,°C,95068.60955558415,4343038.588809209
nSats,8.0,11.0,12.0,14.0,15.0, 16.0,16.0,,3.0,5.0,1.1011,,13.6125,nSat,1500.6712790789456,17424.037578061314
