Name,Min,1%,5%,50%,95%,99%,Max,,90% Range,98% Range,StdDev,,Mean,Units,Skewness,Kurtosis
Local Clock Frequency Offset,8.7608,8.8382,8.9406,9.04,9.0922, 9.1097,9.1581,,0.1516,0.2714,0.0474,,9.0345,ppm,6801361.208346357,1288699384.232178
Local Clock Time Offset,-14.379,-2.041,-0.496,0.011,0.516, 1.755,8.51,,1.012,3.796,0.5703,,-0.0001,µs,-6.542812186478625,85.08621821559795
Local RMS Frequency Jitter,0.395,0.731,0.951,1.888,8.175, 17.61,51.158,,7.224,16.879,3.2764,,3.0245,ppb,3.9576168969076755,28.650274620537335
Local RMS Time Jitter,0.043,0.116,0.15,0.294,1.042, 2.027,9.867,,0.892,1.911,0.3896,,0.4165,µs,5.558210583355915,63.326456209586006
Server Jitter SHM(0),0.2057,0.3563,0.5372,1.4631,3.3864, 5.4051,8.4017,,2.8493,5.0488,0.9637,,1.6654,ms,4.49965743260669,18.21239377085688
Server Jitter SHM(1),0.017,0.06,0.095,0.252,1.559, 3.439,14.021,,1.464,3.379,0.6767,,0.4609,µs,4.565948410847906,46.57440261035175
Server Offset SHM(0),11.481,12.783,13.879,18.99,24.0543, 25.4973,26.6716,,10.1753,12.7143,3.24,,18.7858,ms,124.92292506782496,671.4199134316542
Server Offset SHM(1),-14.38,-2.042,-0.497,0.012,0.517, 1.756,8.511,,1.014,3.798,0.5707,,0.0,µs,-6.537431238137745,84.89582893529474
TDOP,0.64,0.67,0.75,1.17,16.34, 58.89,124.67,,15.59,58.22,11.0247,,4.11, ,5.535396253645552,56.61700616605769
Temp ZONE0,51.8,52.35,54.55,57.3,60.05, 62.25,62.8,,5.5,9.9,1.8998,,57.1174,°C,24640.680345738856,718718.5733547299
nSats,8.0,10.0,12.0,14.0,16.0, 16.0,16.0,,4.0,6.0,1.4426,,13.7635,nSat,648.2551086474413,5748.0378156384395
