Name,Min,1%,5%,50%,95%,99%,Max,,90% Range,98% Range,StdDev,,Mean,Units,Skewness,Kurtosis
Local Clock Frequency Offset,8.1358,8.3443,8.4194,8.5418,8.6973, 8.7266,8.7765,,0.2779,0.3823,0.0808,,8.5371,ppm,1144835.8593729755,119785378.1301123
Local Clock Time Offset,-13.239,-1.924,-0.496,0.005,0.591, 1.775,7.032,,1.087,3.699,0.5768,,0.0004,µs,-5.939874197891935,72.97539531245815
Local RMS Frequency Jitter,0.273,0.642,0.826,1.778,7.996, 18.846,42.316,,7.17,18.204,3.3498,,3.0189,ppb,3.5014520024236884,22.312401776285967
Local RMS Time Jitter,0.039,0.098,0.132,0.271,0.985, 2.131,5.514,,0.853,2.033,0.3767,,0.3967,µs,4.190025294385085,29.13080631336791
Server Jitter SHM(0),0.1193,0.4232,0.6569,1.5968,3.637, 5.5176,11.1708,,2.9802,5.0944,0.9818,,1.794,ms,4.987297341967141,20.752336431044846
Server Jitter SHM(1),0.015,0.052,0.08,0.228,1.633, 3.359,12.616,,1.553,3.307,0.6852,,0.4544,µs,4.05903156419099,37.59410447727171
Server Offset SHM(0),8.1517,11.3687,13.9231,18.8354,23.931, 25.0103,27.7391,,10.0079,13.6416,3.2468,,18.8365,ms,124.98085154516454,669.7642922787237
Server Offset SHM(1),-13.24,-1.925,-0.497,0.006,0.592, 1.776,7.033,,1.089,3.701,0.5772,,0.0004,µs,-5.935867159378634,72.82416671988955
TDOP,0.66,0.69,0.75,1.11,6.05, 12.33,36.65,,5.3,11.64,3.2576,,2.044, ,6.025601263068656,58.10026859490129
Temp ZONE0,49.05,50.15,50.7,52.9,57.3, 58.4,58.95,,6.6,8.25,1.6917,,52.9252,°C,27870.775362104043,846959.7071029983
nSats,9.0,11.0,12.0,14.0,15.0, 16.0,16.0,,3.0,5.0,1.2754,,13.7,nSat,953.1122887090088,9555.195200932485
