Name,Min,1%,5%,50%,95%,99%,Max,,90% Range,98% Range,StdDev,,Mean,Units,Skewness,Kurtosis
Local Clock Frequency Offset,8.1731,8.2958,8.3309,8.5346,8.6089, 8.6414,8.7169,,0.2779,0.3456,0.0955,,8.495,ppm,681292.1372081926,59963780.7661484
Local Clock Time Offset,-12.086,-2.096,-0.369,0.004,0.541, 1.649,8.613,,0.91,3.745,0.5708,,-0.0,µs,-6.394520710553019,77.57464726982688
Local RMS Frequency Jitter,0.319,0.541,0.687,1.441,8.291, 19.077,43.302,,7.604,18.536,3.4613,,2.8172,ppb,2.996729304235395,17.667820922387186
Local RMS Time Jitter,0.05,0.089,0.115,0.233,1.131, 2.219,5.051,,1.016,2.13,0.4147,,0.392,µs,3.2616998824480437,19.317593093721417
Server Jitter SHM(0),0.1734,0.3959,0.6082,1.4473,3.517, 5.1969,8.0768,,2.9088,4.801,0.9459,,1.6708,ms,4.569603393782868,17.430434059181312
Server Jitter SHM(1),0.014,0.048,0.071,0.18,1.648, 3.606,12.275,,1.577,3.558,0.702,,0.4083,µs,3.739851172753739,33.883604773892905
Server Offset SHM(0),8.941,12.4003,13.6977,18.6281,23.6956, 25.0443,27.8369,,9.9979,12.644,3.1945,,18.5277,ms,125.012024300303,671.7477791401667
Server Offset SHM(1),-12.087,-2.097,-0.37,0.005,0.542, 1.65,8.614,,0.912,3.747,0.5712,,0.0,µs,-6.390278634218775,77.43459796666346
TDOP,0.66,0.67,0.7,1.16,5.2, 17.91,59.07,,4.5,17.24,4.7404,,2.1578, ,7.516850848339738,83.10604547315164
Temp ZONE0,49.6,49.6,50.7,53.45,55.1, 55.65,56.2,,4.4,6.05,1.6172,,53.081,°C,32321.371001711497,1031561.778240621
nSats,5.0,5.0,5.0,14.0,16.0, 16.0,16.0,,11.0,11.0,3.1083,,12.6167,nSat,36.34747325433956,129.81987930206344
