Name,Min,1%,5%,50%,95%,99%,Max,,90% Range,98% Range,StdDev,,Mean,Units,Skewness,Kurtosis
Local Clock Frequency Offset,8.9097,9.0904,9.1045,9.1541,9.2129, 9.223,9.2818,,0.1084,0.1325,0.0318,,9.1545,ppm,23676558.43105523,6798847470.999277
Local Clock Time Offset,-18.359,-2.017,-0.536,0.017,0.55, 1.665,9.975,,1.086,3.682,0.5983,,-0.0004,µs,-7.404220907872944,115.91358406047512
Local RMS Frequency Jitter,0.452,0.827,1.043,1.999,8.236, 18.255,56.274,,7.193,17.428,3.4453,,3.164,ppb,4.344542086733369,33.629201682118286
Local RMS Time Jitter,0.074,0.131,0.167,0.311,1.069, 2.15,7.954,,0.902,2.019,0.4109,,0.4374,µs,5.37503966012392,50.13080356647958
Server Jitter SHM(0),0.1913,0.3899,0.5687,1.4112,3.5347, 5.3219,8.1984,,2.966,4.932,0.9489,,1.637,ms,4.411582207458035,16.747430787917672
Server Jitter SHM(1),0.024,0.07,0.106,0.275,1.571, 3.595,17.236,,1.465,3.525,0.712,,0.4874,µs,5.21261961055626,59.33957547566079
Server Offset SHM(0),11.6292,13.0373,14.0617,18.8149,23.8444, 25.0718,27.5212,,9.7827,12.0345,3.0476,,18.7437,ms,152.15146765724728,866.6827362737741
Server Offset SHM(1),-18.36,-2.018,-0.537,0.018,0.551, 1.666,9.976,,1.088,3.684,0.5988,,-0.0004,µs,-7.397204563588394,115.6477280721361
TDOP,0.62,0.64,0.67,0.9,3.58, 11.91,138.38,,2.91,11.27,8.9935,,2.0741, ,11.735008838762527,178.3334996429593
Temp ZONE0,54.0,54.0,55.1,56.75,58.95, 62.25,62.8,,3.85,8.25,1.4192,,56.9805,°C,60121.78232998309,2358460.356280404
nSats,9.0,10.0,10.0,13.0,15.0, 15.0,16.0,,5.0,5.0,1.3743,,13.1411,nSat,652.6605899524077,5794.730526206095
