Name,Min,1%,5%,50%,95%,99%,Max,,90% Range,98% Range,StdDev,,Mean,Units,Skewness,Kurtosis
Local Clock Frequency Offset,8.2038,8.2943,8.3596,8.4464,8.538, 8.5692,8.6108,,0.1784,0.275,0.0574,,8.4474,ppm,3115684.4884444107,455105349.80284923
Local Clock Time Offset,-13.375,-2.153,-0.355,0.001,0.56, 1.647,6.825,,0.915,3.8,0.5639,,0.0003,µs,-6.782475556775268,81.50887873486589
Local RMS Frequency Jitter,0.211,0.441,0.612,1.427,8.239, 18.539,36.953,,7.627,18.098,3.391,,2.8169,ppb,2.742374302792974,15.209795174950596
Local RMS Time Jitter,0.034,0.072,0.1,0.229,1.118, 2.153,5.513,,1.018,2.081,0.4135,,0.3886,µs,3.222106625562017,20.248545134644335
Server Jitter SHM(0),0.1587,0.3619,0.5428,1.5191,3.6359, 5.3032,8.9952,,3.0931,4.9414,1.0072,,1.7451,ms,4.194459376559029,15.418408320675054
Server Jitter SHM(1),0.012,0.038,0.058,0.166,1.697, 3.544,13.366,,1.639,3.506,0.6969,,0.403,µs,3.3308565733850033,29.366855291712888
Server Offset SHM(0),11.3391,12.6924,13.752,18.9042,23.8711, 24.9224,26.7943,,10.1191,12.2299,3.2446,,18.7473,ms,123.39526857366194,659.8582710484434
Server Offset SHM(1),-13.376,-2.154,-0.356,0.002,0.561, 1.648,6.826,,0.917,3.802,0.5643,,0.0003,µs,-6.777625952437372,81.36043068572195
TDOP,0.68,0.68,0.72,1.12,5.22, 27.38,60.17,,4.5,26.7,5.1054,,2.2491, ,6.556029621132718,67.2341834223427
Temp ZONE0,51.8,51.8,52.35,54.0,57.85, 58.4,58.95,,5.5,6.6,1.4792,,54.1627,°C,45286.23556214811,1616838.007260644
nSats,5.0,5.0,5.0,13.0,15.0, 16.0,16.0,,10.0,11.0,2.9421,,12.2708,nSat,40.018088658654804,147.93163650614656
