Name,Min,1%,5%,50%,95%,99%,Max,,90% Range,98% Range,StdDev,,Mean,Units,Skewness,Kurtosis
Local Clock Frequency Offset,8.4308,8.5211,8.557,8.6885,8.7489, 8.784,8.8578,,0.1919,0.2629,0.0578,,8.6769,ppm,3318997.4351484654,495124767.1389066
Local Clock Time Offset,-10.342,-1.93,-0.497,0.005,0.591, 1.751,8.376,,1.088,3.681,0.5651,,-0.0,µs,-5.483908647485808,59.87389753240215
Local RMS Frequency Jitter,0.305,0.645,0.845,1.789,8.089, 17.964,38.962,,7.244,17.319,3.238,,3.0061,ppb,3.269456763174519,18.720545153877147
Local RMS Time Jitter,0.053,0.102,0.134,0.27,1.001, 2.067,5.897,,0.867,1.965,0.3715,,0.3976,µs,4.105476926281342,28.187784123505345
Server Jitter SHM(0),0.1657,0.3555,0.5524,1.414,3.467, 5.2573,8.1732,,2.9146,4.9018,0.9695,,1.6301,ms,4.311544743381601,17.071789211816423
Server Jitter SHM(1),0.014,0.055,0.083,0.233,1.634, 3.385,11.724,,1.551,3.33,0.6659,,0.4555,µs,3.778292133419271,32.47552163436647
Server Offset SHM(0),8.197,11.1538,13.0787,18.3787,23.7338, 25.1345,30.2035,,10.6551,13.9806,3.4569,,18.2655,ms,91.43270899540441,448.53872970722585
Server Offset SHM(1),-10.343,-1.931,-0.498,0.006,0.592, 1.752,8.377,,1.09,3.683,0.5655,,0.0,µs,-5.4807990661498405,59.75257373481457
TDOP,0.59,0.63,0.72,1.25,7.93, 25.13,84.63,,7.21,24.5,6.6644,,2.7555, ,6.987910842022252,81.6045075475815
Temp ZONE0,50.15,51.25,51.8,53.45,55.1, 56.2,56.75,,3.3,4.95,1.0965,,53.5573,°C,109666.71584450138,5253846.6967511615
nSats,10.0,10.0,11.0,14.0,16.0, 16.0,16.0,,5.0,6.0,1.4186,,13.5726,nSat,654.4469032745474,5824.904472586374
