Name,Min,1%,5%,50%,95%,99%,Max,,90% Range,98% Range,StdDev,,Mean,Units,Skewness,Kurtosis
Local Clock Frequency Offset,8.7759,9.0905,9.1133,9.1532,9.1769, 9.1899,9.2309,,0.0636,0.0994,0.0214,,9.1498,ppm,77327452.3625208,32944508682.940872
Local Clock Time Offset,-36.355,-2.093,-0.477,0.011,0.524, 1.718,16.386,,1.001,3.811,0.6186,,-0.0001,µs,-10.520748726453139,412.60777412051425
Local RMS Frequency Jitter,0.332,0.673,0.875,1.831,8.34, 18.158,101.975,,7.465,17.485,3.7493,,3.0547,ppb,6.585354735603731,105.455487957982
Local RMS Time Jitter,0.053,0.105,0.141,0.285,1.1, 2.045,17.271,,0.959,1.94,0.4672,,0.4231,µs,9.689593472343146,216.88451734280673
Server Jitter SHM(0),0.1901,0.3559,0.5511,1.4509,3.3933, 5.1997,7.6634,,2.8422,4.8439,0.9361,,1.6407,ms,4.473377842897736,17.090358549607384
Server Jitter SHM(1),0.011,0.054,0.084,0.234,1.6, 3.523,35.152,,1.516,3.469,0.7676,,0.4577,µs,8.353239570931112,205.64854742353035
Server Offset SHM(0),9.688,12.1767,13.4025,18.4956,23.0271, 24.2987,26.0266,,9.6246,12.1219,3.1247,,18.0908,ms,124.23804873244994,665.6446600478722
Server Offset SHM(1),-36.356,-2.094,-0.478,0.012,0.525, 1.719,16.387,,1.003,3.813,0.619,,-0.0001,µs,-10.50865845585342,411.6442239366766
TDOP,0.61,0.64,0.69,1.23,16.36, 64.54,215.28,,15.67,63.9,18.159,,4.9688, ,5.943193351884208,66.33410608490338
Temp ZONE0,54.55,54.55,55.65,57.3,58.95, 62.25,62.8,,3.3,7.7,1.2202,,57.2315,°C,96853.32942134012,4452236.506015763
nSats,9.0,10.0,12.0,14.0,16.0, 16.0,17.0,,4.0,6.0,1.3375,,13.6722,nSat,811.6378829146275,7731.496713200547
