Name,Min,1%,5%,50%,95%,99%,Max,,90% Range,98% Range,StdDev,,Mean,Units,Skewness,Kurtosis
Local Clock Frequency Offset,8.6777,8.8552,8.9039,9.1368,9.2369, 9.2705,9.3123,,0.333,0.4153,0.0916,,9.12,ppm,958790.2969323652,94562597.55500887
Local Clock Time Offset,-17.794,-2.319,-0.495,0.007,0.559, 1.898,8.764,,1.054,4.217,0.6176,,-0.0001,µs,-6.66057817000967,93.89073860628109
Local RMS Frequency Jitter,0.434,0.701,0.893,1.906,9.722, 18.136,55.809,,8.829,17.435,3.5916,,3.2273,ppb,3.755256871714095,29.092778130889805
Local RMS Time Jitter,0.068,0.111,0.14,0.285,1.228, 1.992,10.545,,1.088,1.881,0.446,,0.4345,µs,5.593415881731123,67.90064228551014
Server Jitter SHM(0),0.1343,0.3171,0.5082,1.3579,3.3984, 5.2494,8.2182,,2.8902,4.9322,0.9477,,1.5663,ms,4.181154621966189,16.518450620783266
Server Jitter SHM(1),0.016,0.053,0.08,0.232,1.805, 3.694,17.128,,1.725,3.641,0.7494,,0.4786,µs,4.2043307651343484,45.89328425998002
Server Offset SHM(0),9.4329,12.3535,13.5188,18.8635,24.2399, 25.4883,28.5541,,10.7211,13.1348,3.435,,18.677,ms,100.74466317505588,509.0461971149556
Server Offset SHM(1),-17.795,-2.32,-0.496,0.008,0.56, 1.899,8.765,,1.056,4.219,0.6181,,-0.0,µs,-6.655809869869006,93.70842531873865
TDOP,0.67,0.68,0.74,1.31,11.59, 29.5,97.62,,10.85,28.82,8.1103,,3.5407, ,6.324651312290116,69.07230101050268
Temp ZONE0,50.15,50.15,50.7,55.65,59.5, 60.05,63.35,,8.8,9.9,2.7192,,55.5975,°C,7411.849929460531,145256.1567777046
nSats,6.0,7.0,11.0,13.0,15.0, 16.0,16.0,,4.0,9.0,1.5379,,12.9087,nSat,425.13323346912193,3286.086866181442
