Name,Min,1%,5%,50%,95%,99%,Max,,90% Range,98% Range,StdDev,,Mean,Units,Skewness,Kurtosis
Local Clock Frequency Offset,7.7681,7.9132,7.9428,8.3579,8.4781, 8.4964,8.5589,,0.5353,0.5832,0.1832,,8.294,ppm,86894.22095512612,3852580.8020553393
Local Clock Time Offset,-13.074,-2.153,-0.436,0.004,0.519, 1.684,6.7,,0.955,3.837,0.5728,,0.0001,µs,-7.026254284300074,86.96088563096284
Local RMS Frequency Jitter,0.339,0.6,0.759,1.742,8.016, 18.888,38.013,,7.257,18.288,3.3746,,2.9435,ppb,3.364598425389791,20.2424243788983
Local RMS Time Jitter,0.052,0.095,0.121,0.263,1.083, 2.231,5.335,,0.962,2.136,0.4122,,0.409,µs,3.694114962309858,23.702906398452775
Server Jitter SHM(0),0.1825,0.3878,0.56,1.4396,3.5398, 5.6832,9.1129,,2.9798,5.2955,0.9985,,1.662,ms,4.357579476880822,17.913561417323805
Server Jitter SHM(1),0.02,0.047,0.068,0.202,1.629, 3.629,12.98,,1.561,3.582,0.6984,,0.4331,µs,3.9305872738328302,35.97927718268501
Server Offset SHM(0),8.1656,10.1141,11.9413,17.4612,22.7431, 24.218,26.2767,,10.8018,14.1039,3.3364,,17.5699,ms,90.35663975081228,441.3160010385475
Server Offset SHM(1),-13.075,-2.154,-0.437,0.005,0.52, 1.685,6.701,,0.957,3.839,0.5732,,0.0002,µs,-7.020748231676159,86.7934180691203
TDOP,0.62,0.66,0.78,1.17,8.77, 37.21,89.81,,7.99,36.55,7.7117,,2.9676, ,6.085815772570688,63.4434220407266
Temp ZONE0,46.85,47.95,48.5,54.0,57.3, 58.4,59.5,,8.8,10.45,2.8911,,53.3907,°C,5381.208734062635,94887.86800630254
nSats,8.0,10.0,12.0,14.0,15.0, 16.0,16.0,,3.0,6.0,1.2471,,13.5768,nSat,995.3016192896312,10117.7889002235
