Name,Min,1%,5%,50%,95%,99%,Max,,90% Range,98% Range,StdDev,,Mean,Units,Skewness,Kurtosis
Local Clock Frequency Offset,7.6002,7.6967,7.7481,7.974,8.0602, 8.0764,8.146,,0.3121,0.3797,0.1033,,7.9427,ppm,437523.74503880413,33226464.8802233
Local Clock Time Offset,-10.857,-2.188,-0.401,0.0,0.502, 1.784,6.82,,0.903,3.972,0.557,,-0.0004,µs,-6.227032291492742,68.08553848863484
Local RMS Frequency Jitter,0.275,0.489,0.649,1.591,8.665, 17.0,37.067,,8.016,16.511,3.2868,,2.8561,ppb,2.9425894828737937,17.349486883832792
Local RMS Time Jitter,0.039,0.077,0.102,0.237,1.043, 1.949,4.885,,0.941,1.872,0.3799,,0.3757,µs,3.360186970676878,20.895393954492963
Server Jitter SHM(0),0.1705,0.3441,0.5246,1.3426,3.6699, 5.5515,8.2061,,3.1453,5.2074,1.0124,,1.6019,ms,3.854523844173983,14.557958159426596
Server Jitter SHM(1),0.009,0.034,0.051,0.169,1.68, 3.307,10.262,,1.629,3.273,0.6839,,0.4064,µs,3.209276331332895,26.72993753102126
Server Offset SHM(0),10.4878,11.6399,12.6176,17.7032,22.1546, 23.9095,26.0294,,9.537,12.2696,3.0933,,17.3462,ms,111.66955001580004,580.6139141987361
Server Offset SHM(1),-10.858,-2.189,-0.402,0.001,0.503, 1.785,6.821,,0.905,3.974,0.5574,,-0.0004,µs,-6.223163147819726,67.96602321499454
TDOP,0.65,0.7,0.75,1.15,3.45, 14.09,33.62,,2.7,13.39,3.1583,,1.8391, ,6.4709483828550365,59.32062629485426
Temp ZONE0,49.05,50.15,50.15,53.45,55.65, 56.2,56.75,,5.5,6.05,1.687,,53.3698,°C,28846.47529190548,886540.8467003942
nSats,11.0,11.0,11.0,14.0,15.0, 16.0,16.0,,4.0,5.0,1.2616,,13.5042,nSat,942.5735860695976,9422.248507117456
