Name,Min,1%,5%,50%,95%,99%,Max,,90% Range,98% Range,StdDev,,Mean,Units,Skewness,Kurtosis
Local Clock Frequency Offset,8.7634,8.8861,8.9266,9.2504,9.297, 9.3226,9.3718,,0.3703,0.4365,0.0958,,9.2196,ppm,863580.8010248931,82255194.79274665
Local Clock Time Offset,-17.972,-2.256,-0.619,0.023,0.619, 1.992,9.2,,1.238,4.248,0.6549,,0.0008,µs,-6.392450310792748,89.93631508370471
Local RMS Frequency Jitter,0.761,1.109,1.354,2.406,9.885, 18.41,60.297,,8.531,17.301,3.6054,,3.6357,ppb,4.528488207132733,36.232540165694544
Local RMS Time Jitter,0.102,0.175,0.213,0.364,1.248, 2.178,10.01,,1.035,2.003,0.444,,0.5012,µs,6.235472413345019,70.12527183831435
Server Jitter SHM(0),0.1823,0.3471,0.5446,1.3863,3.3837, 5.3371,8.5707,,2.8391,4.99,0.9435,,1.5988,ms,4.4397601924450685,18.40718118841782
Server Jitter SHM(1),0.022,0.098,0.144,0.347,1.825, 3.739,21.448,,1.681,3.641,0.7522,,0.5718,µs,5.182472108942818,60.87566782722269
Server Offset SHM(0),10.2495,11.7252,12.6946,18.0069,23.7075, 25.0682,28.1347,,11.0129,13.3429,3.4341,,17.9745,ms,88.73768076404227,433.32356563241547
Server Offset SHM(1),-17.973,-2.257,-0.62,0.024,0.62, 1.993,9.201,,1.24,4.25,0.6554,,0.0009,µs,-6.387528478269875,89.74083909160547
TDOP,0.63,0.65,0.75,1.04,5.67, 36.96,69.59,,4.92,36.31,5.8796,,2.317, ,6.169463562176699,64.47697471004783
Temp ZONE0,47.95,49.6,50.15,54.55,56.2, 56.75,57.3,,6.05,7.15,1.6504,,54.3629,°C,32675.074936619287,1046551.8135774633
nSats,10.0,10.0,12.0,14.0,16.0, 16.0,16.0,,4.0,6.0,1.1523,,13.8423,nSat,1368.1609361764358,15419.5231355751
