Name,Min,1%,5%,50%,95%,99%,Max,,90% Range,98% Range,StdDev,,Mean,Units,Skewness,Kurtosis
Local Clock Frequency Offset,8.7031,8.9002,8.9587,9.1401,9.3122, 9.3598,9.432,,0.3535,0.4596,0.1142,,9.1373,ppm,493096.61994084815,38968610.779601805
Local Clock Time Offset,-19.366,-2.294,-0.604,0.018,0.609, 1.97,11.863,,1.213,4.264,0.6434,,-0.0001,µs,-6.556426681402074,92.08024451650363
Local RMS Frequency Jitter,0.608,1.048,1.27,2.319,9.762, 18.594,63.061,,8.492,17.546,3.5538,,3.5601,ppb,4.308370178983293,33.831136145824075
Local RMS Time Jitter,0.086,0.167,0.203,0.358,1.229, 2.091,8.251,,1.026,1.924,0.41,,0.4907,µs,5.163489911244459,44.63048218487069
Server Jitter SHM(0),0.187,0.3347,0.5081,1.341,3.2538, 5.006,8.1043,,2.7456,4.6713,0.9111,,1.542,ms,4.271663395727085,16.789102630542317
Server Jitter SHM(1),0.029,0.09,0.131,0.324,1.846, 3.635,17.737,,1.715,3.545,0.7429,,0.5516,µs,4.868325931574237,54.35895887863976
Server Offset SHM(0),10.2899,11.8581,12.8281,18.1779,22.9809, 24.4659,27.5219,,10.1528,12.6078,3.2729,,17.8868,ms,102.40613210265931,518.9454129562405
Server Offset SHM(1),-19.367,-2.295,-0.605,0.019,0.61, 1.971,11.864,,1.215,4.266,0.6439,,-0.0,µs,-6.551250921007535,91.88053001504457
TDOP,0.67,0.69,0.78,1.19,3.09, 11.54,197.55,,2.31,10.85,12.6909,,2.3754, ,12.12507397673462,187.42668798445416
Temp ZONE0,48.5,49.05,50.15,52.35,58.4, 58.95,59.5,,8.25,9.9,2.8018,,53.4203,°C,5951.278920259137,108527.3931773545
nSats,11.0,11.0,12.0,14.0,16.0, 16.0,16.0,,4.0,5.0,1.1778,,13.917,nSat,1297.524271829667,14382.398702384507
