Name,Min,1%,5%,50%,95%,99%,Max,,90% Range,98% Range,StdDev,,Mean,Units,Skewness,Kurtosis
Local Clock Frequency Offset,8.786,8.8589,8.946,9.2172,9.3245, 9.3555,9.421,,0.3784,0.4966,0.1125,,9.1866,ppm,525141.1462352838,42380440.30876901
Local Clock Time Offset,-13.756,-2.317,-0.479,0.006,0.536, 1.921,7.927,,1.015,4.238,0.6014,,-0.0,µs,-6.479408567891281,77.30915107053194
Local RMS Frequency Jitter,0.47,0.779,0.981,1.921,9.613, 17.831,43.448,,8.632,17.052,3.437,,3.2089,ppb,3.3998570243456627,21.5078206312961
Local RMS Time Jitter,0.074,0.127,0.162,0.304,1.238, 1.952,5.819,,1.076,1.825,0.398,,0.4448,µs,4.039321256250749,28.00105152996834
Server Jitter SHM(0),0.1544,0.3414,0.4914,1.2703,3.1109, 5.0856,7.6426,,2.6195,4.7442,0.9088,,1.4717,ms,4.201613628227112,17.613693773330453
Server Jitter SHM(1),0.015,0.059,0.093,0.243,1.788, 3.629,12.923,,1.695,3.57,0.7172,,0.4762,µs,3.887115631545287,35.39776911815705
Server Offset SHM(0),10.3075,11.6695,12.571,17.6374,22.968, 24.5693,27.0393,,10.397,12.8998,3.337,,17.6145,ms,91.25105939660901,448.521633651006
Server Offset SHM(1),-13.757,-2.318,-0.48,0.007,0.537, 1.922,7.928,,1.017,4.24,0.6019,,-0.0,µs,-6.474755660908847,77.15897463693706
TDOP,0.68,0.69,0.74,1.03,3.8, 13.97,28.27,,3.06,13.28,2.6744,,1.7, ,5.616098571955207,48.10623430530068
Temp ZONE0,48.5,49.05,49.6,53.45,55.1, 55.65,56.2,,5.5,6.6,1.7476,,53.0369,°C,25368.07517811781,747056.8958949443
nSats,10.0,11.0,12.0,14.0,16.0, 16.0,16.0,,4.0,5.0,1.1684,,13.9959,nSat,1355.8819766905426,15238.857487908532
