Name,Min,1%,5%,50%,95%,99%,Max,,90% Range,98% Range,StdDev,,Mean,Units,Skewness,Kurtosis
Local Clock Frequency Offset,8.8076,8.9341,9.0101,9.0584,9.1013, 9.119,9.1691,,0.0911,0.185,0.0311,,9.0557,ppm,24327694.85627929,7049282255.601588
Local Clock Time Offset,-22.88,-2.052,-0.511,0.014,0.537, 1.787,10.977,,1.048,3.839,0.5957,,0.0001,µs,-7.208767251255988,135.0001470838767
Local RMS Frequency Jitter,0.416,0.722,0.92,1.911,8.381, 18.333,66.281,,7.461,17.611,3.4774,,3.0983,ppb,4.343588781509102,38.70347117107672
Local RMS Time Jitter,0.064,0.116,0.147,0.298,1.093, 2.156,10.802,,0.946,2.04,0.4273,,0.4303,µs,5.873875477327484,71.0831252438506
Server Jitter SHM(0),0.1682,0.3716,0.5845,1.4449,3.3055, 5.1594,7.7458,,2.7209,4.7878,0.9139,,1.6396,ms,4.796067358191206,19.280236374922666
Server Jitter SHM(1),0.021,0.062,0.094,0.256,1.603, 3.586,21.632,,1.509,3.524,0.715,,0.4731,µs,5.284020031809046,70.25541499937177
Server Offset SHM(0),11.8683,13.0497,13.9098,19.3208,24.0501, 25.3999,27.622,,10.1403,12.3501,3.2623,,18.8959,ms,124.44837940172013,667.4841875914044
Server Offset SHM(1),-22.881,-2.053,-0.512,0.015,0.538, 1.788,10.978,,1.05,3.841,0.5961,,0.0002,µs,-7.20220192620468,134.687159722277
TDOP,0.59,0.64,0.79,1.5,13.12, 89.82,231.4,,12.33,89.18,19.2126,,5.2953, ,6.460876566292706,71.8571386435259
Temp ZONE0,53.45,53.45,54.0,56.2,58.95, 60.6,61.15,,4.95,7.15,1.3942,,56.3346,°C,61315.12338380122,2421001.8581802407
nSats,9.0,10.0,11.0,13.0,15.0, 16.0,16.0,,4.0,6.0,1.2702,,13.4232,nSat,904.1587536966116,8916.935192997798
