Name,Min,1%,5%,50%,95%,99%,Max,,90% Range,98% Range,StdDev,,Mean,Units,Skewness,Kurtosis
Local Clock Frequency Offset,8.2482,8.3631,8.4025,8.4665,8.4839, 8.4963,8.5318,,0.0814,0.1332,0.0262,,8.4576,ppm,33414229.090134867,10762592835.564566
Local Clock Time Offset,-13.638,-2.065,-0.365,0.006,0.536, 1.592,6.089,,0.901,3.657,0.5653,,-0.0003,µs,-7.246887900886251,86.74265817495055
Local RMS Frequency Jitter,0.182,0.478,0.628,1.412,8.279, 18.728,37.74,,7.651,18.25,3.4302,,2.7872,ppb,2.8357710937069074,16.12243177170317
Local RMS Time Jitter,0.028,0.076,0.104,0.226,1.151, 2.283,5.73,,1.047,2.207,0.4306,,0.3908,µs,3.2124759359699024,19.70465745562729
Server Jitter SHM(0),0.1428,0.4117,0.6251,1.521,3.7449, 5.6352,8.918,,3.1199,5.2234,1.0169,,1.7577,ms,4.382145661704102,16.483043035978874
Server Jitter SHM(1),0.011,0.039,0.061,0.167,1.671, 3.678,13.628,,1.61,3.639,0.7049,,0.4011,µs,3.5063644805334557,30.883373709261427
Server Offset SHM(0),10.4841,12.5109,13.4858,18.2824,23.2259, 24.3609,26.5589,,9.7401,11.8501,3.0977,,18.0783,ms,127.67759340441046,690.699116702257
Server Offset SHM(1),-13.639,-2.066,-0.366,0.007,0.537, 1.593,6.09,,0.903,3.659,0.5657,,-0.0002,µs,-7.2412060148695305,86.5839998796301
TDOP,0.68,0.69,0.77,1.18,10.14, 56.8,111.05,,9.37,56.11,10.0249,,3.6606, ,5.1286084955014655,50.10224433557903
Temp ZONE0,51.8,52.9,54.0,56.75,58.95, 59.5,60.05,,4.95,6.6,1.5371,,56.585,°C,46043.63785223236,1652814.9746005812
nSats,5.0,5.0,5.0,13.0,15.0, 15.0,15.0,,10.0,10.0,2.7496,,11.9542,nSat,46.066138331291356,177.2097454810817
