Name,Min,1%,5%,50%,95%,99%,Max,,90% Range,98% Range,StdDev,,Mean,Units,Skewness,Kurtosis
Local Clock Frequency Offset,7.4096,7.5334,7.601,7.7124,7.9041, 7.9355,7.9923,,0.3031,0.4021,0.0893,,7.7314,ppm,627728.8089964889,53762787.58617411
Local Clock Time Offset,-18.0,-2.212,-0.399,0.003,0.596, 1.684,8.04,,0.995,3.896,0.5923,,-0.0001,µs,-8.211448496089515,124.61850464553783
Local RMS Frequency Jitter,0.311,0.563,0.75,1.702,8.926, 18.623,49.776,,8.176,18.06,3.5198,,3.0091,ppb,3.35275696266939,22.432634061497094
Local RMS Time Jitter,0.049,0.087,0.117,0.265,1.236, 2.176,9.368,,1.119,2.089,0.4548,,0.4277,µs,4.209810349583259,38.288967230292016
Server Jitter SHM(0),0.1745,0.5372,0.7721,1.6722,3.677, 5.0244,10.0984,,2.9049,4.4872,0.9345,,1.876,ms,5.673158905894885,21.50763067298386
Server Jitter SHM(1),0.014,0.049,0.074,0.207,1.645, 3.59,18.013,,1.571,3.541,0.7221,,0.4343,µs,4.440925851473351,49.82294564171555
Server Offset SHM(0),-26.2814,-22.7232,-19.9699,-9.3459,3.9168, 7.1881,11.151,,23.8867,29.9113,6.7155,,-8.747,ms,-18.8742157901093,60.609543203042975
Server Offset SHM(1),-18.001,-2.213,-0.4,0.004,0.597, 1.685,8.041,,0.997,3.898,0.5927,,-0.0001,µs,-8.203841741270498,124.36359967844623
Temp ZONE0,49.05,49.6,50.15,52.35,56.75, 58.4,61.15,,6.6,8.8,2.0879,,52.8106,°C,14411.353913250017,351947.00268468057
