Name,Min,1%,5%,50%,95%,99%,Max,,90% Range,98% Range,StdDev,,Mean,Units,Skewness,Kurtosis
Local Clock Frequency Offset,8.4526,8.6165,8.6536,8.7241,8.8071, 8.8209,8.8733,,0.1535,0.2045,0.0472,,8.7293,ppm,6229435.809818856,1146279694.225612
Local Clock Time Offset,-13.875,-1.957,-0.519,0.007,0.597, 1.757,7.208,,1.116,3.714,0.573,,0.0003,µs,-5.9693350502197555,67.09044746019416
Local RMS Frequency Jitter,0.305,0.669,0.872,1.841,8.094, 17.999,38.982,,7.222,17.33,3.2688,,3.0631,ppb,3.319303518870557,19.236980936357103
Local RMS Time Jitter,0.053,0.107,0.142,0.28,1.006, 2.087,5.839,,0.864,1.98,0.3799,,0.4079,µs,4.319363062888675,30.936485460131266
Server Jitter SHM(0),0.1657,0.3425,0.5488,1.412,3.5822, 5.2578,8.572,,3.0335,4.9153,0.985,,1.6401,ms,4.182411638419491,16.289537408244765
Server Jitter SHM(1),0.02,0.06,0.089,0.242,1.651, 3.459,13.508,,1.562,3.399,0.6752,,0.4667,µs,3.8579878144067883,33.77461444965094
Server Offset SHM(0),8.197,11.1841,13.3033,18.5703,23.8224, 25.0091,26.8533,,10.5191,13.825,3.3161,,18.5469,ms,110.57303531525685,572.1562191743134
Server Offset SHM(1),-13.876,-1.958,-0.52,0.008,0.598, 1.758,7.209,,1.118,3.716,0.5734,,0.0003,µs,-5.96517269887863,66.94962196277551
TDOP,0.69,0.69,0.76,1.67,17.37, 63.6,141.39,,16.61,62.91,12.7276,,4.9527, ,5.252564705610076,52.61785650487946
Temp ZONE0,50.7,51.8,52.9,54.55,56.2, 57.85,58.4,,3.3,6.05,1.1892,,54.4861,°C,90147.18312446281,4046104.5784378746
nSats,11.0,11.0,12.0,14.0,15.0, 16.0,16.0,,3.0,5.0,1.1101,,13.5726,nSat,1448.3569686101034,16630.181601197044
