Name,Min,1%,5%,50%,95%,99%,Max,,90% Range,98% Range,StdDev,,Mean,Units,Skewness,Kurtosis
Local Clock Frequency Offset,7.5782,7.6737,7.715,7.9765,8.1333, 8.1849,8.2367,,0.4183,0.5112,0.1164,,7.9681,ppm,307342.12381859263,20749978.415767204
Local Clock Time Offset,-13.456,-2.142,-0.399,0.0,0.503, 1.814,6.696,,0.902,3.956,0.5591,,0.0,µs,-6.196314798642617,74.04716045900723
Local RMS Frequency Jitter,0.353,0.521,0.683,1.618,8.703, 17.466,39.205,,8.02,16.945,3.2935,,2.874,ppb,2.9821277609552954,17.298930346597768
Local RMS Time Jitter,0.055,0.081,0.106,0.24,1.055, 1.925,5.471,,0.949,1.844,0.3854,,0.3799,µs,3.5860626159525713,24.427178530961857
Server Jitter SHM(0),0.1644,0.3634,0.5391,1.4178,3.4565, 5.2892,7.6939,,2.9174,4.9258,0.9626,,1.6376,ms,4.272188133764778,16.23139925608366
Server Jitter SHM(1),0.009,0.037,0.056,0.176,1.683, 3.41,12.944,,1.627,3.373,0.6828,,0.4117,µs,3.316339797090212,28.86671061656653
Server Offset SHM(0),12.1065,13.3283,14.0938,19.0855,24.2257, 25.5046,27.5605,,10.132,12.1763,3.2717,,18.8737,ms,122.88888378348544,658.1515899230767
Server Offset SHM(1),-13.457,-2.143,-0.4,-0.0,0.504, 1.815,6.697,,0.904,3.958,0.5595,,0.0,µs,-6.192356258777945,73.90825865405357
TDOP,0.6,0.65,0.76,1.1,7.36, 29.77,57.06,,6.6,29.12,5.835,,2.6242, ,4.823787733401469,40.72433447661808
Temp ZONE0,47.4,47.95,49.6,52.35,57.85, 58.95,60.05,,8.25,11.0,2.251,,52.544,°C,11220.369161503699,252253.0058660491
nSats,9.0,11.0,11.0,14.0,16.0, 16.0,16.0,,5.0,5.0,1.321,,13.7386,nSat,858.4711077582442,8325.95852185907
