Name,Min,1%,5%,50%,95%,99%,Max,,90% Range,98% Range,StdDev,,Mean,Units,Skewness,Kurtosis
Local Clock Frequency Offset,6.9737,7.1244,7.4987,7.594,7.6778, 7.7318,7.8028,,0.1791,0.6074,0.092,,7.5822,ppm,539959.6727568152,43981802.2994898
Local Clock Time Offset,-15.202,-2.283,-0.412,0.004,0.591, 1.693,6.402,,1.003,3.976,0.5942,,-0.0004,µs,-7.9775575545751485,110.08470361351303
Local RMS Frequency Jitter,0.369,0.574,0.754,1.76,8.89, 18.682,42.025,,8.136,18.108,3.5133,,3.0393,ppb,3.244307087504858,19.84393428712625
Local RMS Time Jitter,0.056,0.093,0.123,0.282,1.258, 2.278,6.618,,1.135,2.185,0.4482,,0.4416,µs,3.6358474902419267,25.193520995958398
Server Jitter SHM(0),0.2364,0.7369,1.0857,2.9633,9.9743, 12.7988,17.5579,,8.8887,12.0619,2.8416,,4.005,ms,2.5379156016418656,7.129458671575814
Server Jitter SHM(1),0.019,0.049,0.074,0.211,1.659, 3.564,15.216,,1.585,3.515,0.7259,,0.4423,µs,4.210252307822506,42.662784958355196
Server Offset SHM(0),-46.754,-41.2045,-37.6001,-28.4942,-13.2405, -4.4954,0.3776,,24.3596,36.709,7.674,,-27.0856,ms,-105.81262886815692,534.6681369931069
Server Offset SHM(1),-15.203,-2.284,-0.413,0.005,0.592, 1.694,6.403,,1.005,3.978,0.5946,,-0.0004,µs,-7.9704711461339395,109.86622266314893
Temp ZONE0,47.4,47.95,50.7,53.45,55.1, 56.2,56.75,,4.4,8.25,1.4438,,53.1328,°C,45988.369344616054,1650110.1266022585
