Name,Min,1%,5%,50%,95%,99%,Max,,90% Range,98% Range,StdDev,,Mean,Units,Skewness,Kurtosis
Local Clock Frequency Offset,8.2212,8.3476,8.3805,8.4379,8.4785, 8.5084,8.5592,,0.098,0.1608,0.0311,,8.4346,ppm,19720348.928678714,5328005521.764211
Local Clock Time Offset,-19.199,-2.049,-0.364,0.002,0.528, 1.722,6.436,,0.892,3.771,0.5829,,-0.0001,µs,-7.7261806667612944,113.65010734710084
Local RMS Frequency Jitter,0.2,0.462,0.625,1.409,8.419, 19.341,53.07,,7.794,18.879,3.586,,2.8118,ppb,3.0456123179088372,19.586244094384732
Local RMS Time Jitter,0.029,0.072,0.101,0.228,1.136, 2.341,8.426,,1.035,2.269,0.4456,,0.3912,µs,3.7256757004854015,29.690202840111606
Server Jitter SHM(0),0.1759,0.3741,0.592,1.4442,3.8128, 5.8878,9.2968,,3.2207,5.5138,1.0659,,1.7117,ms,4.074013959519368,15.961563538146795
Server Jitter SHM(1),0.011,0.038,0.059,0.171,1.68, 3.834,19.238,,1.621,3.796,0.7288,,0.404,µs,3.9604486224563145,42.118058295120214
Server Offset SHM(0),9.252,12.0128,13.2455,18.5194,23.9852, 25.6438,27.3342,,10.7397,13.631,3.4159,,18.4215,ms,98.03848781330312,491.82454299668075
Server Offset SHM(1),-19.2,-2.05,-0.365,0.003,0.529, 1.723,6.437,,0.894,3.773,0.5833,,-0.0,µs,-7.7199384264676585,113.43792961280256
TDOP,0.64,0.71,0.78,1.79,10.67, 58.4,139.9,,9.89,57.69,11.3739,,4.078, ,6.474988489047814,72.86308171174758
Temp ZONE0,52.35,52.35,53.45,55.1,56.2, 58.95,60.6,,2.75,6.6,1.1147,,54.809,°C,111917.45216071334,5398203.615857766
nSats,5.0,5.0,5.0,14.0,16.0, 16.0,16.0,,11.0,11.0,3.9732,,11.8375,nSat,12.771569928768958,33.72738672640036
