Name,Min,1%,5%,50%,95%,99%,Max,,90% Range,98% Range,StdDev,,Mean,Units,Skewness,Kurtosis
Local Clock Frequency Offset,8.2978,8.4184,8.4525,8.5674,8.6178, 8.6464,8.6858,,0.1653,0.228,0.0432,,8.5582,ppm,7649104.020707369,1507195461.831471
Local Clock Time Offset,-13.431,-2.179,-0.391,0.009,0.522, 1.577,6.404,,0.913,3.756,0.5561,,-0.0001,µs,-6.8975927818231755,75.5171471224404
Local RMS Frequency Jitter,0.334,0.562,0.73,1.498,8.324, 18.144,37.186,,7.594,17.582,3.3071,,2.8226,ppb,2.9041855576478635,16.076407268933387
Local RMS Time Jitter,0.049,0.084,0.114,0.239,1.146, 2.162,5.556,,1.032,2.078,0.4118,,0.3955,µs,3.273245030253148,19.88073121578556
Server Jitter SHM(0),0.1479,0.3812,0.6115,1.5676,3.7015, 5.6471,7.6567,,3.09,5.2659,1.0169,,1.7967,ms,4.4539567753464535,16.241614267367346
Server Jitter SHM(1),0.016,0.046,0.069,0.187,1.647, 3.568,13.498,,1.578,3.522,0.6837,,0.4118,µs,3.4687330101311216,29.204818462016316
Server Offset SHM(0),11.2149,13.5916,14.3734,19.1297,23.889, 24.8932,26.9106,,9.5155,11.3016,3.0557,,18.9538,ms,156.5011098440904,898.2214911892677
Server Offset SHM(1),-13.432,-2.18,-0.392,0.01,0.523, 1.578,6.405,,0.915,3.758,0.5565,,-0.0,µs,-6.8921122303925655,75.37219560571697
TDOP,0.59,0.59,0.7,1.28,21.61, 42.16,50.13,,20.91,41.57,7.0468,,3.3538, ,2.54669611435454,15.048466899916455
Temp ZONE0,51.8,52.35,53.45,57.85,59.5, 60.05,60.6,,6.05,7.7,1.8861,,57.3688,°C,25544.18497694517,753941.5368729577
nSats,5.0,5.0,5.0,13.0,15.0, 15.0,16.0,,10.0,10.0,2.9326,,12.2958,nSat,40.5596440962752,149.40620110654524
