Name,Min,1%,5%,50%,95%,99%,Max,,90% Range,98% Range,StdDev,,Mean,Units,Skewness,Kurtosis
Local Clock Frequency Offset,8.1774,8.3147,8.3926,8.7658,9.011, 9.0313,9.1139,,0.6184,0.7166,0.2007,,8.7539,ppm,77507.856309812,3308253.8286783486
Local Clock Time Offset,-13.631,-2.149,-0.419,0.002,0.528, 1.87,7.413,,0.947,4.019,0.5689,,0.0005,µs,-5.935950566050133,75.5067998464588
Local RMS Frequency Jitter,0.339,0.634,0.815,1.706,8.375, 18.116,39.008,,7.56,17.482,3.335,,2.9434,ppb,3.28755190365384,19.824331833749092
Local RMS Time Jitter,0.049,0.094,0.126,0.258,1.067, 1.995,5.45,,0.941,1.901,0.3827,,0.3936,µs,3.9001341161087764,27.24314364541635
Server Jitter SHM(0),0.1586,0.3227,0.4796,1.3758,3.3024, 5.2801,7.7023,,2.8228,4.9575,0.9469,,1.5769,ms,4.131184644929138,16.255823170255233
Server Jitter SHM(1),0.021,0.049,0.076,0.21,1.605, 3.449,13.197,,1.529,3.4,0.6795,,0.4286,µs,3.956523645713679,36.84558678878543
Server Offset SHM(0),11.6357,12.6534,13.7467,18.4717,23.3187, 24.5379,26.8629,,9.5719,11.8845,3.0889,,18.3492,ms,135.44719357218108,745.1332918708425
Server Offset SHM(1),-13.632,-2.15,-0.42,0.003,0.529, 1.871,7.414,,0.949,4.021,0.5694,,0.0005,µs,-5.932122001376012,75.35320136868953
TDOP,0.7,0.71,0.76,1.11,3.55, 20.34,73.74,,2.79,19.63,6.2159,,2.2024, ,7.322123042835155,78.56218824779866
Temp ZONE0,45.75,46.85,47.95,51.25,55.1, 55.65,57.3,,7.15,8.8,2.4276,,51.6311,°C,8386.700820603573,171213.7226658538
nSats,9.0,9.0,12.0,14.0,15.0, 16.0,16.0,,3.0,7.0,1.2651,,13.5477,nSat,943.7021576313167,9430.924747477822
