Name,Min,1%,5%,50%,95%,99%,Max,,90% Range,98% Range,StdDev,,Mean,Units,Skewness,Kurtosis
Local Clock Frequency Offset,8.987,9.1358,9.1583,9.2424,9.2719, 9.2904,9.3562,,0.1135,0.1546,0.0362,,9.229,ppm,16393862.79434855,4164745420.887611
Local Clock Time Offset,-18.85,-2.086,-0.898,0.043,0.704, 1.787,10.396,,1.602,3.873,0.6908,,-0.0001,µs,-6.6908704700014034,91.67484466311853
Local RMS Frequency Jitter,0.769,1.505,1.821,3.163,8.741, 19.847,55.441,,6.92,18.342,3.5133,,4.1024,ppb,5.670405676415529,45.73092366837543
Local RMS Time Jitter,0.126,0.23,0.281,0.474,1.158, 2.43,8.212,,0.877,2.2,0.44,,0.5815,µs,7.047713671156802,68.28210619654253
Server Jitter SHM(0),0.1282,0.2958,0.4651,1.3197,3.4014, 5.4158,8.2436,,2.9363,5.12,0.9812,,1.5385,ms,3.8843602331314995,15.357219599505482
Server Jitter SHM(1),0.036,0.121,0.18,0.478,1.702, 3.787,17.567,,1.522,3.666,0.7454,,0.6656,µs,6.072131270020465,69.24739934975699
Server Offset SHM(0),10.7769,12.255,13.2042,18.5809,22.912, 24.2585,25.5572,,9.7078,12.0036,3.1949,,18.0588,ms,114.6027048617524,599.1655326966292
Server Offset SHM(1),-18.851,-2.087,-0.899,0.044,0.705, 1.788,10.397,,1.604,3.875,0.6914,,0.0,µs,-6.684925396476443,91.45925767269841
TDOP,0.66,0.67,0.7,0.97,4.2, 12.66,176.17,,3.5,11.99,11.4109,,2.3051, ,11.859894391377038,181.71608842184537
Temp ZONE0,53.45,53.45,54.0,56.2,58.95, 60.05,60.6,,4.95,6.6,1.5774,,56.3329,°C,41935.50234480994,1459385.5293260086
nSats,5.0,10.0,11.0,14.0,16.0, 16.0,16.0,,5.0,6.0,1.511,,13.7583,nSat,555.1729944034815,4667.099255641524
