Name,Min,1%,5%,50%,95%,99%,Max,,90% Range,98% Range,StdDev,,Mean,Units,Skewness,Kurtosis
Local Clock Frequency Offset,9.0394,9.1458,9.2018,9.2371,9.2666, 9.2794,9.3191,,0.0648,0.1336,0.0231,,9.236,ppm,63297019.45828198,25226081172.32954
Local Clock Time Offset,-17.279,-2.123,-0.686,0.026,0.621, 1.714,7.186,,1.307,3.837,0.6144,,-0.0001,µs,-6.270181516984922,76.12709700940391
Local RMS Frequency Jitter,0.748,1.19,1.453,2.571,8.509, 18.384,48.569,,7.056,17.194,3.1988,,3.5843,ppb,4.5534397989117235,31.07407515789978
Local RMS Time Jitter,0.103,0.181,0.222,0.394,1.116, 2.124,7.42,,0.894,1.943,0.3814,,0.5032,µs,5.820705489699081,51.45064706707545
Server Jitter SHM(0),0.1343,0.3126,0.4639,1.3208,3.5571, 5.4554,7.3326,,3.0932,5.1428,0.9991,,1.5559,ms,3.73598803514615,14.022408680258387
Server Jitter SHM(1),0.035,0.102,0.151,0.38,1.637, 3.574,16.845,,1.486,3.472,0.677,,0.5727,µs,5.001007234482732,50.17040656664554
Server Offset SHM(0),10.6869,13.3123,14.1605,18.7183,23.5575, 24.792,27.0254,,9.397,11.4797,3.0577,,18.5801,ms,146.14952637913643,822.6558245403073
Server Offset SHM(1),-17.28,-2.124,-0.687,0.027,0.622, 1.715,7.187,,1.309,3.839,0.6149,,-0.0,µs,-6.264828219795561,75.93936787730236
TDOP,0.67,0.69,0.74,1.02,14.61, 62.05,139.52,,13.87,61.36,11.4465,,3.8415, ,6.070830156569391,69.52192874301363
Temp ZONE0,54.0,55.65,55.65,57.85,60.6, 62.8,62.8,,4.95,7.15,1.4966,,57.9783,°C,53872.56437006596,2037587.4214592138
nSats,10.0,10.0,11.0,14.0,15.0, 16.0,16.0,,4.0,6.0,1.3453,,13.4167,nSat,749.1447167700328,6958.408101820642
