Name,Min,1%,5%,50%,95%,99%,Max,,90% Range,98% Range,StdDev,,Mean,Units,Skewness,Kurtosis
Local Clock Frequency Offset,8.7759,9.0903,9.1133,9.1521,9.1745, 9.1862,9.2293,,0.0613,0.0959,0.0206,,9.1485,ppm,86860110.40012805,38467879369.225494
Local Clock Time Offset,-36.355,-2.092,-0.48,0.011,0.521, 1.729,16.386,,1.001,3.821,0.6185,,-0.0002,µs,-10.552450421028265,413.0403658652573
Local RMS Frequency Jitter,0.332,0.68,0.882,1.836,8.379, 18.145,101.975,,7.497,17.465,3.7441,,3.0593,ppb,6.604605240167869,105.98415243026406
Local RMS Time Jitter,0.053,0.106,0.144,0.288,1.101, 2.034,17.271,,0.957,1.928,0.4661,,0.4252,µs,9.751900361155538,218.9505530149955
Server Jitter SHM(0),0.1901,0.3572,0.5552,1.4743,3.4266, 5.1768,7.6634,,2.8715,4.8196,0.9383,,1.6581,ms,4.50742837502135,17.067241404287394
Server Jitter SHM(1),0.011,0.054,0.085,0.236,1.601, 3.528,35.152,,1.516,3.474,0.7663,,0.4593,µs,8.386725217018277,206.90769889932446
Server Offset SHM(0),9.688,12.1051,13.3337,18.4841,23.0641, 24.3353,26.9274,,9.7304,12.2303,3.1748,,18.0972,ms,117.93406935216655,622.4035908329009
Server Offset SHM(1),-36.356,-2.093,-0.481,0.012,0.522, 1.73,16.387,,1.003,3.823,0.6189,,-0.0001,µs,-10.54024971321645,412.0715518359213
TDOP,0.66,0.67,0.72,1.24,16.36, 64.54,215.28,,15.64,63.87,18.1555,,4.9848, ,5.949876016967077,66.38692033255363
Temp ZONE0,54.55,54.55,55.65,57.3,58.4, 60.05,62.8,,2.75,5.5,1.1285,,57.0923,°C,122102.42581521401,6062613.7412858205
nSats,9.0,10.0,12.0,14.0,16.0, 16.0,17.0,,4.0,6.0,1.3248,,13.5726,nSat,817.5912056547716,7809.356558116604
