Name,Min,1%,5%,50%,95%,99%,Max,,90% Range,98% Range,StdDev,,Mean,Units,Skewness,Kurtosis
Local Clock Frequency Offset,7.6244,7.7834,7.8822,7.9899,8.2008, 8.2226,8.2856,,0.3186,0.4392,0.0935,,8.0107,ppm,607505.9431886337,51466212.52078272
Local Clock Time Offset,-10.462,-2.199,-0.397,0.0,0.482, 1.819,6.909,,0.879,4.018,0.549,,0.0001,µs,-5.8097129193180015,60.34792143835935
Local RMS Frequency Jitter,0.305,0.525,0.677,1.593,8.719, 17.091,33.49,,8.042,16.566,3.2143,,2.844,ppb,2.732749961949378,14.122274196636903
Local RMS Time Jitter,0.044,0.081,0.104,0.238,1.052, 1.884,4.8,,0.948,1.803,0.3681,,0.3771,µs,3.1419451226434365,18.05626418715764
Server Jitter SHM(0),0.1606,0.3497,0.5446,1.3214,3.3143, 5.4397,8.7958,,2.7697,5.0899,0.9433,,1.5446,ms,4.4101992945633555,18.8852130778818
Server Jitter SHM(1),0.009,0.037,0.055,0.174,1.688, 3.345,10.453,,1.633,3.308,0.6686,,0.4061,µs,3.0580175375279746,23.70569485462334
Server Offset SHM(0),11.8768,13.0442,13.9004,19.1835,24.083, 25.2516,26.3217,,10.1826,12.2074,3.1952,,19.0045,ms,135.961738543512,748.0869498321549
Server Offset SHM(1),-10.463,-2.2,-0.398,0.001,0.483, 1.82,6.91,,0.881,4.02,0.5494,,0.0001,µs,-5.806453614869849,60.24144103631524
TDOP,0.67,0.7,0.8,1.31,12.75, 61.89,120.67,,11.95,61.19,11.1299,,4.4809, ,4.892606434565217,46.88041884105206
Temp ZONE0,49.05,49.6,50.15,51.8,55.1, 57.3,57.85,,4.95,7.7,1.5183,,52.1423,°C,37166.93913932016,1242688.5975623787
nSats,5.0,9.0,11.0,13.0,15.0, 16.0,16.0,,4.0,7.0,1.5451,,13.1784,nSat,448.56985155490617,3533.403416351719
