Name,Min,1%,5%,50%,95%,99%,Max,,90% Range,98% Range,StdDev,,Mean,Units,Skewness,Kurtosis
Local Clock Frequency Offset,8.2523,8.3532,8.3894,8.5054,8.5573, 8.5962,8.6406,,0.168,0.243,0.0503,,8.4955,ppm,4747381.889675573,797938477.8094763
Local Clock Time Offset,-12.578,-2.215,-0.375,0.003,0.587, 1.7,6.955,,0.962,3.915,0.5858,,0.0005,µs,-6.586983318727255,76.4093464872215
Local RMS Frequency Jitter,0.249,0.509,0.659,1.477,8.503, 19.134,36.937,,7.844,18.625,3.537,,2.9096,ppb,2.87333328278153,16.401141428442884
Local RMS Time Jitter,0.037,0.081,0.112,0.239,1.145, 2.315,5.482,,1.033,2.234,0.4321,,0.4034,µs,3.2904431473639772,20.02097172219405
Server Jitter SHM(0),0.1858,0.3682,0.5618,1.496,3.6333, 5.6116,9.0274,,3.0715,5.2434,1.0173,,1.7248,ms,4.341627528408327,17.308769084461137
Server Jitter SHM(1),0.017,0.042,0.063,0.177,1.741, 3.804,12.579,,1.678,3.762,0.7236,,0.4178,µs,3.4702723605310166,30.01794848220588
Server Offset SHM(0),9.3065,12.4095,13.7559,18.996,23.9215, 25.1339,26.7088,,10.1656,12.7244,3.2873,,18.6434,ms,115.94561438997155,609.0529929494901
Server Offset SHM(1),-12.579,-2.216,-0.375,0.004,0.588, 1.701,6.956,,0.963,3.917,0.5862,,0.0005,µs,-6.582632574485216,76.27748708718613
TDOP,0.62,0.63,0.76,1.07,6.62, 23.58,43.89,,5.86,22.95,4.2607,,2.4635, ,4.923775490752687,41.49270584474741
Temp ZONE0,50.15,50.7,51.8,54.0,55.1, 55.65,56.2,,3.3,4.95,1.0329,,53.7685,°C,133229.74116814134,6809716.31220341
nSats,5.0,5.0,5.0,14.0,15.0, 16.0,16.0,,10.0,11.0,3.0228,,12.6458,nSat,40.03780179319798,145.73763453296354
