Name,Min,1%,5%,50%,95%,99%,Max,,90% Range,98% Range,StdDev,,Mean,Units,Skewness,Kurtosis
Local Clock Frequency Offset,7.6244,7.783,7.8524,7.9702,8.2006, 8.2227,8.2856,,0.3482,0.4397,0.0948,,7.987,ppm,577278.0450547296,48080981.36494774
Local Clock Time Offset,-11.104,-2.178,-0.402,0.0,0.495, 1.825,6.25,,0.897,4.003,0.5533,,-0.0001,µs,-5.979348037124461,64.58756267628071
Local RMS Frequency Jitter,0.273,0.507,0.653,1.602,8.769, 17.33,33.49,,8.116,16.823,3.2629,,2.8396,ppb,2.8307900227694254,15.377048996901717
Local RMS Time Jitter,0.049,0.08,0.102,0.24,1.059, 1.938,4.57,,0.957,1.858,0.3743,,0.3768,µs,3.1970414914801415,18.500694101245998
Server Jitter SHM(0),0.1606,0.3626,0.5459,1.4205,3.4112, 5.3258,8.3939,,2.8653,4.9632,0.9575,,1.6459,ms,4.345940392248232,16.658278253485285
Server Jitter SHM(1),0.011,0.036,0.054,0.173,1.657, 3.385,10.766,,1.603,3.349,0.6745,,0.4074,µs,3.182508213437796,25.712712659644883
Server Offset SHM(0),9.6934,12.2576,13.2932,18.5963,23.7471, 25.186,26.3992,,10.4539,12.9284,3.3114,,18.427,ms,108.82677638995611,561.6228981475482
Server Offset SHM(1),-11.105,-2.179,-0.403,0.0,0.496, 1.826,6.251,,0.899,4.005,0.5537,,-0.0001,µs,-5.975832065213313,64.47334246399807
TDOP,0.64,0.67,0.74,1.12,6.09, 57.72,79.0,,5.35,57.05,7.8414,,2.7075, ,5.2175721945720825,45.60722484472619
Temp ZONE0,49.6,49.6,50.15,51.8,55.65, 57.3,57.85,,5.5,7.7,1.5627,,52.2102,°C,34142.52183557075,1109836.1700829968
nSats,9.0,10.0,11.0,13.0,15.0, 15.0,15.0,,4.0,5.0,1.169,,13.3417,nSat,1159.4741107900127,12378.622642750432
