Name,Min,1%,5%,50%,95%,99%,Max,,90% Range,98% Range,StdDev,,Mean,Units,Skewness,Kurtosis
Local Clock Frequency Offset,8.8734,8.9455,9.0105,9.2195,9.2857, 9.3135,9.3783,,0.2751,0.368,0.0903,,9.1877,ppm,1022052.8723386095,102971182.86257009
Local Clock Time Offset,-16.912,-2.252,-0.602,0.019,0.604, 1.935,11.734,,1.206,4.187,0.6177,,-0.0003,µs,-6.0276787699453696,73.26813402149543
Local RMS Frequency Jitter,0.597,0.949,1.189,2.281,9.695, 17.315,59.565,,8.506,16.366,3.366,,3.4636,ppb,4.0487804366657,30.93074203409439
Local RMS Time Jitter,0.092,0.153,0.19,0.349,1.234, 1.967,7.96,,1.044,1.814,0.3877,,0.4761,µs,4.776263441583782,40.36051248468503
Server Jitter SHM(0),0.1963,0.3481,0.5644,1.3691,3.1207, 5.0152,8.58,,2.5563,4.6671,0.8786,,1.5597,ms,4.865768238794788,20.759521393395424
Server Jitter SHM(1),0.032,0.081,0.123,0.317,1.786, 3.564,16.912,,1.663,3.483,0.7059,,0.5389,µs,4.436231557085019,46.032595827479874
Server Offset SHM(0),11.0248,12.6947,13.9841,18.6324,24.1248, 25.327,28.1347,,10.1407,12.6323,3.2954,,18.9004,ms,120.45422591953644,640.5904028425557
Server Offset SHM(1),-16.913,-2.253,-0.603,0.02,0.605, 1.936,11.735,,1.208,4.189,0.6182,,-0.0002,µs,-6.0233648287823875,73.1088332564095
TDOP,0.62,0.64,0.69,1.04,6.28, 18.92,69.59,,5.59,18.28,5.309,,2.2217, ,7.972000169821785,95.88355890938817
Temp ZONE0,49.05,50.15,51.25,54.0,56.2, 57.3,57.85,,4.95,7.15,1.7123,,53.9656,°C,28512.09211794023,872865.2556820961
nSats,4.0,9.0,11.0,14.0,15.0, 16.0,16.0,,4.0,7.0,1.4324,,13.3808,nSat,602.9496097235324,5192.233756106196
