Name,Min,1%,5%,50%,95%,99%,Max,,90% Range,98% Range,StdDev,,Mean,Units,Skewness,Kurtosis
Local Clock Frequency Offset,8.7626,8.9203,9.0326,9.1662,9.258, 9.2796,9.3343,,0.2254,0.3593,0.0696,,9.159,ppm,2224420.183713076,290406360.51828927
Local Clock Time Offset,-21.075,-2.203,-0.58,0.016,0.594, 2.013,11.099,,1.174,4.216,0.6629,,-0.0005,µs,-6.959191570155838,122.04592249883244
Local RMS Frequency Jitter,0.618,0.981,1.207,2.256,9.592, 19.524,60.282,,8.385,18.543,3.8029,,3.5202,ppb,4.73500735347028,40.85040832004885
Local RMS Time Jitter,0.088,0.158,0.191,0.345,1.238, 2.28,9.808,,1.047,2.122,0.4654,,0.4882,µs,5.948456044543865,62.60345167690299
Server Jitter SHM(0),0.158,0.3864,0.5532,1.4123,3.3102, 5.1139,8.6298,,2.757,4.7275,0.9043,,1.5972,ms,4.58536387684082,18.12241936908325
Server Jitter SHM(1),0.029,0.083,0.122,0.315,1.777, 3.788,19.848,,1.655,3.705,0.7839,,0.5448,µs,5.508319962657672,68.38095874366029
Server Offset SHM(0),11.2406,12.646,13.7034,18.909,23.4873, 24.7069,27.6514,,9.7839,12.0608,3.1608,,18.571,ms,130.47767758651926,708.9500441367345
Server Offset SHM(1),-21.076,-2.204,-0.581,0.017,0.595, 2.014,11.1,,1.176,4.218,0.6633,,-0.0004,µs,-6.9536158168874245,121.78950061543483
TDOP,0.63,0.64,0.73,0.94,5.11, 29.6,200.29,,4.38,28.96,13.5409,,2.7351, ,10.418225386412573,154.03563624663113
Temp ZONE0,49.05,50.15,51.25,54.0,55.65, 56.2,57.3,,4.4,6.05,1.2579,,53.6677,°C,72450.58804297647,3023751.6066986104
nSats,4.0,9.0,11.0,13.0,15.0, 16.0,16.0,,4.0,7.0,1.4312,,13.3771,nSat,605.0121195128407,5232.0764925094445
