Name,Min,1%,5%,50%,95%,99%,Max,,90% Range,98% Range,StdDev,,Mean,Units,Skewness,Kurtosis
Local Clock Frequency Offset,7.5782,7.6737,7.715,7.9765,8.1236, 8.1816,8.2156,,0.4086,0.5079,0.1147,,7.9669,ppm,320762.17590640817,21966470.872615393
Local Clock Time Offset,-12.505,-2.16,-0.416,0.0,0.525, 1.813,5.915,,0.941,3.973,0.558,,-0.0001,µs,-6.1012952247539385,68.4785421844556
Local RMS Frequency Jitter,0.353,0.551,0.711,1.666,8.741, 17.136,35.466,,8.03,16.585,3.2467,,2.9142,ppb,2.9179847902694322,16.296719523868997
Local RMS Time Jitter,0.055,0.084,0.109,0.245,1.056, 1.867,5.471,,0.947,1.783,0.3733,,0.3818,µs,3.4504045107889576,22.22374679832194
Server Jitter SHM(0),0.1644,0.3716,0.5439,1.4451,3.4925, 5.3552,8.0201,,2.9487,4.9836,0.9719,,1.6592,ms,4.353517454560059,17.00338696026671
Server Jitter SHM(1),0.009,0.038,0.057,0.181,1.715, 3.319,12.336,,1.658,3.281,0.6771,,0.4185,µs,3.1787597484639587,26.47348936757043
Server Offset SHM(0),11.0373,12.7729,13.8501,18.6683,24.0038, 25.4035,27.5605,,10.1538,12.6306,3.2507,,18.6125,ms,119.86213937411011,637.6638199463304
Server Offset SHM(1),-12.506,-2.161,-0.417,0.0,0.526, 1.814,5.916,,0.943,3.975,0.5584,,-0.0001,µs,-6.097449694605011,68.34994236635842
TDOP,0.65,0.7,0.77,1.24,7.94, 49.68,57.32,,7.17,48.98,6.8102,,3.0088, ,4.3144945641766785,32.85769069035113
Temp ZONE0,47.4,47.95,49.6,52.35,57.85, 58.95,60.05,,8.25,11.0,2.3218,,52.6695,°C,10263.090811678629,224022.6695652367
nSats,9.0,11.0,12.0,14.0,16.0, 16.0,16.0,,4.0,5.0,1.3018,,13.7718,nSat,907.2655180355573,8959.49968666961
