Name,Min,1%,5%,50%,95%,99%,Max,,90% Range,98% Range,StdDev,,Mean,Units,Skewness,Kurtosis
Local Clock Frequency Offset,8.3418,8.4312,8.4523,8.4999,8.5446, 8.5713,8.6067,,0.0923,0.1401,0.0292,,8.4957,ppm,24475235.52503806,7106342738.254226
Local Clock Time Offset,-11.36,-2.118,-0.37,0.006,0.535, 1.591,6.293,,0.905,3.709,0.5688,,-0.0001,µs,-7.179615942282108,85.34195153584129
Local RMS Frequency Jitter,0.237,0.481,0.642,1.43,8.353, 18.605,33.678,,7.711,18.124,3.4444,,2.8128,ppb,2.8677156894801454,16.350025083759604
Local RMS Time Jitter,0.037,0.075,0.103,0.231,1.136, 2.248,5.569,,1.033,2.173,0.4289,,0.3914,µs,3.3405177437071076,21.0420709163109
Server Jitter SHM(0),0.2248,0.387,0.5872,1.4973,3.8028, 5.6535,10.0437,,3.2157,5.2665,1.0474,,1.7562,ms,4.278320389859098,16.854736477107974
Server Jitter SHM(1),0.013,0.038,0.06,0.17,1.684, 3.71,11.352,,1.624,3.672,0.7087,,0.4043,µs,3.4917191889758974,30.138779325238517
Server Offset SHM(0),8.7484,12.3845,13.8114,18.565,23.7851, 25.2166,27.533,,9.9737,12.8321,3.2392,,18.5128,ms,119.01838941037822,630.6093964153191
Server Offset SHM(1),-11.361,-2.119,-0.371,0.007,0.536, 1.592,6.294,,0.907,3.711,0.5692,,-0.0001,µs,-7.1740459740297,85.18731706663814
TDOP,0.66,0.7,0.73,1.21,3.84, 9.3,14.58,,3.11,8.6,1.6521,,1.6377, ,4.41272840107394,26.344535374849315
Temp ZONE0,52.9,54.0,54.55,57.3,59.5, 60.05,60.05,,4.95,6.05,1.6332,,56.8869,°C,38824.03111438328,1316903.189315214
nSats,5.0,5.0,5.0,13.0,15.0, 16.0,16.0,,10.0,11.0,2.839,,12.5851,nSat,49.14708135744596,192.38206991608044
