Name,Min,1%,5%,50%,95%,99%,Max,,90% Range,98% Range,StdDev,,Mean,Units,Skewness,Kurtosis
Local Clock Frequency Offset,8.6267,8.7919,8.8096,8.8775,8.9229, 8.9624,9.0193,,0.1133,0.1705,0.0369,,8.8738,ppm,13778108.576574152,3303197658.5364327
Local Clock Time Offset,-22.867,-1.957,-0.535,0.009,0.59, 1.737,11.599,,1.125,3.694,0.5941,,-0.0,µs,-6.962889804622884,139.39160675064377
Local RMS Frequency Jitter,0.352,0.749,0.977,1.931,8.188, 17.943,68.536,,7.211,17.194,3.4207,,3.1418,ppb,4.5074286799289895,42.90308358317566
Local RMS Time Jitter,0.064,0.121,0.157,0.3,1.009, 2.071,10.422,,0.852,1.95,0.401,,0.423,µs,6.252902672634867,80.40570069228943
Server Jitter SHM(0),0.1602,0.3209,0.5251,1.3954,3.4072, 5.2331,7.4473,,2.882,4.9122,0.9337,,1.6024,ms,4.324612216970214,16.370737425428338
Server Jitter SHM(1),0.02,0.066,0.099,0.266,1.639, 3.373,21.628,,1.54,3.307,0.7008,,0.4833,µs,5.552912980835474,80.54114255019132
Server Offset SHM(0),11.7451,13.0383,13.7607,18.8297,23.6445, 25.0101,26.5365,,9.8839,11.9718,3.1893,,18.6136,ms,127.65828362242618,690.0159432034494
Server Offset SHM(1),-22.868,-1.958,-0.536,0.01,0.591, 1.738,11.6,,1.127,3.696,0.5945,,0.0,µs,-6.956573970341761,139.05014726416982
TDOP,0.68,0.69,0.74,0.99,5.96, 16.51,60.89,,5.22,15.82,4.5256,,2.0361, ,8.015143337210684,101.25273641139377
Temp ZONE0,51.25,52.35,52.35,54.0,55.1, 56.2,56.2,,2.75,3.85,0.879,,53.9772,°C,220597.59767696765,13336411.247423979
nSats,9.0,10.0,12.0,14.0,16.0, 16.0,16.0,,4.0,6.0,1.3542,,13.8174,nSat,806.7691827088032,7671.935904616242
