Name,Min,1%,5%,50%,95%,99%,Max,,90% Range,98% Range,StdDev,,Mean,Units,Skewness,Kurtosis
Local Clock Frequency Offset,8.8824,9.0604,9.1067,9.2435,9.3381, 9.3726,9.5007,,0.2313,0.3122,0.0756,,9.2318,ppm,1773634.7913047883,214722727.36960086
Local Clock Time Offset,-20.702,-2.399,-0.513,0.005,0.582, 2.008,9.776,,1.095,4.407,0.6336,,0.0004,µs,-6.664590791398161,94.09400206956461
Local RMS Frequency Jitter,0.456,0.796,0.996,2.001,9.817, 19.04,58.22,,8.821,18.244,3.6504,,3.3479,ppb,3.6840776816789145,26.7735163474275
Local RMS Time Jitter,0.067,0.126,0.161,0.309,1.245, 2.072,8.761,,1.084,1.946,0.4235,,0.4548,µs,4.603936379182116,41.09620008955685
Server Jitter SHM(0),0.1597,0.3128,0.4838,1.3193,3.0875, 4.9699,9.1234,,2.6037,4.6572,0.8989,,1.5032,ms,4.540828924491066,20.52950267424762
Server Jitter SHM(1),0.021,0.062,0.096,0.252,1.859, 3.744,20.164,,1.763,3.682,0.7562,,0.4979,µs,4.219134342429538,45.965661218184536
Server Offset SHM(0),10.9299,12.2592,14.216,19.2439,24.0524, 25.4691,28.3499,,9.8364,13.2099,3.2567,,18.9124,ms,125.54301315676159,675.2333428369842
Server Offset SHM(1),-20.703,-2.4,-0.514,0.006,0.583, 2.009,9.777,,1.097,4.409,0.634,,0.0004,µs,-6.659795102340899,93.90893878192236
TDOP,0.67,0.68,0.73,1.01,8.54, 62.59,119.96,,7.81,61.91,10.6763,,3.22, ,5.419483157890785,54.773496674712774
Temp ZONE0,50.15,50.7,51.25,52.9,55.1, 55.65,57.3,,3.85,4.95,1.1662,,53.081,°C,88355.09573583753,3939255.400805758
nSats,9.0,10.0,11.0,13.0,15.0, 16.0,16.0,,4.0,6.0,1.3716,,13.2542,nSat,675.9632159728272,6077.056549057598
