Name,Min,1%,5%,50%,95%,99%,Max,,90% Range,98% Range,StdDev,,Mean,Units,Skewness,Kurtosis
Local Clock Frequency Offset,7.0825,7.1674,7.2079,7.3584,7.6638, 7.6959,7.7615,,0.4559,0.5285,0.1376,,7.3869,ppm,146410.21933267402,7722286.583325828
Local Clock Time Offset,-17.296,-2.143,-0.412,0.002,0.567, 1.736,7.825,,0.979,3.879,0.5938,,0.0001,µs,-7.345384554821005,104.85900444401369
Local RMS Frequency Jitter,0.315,0.605,0.791,1.742,8.863, 19.172,47.82,,8.072,18.567,3.5249,,3.0209,ppb,3.381409724303656,21.354006107393786
Local RMS Time Jitter,0.039,0.092,0.123,0.272,1.217, 2.234,9.019,,1.094,2.142,0.4414,,0.427,µs,4.0908975295263685,34.69342436064667
Server Jitter SHM(0),0.4311,0.8665,1.2073,3.0644,9.3535, 16.8599,58.0086,,8.1462,15.9934,3.4654,,4.0151,ms,5.574227310634555,58.5312753978573
Server Jitter SHM(1),0.01,0.05,0.078,0.217,1.615, 3.693,17.248,,1.537,3.643,0.7196,,0.4387,µs,4.342220629202022,44.4616968196255
Server Offset SHM(0),-39.4863,-20.2419,-6.1337,6.0476,17.069, 51.757,61.2309,,23.2027,71.9989,9.1937,,6.369,ms,0.4125428882795014,12.578122113702312
Server Offset SHM(1),-17.297,-2.144,-0.413,0.003,0.568, 1.737,7.826,,0.981,3.881,0.5942,,0.0001,µs,-7.33929967051085,104.6486048081879
Temp ZONE0,47.4,47.95,47.95,50.15,55.65, 58.95,60.05,,7.7,11.0,2.2863,,50.881,°C,9667.850703311136,206934.9921229739
