Name,Min,1%,5%,50%,95%,99%,Max,,90% Range,98% Range,StdDev,,Mean,Units,Skewness,Kurtosis
Local Clock Frequency Offset,7.9992,8.1332,8.1699,8.5202,8.6189, 8.6916,8.7255,,0.4489,0.5583,0.1517,,8.4604,ppm,164584.96527767507,9025473.796982493
Local Clock Time Offset,-13.856,-2.177,-0.38,0.003,0.55, 1.673,7.965,,0.93,3.85,0.5766,,-0.0002,µs,-6.571048179931375,77.84761020227018
Local RMS Frequency Jitter,0.304,0.526,0.685,1.482,8.514, 19.054,38.316,,7.829,18.528,3.473,,2.8735,ppb,2.8221401055100506,15.487048914737237
Local RMS Time Jitter,0.049,0.084,0.112,0.237,1.172, 2.241,5.723,,1.06,2.157,0.4233,,0.3999,µs,3.1764171524240403,18.828986444672662
Server Jitter SHM(0),0.2271,0.382,0.5863,1.455,3.4004, 5.2553,7.9361,,2.8141,4.8734,0.9244,,1.6517,ms,4.650517469315796,18.00938200697898
Server Jitter SHM(1),0.016,0.044,0.067,0.18,1.675, 3.723,13.819,,1.608,3.679,0.707,,0.4129,µs,3.487389535985261,29.827338280031437
Server Offset SHM(0),9.9142,12.6372,13.7779,18.7806,24.0754, 25.3505,27.8104,,10.2975,12.7132,3.257,,18.8476,ms,124.069981948058,665.1159865236926
Server Offset SHM(1),-13.857,-2.178,-0.381,0.004,0.551, 1.674,7.966,,0.932,3.852,0.577,,-0.0002,µs,-6.566551966156859,77.70763730307638
TDOP,0.67,0.67,0.74,1.01,3.64, 15.34,77.02,,2.9,14.67,5.4405,,1.8727, ,9.485273051576003,127.09195505429028
Temp ZONE0,48.5,48.5,49.05,52.35,55.65, 56.2,57.3,,6.6,7.7,2.2301,,52.3797,°C,11438.987363250764,258753.70747524063
nSats,5.0,5.0,5.0,14.0,15.0, 16.0,16.0,,10.0,11.0,3.2476,,12.6017,nSat,30.997498418566327,104.9441160672892
