Name,Min,1%,5%,50%,95%,99%,Max,,90% Range,98% Range,StdDev,,Mean,Units,Skewness,Kurtosis
Local Clock Frequency Offset,8.3909,8.4944,8.5354,8.667,8.7061, 8.7382,8.7924,,0.1706,0.2438,0.0591,,8.6431,ppm,3070709.5568483328,446367430.0242438
Local Clock Time Offset,-11.322,-1.779,-0.479,0.006,0.536, 1.713,6.606,,1.015,3.492,0.5505,,0.0003,µs,-5.607695813505156,63.28251449287079
Local RMS Frequency Jitter,0.307,0.614,0.813,1.677,7.82, 17.92,33.915,,7.007,17.306,3.2019,,2.8761,ppb,3.3184530964328425,19.14409457473209
Local RMS Time Jitter,0.053,0.097,0.129,0.258,0.943, 2.073,5.056,,0.814,1.976,0.3635,,0.38,µs,4.121019584105193,26.69144065237847
Server Jitter SHM(0),0.1416,0.3572,0.5233,1.4201,3.5156, 5.271,7.9832,,2.9923,4.9138,0.9634,,1.6367,ms,4.232708509641618,16.155549513792657
Server Jitter SHM(1),0.021,0.052,0.08,0.222,1.552, 3.406,10.932,,1.472,3.354,0.6563,,0.4349,µs,3.8931448916020233,33.06620787167307
Server Offset SHM(0),10.6503,12.6368,13.5813,18.7693,24.2222, 25.3525,30.2253,,10.641,12.7157,3.3714,,18.7276,ms,108.2515479612707,558.6421391050698
Server Offset SHM(1),-11.323,-1.78,-0.48,0.007,0.537, 1.714,6.607,,1.017,3.494,0.5509,,0.0004,µs,-5.604192121189726,63.15161366036161
TDOP,0.59,0.64,0.71,0.96,3.56, 7.85,10.41,,2.85,7.21,1.2486,,1.374, ,4.367265031339347,24.546450596558778
Temp ZONE0,50.7,51.25,52.35,54.55,56.2, 56.75,56.75,,3.85,5.5,1.3114,,54.1068,°C,65366.88739357757,2636378.3342225924
nSats,9.0,10.0,11.0,14.0,16.0, 16.0,16.0,,5.0,6.0,1.4002,,13.5165,nSat,673.6256543499644,6048.009604905563
