Name,Min,1%,5%,50%,95%,99%,Max,,90% Range,98% Range,StdDev,,Mean,Units,Skewness,Kurtosis
Local Clock Frequency Offset,8.6303,8.7883,8.8035,8.8771,9.0072, 9.0522,9.1216,,0.2037,0.2639,0.0654,,8.8927,ppm,2457688.5447521564,331703778.44306153
Local Clock Time Offset,-13.109,-2.068,-0.472,0.007,0.521, 1.808,9.997,,0.993,3.876,0.5902,,0.0002,µs,-6.702916434359397,93.89872998598626
Local RMS Frequency Jitter,0.412,0.656,0.867,1.83,8.281, 19.237,47.072,,7.414,18.581,3.4782,,3.0321,ppb,3.6059918048396855,22.87567928686061
Local RMS Time Jitter,0.066,0.104,0.138,0.284,1.073, 2.194,8.676,,0.935,2.09,0.4147,,0.4163,µs,4.780534328746099,42.607610829075945
Server Jitter SHM(0),0.1742,0.3334,0.5024,1.3775,3.3224, 5.346,8.6251,,2.8199,5.0125,0.9367,,1.584,ms,4.438462218065515,18.268642622062632
Server Jitter SHM(1),0.015,0.053,0.084,0.234,1.57, 3.621,13.831,,1.486,3.568,0.7106,,0.4523,µs,4.500854712778609,44.27272263953791
Server Offset SHM(0),11.6611,12.8709,13.7115,18.4787,23.5962, 24.9359,27.8015,,9.8847,12.065,3.1952,,18.4352,ms,122.92997985952532,658.1597410113859
Server Offset SHM(1),-13.11,-2.069,-0.473,0.008,0.522, 1.809,9.998,,0.995,3.878,0.5906,,0.0002,µs,-6.697674159644941,93.70687906306226
TDOP,0.66,0.69,0.77,1.36,8.6, 21.12,161.01,,7.83,20.43,10.7185,,3.0762, ,10.893761819792836,160.94883784816875
Temp ZONE0,50.15,50.7,51.25,53.45,58.4, 59.5,61.7,,7.15,8.8,2.0308,,53.8927,°C,16731.58829160609,429324.4842972787
nSats,9.0,10.0,12.0,13.0,15.0, 16.0,16.0,,3.0,6.0,1.2336,,13.3485,nSat,976.4406251644094,9872.557035514332
