Name,Min,1%,5%,50%,95%,99%,Max,,90% Range,98% Range,StdDev,,Mean,Units,Skewness,Kurtosis
Local Clock Frequency Offset,8.7838,9.0541,9.0696,9.1154,9.1516, 9.1638,9.2072,,0.0819,0.1097,0.0272,,9.1143,ppm,37414120.7930068,12513778816.601093
Local Clock Time Offset,-28.581,-2.154,-0.524,0.014,0.553, 1.761,16.5,,1.077,3.915,0.6215,,-0.0002,µs,-7.8398072037676565,222.47994025260235
Local RMS Frequency Jitter,0.445,0.75,0.971,1.945,8.445, 18.494,89.884,,7.474,17.744,3.6795,,3.1737,ppb,5.65824637846049,73.72753192835226
Local RMS Time Jitter,0.068,0.12,0.156,0.305,1.112, 2.119,12.854,,0.956,1.999,0.4489,,0.441,µs,7.270325197931941,113.83550029319174
Server Jitter SHM(0),0.1703,0.3584,0.5207,1.3926,3.4122, 5.202,7.8612,,2.8914,4.8436,0.9415,,1.5989,ms,4.322731125988136,16.77201986854125
Server Jitter SHM(1),0.018,0.063,0.097,0.264,1.639, 3.62,26.943,,1.542,3.557,0.7522,,0.4857,µs,6.98525100336595,133.70268494114853
Server Offset SHM(0),11.5528,13.0378,13.9114,18.9427,23.8825, 24.9288,27.0279,,9.971,11.8911,3.2037,,18.87,ms,131.604113971604,717.2495022091598
Server Offset SHM(1),-28.582,-2.155,-0.525,0.015,0.554, 1.762,16.501,,1.079,3.917,0.622,,-0.0001,µs,-7.832354243853101,221.9572309855015
TDOP,0.6,0.65,0.74,1.28,9.81, 30.52,45.54,,9.07,29.87,5.1875,,2.8061, ,3.6076396871442244,24.587286237486524
Temp ZONE0,54.0,54.0,54.55,56.75,58.4, 58.95,59.5,,3.85,4.95,1.2103,,56.5437,°C,95689.67633199444,4380957.610940533
nSats,10.0,10.0,12.0,14.0,16.0, 16.0,16.0,,4.0,6.0,1.2738,,13.7292,nSat,963.8409441370865,9700.99233515673
