Name,Min,1%,5%,50%,95%,99%,Max,,90% Range,98% Range,StdDev,,Mean,Units,Skewness,Kurtosis
Local Clock Frequency Offset,8.3609,8.4507,8.519,8.5902,8.6948, 8.711,8.7661,,0.1758,0.2603,0.0606,,8.6033,ppm,2804545.2532663383,395542937.31344527
Local Clock Time Offset,-12.307,-1.864,-0.479,0.007,0.539, 1.699,8.917,,1.018,3.563,0.5505,,0.0001,µs,-5.865312103080355,69.65304378964831
Local RMS Frequency Jitter,0.307,0.624,0.824,1.725,7.851, 17.516,36.808,,7.027,16.892,3.1705,,2.9104,ppb,3.332674525670276,19.545306864557503
Local RMS Time Jitter,0.058,0.099,0.129,0.262,0.973, 1.964,4.82,,0.844,1.865,0.3568,,0.3839,µs,4.010209726057739,25.98141247952948
Server Jitter SHM(0),0.1697,0.4189,0.6283,1.5138,3.4581, 5.141,8.3293,,2.8298,4.7221,0.9395,,1.7117,ms,4.761585194608695,18.034973150274812
Server Jitter SHM(1),0.013,0.052,0.079,0.224,1.575, 3.276,12.031,,1.496,3.224,0.6541,,0.438,µs,3.907002441633755,34.64866049147567
Server Offset SHM(0),9.9951,12.7651,13.8598,18.6875,23.8493, 25.326,27.6559,,9.9894,12.5609,3.1748,,18.6644,ms,130.85887093776392,713.3060433188506
Server Offset SHM(1),-12.308,-1.865,-0.48,0.008,0.54, 1.7,8.918,,1.02,3.565,0.5509,,0.0001,µs,-5.861255993816707,69.50346740214539
TDOP,0.65,0.68,0.74,1.02,6.9, 15.75,229.0,,6.16,15.07,14.943,,3.0647, ,11.464417250015071,174.67268313425606
Temp ZONE0,51.25,51.25,51.8,53.45,56.2, 56.75,56.75,,4.4,5.5,1.2861,,53.6864,°C,67753.45230097472,2765485.9925484313
nSats,8.0,10.0,11.0,14.0,15.0, 16.0,16.0,,4.0,6.0,1.2738,,13.4132,nSat,893.4119786846868,8771.56873780078
