Name,Min,1%,5%,50%,95%,99%,Max,,90% Range,98% Range,StdDev,,Mean,Units,Skewness,Kurtosis
Local Clock Frequency Offset,8.6758,8.7965,8.9268,9.0007,9.059, 9.0851,9.1375,,0.1322,0.2887,0.0457,,8.9958,ppm,7530713.432628294,1476172772.4506993
Local Clock Time Offset,-10.219,-2.072,-0.505,0.009,0.545, 1.828,9.578,,1.05,3.9,0.5811,,0.0001,µs,-5.807895185483975,65.06273762318618
Local RMS Frequency Jitter,0.464,0.771,0.974,1.929,8.43, 18.715,38.356,,7.456,17.944,3.3151,,3.1068,ppb,3.4292060151936385,19.090104744050812
Local RMS Time Jitter,0.068,0.122,0.155,0.296,1.079, 2.07,4.622,,0.924,1.948,0.3753,,0.4228,µs,3.9606929415969776,23.494799502053606
Server Jitter SHM(0),0.1478,0.3286,0.5253,1.44,3.3182, 5.3024,7.7898,,2.7929,4.9738,0.9276,,1.6286,ms,4.525781846053564,17.90550831174186
Server Jitter SHM(1),0.019,0.065,0.099,0.26,1.612, 3.656,12.264,,1.513,3.591,0.6838,,0.4733,µs,4.009882273897962,33.2963914584887
Server Offset SHM(0),9.7005,11.9095,13.5462,18.5059,23.9288, 25.2637,28.3753,,10.3826,13.3541,3.2711,,18.6004,ms,116.99503873990314,616.6676820126015
Server Offset SHM(1),-10.22,-2.073,-0.506,0.01,0.546, 1.829,9.579,,1.052,3.902,0.5816,,0.0002,µs,-5.804117160127349,64.9305952164313
TDOP,0.63,0.66,0.72,1.22,8.28, 29.49,58.49,,7.56,28.83,5.2908,,2.7587, ,5.087128706116839,47.856669394433965
Temp ZONE0,50.7,52.35,52.9,54.55,56.2, 57.85,57.85,,3.3,5.5,1.1105,,54.5249,°C,111424.02277463647,5366398.440493374
nSats,11.0,11.0,12.0,14.0,15.0, 16.0,16.0,,3.0,5.0,1.2109,,13.5602,nSat,1091.2244228757816,11441.272280635865
