Name,Min,1%,5%,50%,95%,99%,Max,,90% Range,98% Range,StdDev,,Mean,Units,Skewness,Kurtosis
Local Clock Frequency Offset,8.7608,8.8382,8.9402,9.0399,9.0922, 9.1096,9.1581,,0.152,0.2714,0.0479,,9.0337,ppm,6613826.844994334,1241541921.0393033
Local Clock Time Offset,-14.379,-2.041,-0.49,0.011,0.51, 1.755,8.51,,1.0,3.796,0.5695,,0.0001,µs,-6.556708498198199,85.80108594324822
Local RMS Frequency Jitter,0.395,0.718,0.938,1.867,8.185, 17.621,51.158,,7.247,16.903,3.2827,,3.0086,ppb,3.9389520821353594,28.48224666865247
Local RMS Time Jitter,0.043,0.114,0.149,0.292,1.046, 2.041,9.867,,0.897,1.927,0.3911,,0.4154,µs,5.506798767680279,62.37974774191003
Server Jitter SHM(0),0.2057,0.3583,0.5403,1.4669,3.3854, 5.4639,8.4017,,2.8451,5.1056,0.9643,,1.6672,ms,4.489098980095817,18.123304504828884
Server Jitter SHM(1),0.017,0.059,0.093,0.249,1.558, 3.447,14.021,,1.465,3.388,0.6773,,0.4577,µs,4.559579015715275,46.516599601931965
Server Offset SHM(0),11.481,12.783,13.8648,19.0409,24.066, 25.5204,26.6716,,10.2012,12.7374,3.2478,,18.8264,ms,124.80219079866865,670.3550304095033
Server Offset SHM(1),-14.38,-2.042,-0.491,0.012,0.511, 1.756,8.511,,1.002,3.798,0.57,,0.0001,µs,-6.551312198051619,85.60987852023925
TDOP,0.64,0.67,0.75,1.14,16.34, 58.89,124.67,,15.59,58.22,11.0021,,3.953, ,5.563663524054023,57.145084684588305
Temp ZONE0,51.8,52.35,54.0,57.3,60.05, 62.25,62.8,,6.05,9.9,1.9315,,57.0969,°C,23384.58815654306,670343.7075695953
nSats,8.0,10.0,12.0,14.0,16.0, 16.0,16.0,,4.0,6.0,1.4351,,13.722,nSat,652.8235938733949,5802.160958942442
