Name,Min,1%,5%,50%,95%,99%,Max,,90% Range,98% Range,StdDev,,Mean,Units,Skewness,Kurtosis
Local Clock Frequency Offset,8.9067,9.055,9.1087,9.2456,9.2962, 9.3392,9.4309,,0.1875,0.2842,0.0567,,9.2316,ppm,4231561.241063745,684489944.2157086
Local Clock Time Offset,-13.738,-2.377,-0.507,0.006,0.602, 1.985,9.168,,1.109,4.362,0.6222,,-0.0002,µs,-6.459137468086023,76.51854883599044
Local RMS Frequency Jitter,0.432,0.797,0.99,2.017,9.913, 18.518,42.426,,8.923,17.721,3.5392,,3.337,ppb,3.2968917771207202,19.560314833342147
Local RMS Time Jitter,0.069,0.127,0.161,0.314,1.256, 2.007,6.703,,1.095,1.88,0.4079,,0.4548,µs,4.062704346373815,28.32699384328027
Server Jitter SHM(0),0.1756,0.3393,0.4799,1.2874,3.2997, 5.2382,8.9169,,2.8198,4.8989,0.9539,,1.5089,ms,3.9811976608691486,16.083720834193112
Server Jitter SHM(1),0.02,0.06,0.094,0.255,1.85, 3.754,13.158,,1.756,3.694,0.742,,0.4985,µs,3.791504810250083,33.602483169457535
Server Offset SHM(0),7.3472,10.4975,11.9085,17.1106,22.1211, 23.8032,27.4727,,10.2127,13.3057,3.279,,17.0443,ms,86.57239607661691,418.3818854187119
Server Offset SHM(1),-13.739,-2.378,-0.508,0.007,0.603, 1.986,9.169,,1.111,4.364,0.6226,,-0.0002,µs,-6.454647505083518,76.3730459938819
TDOP,0.69,0.71,0.73,1.01,9.02, 32.54,35.58,,8.29,31.83,4.8731,,2.5895, ,3.5014095633017317,22.28159555886221
Temp ZONE0,50.7,51.25,51.8,54.0,55.65, 56.2,56.2,,3.85,4.95,1.0753,,53.8785,°C,118573.17083610404,5830047.140717177
nSats,10.0,11.0,11.0,13.0,15.0, 16.0,16.0,,4.0,5.0,1.2189,,13.35,nSat,1015.3787687353001,10399.895687418544
