Name,Min,1%,5%,50%,95%,99%,Max,,90% Range,98% Range,StdDev,,Mean,Units,Skewness,Kurtosis
Local Clock Frequency Offset,8.964,9.0775,9.0951,9.1785,9.2238, 9.2748,9.3036,,0.1287,0.1973,0.0384,,9.1733,ppm,13497117.420435717,3213685089.219118
Local Clock Time Offset,-13.712,-2.241,-0.533,0.014,0.559, 1.869,8.864,,1.092,4.11,0.6082,,-0.0001,µs,-6.145592607411012,69.80491224483853
Local RMS Frequency Jitter,0.498,0.808,1.017,2.057,9.498, 18.531,39.744,,8.481,17.723,3.422,,3.3013,ppb,3.411336838091784,19.783210631677868
Local RMS Time Jitter,0.076,0.128,0.163,0.313,1.232, 2.106,6.886,,1.069,1.978,0.4115,,0.4539,µs,4.21540143700527,30.138893734379245
Server Jitter SHM(0),0.044,0.3522,0.5224,1.392,3.4849, 5.6788,8.9483,,2.9625,5.3266,0.9899,,1.6171,ms,4.203227168468838,16.998090301677305
Server Jitter SHM(1),0.026,0.067,0.099,0.272,1.767, 3.671,13.39,,1.668,3.604,0.7205,,0.5032,µs,3.8132263755020865,32.098554096865335
Server Offset SHM(0),11.4562,12.7093,13.4885,18.6236,23.6469, 24.968,26.6879,,10.1584,12.2587,3.2403,,18.4322,ms,117.18292096528697,618.1272153761524
Server Offset SHM(1),-13.713,-2.242,-0.534,0.015,0.56, 1.87,8.865,,1.094,4.112,0.6086,,-0.0,µs,-6.141358252587772,69.66854476372805
TDOP,0.65,0.69,0.75,1.08,9.93, 35.56,52.62,,9.18,34.87,5.8803,,2.7289, ,3.5962222645790765,26.154024563048367
Temp ZONE0,51.8,52.35,53.45,56.75,58.95, 59.5,60.05,,5.5,7.15,1.9916,,56.3123,°C,20371.54990122257,557846.6073744659
nSats,10.0,10.0,12.0,14.0,15.0, 16.0,16.0,,3.0,6.0,1.1689,,13.6833,nSat,1258.8359277046716,13812.826520101438
