Name,Min,1%,5%,50%,95%,99%,Max,,90% Range,98% Range,StdDev,,Mean,Units,Skewness,Kurtosis
Local Clock Frequency Offset,8.5812,8.6771,8.7393,8.8104,8.9011, 8.923,9.0234,,0.1618,0.2458,0.0515,,8.8158,ppm,4933429.894451667,839901970.4351608
Local Clock Time Offset,-12.629,-1.901,-0.526,0.009,0.6, 1.736,6.123,,1.126,3.637,0.5563,,0.0005,µs,-5.5628718557140315,55.82400591636013
Local RMS Frequency Jitter,0.474,0.74,0.938,1.889,8.144, 17.427,36.105,,7.206,16.687,3.1011,,3.0498,ppb,3.2568012961316364,17.226816952428663
Local RMS Time Jitter,0.07,0.118,0.149,0.287,0.997, 1.958,5.23,,0.848,1.84,0.3454,,0.4039,µs,3.946084780563386,23.140755048890803
Server Jitter SHM(0),0.1494,0.3407,0.5017,1.3488,3.1838, 5.1787,9.1346,,2.6821,4.838,0.9183,,1.5546,ms,4.343547696375236,17.573067939511084
Server Jitter SHM(1),0.024,0.063,0.094,0.255,1.604, 3.285,12.157,,1.51,3.222,0.6414,,0.4657,µs,3.732544014670787,29.751585316702332
Server Offset SHM(0),11.1502,13.3287,14.3006,19.1337,23.4996, 24.8017,26.7919,,9.199,11.473,3.062,,18.7713,ms,150.43735103487285,852.8149078174737
Server Offset SHM(1),-12.63,-1.902,-0.527,0.01,0.601, 1.737,6.124,,1.128,3.639,0.5567,,0.0005,µs,-5.55929414333121,55.704784566118754
TDOP,0.64,0.66,0.71,1.5,21.82, 82.37,129.03,,21.11,81.71,15.8183,,5.5994, ,3.1385383394577513,23.655222376797916
Temp ZONE0,50.7,51.25,51.8,53.45,55.1, 56.2,58.4,,3.3,4.95,1.1138,,53.3929,°C,103540.91953923277,4866494.096300897
nSats,9.0,10.0,12.0,14.0,16.0, 16.0,16.0,,4.0,6.0,1.3377,,13.6929,nSat,814.9903375414547,7770.949592431952
