Name,Min,1%,5%,50%,95%,99%,Max,,90% Range,98% Range,StdDev,,Mean,Units,Skewness,Kurtosis
Local Clock Frequency Offset,8.2033,8.3388,8.3577,8.3841,8.4089, 8.4237,8.464,,0.0512,0.0849,0.0167,,8.3822,ppm,125453399.84903198,62802949363.04906
Local Clock Time Offset,-16.821,-2.187,-0.426,0.009,0.5, 1.543,5.68,,0.926,3.73,0.5572,,-0.0003,µs,-8.101606216030321,112.28401458564386
Local RMS Frequency Jitter,0.36,0.601,0.759,1.681,7.988, 17.762,46.476,,7.229,17.161,3.2715,,2.877,ppb,3.415294843761401,22.113572708211382
Local RMS Time Jitter,0.054,0.093,0.119,0.256,1.089, 2.134,7.149,,0.97,2.041,0.4106,,0.4032,µs,3.9446903713192927,30.752056232428924
Server Jitter SHM(0),0.1649,0.3684,0.5616,1.4604,3.9607, 5.9961,7.5728,,3.3991,5.6278,1.0808,,1.7409,ms,3.965038799465291,14.744994102214092
Server Jitter SHM(1),0.013,0.043,0.066,0.197,1.588, 3.5,16.82,,1.522,3.457,0.6873,,0.4246,µs,4.119235183694799,42.98604086815814
Server Offset SHM(0),10.6809,12.3271,13.5111,18.4839,23.3471, 24.6828,27.0219,,9.836,12.3557,3.1851,,18.3919,ms,123.15879485761491,658.4723581974586
Server Offset SHM(1),-16.822,-2.188,-0.427,0.01,0.501, 1.544,5.681,,0.928,3.732,0.5576,,-0.0002,µs,-8.093768939169575,112.0453585545397
TDOP,0.63,0.66,0.71,1.12,6.87, 34.73,57.58,,6.16,34.07,5.2409,,2.2436, ,5.744559417678651,53.907583175412356
Temp ZONE0,55.65,55.65,56.75,58.4,60.05, 61.15,61.7,,3.3,5.5,1.0709,,58.1365,°C,151468.75792215092,8079901.1809394
nSats,10.0,11.0,12.0,14.0,15.0, 16.0,16.0,,3.0,5.0,1.1423,,13.6083,nSat,1331.8408088180422,14878.962279550307
