Name,Min,1%,5%,50%,95%,99%,Max,,90% Range,98% Range,StdDev,,Mean,Units,Skewness,Kurtosis
Local Clock Frequency Offset,8.9805,9.0891,9.1105,9.1511,9.1835, 9.1908,9.24,,0.073,0.1018,0.0238,,9.1489,ppm,56205227.25991427,21529875587.00732
Local Clock Time Offset,-12.45,-2.049,-0.475,0.013,0.517, 1.69,6.852,,0.992,3.739,0.5557,,-0.0001,µs,-6.501858688924372,72.36463584481236
Local RMS Frequency Jitter,0.405,0.652,0.854,1.824,8.006, 17.512,35.516,,7.152,16.86,3.177,,2.9635,ppb,3.381788075622134,19.631270096097875
Local RMS Time Jitter,0.059,0.102,0.136,0.282,1.072, 1.94,5.198,,0.936,1.838,0.3728,,0.4086,µs,3.9482816580136353,25.928045492974217
Server Jitter SHM(0),0.1801,0.3716,0.5324,1.4174,3.4744, 5.5248,7.8711,,2.942,5.1532,0.9689,,1.6426,ms,4.359622816239119,17.170952581710875
Server Jitter SHM(1),0.017,0.049,0.076,0.222,1.571, 3.518,11.99,,1.495,3.469,0.6669,,0.4399,µs,3.781984311100315,32.10105113756823
Server Offset SHM(0),10.1974,12.3525,13.6105,18.6697,23.3609, 24.7033,28.5299,,9.7505,12.3507,3.145,,18.4165,ms,129.052170067532,699.3262846804031
Server Offset SHM(1),-12.451,-2.05,-0.476,0.014,0.518, 1.691,6.853,,0.994,3.741,0.5561,,-0.0001,µs,-6.496579630507756,72.21171298527726
TDOP,0.63,0.65,0.73,1.09,8.42, 36.8,57.8,,7.69,36.15,6.0886,,2.5894, ,5.1795353563643705,45.362485281081526
Temp ZONE0,54.55,54.55,55.1,57.3,59.5, 59.5,60.05,,4.4,4.95,1.2175,,57.3344,°C,98056.34256408318,4525924.570733743
nSats,9.0,10.0,11.0,13.0,15.0, 16.0,16.0,,4.0,6.0,1.3938,,13.375,nSat,660.5260419390523,5891.538258480648
