Name,Min,1%,5%,50%,95%,99%,Max,,90% Range,98% Range,StdDev,,Mean,Units,Skewness,Kurtosis
Local Clock Frequency Offset,8.7288,8.9096,8.9281,8.9995,9.0801, 9.1033,9.1419,,0.1521,0.1937,0.0439,,9.0026,ppm,8493020.368764887,1732887746.8508482
Local Clock Time Offset,-16.938,-2.131,-0.508,0.009,0.571, 1.784,10.43,,1.079,3.915,0.6059,,-0.0004,µs,-6.877932366757706,112.15721667048449
Local RMS Frequency Jitter,0.367,0.681,0.914,1.917,8.324, 18.657,58.452,,7.41,17.976,3.5482,,3.138,ppb,4.2605697887166265,35.750791291718556
Local RMS Time Jitter,0.05,0.111,0.145,0.294,1.102, 2.151,9.1,,0.957,2.04,0.4236,,0.4303,µs,5.310786720384464,55.62188581507126
Server Jitter SHM(0),0.1777,0.3631,0.5318,1.3638,3.2747, 5.0273,7.7613,,2.7428,4.6642,0.9136,,1.5664,ms,4.391724999319994,17.22589811051827
Server Jitter SHM(1),0.017,0.057,0.088,0.25,1.639, 3.57,15.904,,1.551,3.513,0.7292,,0.474,µs,5.104892273134882,61.3746218489045
Server Offset SHM(0),9.7634,11.274,12.7757,18.0371,23.0933, 24.3674,26.7252,,10.3176,13.0934,3.2719,,17.8883,ms,102.54004085800732,519.8839322606351
Server Offset SHM(1),-16.939,-2.132,-0.509,0.01,0.572, 1.785,10.431,,1.081,3.917,0.6063,,-0.0003,µs,-6.8723608163211845,111.91582292887622
TDOP,0.66,0.66,0.73,1.4,8.21, 93.85,117.9,,7.48,93.19,11.9837,,3.5682, ,5.613260019913919,50.79733231299721
Temp ZONE0,52.35,52.35,53.45,55.1,57.85, 58.95,60.05,,4.4,6.6,1.3395,,55.1229,°C,64850.30973767834,2608763.475881842
nSats,10.0,10.0,12.0,14.0,16.0, 16.0,16.0,,4.0,6.0,1.3241,,13.9708,nSat,899.4054038642836,8852.793787456525
