Name,Min,1%,5%,50%,95%,99%,Max,,90% Range,98% Range,StdDev,,Mean,Units,Skewness,Kurtosis
Local Clock Frequency Offset,7.7676,7.8869,7.9133,8.0575,8.1192, 8.1441,8.203,,0.2059,0.2571,0.0655,,8.0383,ppm,1803445.2290624063,219547648.3974712
Local Clock Time Offset,-11.752,-2.192,-0.422,0.0,0.514, 1.816,7.806,,0.936,4.008,0.5577,,0.0001,µs,-6.113922950758891,68.42310704136965
Local RMS Frequency Jitter,0.258,0.516,0.674,1.668,8.685, 16.953,35.301,,8.011,16.437,3.2575,,2.8988,ppb,2.924393995808388,16.595953380701353
Local RMS Time Jitter,0.039,0.081,0.106,0.245,1.052, 1.93,4.74,,0.946,1.849,0.3805,,0.3826,µs,3.4394391938285382,21.6875856159661
Server Jitter SHM(0),0.1996,0.3351,0.5027,1.4155,3.6388, 5.4122,8.0309,,3.1361,5.077,1.0033,,1.6306,ms,3.926766642528672,14.669883759152075
Server Jitter SHM(1),0.014,0.037,0.055,0.177,1.711, 3.348,11.363,,1.656,3.311,0.6815,,0.4158,µs,3.2849206037712473,28.077752707950836
Server Offset SHM(0),11.0373,12.2846,13.3259,18.3368,23.0696, 24.291,25.9044,,9.7437,12.0064,3.104,,18.0475,ms,126.06608587342893,678.9339898076024
Server Offset SHM(1),-11.753,-2.193,-0.423,0.001,0.515, 1.817,7.807,,0.938,4.01,0.5581,,0.0001,µs,-6.110177313290966,68.29884334032798
TDOP,0.65,0.69,0.78,1.27,9.1, 57.32,94.18,,8.32,56.63,8.5511,,3.0826, ,5.71243610631486,55.03049621771617
Temp ZONE0,50.15,51.25,51.8,54.0,55.65, 56.2,56.75,,3.85,4.95,1.1962,,53.8029,°C,85197.36513710317,3752721.1899846504
nSats,10.0,10.0,11.0,13.0,16.0, 16.0,16.0,,5.0,6.0,1.3127,,13.4583,nSat,819.5620400467554,7836.660511381435
