Name,Min,1%,5%,50%,95%,99%,Max,,90% Range,98% Range,StdDev,,Mean,Units,Skewness,Kurtosis
Local Clock Frequency Offset,8.3418,8.4242,8.4493,8.4832,8.5425, 8.5708,8.6067,,0.0932,0.1466,0.0303,,8.4907,ppm,21729490.392977428,6063786370.795329
Local Clock Time Offset,-11.36,-2.092,-0.375,0.007,0.539, 1.577,6.293,,0.914,3.669,0.562,,-0.0002,µs,-7.164903543932372,83.44691742596835
Local RMS Frequency Jitter,0.285,0.488,0.643,1.425,8.279, 18.487,33.678,,7.636,17.999,3.393,,2.7913,ppb,2.8407357705361584,16.007731947687542
Local RMS Time Jitter,0.044,0.077,0.104,0.231,1.129, 2.209,5.019,,1.025,2.132,0.421,,0.3892,µs,3.2683712528055424,19.931471672063246
Server Jitter SHM(0),0.2248,0.412,0.6203,1.4908,3.8266, 5.6352,10.0437,,3.2063,5.2232,1.0415,,1.7519,ms,4.3255721909586535,17.092355681966662
Server Jitter SHM(1),0.013,0.04,0.061,0.17,1.664, 3.609,11.352,,1.603,3.569,0.6987,,0.4021,µs,3.4625984626632103,29.60272981866229
Server Offset SHM(0),8.7484,12.0973,13.6907,18.4885,23.7703, 25.2096,27.533,,10.0797,13.1123,3.2558,,18.469,ms,116.07279026090482,610.4969724473616
Server Offset SHM(1),-11.361,-2.093,-0.375,0.008,0.54, 1.578,6.294,,0.915,3.671,0.5624,,-0.0001,µs,-7.159251923811375,83.29328726389247
TDOP,0.66,0.7,0.74,1.2,3.84, 9.3,14.58,,3.1,8.6,1.651,,1.6394, ,4.424713633171546,26.42586414996573
Temp ZONE0,52.9,54.0,54.55,57.3,59.5, 60.05,60.05,,4.95,6.05,1.5413,,57.1562,°C,47091.70356015443,1703134.9275945364
nSats,5.0,5.0,5.0,13.0,15.0, 16.0,16.0,,10.0,11.0,2.7961,,12.4855,nSat,50.40180589142638,198.8673278283315
