Name,Min,1%,5%,50%,95%,99%,Max,,90% Range,98% Range,StdDev,,Mean,Units,Skewness,Kurtosis
Local Clock Frequency Offset,7.2131,7.3262,7.4062,7.5941,7.6863, 7.7275,7.8251,,0.2801,0.4013,0.0802,,7.5804,ppm,819277.3958538111,76678269.44371183
Local Clock Time Offset,-15.202,-2.225,-0.406,0.004,0.589, 1.678,6.402,,0.995,3.903,0.5866,,0.0001,µs,-7.703558927501477,105.48034283542982
Local RMS Frequency Jitter,0.253,0.571,0.75,1.713,8.774, 18.62,42.025,,8.024,18.049,3.4712,,2.9974,ppb,3.212498044993953,19.567640678814723
Local RMS Time Jitter,0.034,0.091,0.122,0.274,1.232, 2.236,6.618,,1.11,2.145,0.4368,,0.4316,µs,3.597004682309541,24.733960911968243
Server Jitter SHM(0),0.3719,0.7198,1.0771,4.542,11.0638, 13.685,22.0704,,9.9868,12.9651,3.1861,,4.9021,ms,2.600918455696979,6.9570718120079915
Server Jitter SHM(1),0.019,0.05,0.075,0.207,1.646, 3.532,15.216,,1.571,3.482,0.7158,,0.4364,µs,4.167687278291123,41.91271944980019
Server Offset SHM(0),-52.1733,-46.2334,-40.5908,-22.692,-7.2507, -4.2515,1.8735,,33.3401,41.9819,10.4498,,-23.1523,ms,-43.06285965259694,173.33675981081433
Server Offset SHM(1),-15.203,-2.226,-0.407,0.005,0.59, 1.679,6.403,,0.997,3.905,0.587,,0.0001,µs,-7.696861583926766,105.26951630530928
Temp ZONE0,48.5,49.05,50.15,53.45,55.1, 56.2,56.75,,4.95,7.15,1.432,,53.1045,°C,47090.41855926935,1703050.7860378495
