Name,Min,1%,5%,50%,95%,99%,Max,,90% Range,98% Range,StdDev,,Mean,Units,Skewness,Kurtosis
Local Clock Frequency Offset,8.5573,8.6791,8.696,8.7453,8.8047, 8.8302,8.8598,,0.1087,0.1512,0.0333,,8.7467,ppm,17919931.007661242,4689513591.355516
Local Clock Time Offset,-11.355,-1.906,-0.519,0.009,0.585, 1.736,6.95,,1.104,3.642,0.5638,,0.0002,µs,-6.017659988073189,62.830662192489335
Local RMS Frequency Jitter,0.408,0.697,0.889,1.864,8.184, 17.576,35.402,,7.295,16.879,3.1789,,3.0538,ppb,3.274314374002892,18.20453257621245
Local RMS Time Jitter,0.068,0.111,0.143,0.284,0.988, 2.009,5.07,,0.845,1.898,0.356,,0.404,µs,4.06004929967354,25.197668709523363
Server Jitter SHM(0),0.1448,0.3661,0.55,1.4182,3.3679, 5.5688,8.358,,2.8179,5.2027,0.9687,,1.6275,ms,4.366021403878572,17.600478602625696
Server Jitter SHM(1),0.013,0.06,0.091,0.248,1.63, 3.351,10.961,,1.539,3.291,0.66,,0.4659,µs,3.782693730388421,31.374176887505328
Server Offset SHM(0),12.8446,14.0141,14.834,19.5111,24.0389, 25.0255,27.8244,,9.2049,11.0114,3.07,,19.2664,ms,162.70454960527127,944.3005486774998
Server Offset SHM(1),-11.356,-1.907,-0.52,0.01,0.586, 1.737,6.951,,1.106,3.644,0.5643,,0.0002,µs,-6.013262346246415,62.697840960905175
TDOP,0.65,0.65,0.73,1.05,4.5, 19.5,149.49,,3.77,18.85,9.7839,,2.3234, ,11.465932286352423,173.08046774303176
Temp ZONE0,52.35,52.9,53.45,55.1,56.75, 57.3,57.85,,3.3,4.4,1.0209,,55.0315,°C,148257.35406464958,7852325.402116426
nSats,10.0,10.0,11.0,13.0,15.0, 16.0,16.0,,4.0,6.0,1.2525,,13.2946,nSat,917.3940836420479,9095.855607870022
