Name,Min,1%,5%,50%,95%,99%,Max,,90% Range,98% Range,StdDev,,Mean,Units,Skewness,Kurtosis
Local Clock Frequency Offset,8.8213,8.9293,8.9684,9.1474,9.2294, 9.2535,9.3132,,0.261,0.3242,0.0762,,9.1365,ppm,1681454.3244083684,199974308.85419434
Local Clock Time Offset,-20.654,-2.322,-0.569,0.013,0.605, 1.962,12.736,,1.174,4.284,0.6432,,-0.0003,µs,-6.465706927439775,99.94609206559606
Local RMS Frequency Jitter,0.658,0.947,1.151,2.181,9.711, 19.062,66.98,,8.56,18.115,3.6424,,3.4664,ppb,4.250426195885797,35.27331312686648
Local RMS Time Jitter,0.104,0.148,0.182,0.331,1.21, 2.162,9.33,,1.028,2.014,0.4237,,0.4695,µs,5.25715505899715,52.21483442932037
Server Jitter SHM(0),0.1113,0.3128,0.5042,1.345,3.2105, 5.0669,8.4534,,2.7063,4.7542,0.8961,,1.5327,ms,4.454577804350572,18.394764860064857
Server Jitter SHM(1),0.029,0.08,0.118,0.298,1.826, 3.694,19.19,,1.708,3.614,0.7571,,0.5326,µs,4.931290532260473,59.08990907230258
Server Offset SHM(0),11.9855,13.0112,13.9807,19.2666,24.107, 25.5209,27.8649,,10.1263,12.5097,3.154,,19.0938,ms,144.25700236585914,807.9518104842373
Server Offset SHM(1),-20.655,-2.323,-0.57,0.014,0.606, 1.963,12.737,,1.176,4.286,0.6436,,-0.0002,µs,-6.460976453714098,99.73558930944908
TDOP,0.68,0.7,0.76,1.27,4.38, 13.37,37.13,,3.62,12.67,2.904,,2.0627, ,7.542545244790488,84.55115872865004
Temp ZONE0,50.15,50.7,51.25,54.0,55.65, 56.75,56.75,,4.4,6.05,1.2878,,53.6463,°C,67324.88542471925,2742121.3840344646
nSats,10.0,11.0,11.0,14.0,16.0, 16.0,16.0,,5.0,5.0,1.2428,,13.5021,nSat,989.3322953465781,10052.880232430234
