Name,Min,1%,5%,50%,95%,99%,Max,,90% Range,98% Range,StdDev,,Mean,Units,Skewness,Kurtosis
Local Clock Frequency Offset,8.9079,9.0297,9.087,9.1382,9.1734, 9.19,9.243,,0.0864,0.1602,0.029,,9.1345,ppm,30905388.343334984,9698867892.825655
Local Clock Time Offset,-13.198,-2.192,-0.463,0.011,0.52, 1.747,8.925,,0.983,3.939,0.575,,-0.0,µs,-5.95938884362119,67.9677960363092
Local RMS Frequency Jitter,0.316,0.616,0.818,1.787,8.197, 18.395,46.335,,7.379,17.779,3.3503,,2.9972,ppb,3.396328478786791,21.111067445368043
Local RMS Time Jitter,0.049,0.097,0.129,0.275,1.096, 2.109,6.919,,0.967,2.012,0.3951,,0.4115,µs,3.897174696238102,27.56938394812838
Server Jitter SHM(0),0.1967,0.3599,0.5618,1.4077,3.565, 5.748,7.7553,,3.0032,5.3882,0.9923,,1.6432,ms,4.3095632238265456,17.225256981115326
Server Jitter SHM(1),0.011,0.047,0.073,0.213,1.643, 3.649,12.899,,1.57,3.602,0.6975,,0.4419,µs,3.738890389796467,33.15923486653268
Server Offset SHM(0),10.4677,12.2955,13.4748,18.2872,23.3535, 24.5789,26.6769,,9.8788,12.2834,3.1678,,18.341,ms,124.29046848538503,666.5974520402099
Server Offset SHM(1),-13.199,-2.193,-0.464,0.012,0.521, 1.748,8.926,,0.985,3.941,0.5754,,0.0001,µs,-5.955523701317387,67.83574259080548
TDOP,0.63,0.68,0.74,1.03,5.5, 22.04,158.79,,4.76,21.36,10.4968,,2.4661, ,11.064380992266337,165.90661477987038
Temp ZONE0,54.0,54.0,55.1,57.85,59.5, 60.05,61.15,,4.4,6.05,1.2239,,57.7656,°C,98745.15791522745,4568275.928554282
nSats,10.0,11.0,13.0,14.0,16.0, 16.0,16.0,,3.0,5.0,0.9886,,14.2531,nSat,2454.580800213552,33444.55346583681
