Name,Min,1%,5%,50%,95%,99%,Max,,90% Range,98% Range,StdDev,,Mean,Units,Skewness,Kurtosis
Local Clock Frequency Offset,7.8342,8.0061,8.0466,8.3666,8.473, 8.4934,8.545,,0.4264,0.4872,0.1422,,8.3216,ppm,190529.39695224387,10969976.416974703
Local Clock Time Offset,-12.878,-2.162,-0.432,0.004,0.521, 1.656,7.767,,0.953,3.818,0.5722,,0.0004,µs,-6.813460189214194,85.6278683240211
Local RMS Frequency Jitter,0.339,0.594,0.761,1.703,8.027, 18.89,38.762,,7.266,18.296,3.3851,,2.9249,ppb,3.364474786421199,20.453466876410346
Local RMS Time Jitter,0.05,0.093,0.121,0.259,1.083, 2.237,5.029,,0.962,2.144,0.4079,,0.4059,µs,3.5559551476293088,21.702666608062938
Server Jitter SHM(0),0.1424,0.3761,0.5724,1.3985,3.5042, 5.5373,9.1129,,2.9318,5.1612,0.9844,,1.6324,ms,4.354776845916366,17.839453588340017
Server Jitter SHM(1),0.013,0.046,0.068,0.202,1.62, 3.565,12.257,,1.552,3.519,0.6995,,0.4312,µs,3.9835138757323114,36.58330197037314
Server Offset SHM(0),8.1656,10.1141,11.843,17.1914,22.6885, 24.1151,25.9639,,10.8455,14.001,3.3645,,17.4573,ms,86.0007825112262,414.3593523162736
Server Offset SHM(1),-12.879,-2.163,-0.433,0.005,0.522, 1.657,7.768,,0.955,3.82,0.5726,,0.0005,µs,-6.808338488987664,85.46411767365358
TDOP,0.62,0.66,0.78,1.12,3.46, 10.23,152.27,,2.68,9.57,9.8056,,2.0893, ,12.076775087799732,185.46504099576524
Temp ZONE0,47.4,47.95,49.6,54.0,57.3, 58.4,59.5,,7.7,10.45,2.5464,,53.6714,°C,8152.863976871877,164875.8485832829
nSats,8.0,10.0,12.0,14.0,16.0, 16.0,16.0,,4.0,6.0,1.3332,,13.6266,nSat,810.9750421889775,7720.129440241301
