Name,Min,1%,5%,50%,95%,99%,Max,,90% Range,98% Range,StdDev,,Mean,Units,Skewness,Kurtosis
Local Clock Frequency Offset,8.433,8.5385,8.5694,8.9817,9.0251, 9.0405,9.1039,,0.4557,0.502,0.1416,,8.9057,ppm,237306.92576874705,14699428.71409751
Local Clock Time Offset,-12.854,-2.087,-0.415,0.004,0.504, 1.77,7.836,,0.919,3.857,0.5534,,-0.0008,µs,-5.886539843339887,66.50394434433838
Local RMS Frequency Jitter,0.382,0.584,0.765,1.65,8.231, 17.829,43.123,,7.466,17.245,3.2352,,2.8731,ppb,3.1358229574870298,18.348348277644522
Local RMS Time Jitter,0.057,0.094,0.122,0.256,1.056, 1.967,5.556,,0.934,1.873,0.3664,,0.3884,µs,3.57875992139892,22.421965493754062
Server Jitter SHM(0),0.1194,0.3386,0.4995,1.3295,3.3733, 5.2923,7.4276,,2.8738,4.9537,0.9447,,1.5413,ms,4.152706773912891,16.57542694655359
Server Jitter SHM(1),0.014,0.049,0.074,0.203,1.587, 3.499,11.992,,1.513,3.45,0.6665,,0.4224,µs,3.685080228270989,31.561034966169235
Server Offset SHM(0),11.768,13.4461,14.2423,19.2165,24.1162, 25.3641,26.9493,,9.8738,11.918,3.1435,,19.1771,ms,148.02983554714703,835.5478407956795
Server Offset SHM(1),-12.855,-2.088,-0.416,0.005,0.505, 1.771,7.837,,0.921,3.859,0.5538,,-0.0008,µs,-5.882818139538541,66.37297170762342
TDOP,0.61,0.64,0.72,0.97,3.85, 13.36,39.53,,3.13,12.72,3.071,,1.6589, ,7.574111677751888,86.7719889355305
Temp ZONE0,47.95,49.05,49.6,55.1,56.75, 57.3,57.3,,7.15,8.25,2.3703,,54.0229,°C,10412.714158784804,228291.87091833324
nSats,10.0,11.0,12.0,14.0,16.0, 16.0,16.0,,4.0,5.0,1.2592,,13.8125,nSat,1020.3998329354607,10466.60291943283
