Name,Min,1%,5%,50%,95%,99%,Max,,90% Range,98% Range,StdDev,,Mean,Units,Skewness,Kurtosis
Local Clock Frequency Offset,9.0187,9.1111,9.1435,9.2231,9.2644, 9.2791,9.3257,,0.1209,0.168,0.0332,,9.2181,ppm,21113174.55087995,5835561932.475716
Local Clock Time Offset,-15.321,-2.079,-0.74,0.028,0.625, 1.786,7.053,,1.365,3.865,0.6348,,0.0001,µs,-6.8387657099632495,88.53057153133689
Local RMS Frequency Jitter,0.657,1.162,1.428,2.617,8.691, 18.807,46.577,,7.263,17.645,3.3606,,3.6524,ppb,4.653258553622185,32.65253367970946
Local RMS Time Jitter,0.108,0.186,0.229,0.413,1.121, 2.235,6.475,,0.892,2.049,0.3988,,0.5232,µs,5.785079959302163,47.35826941917556
Server Jitter SHM(0),0.082,0.3513,0.5209,1.4626,3.6582, 5.231,8.4263,,3.1373,4.8796,1.0064,,1.672,ms,3.9133267199307733,14.248875132751248
Server Jitter SHM(1),0.022,0.096,0.146,0.379,1.684, 3.593,14.89,,1.538,3.497,0.7081,,0.5796,µs,5.207029870381537,53.69288578134276
Server Offset SHM(0),7.6116,10.8307,13.1705,18.2091,22.951, 24.3688,26.4217,,9.7806,13.5381,3.2007,,17.9804,ms,112.19975854024352,582.8067284706597
Server Offset SHM(1),-15.322,-2.08,-0.741,0.029,0.625, 1.787,7.054,,1.366,3.867,0.6353,,0.0002,µs,-6.832459266116803,88.32222070347328
TDOP,0.62,0.66,0.73,1.37,9.22, 23.91,124.77,,8.49,23.25,11.2464,,3.4134, ,7.239380250664321,77.31571939501472
Temp ZONE0,53.45,54.0,55.1,56.75,58.4, 59.5,60.6,,3.3,5.5,1.0995,,56.6131,°C,128874.0990544902,6514723.412038865
nSats,9.0,9.0,11.0,13.0,15.0, 16.0,16.0,,4.0,7.0,1.4026,,13.3693,nSat,645.835989312829,5712.79400012084
