Name,Min,1%,5%,50%,95%,99%,Max,,90% Range,98% Range,StdDev,,Mean,Units,Skewness,Kurtosis
Local Clock Frequency Offset,8.5976,8.7291,8.7695,9.0624,9.2144, 9.2457,9.3127,,0.445,0.5166,0.1599,,9.022,ppm,170491.18870387838,9459822.408797963
Local Clock Time Offset,-23.613,-2.354,-0.651,0.011,0.625, 2.046,13.86,,1.276,4.4,0.6957,,0.0,µs,-7.392571058463706,152.5010082205676
Local RMS Frequency Jitter,0.645,1.002,1.25,2.407,9.965, 20.711,76.132,,8.715,19.709,3.9923,,3.6937,ppb,5.05802773037715,48.58236901046873
Local RMS Time Jitter,0.104,0.155,0.193,0.361,1.263, 2.373,13.684,,1.07,2.218,0.502,,0.504,µs,7.246698793144436,100.35358216047096
Server Jitter SHM(0),0.1632,0.3691,0.5473,1.4161,3.094, 4.6642,7.2448,,2.5468,4.295,0.8516,,1.5777,ms,4.896966266865807,18.878593972075976
Server Jitter SHM(1),0.03,0.075,0.113,0.328,1.842, 3.799,21.641,,1.729,3.724,0.8249,,0.5651,µs,6.057405385445964,85.73336843805022
Server Offset SHM(0),9.4928,11.9578,13.0968,18.438,22.8688, 24.1655,26.7543,,9.772,12.2078,3.1601,,18.0581,ms,118.86388856856333,628.1646289848608
Server Offset SHM(1),-23.614,-2.355,-0.652,0.012,0.625, 2.047,13.861,,1.277,4.402,0.6961,,0.0001,µs,-7.386595486292358,152.18913546976623
TDOP,0.65,0.67,0.76,1.32,16.4, 35.44,128.41,,15.64,34.77,9.877,,3.7588, ,6.959279065928892,87.65141847180658
Temp ZONE0,47.95,48.5,49.05,52.35,55.65, 56.2,56.75,,6.6,7.7,2.2536,,52.2583,°C,10991.390380783054,245369.42694248082
nSats,4.0,4.0,12.0,13.0,16.0, 16.0,16.0,,4.0,12.0,1.865,,13.3833,nSat,251.624387914731,1636.1484391420286
