Name,Min,1%,5%,50%,95%,99%,Max,,90% Range,98% Range,StdDev,,Mean,Units,Skewness,Kurtosis
Local Clock Frequency Offset,8.699,8.9335,8.9621,9.0485,9.101, 9.1205,9.1761,,0.1389,0.187,0.0404,,9.0448,ppm,11113874.08494661,2480302577.815894
Local Clock Time Offset,-27.051,-2.106,-0.514,0.01,0.577, 1.808,14.331,,1.091,3.914,0.615,,-0.0003,µs,-7.799098576587471,173.52170099989775
Local RMS Frequency Jitter,0.403,0.701,0.932,1.928,8.56, 18.713,77.814,,7.628,18.012,3.6113,,3.1739,ppb,4.655091031891043,48.950724134148146
Local RMS Time Jitter,0.058,0.114,0.15,0.3,1.102, 2.161,12.565,,0.952,2.047,0.4343,,0.4352,µs,6.431659075813223,93.37310813958005
Server Jitter SHM(0),0.1462,0.3291,0.5224,1.4223,3.2724, 4.9257,8.194,,2.75,4.5967,0.9117,,1.6015,ms,4.569383267832067,18.451475816955444
Server Jitter SHM(1),0.021,0.062,0.095,0.257,1.652, 3.691,25.653,,1.557,3.629,0.7417,,0.4828,µs,5.7081111802522,89.63301856910007
Server Offset SHM(0),10.8842,12.503,13.6524,18.4726,23.1015, 24.3828,26.5296,,9.4491,11.8798,3.0458,,18.1763,ms,137.5161717805175,759.5674352540847
Server Offset SHM(1),-27.052,-2.107,-0.515,0.011,0.578, 1.809,14.332,,1.093,3.916,0.6154,,-0.0002,µs,-7.79172774252182,173.12130396616413
TDOP,0.7,0.72,0.76,1.13,10.96, 35.56,42.76,,10.2,34.84,5.3957,,2.6404, ,3.386150621798672,22.32343499532026
Temp ZONE0,52.9,52.9,53.45,55.1,57.85, 58.95,59.5,,4.4,6.05,1.2398,,55.4506,°C,83737.2428966248,3667351.3292053835
nSats,11.0,11.0,12.0,14.0,16.0, 16.0,16.0,,4.0,5.0,1.2241,,13.9,nSat,1141.2898872991975,12133.791935179977
