Name,Min,1%,5%,50%,95%,99%,Max,,90% Range,98% Range,StdDev,,Mean,Units,Skewness,Kurtosis
Local Clock Frequency Offset,8.854,9.0062,9.051,9.1658,9.2172, 9.2402,9.2856,,0.1662,0.2339,0.0509,,9.1531,ppm,5732189.259174025,1025937526.1021361
Local Clock Time Offset,-15.206,-2.222,-0.513,0.007,0.586, 1.954,8.814,,1.099,4.176,0.6101,,-0.0,µs,-6.871389749557666,87.22013278133697
Local RMS Frequency Jitter,0.486,0.764,0.953,2.004,9.602, 17.693,49.818,,8.649,16.929,3.4703,,3.2722,ppb,3.506674381813716,23.23834372343477
Local RMS Time Jitter,0.071,0.122,0.152,0.301,1.219, 2.045,7.619,,1.067,1.923,0.4208,,0.4423,µs,4.490466736868117,36.78044754829269
Server Jitter SHM(0),0.138,0.3489,0.5204,1.3913,3.2774, 5.0585,7.382,,2.757,4.7095,0.9213,,1.5881,ms,4.303091517813123,16.34299693012992
Server Jitter SHM(1),0.022,0.058,0.087,0.246,1.787, 3.611,14.153,,1.7,3.553,0.7295,,0.4869,µs,3.972127184695931,38.67486787945302
Server Offset SHM(0),10.0022,11.5389,12.6939,18.2849,23.3259, 24.7202,26.3385,,10.632,13.1812,3.2332,,18.0384,ms,109.70800069198212,566.9172451968835
Server Offset SHM(1),-15.207,-2.223,-0.514,0.008,0.587, 1.955,8.815,,1.101,4.178,0.6105,,0.0,µs,-6.866001938383972,87.0468071336483
TDOP,0.69,0.71,0.78,1.05,11.27, 40.78,64.87,,10.49,40.07,7.1679,,3.0945, ,3.6962811580013217,28.811309443633828
Temp ZONE0,51.8,52.35,52.9,55.1,57.3, 58.4,59.5,,4.4,6.05,1.2513,,54.9831,°C,79316.65418883842,3411611.4501058375
nSats,9.0,9.0,11.0,13.0,15.0, 16.0,16.0,,4.0,7.0,1.4274,,13.3292,nSat,604.2469831632609,5238.466156815455
