Name,Min,1%,5%,50%,95%,99%,Max,,90% Range,98% Range,StdDev,,Mean,Units,Skewness,Kurtosis
Local Clock Frequency Offset,8.7353,8.9151,8.9685,9.131,9.2184, 9.2627,9.3027,,0.2498,0.3476,0.0774,,9.1097,ppm,1591012.7413470312,185763978.2167345
Local Clock Time Offset,-16.123,-2.298,-0.466,0.001,0.518, 2.086,9.148,,0.984,4.384,0.6248,,-0.0,µs,-6.180793982107768,85.7684228264252
Local RMS Frequency Jitter,0.375,0.644,0.808,1.789,10.165, 19.24,44.678,,9.357,18.596,3.7263,,3.158,ppb,3.2183816826155507,20.460087828900285
Local RMS Time Jitter,0.061,0.101,0.126,0.266,1.252, 2.2,8.265,,1.126,2.099,0.4466,,0.4184,µs,4.25494627246423,35.670808431698106
Server Jitter SHM(0),0.1899,0.3465,0.5153,1.365,3.2959, 5.1123,7.7852,,2.7806,4.7658,0.9205,,1.5554,ms,4.399136733001828,17.977715132205702
Server Jitter SHM(1),0.013,0.046,0.068,0.205,1.847, 3.806,16.352,,1.779,3.76,0.7691,,0.4568,µs,3.83104385034449,37.34853950414048
Server Offset SHM(0),10.8708,12.675,13.6407,18.6646,23.6441, 24.9604,26.5057,,10.0034,12.2854,3.2504,,18.4437,ms,116.20542392752063,611.5032317218419
Server Offset SHM(1),-16.124,-2.299,-0.467,0.002,0.519, 2.087,9.149,,0.986,4.386,0.6252,,-0.0,µs,-6.177155501049739,85.61816075374254
TDOP,0.66,0.68,0.75,1.4,18.61, 35.09,80.05,,17.86,34.41,7.956,,4.1267, ,3.609231148534637,31.469181904815496
Temp ZONE0,49.6,50.15,51.25,54.0,55.65, 56.75,57.3,,4.4,6.6,1.484,,53.6196,°C,43468.74238605691,1530850.4007938174
nSats,10.0,11.0,12.0,14.0,15.0, 15.0,16.0,,3.0,4.0,1.098,,13.6667,nSat,1533.6042143883394,17926.757082627195
