Name,Min,1%,5%,50%,95%,99%,Max,,90% Range,98% Range,StdDev,,Mean,Units,Skewness,Kurtosis
Local Clock Frequency Offset,8.7759,9.1048,9.1238,9.1538,9.1794, 9.192,9.2349,,0.0555,0.0873,0.018,,9.1528,ppm,130592543.05293776,66256404994.75123
Local Clock Time Offset,-36.355,-2.053,-0.506,0.015,0.531, 1.755,16.386,,1.037,3.808,0.6157,,0.0,µs,-10.59954225378085,390.62278670276305
Local RMS Frequency Jitter,0.449,0.747,0.93,1.89,8.391, 18.601,101.975,,7.461,17.854,3.6703,,3.1145,ppb,6.221854091583877,99.11888605505781
Local RMS Time Jitter,0.073,0.12,0.151,0.299,1.117, 2.169,17.271,,0.966,2.049,0.4619,,0.4367,µs,9.24258134275392,208.8408939322863
Server Jitter SHM(0),0.1998,0.3513,0.5114,1.3884,3.5268, 5.5028,7.6266,,3.0154,5.1515,0.9987,,1.6117,ms,3.996372165777353,15.475049064405013
Server Jitter SHM(1),0.018,0.062,0.095,0.254,1.605, 3.57,35.152,,1.51,3.508,0.7514,,0.4741,µs,7.993275352512788,199.93528505771278
Server Offset SHM(0),11.2919,12.9936,13.9029,18.7736,23.4384, 24.5032,27.3896,,9.5355,11.5097,3.1363,,18.5017,ms,132.31701685155667,722.5284878364337
Server Offset SHM(1),-36.356,-2.054,-0.507,0.016,0.532, 1.756,16.387,,1.039,3.81,0.6161,,0.0001,µs,-10.586731440310958,389.6684961908068
TDOP,0.75,0.76,0.8,1.19,8.66, 28.86,83.77,,7.86,28.1,6.9774,,2.7048, ,6.65820233921847,71.64997012862837
Temp ZONE0,54.55,54.55,55.1,56.75,58.4, 58.95,58.95,,3.3,4.4,0.8814,,56.876,°C,256566.76493767332,16311026.949202584
nSats,10.0,10.0,11.0,14.0,15.0, 16.0,16.0,,4.0,6.0,1.2582,,13.6833,nSat,992.1317439965527,10076.755691098915
