Name,Min,1%,5%,50%,95%,99%,Max,,90% Range,98% Range,StdDev,,Mean,Units,Skewness,Kurtosis
Local Clock Frequency Offset,7.8796,7.9805,7.9991,8.4165,8.4866, 8.5583,8.636,,0.4875,0.5778,0.1694,,8.3372,ppm,112205.7819427148,5416450.881060206
Local Clock Time Offset,-19.199,-2.044,-0.365,0.004,0.528, 1.64,7.23,,0.893,3.684,0.579,,0.0009,µs,-7.959305566251274,128.06022146517694
Local RMS Frequency Jitter,0.2,0.458,0.63,1.412,8.282, 19.111,53.07,,7.652,18.653,3.5685,,2.7842,ppb,3.211136597161384,21.79532753894408
Local RMS Time Jitter,0.029,0.069,0.1,0.227,1.119, 2.312,8.426,,1.019,2.243,0.4482,,0.3871,µs,4.052311318616171,35.42263995812582
Server Jitter SHM(0),0.2528,0.3789,0.6073,1.4635,3.7292, 5.7046,9.2968,,3.1219,5.3257,1.0193,,1.7098,ms,4.334192162276049,17.15882197670779
Server Jitter SHM(1),0.011,0.039,0.059,0.172,1.639, 3.785,19.238,,1.58,3.746,0.7211,,0.3988,µs,4.230118441119782,48.60207343465193
Server Offset SHM(0),9.252,11.8639,12.9988,18.1362,23.4559, 24.7647,26.8211,,10.4571,12.9008,3.2612,,18.134,ms,108.57944973511782,560.3165275549218
Server Offset SHM(1),-19.2,-2.045,-0.366,0.005,0.529, 1.641,7.231,,0.895,3.686,0.5794,,0.001,µs,-7.952425268239315,127.80955329790177
TDOP,0.64,0.69,0.76,1.15,6.64, 21.51,139.9,,5.88,20.82,9.4416,,2.9593, ,10.51482120221003,151.98866353669513
Temp ZONE0,47.4,47.95,48.5,54.0,56.75, 59.5,60.6,,8.25,11.55,2.6384,,53.199,°C,7094.866783443843,137050.9500022377
nSats,5.0,5.0,5.0,13.0,15.0, 16.0,16.0,,10.0,11.0,2.8942,,12.3485,nSat,43.1551421376441,162.4888670626373
