Name,Min,1%,5%,50%,95%,99%,Max,,90% Range,98% Range,StdDev,,Mean,Units,Skewness,Kurtosis
Local Clock Frequency Offset,8.9881,9.1162,9.1787,9.3076,9.3728, 9.3971,9.465,,0.1941,0.2809,0.0611,,9.2918,ppm,3444580.9096319424,520259092.5146434
Local Clock Time Offset,-17.879,-2.27,-0.506,0.007,0.543, 1.929,8.49,,1.049,4.199,0.6157,,-0.0001,µs,-6.565320706864436,92.45437643013034
Local RMS Frequency Jitter,0.437,0.785,0.996,1.971,9.799, 18.555,50.186,,8.803,17.77,3.5437,,3.2575,ppb,3.58663683025258,24.195481140364727
Local RMS Time Jitter,0.064,0.124,0.16,0.306,1.245, 2.089,7.522,,1.085,1.965,0.41,,0.4444,µs,4.350451699458892,34.18519692583678
Server Jitter SHM(0),0.1401,0.3376,0.5027,1.3403,3.2289, 5.1356,9.1756,,2.7262,4.798,0.9242,,1.5369,ms,4.369205068568056,19.00752670459546
Server Jitter SHM(1),0.016,0.056,0.09,0.255,1.784, 3.739,17.443,,1.694,3.683,0.7366,,0.4858,µs,4.272953658140809,44.195325901100155
Server Offset SHM(0),8.9995,12.0642,13.4705,18.5167,22.875, 24.5342,26.5434,,9.4045,12.47,3.0959,,18.1891,ms,130.47604218501502,709.1718280130268
Server Offset SHM(1),-17.88,-2.271,-0.507,0.008,0.544, 1.93,8.491,,1.051,4.201,0.6161,,-0.0001,µs,-6.560592868429669,92.26885845302162
TDOP,0.65,0.73,0.77,1.06,6.58, 40.93,127.43,,5.81,40.2,11.7326,,2.9634, ,6.377147739566659,66.61918010779864
Temp ZONE0,50.7,50.7,51.8,54.0,55.65, 56.75,57.3,,3.85,6.05,1.3091,,53.8425,°C,64749.6487553889,2603267.399785252
nSats,9.0,10.0,11.0,13.0,16.0, 16.0,16.0,,5.0,6.0,1.4754,,13.1494,nSat,519.1904492255317,4301.11430044273
