Name,Min,1%,5%,50%,95%,99%,Max,,90% Range,98% Range,StdDev,,Mean,Units,Skewness,Kurtosis
Local Clock Frequency Offset,8.8425,9.0816,9.1077,9.1727,9.2421, 9.2565,9.3077,,0.1344,0.1748,0.0407,,9.1719,ppm,11251910.230283814,2521461249.135935
Local Clock Time Offset,-23.026,-2.1,-0.55,0.018,0.535, 1.753,13.529,,1.085,3.853,0.6282,,0.0002,µs,-7.44541269464502,155.05575714762915
Local RMS Frequency Jitter,0.505,0.851,1.07,2.07,8.395, 19.178,72.563,,7.325,18.327,3.6815,,3.2513,ppb,5.049145189525665,50.03509798615911
Local RMS Time Jitter,0.077,0.135,0.172,0.324,1.094, 2.203,11.03,,0.922,2.068,0.4408,,0.4532,µs,6.622152606910134,84.73537494350646
Server Jitter SHM(0),0.1024,0.3224,0.5036,1.2961,3.2136, 5.0547,7.9973,,2.71,4.7323,0.9096,,1.5079,ms,4.261444417610058,17.1579284411522
Server Jitter SHM(1),0.024,0.075,0.115,0.29,1.607, 3.759,21.48,,1.492,3.684,0.7521,,0.5032,µs,6.192385653856489,88.07192514462297
Server Offset SHM(0),11.5661,13.0999,14.183,18.9853,23.2385, 24.5949,26.4409,,9.0555,11.495,3.0615,,18.5949,ms,145.84738677639984,819.1948779436735
Server Offset SHM(1),-23.027,-2.101,-0.551,0.019,0.536, 1.754,13.53,,1.087,3.855,0.6287,,0.0003,µs,-7.438616842530803,154.70572791535446
TDOP,0.67,0.7,0.76,1.17,3.22, 12.51,129.14,,2.46,11.81,8.3259,,2.0989, ,12.10098438341549,184.45485122522643
Temp ZONE0,52.9,53.45,54.0,55.65,58.4, 58.95,60.05,,4.4,5.5,1.3849,,55.9421,°C,61255.259036383286,2417814.102183434
nSats,10.0,11.0,12.0,14.0,15.0, 16.0,16.0,,3.0,5.0,1.1417,,13.5934,nSat,1329.5532068611947,14848.758953568768
