Name,Min,1%,5%,50%,95%,99%,Max,,90% Range,98% Range,StdDev,,Mean,Units,Skewness,Kurtosis
Local Clock Frequency Offset,8.809,8.9294,8.9883,9.1579,9.2103, 9.2372,9.2959,,0.222,0.3078,0.0653,,9.143,ppm,2690910.2546084304,374320076.1849435
Local Clock Time Offset,-23.613,-2.241,-0.667,0.016,0.599, 1.956,13.86,,1.266,4.197,0.6599,,-0.0008,µs,-7.371935920771421,141.34424686343297
Local RMS Frequency Jitter,0.562,1.01,1.248,2.394,9.773, 18.856,76.132,,8.525,17.846,3.6905,,3.6055,ppb,4.969344365814553,49.1454788357064
Local RMS Time Jitter,0.085,0.161,0.197,0.363,1.248, 2.156,13.684,,1.051,1.995,0.4649,,0.4988,µs,7.425611997142024,112.68208907910633
Server Jitter SHM(0),0.23,0.4028,0.6026,1.4212,3.1806, 5.1848,7.2808,,2.578,4.7819,0.8802,,1.6029,ms,4.973144779939336,20.02747363163339
Server Jitter SHM(1),0.023,0.071,0.112,0.332,1.806, 3.656,21.641,,1.694,3.585,0.7729,,0.5567,µs,5.776275799704849,82.56753734128306
Server Offset SHM(0),11.9101,13.1586,13.9393,18.9854,23.6821, 24.9527,27.8835,,9.7428,11.7941,3.2094,,18.7424,ms,127.94001865014353,692.0641108495561
Server Offset SHM(1),-23.614,-2.242,-0.668,0.017,0.6, 1.957,13.861,,1.268,4.199,0.6604,,-0.0007,µs,-7.365463683230526,141.03169617723475
TDOP,0.74,0.77,0.83,1.34,10.35, 32.71,95.73,,9.52,31.94,8.1823,,3.4089, ,5.94404634019307,62.42395764707237
Temp ZONE0,50.15,50.7,51.8,54.0,56.2, 56.75,57.3,,4.4,6.05,1.2852,,54.1506,°C,69722.36680635922,2872985.515660799
nSats,10.0,11.0,11.0,13.0,15.0, 16.0,16.0,,4.0,5.0,1.2945,,13.3651,nSat,838.5852352854968,8080.327237095842
