Name,Min,1%,5%,50%,95%,99%,Max,,90% Range,98% Range,StdDev,,Mean,Units,Skewness,Kurtosis
Local Clock Frequency Offset,7.608,7.717,7.7467,7.8899,7.9628, 7.9886,8.0888,,0.2161,0.2716,0.0665,,7.8766,ppm,1620161.394302793,190315194.83436817
Local Clock Time Offset,-11.342,-2.21,-0.475,0.001,0.571, 1.781,6.194,,1.046,3.991,0.56,,0.0002,µs,-5.929699908492492,59.18941329330833
Local RMS Frequency Jitter,0.298,0.561,0.724,1.756,8.84, 16.816,32.438,,8.116,16.255,3.2058,,2.9815,ppb,2.7906473070635585,14.561338651503176
Local RMS Time Jitter,0.053,0.089,0.115,0.26,1.066, 1.906,4.496,,0.951,1.817,0.3706,,0.3936,µs,3.2752054519749976,18.433943534178844
Server Jitter SHM(0),0.1551,0.3517,0.538,1.48,3.7055, 5.8508,18.2174,,3.1675,5.4991,1.1163,,1.7323,ms,4.75750539203901,31.398967870933287
Server Jitter SHM(1),0.009,0.04,0.06,0.193,1.725, 3.326,11.149,,1.665,3.286,0.6739,,0.4346,µs,3.022621661307915,22.94370149173627
Server Offset SHM(0),-4.1032,-2.4221,5.2183,17.8454,23.0532, 24.439,26.1965,,17.8349,26.8611,5.0918,,16.965,ms,17.981793735545647,53.335422670301135
Server Offset SHM(1),-11.343,-2.211,-0.476,0.002,0.572, 1.782,6.195,,1.048,3.993,0.5604,,0.0002,µs,-5.926096492265018,59.082171187856865
TDOP,0.67,0.68,0.74,1.21,15.11, 135.51,208.87,,14.37,134.83,20.7498,,5.2672, ,5.256873276424259,49.59447016734156
Temp ZONE0,50.15,50.7,51.25,54.0,55.65, 56.75,60.05,,4.4,6.05,1.4855,,53.7421,°C,43639.4750103507,1538886.9200780827
nSats,10.0,10.0,12.0,14.0,16.0, 16.0,16.0,,4.0,6.0,1.3292,,13.6639,nSat,826.7675695638736,7926.621929973823
