Name,Min,1%,5%,50%,95%,99%,Max,,90% Range,98% Range,StdDev,,Mean,Units,Skewness,Kurtosis
Local Clock Frequency Offset,-0.5797,9.1235,9.1604,9.2507,9.3019, 9.3326,9.3961,,0.1415,0.2091,0.1791,,9.2422,ppm,129761.83386095424,6571305.746195101
Local Clock Time Offset,-116939.999,-2.772,-0.52,0.008,0.615, 2.108,81.939,,1.135,4.88,3585.9132,,-165.0606,µs,-28.97292098313382,763.0426827940165
Local RMS Frequency Jitter,0.0,0.683,0.922,1.934,9.623, 19.924,1882.182,,8.701,19.241,28.9568,,4.0548,ppb,42.552313217331076,2219.9261887657567
Local RMS Time Jitter,0.059,0.12,0.154,0.302,1.242, 2.653,41344.533,,1.088,2.533,564.6804,,16.8385,µs,46.23090692859519,2647.6314775236942
Server Jitter SHM(0),0.0,0.3093,0.4722,1.3561,3.389, 5.5463,37.9073,,2.9169,5.2369,1.8597,,1.6482,ms,12.099475659332672,204.6262881075846
Server Jitter SHM(1),0.0,0.058,0.089,0.248,1.894, 4.444,4474.453,,1.805,4.386,223.8189,,12.6009,µs,15.62726222790877,311.81682111442746
Server Offset SHM(0),-102.4156,13.1369,14.0305,18.9253,23.6846, 25.1139,27.3598,,9.654,11.977,5.0221,,18.5435,ms,15.852918782738566,206.94795683137866
Server Offset SHM(1),-116939.999,-2.783,-0.521,0.009,0.616, 2.109,81.94,,1.137,4.892,3585.9136,,-165.0739,µs,-28.97292359660146,763.0423225721369
TDOP,0.69,0.73,0.82,1.25,7.25, 15.38,63.01,,6.43,14.65,4.8803,,2.2743, ,7.571149014617661,88.85411677743075
Temp ZONE0,52.35,52.35,53.45,55.1,56.75, 57.3,58.4,,3.3,4.95,0.9887,,55.1435,°C,164514.93952489723,9020416.489113638
nSats,10.0,10.0,11.0,14.0,15.0, 16.0,16.0,,4.0,6.0,1.2278,,13.5958,nSat,1051.6569503779472,10879.395451844895
