Name,Min,1%,5%,50%,95%,99%,Max,,90% Range,98% Range,StdDev,,Mean,Units,Skewness,Kurtosis
Local Clock Frequency Offset,7.8961,8.099,8.1377,8.3229,8.415, 8.4295,8.4921,,0.2773,0.3306,0.086,,8.2967,ppm,869815.4817724116,83048301.09278296
Local Clock Time Offset,-19.986,-2.182,-0.513,0.011,0.567, 1.743,12.276,,1.08,3.925,0.601,,0.0003,µs,-7.395884998268755,145.40871616886082
Local RMS Frequency Jitter,0.399,0.746,0.932,1.953,8.73, 17.148,66.336,,7.798,16.402,3.4817,,3.1552,ppb,4.806788048379854,49.33679649527301
Local RMS Time Jitter,0.06,0.115,0.146,0.291,1.069, 1.946,9.355,,0.923,1.831,0.4169,,0.424,µs,5.994027429064259,71.4914305843301
Server Jitter SHM(0),0.1483,0.3272,0.5205,1.3581,3.5117, 5.4194,7.9364,,2.9912,5.0922,0.9693,,1.5953,ms,4.2175332037080375,16.700095232043513
Server Jitter SHM(1),0.019,0.055,0.087,0.25,1.687, 3.319,18.605,,1.6,3.264,0.7221,,0.4749,µs,5.693191394726469,82.90987958218874
Server Offset SHM(0),10.1984,11.9764,13.8611,18.8368,23.0909, 24.3863,26.0584,,9.2298,12.4099,3.1114,,18.3813,ms,132.89706932380747,725.8757021732305
Server Offset SHM(1),-19.987,-2.183,-0.514,0.012,0.568, 1.744,12.277,,1.082,3.927,0.6014,,0.0003,µs,-7.389141123184356,145.0772659830848
TDOP,0.59,0.66,0.74,1.06,5.53, 13.0,80.73,,4.79,12.34,6.1666,,2.3271, ,8.33190132808064,99.27715989753041
Temp ZONE0,50.15,50.15,51.25,53.45,56.2, 56.75,56.75,,4.95,6.6,1.5608,,53.5692,°C,37099.042487069506,1239545.1519300113
nSats,8.0,10.0,11.0,14.0,15.0, 16.0,16.0,,4.0,6.0,1.3907,,13.473,nSat,681.143142186989,6127.825527506782
