Name,Min,1%,5%,50%,95%,99%,Max,,90% Range,98% Range,StdDev,,Mean,Units,Skewness,Kurtosis
Local Clock Frequency Offset,8.8325,8.9338,8.9639,9.0364,9.0804, 9.1102,9.1671,,0.1165,0.1765,0.0354,,9.0348,ppm,16396259.95975272,4165557507.1600294
Local Clock Time Offset,-15.376,-2.08,-0.519,0.013,0.555, 1.735,9.258,,1.074,3.815,0.5938,,-0.0002,µs,-6.081140000520082,80.7882510760779
Local RMS Frequency Jitter,0.471,0.768,0.972,1.947,8.415, 18.655,51.039,,7.443,17.887,3.3928,,3.1693,ppb,3.6808430949923774,24.385083549457207
Local RMS Time Jitter,0.067,0.125,0.159,0.304,1.09, 2.048,7.046,,0.931,1.923,0.3911,,0.4347,µs,4.604867689121654,36.567037466030555
Server Jitter SHM(0),0.1506,0.3128,0.4708,1.3788,3.3562, 5.1949,7.9455,,2.8855,4.882,0.9411,,1.5826,ms,4.0456630946351995,15.065512402315996
Server Jitter SHM(1),0.021,0.065,0.099,0.262,1.666, 3.669,14.105,,1.567,3.604,0.7066,,0.4851,µs,4.276146626900796,40.788484386947616
Server Offset SHM(0),11.3016,12.883,13.7747,18.8107,23.5089, 25.0357,27.7696,,9.7341,12.1527,3.1473,,18.4894,ms,130.48539778744282,709.7728820403752
Server Offset SHM(1),-15.377,-2.081,-0.52,0.014,0.556, 1.736,9.259,,1.076,3.817,0.5943,,-0.0001,µs,-6.076814956588292,80.6163398960541
TDOP,0.67,0.7,0.74,1.18,10.89, 65.08,127.53,,10.15,64.38,11.1861,,3.8355, ,5.451026302055577,55.9214244714989
Temp ZONE0,52.9,53.45,54.0,56.2,58.4, 58.95,59.5,,4.4,5.5,1.2644,,56.1452,°C,81910.00456197224,3561038.9733482366
nSats,10.0,10.0,11.0,14.0,16.0, 16.0,16.0,,5.0,6.0,1.4385,,13.5809,nSat,626.4080863600423,5493.900549889415
