Name,Min,1%,5%,50%,95%,99%,Max,,90% Range,98% Range,StdDev,,Mean,Units,Skewness,Kurtosis
Local Clock Frequency Offset,8.76,8.9239,9.0066,9.1481,9.2203, 9.2373,9.2929,,0.2137,0.3134,0.0623,,9.1405,ppm,3098949.558596382,451848732.15445644
Local Clock Time Offset,-12.104,-2.265,-0.476,0.007,0.515, 1.899,8.925,,0.991,4.164,0.5924,,0.0005,µs,-5.529721845520352,59.47597274337168
Local RMS Frequency Jitter,0.471,0.713,0.894,1.825,9.722, 18.055,39.714,,8.828,17.342,3.4148,,3.128,ppb,3.0602983794263365,17.066168674344464
Local RMS Time Jitter,0.072,0.114,0.143,0.279,1.233, 1.978,6.119,,1.09,1.864,0.3913,,0.4228,µs,3.505573119236233,21.388382456416437
Server Jitter SHM(0),0.1465,0.3264,0.5024,1.3977,3.3529, 5.3899,9.5708,,2.8504,5.0635,0.963,,1.5914,ms,4.314475353663613,18.558943503562883
Server Jitter SHM(1),0.018,0.053,0.079,0.231,1.754, 3.662,11.495,,1.675,3.609,0.7127,,0.4629,µs,3.511758531405258,28.11015402067138
Server Offset SHM(0),11.6327,13.1381,13.8907,19.0859,24.0525, 25.2282,27.2699,,10.1618,12.0902,3.2393,,18.7197,ms,123.55519577568398,662.0224308799619
Server Offset SHM(1),-12.105,-2.266,-0.477,0.008,0.516, 1.9,8.926,,0.993,4.166,0.5928,,0.0005,µs,-5.526895983463923,59.37221248704356
TDOP,0.63,0.66,0.75,1.13,7.38, 23.99,157.25,,6.63,23.33,12.034,,3.199, ,8.125863591448596,98.92999359275407
Temp ZONE0,50.15,51.25,51.8,54.0,55.65, 57.3,57.85,,3.85,6.05,1.2712,,54.0844,°C,71844.04071371241,2990109.1940041035
nSats,8.0,8.0,11.0,14.0,16.0, 16.0,16.0,,5.0,8.0,1.5974,,13.5726,nSat,443.0921533491917,3478.404205895318
