Name,Min,1%,5%,50%,95%,99%,Max,,90% Range,98% Range,StdDev,,Mean,Units,Skewness,Kurtosis
Local Clock Frequency Offset,8.7353,8.9161,8.9783,9.1333,9.2081, 9.2293,9.2991,,0.2298,0.3132,0.0651,,9.1183,ppm,2685482.1838882514,373313907.3033926
Local Clock Time Offset,-16.123,-2.291,-0.494,0.003,0.527, 2.065,9.148,,1.021,4.356,0.6203,,-0.0005,µs,-6.167435777771293,80.53687527591813
Local RMS Frequency Jitter,0.375,0.668,0.835,1.845,10.102, 18.869,44.678,,9.267,18.201,3.6532,,3.1892,ppb,3.1930293141853037,19.571319406376265
Local RMS Time Jitter,0.061,0.104,0.13,0.276,1.248, 2.169,8.265,,1.118,2.065,0.4386,,0.4248,µs,4.238144379010384,35.07760300664317
Server Jitter SHM(0),0.1899,0.3322,0.4973,1.3601,3.3133, 5.1095,7.7852,,2.816,4.7773,0.9364,,1.5536,ms,4.277993276382528,17.633458892246722
Server Jitter SHM(1),0.013,0.047,0.071,0.222,1.835, 3.781,16.352,,1.764,3.734,0.7568,,0.4673,µs,3.7612201886711754,35.0600048128969
Server Offset SHM(0),11.982,13.3951,14.0303,18.8763,23.7603, 25.1305,26.937,,9.73,11.7354,3.1994,,18.6492,ms,127.19605251634152,687.5599077080917
Server Offset SHM(1),-16.124,-2.292,-0.495,0.004,0.528, 2.066,9.149,,1.023,4.358,0.6207,,-0.0005,µs,-6.1636861041662785,80.39297922650228
TDOP,0.66,0.68,0.75,1.01,13.53, 35.09,80.05,,12.78,34.41,7.5488,,2.9132, ,4.179181555812652,39.358102054081165
Temp ZONE0,50.15,50.7,51.25,54.0,55.65, 56.2,56.75,,4.4,5.5,1.2678,,53.8654,°C,71530.04725036606,2972654.615946563
nSats,4.0,10.0,12.0,14.0,15.0, 15.0,16.0,,3.0,5.0,1.4456,,13.5519,nSat,609.968344656572,5271.54986654003
