Name,Min,1%,5%,50%,95%,99%,Max,,90% Range,98% Range,StdDev,,Mean,Units,Skewness,Kurtosis
Local Clock Frequency Offset,8.0663,8.1768,8.2017,8.2655,8.3456, 8.3775,8.4206,,0.1439,0.2007,0.0426,,8.2714,ppm,7228990.515661506,1397848609.7659411
Local Clock Time Offset,-19.437,-2.159,-0.456,0.004,0.525, 1.74,9.122,,0.981,3.899,0.5614,,-0.0001,µs,-6.759975800335334,97.45085917848913
Local RMS Frequency Jitter,0.353,0.601,0.782,1.745,8.736, 16.632,56.893,,7.954,16.031,3.245,,2.9553,ppb,3.4473054157581875,25.829520118319397
Local RMS Time Jitter,0.057,0.094,0.123,0.262,1.062, 1.92,9.017,,0.939,1.826,0.3834,,0.3967,µs,4.473150239905754,46.0325714186715
Server Jitter SHM(0),0.1188,0.3648,0.5518,1.4219,4.0233, 5.9717,14.2968,,3.4715,5.6069,1.1947,,1.7265,ms,4.384974895963215,25.582820988167022
Server Jitter SHM(1),0.017,0.044,0.065,0.203,1.677, 3.352,18.5,,1.612,3.308,0.6814,,0.4336,µs,3.907906939145038,43.4603361790874
Server Offset SHM(0),3.1758,11.253,13.1489,18.3959,22.6277, 24.1516,27.3678,,9.4788,12.8986,3.2078,,17.9326,ms,110.30381467021284,569.3419597533579
Server Offset SHM(1),-19.438,-2.16,-0.457,0.005,0.526, 1.741,9.123,,0.983,3.901,0.5618,,-0.0001,µs,-6.754635885429113,97.24249992412939
TDOP,0.64,0.65,0.7,1.14,6.38, 12.5,46.98,,5.68,11.85,4.1855,,2.1104, ,6.287938185920935,62.045879594832705
Temp ZONE0,52.35,52.35,52.9,54.55,56.75, 57.85,58.95,,3.85,5.5,1.1859,,54.6577,°C,91805.44364270681,4145616.4050047356
nSats,8.0,10.0,11.0,14.0,15.0, 16.0,16.0,,4.0,6.0,1.4491,,13.5042,nSat,600.2018876315997,5192.489478159324
