Name,Min,1%,5%,50%,95%,99%,Max,,90% Range,98% Range,StdDev,,Mean,Units,Skewness,Kurtosis
Local Clock Frequency Offset,8.7492,8.8377,8.8706,9.0697,9.1557, 9.1776,9.2529,,0.2851,0.3399,0.0878,,9.057,ppm,1067836.813377101,109166340.46968211
Local Clock Time Offset,-15.413,-2.273,-0.531,0.012,0.576, 1.885,8.476,,1.107,4.158,0.6252,,-0.0,µs,-6.3612003753666775,80.14649598160007
Local RMS Frequency Jitter,0.476,0.838,1.03,2.035,9.63, 18.255,49.534,,8.6,17.417,3.5797,,3.3279,ppb,3.803414576726673,26.573685510920395
Local RMS Time Jitter,0.089,0.132,0.164,0.31,1.222, 2.055,6.236,,1.058,1.923,0.4166,,0.4535,µs,4.291989338118764,31.039587143564447
Server Jitter SHM(0),0.1577,0.3255,0.5283,1.4296,3.3232, 5.2328,8.3884,,2.7949,4.9073,0.9393,,1.6221,ms,4.572722880027541,19.144240292539585
Server Jitter SHM(1),0.02,0.064,0.097,0.264,1.789, 3.742,14.671,,1.692,3.678,0.7469,,0.5022,µs,4.217361475562547,40.75866584334822
Server Offset SHM(0),11.0013,12.5641,13.5062,18.925,23.591, 24.9499,26.6715,,10.0848,12.3858,3.1979,,18.533,ms,124.61608990317437,667.9855028997888
Server Offset SHM(1),-15.414,-2.274,-0.532,0.013,0.577, 1.886,8.477,,1.109,4.16,0.6256,,0.0001,µs,-6.356790062698833,79.99286772644876
TDOP,0.7,0.72,0.78,1.1,6.16, 17.19,50.9,,5.38,16.47,4.0311,,2.1455, ,7.104106221332083,80.13988398268474
Temp ZONE0,49.05,49.6,50.7,54.0,58.95, 60.05,60.6,,8.25,10.45,2.754,,54.5065,°C,6692.6595226341815,126851.16391371498
nSats,9.0,9.0,11.0,13.0,15.0, 16.0,16.0,,4.0,7.0,1.397,,13.2292,nSat,632.7663716244589,5572.282525583319
