Name,Min,1%,5%,50%,95%,99%,Max,,90% Range,98% Range,StdDev,,Mean,Units,Skewness,Kurtosis
Local Clock Frequency Offset,8.7685,8.9166,8.9595,9.0664,9.1497, 9.1649,9.225,,0.1902,0.2483,0.054,,9.0637,ppm,4652996.933835976,776857547.9574264
Local Clock Time Offset,-17.102,-2.067,-0.511,0.01,0.569, 1.809,8.829,,1.08,3.876,0.598,,0.0002,µs,-6.72957370862458,98.14756015335084
Local RMS Frequency Jitter,0.472,0.734,0.937,1.903,8.554, 18.619,50.276,,7.617,17.885,3.4676,,3.1364,ppb,3.7646496715246647,26.270076371958417
Local RMS Time Jitter,0.07,0.117,0.151,0.298,1.1, 2.164,7.633,,0.949,2.047,0.4136,,0.4327,µs,4.76337040983976,41.01499892293376
Server Jitter SHM(0),0.1904,0.3271,0.5184,1.4751,3.3313, 5.0102,9.5447,,2.8129,4.6832,0.9192,,1.6399,ms,4.618928029628667,18.75787678999169
Server Jitter SHM(1),0.017,0.063,0.094,0.254,1.619, 3.7,16.317,,1.525,3.637,0.7153,,0.4773,µs,4.571240130698068,48.239671879064915
Server Offset SHM(0),11.0906,12.9054,13.833,18.5406,23.6409, 24.7089,26.4948,,9.8079,11.8035,3.0863,,18.5451,ms,140.74754393225479,783.1121516369078
Server Offset SHM(1),-17.103,-2.068,-0.512,0.011,0.57, 1.81,8.83,,1.082,3.878,0.5985,,0.0002,µs,-6.724096574510024,97.93519127585091
TDOP,0.73,0.74,0.78,1.25,14.07, 25.97,93.05,,13.29,25.23,7.2999,,3.5482, ,6.585517728111357,80.32084912531364
Temp ZONE0,52.35,52.35,52.9,55.1,57.3, 58.4,58.95,,4.4,6.05,1.3394,,55.1848,°C,65093.635713644704,2621742.7982628196
nSats,8.0,9.0,11.0,13.0,15.0, 16.0,16.0,,4.0,7.0,1.4047,,13.2917,nSat,630.6769475233385,5538.980478564107
