Name,Min,1%,5%,50%,95%,99%,Max,,90% Range,98% Range,StdDev,,Mean,Units,Skewness,Kurtosis
Local Clock Frequency Offset,9.0028,9.1302,9.1528,9.2005,9.2331, 9.2566,9.289,,0.0804,0.1264,0.0233,,9.1991,ppm,61037474.721669644,24032613290.301334
Local Clock Time Offset,-18.258,-2.136,-0.497,0.009,0.526, 1.739,7.487,,1.023,3.875,0.5762,,-0.0001,µs,-6.478370034883356,86.24692861611678
Local RMS Frequency Jitter,0.346,0.695,0.882,1.88,8.26, 18.463,51.112,,7.378,17.768,3.3139,,3.0515,ppb,3.4809280947877905,21.983252621230253
Local RMS Time Jitter,0.06,0.111,0.142,0.293,1.099, 2.057,7.715,,0.957,1.946,0.3862,,0.4243,µs,4.131032551258094,32.13159738615994
Server Jitter SHM(0),0.1153,0.3354,0.4944,1.295,3.3969, 5.3019,8.3135,,2.9025,4.9666,0.9604,,1.5209,ms,4.1241595133972275,17.195580549298796
Server Jitter SHM(1),0.017,0.052,0.082,0.236,1.642, 3.582,17.781,,1.56,3.53,0.6918,,0.4588,µs,4.042501236033928,39.390282927668345
Server Offset SHM(0),7.8889,12.1617,13.4242,18.6483,23.3262, 24.6489,28.2867,,9.9019,12.4872,3.2269,,18.3149,ms,116.24691958945152,611.0853602482003
Server Offset SHM(1),-18.259,-2.137,-0.498,0.01,0.527, 1.74,7.488,,1.025,3.877,0.5766,,-0.0,µs,-6.47332560097788,86.06091158239286
TDOP,0.63,0.67,0.75,1.32,4.44, 11.32,15.38,,3.69,10.65,1.5959,,1.7794, ,5.287878806566469,37.028000913053795
Temp ZONE0,54.0,54.55,55.1,56.75,58.95, 60.05,60.6,,3.85,5.5,1.1036,,56.7042,°C,128023.8331868732,6457567.666557102
nSats,9.0,10.0,11.0,13.0,16.0, 16.0,16.0,,5.0,6.0,1.3897,,13.5458,nSat,695.2655599978173,6306.502680789472
