Name,Min,1%,5%,50%,95%,99%,Max,,90% Range,98% Range,StdDev,,Mean,Units,Skewness,Kurtosis
Local Clock Frequency Offset,7.6927,7.8092,7.8295,7.9319,8.0066, 8.0258,8.0959,,0.1771,0.2167,0.0487,,7.9306,ppm,4230275.547951927,684212949.8387218
Local Clock Time Offset,-11.134,-2.14,-0.413,0.002,0.488, 1.748,6.446,,0.901,3.888,0.5362,,-0.0001,µs,-6.069271861823714,62.06716954174325
Local RMS Frequency Jitter,0.296,0.523,0.679,1.582,8.543, 16.48,31.495,,7.864,15.957,3.1202,,2.7992,ppb,2.753316684754827,14.216417351967701
Local RMS Time Jitter,0.05,0.083,0.108,0.239,1.039, 1.868,4.269,,0.931,1.785,0.3618,,0.3754,µs,3.2195461208583316,18.25426088282533
Server Jitter SHM(0),0.1925,0.3622,0.5128,1.4671,4.7831, 7.7164,12.9133,,4.2704,7.3542,1.5203,,1.8985,ms,3.561447179003312,17.575978963255924
Server Jitter SHM(1),0.011,0.037,0.056,0.179,1.639, 3.263,10.837,,1.583,3.226,0.6504,,0.4047,µs,3.094668089312163,24.056206931576007
Server Offset SHM(0),2.7047,11.1516,12.9632,18.498,22.914, 24.3544,27.5865,,9.9508,13.2028,3.3025,,18.0412,ms,102.00189642552037,513.9505186972289
Server Offset SHM(1),-11.135,-2.141,-0.414,0.003,0.489, 1.749,6.447,,0.903,3.89,0.5366,,-0.0001,µs,-6.065380087385885,61.953568976449525
TDOP,0.67,0.69,0.73,1.28,11.16, 44.14,72.64,,10.43,43.45,7.8793,,3.5885, ,3.963523602426527,30.74655582917084
Temp ZONE0,50.15,51.25,51.8,54.0,55.65, 56.2,56.75,,3.85,4.95,1.1315,,53.7056,°C,100458.70110248071,4674294.280185107
nSats,8.0,10.0,11.0,14.0,15.0, 16.0,16.0,,4.0,6.0,1.2249,,13.4481,nSat,1022.9613847485606,10491.843960074068
