Name,Min,1%,5%,50%,95%,99%,Max,,90% Range,98% Range,StdDev,,Mean,Units,Skewness,Kurtosis
Local Clock Frequency Offset,7.1157,7.1985,7.2543,7.3807,7.5959, 7.6777,7.7615,,0.3416,0.4792,0.0981,,7.3938,ppm,411632.7624298662,30631777.009653866
Local Clock Time Offset,-17.296,-2.138,-0.424,0.004,0.569, 1.707,7.825,,0.993,3.845,0.5931,,0.0009,µs,-7.161968050190441,104.29816490095335
Local RMS Frequency Jitter,0.315,0.606,0.804,1.805,8.875, 19.42,61.84,,8.071,18.814,3.5835,,3.0584,ppb,3.6941596870964415,26.633072635690496
Local RMS Time Jitter,0.039,0.094,0.125,0.281,1.203, 2.213,9.019,,1.078,2.119,0.4367,,0.431,µs,4.180501537009883,35.52561469694177
Server Jitter SHM(0),0.4311,0.7784,1.1714,3.4716,10.9595, 16.8599,70.6249,,9.7881,16.0815,3.8783,,4.5102,ms,5.153882577891499,53.81268570472019
Server Jitter SHM(1),0.0,0.052,0.079,0.224,1.603, 3.645,17.248,,1.524,3.593,0.7153,,0.4451,µs,4.428786443559488,45.659429835015395
Server Offset SHM(0),-50.5065,-38.5152,-27.8879,0.1583,13.9496, 51.7776,61.2309,,41.8374,90.2928,15.6989,,-4.263,ms,-5.584652175214519,15.212498345200837
Server Offset SHM(1),-17.297,-2.139,-0.425,0.005,0.57, 1.708,7.826,,0.995,3.847,0.5935,,0.001,µs,-7.156050783969939,104.08495470096473
Temp ZONE0,47.95,47.95,48.5,50.15,54.0, 55.65,58.95,,5.5,7.7,1.6393,,50.7091,°C,26909.784014147695,808285.0381670101
