Name,Min,1%,5%,50%,95%,99%,Max,,90% Range,98% Range,StdDev,,Mean,Units,Skewness,Kurtosis
Local Clock Frequency Offset,8.5573,8.7062,8.7266,8.7675,8.7988, 8.8245,8.8683,,0.0722,0.1182,0.0223,,8.7647,ppm,60515056.26163687,23758747886.28068
Local Clock Time Offset,-9.809,-1.894,-0.516,0.009,0.578, 1.7,6.95,,1.094,3.594,0.5605,,0.0001,µs,-5.919594304928374,60.10993136738317
Local RMS Frequency Jitter,0.383,0.722,0.91,1.852,8.154, 17.593,35.402,,7.244,16.871,3.1579,,3.0383,ppb,3.253698261991045,17.597465497981286
Local RMS Time Jitter,0.063,0.115,0.145,0.284,0.987, 2.014,5.07,,0.842,1.899,0.3546,,0.4033,µs,4.027357714235155,24.335638976517213
Server Jitter SHM(0),0.1448,0.3647,0.5603,1.4298,3.5756, 5.7077,7.8467,,3.0153,5.343,1.0097,,1.6558,ms,4.18923710978047,16.58963048128649
Server Jitter SHM(1),0.012,0.06,0.093,0.248,1.619, 3.353,10.488,,1.526,3.293,0.6563,,0.4644,µs,3.760636463965785,30.143421411879274
Server Offset SHM(0),11.2539,13.591,14.4895,19.1901,23.8162, 25.0094,27.8244,,9.3267,11.4184,3.0746,,18.943,ms,153.03277870441372,872.7771628703571
Server Offset SHM(1),-9.81,-1.895,-0.517,0.01,0.579, 1.701,6.951,,1.096,3.596,0.5609,,0.0001,µs,-5.915393249468403,59.984097705186436
TDOP,0.65,0.71,0.75,0.98,3.52, 8.08,10.11,,2.77,7.37,1.3313,,1.3967, ,4.243439540489384,22.10480366494366
Temp ZONE0,52.9,53.45,54.0,55.65,56.75, 57.3,57.3,,2.75,3.85,0.8247,,55.3533,°C,289240.3345249489,19137087.011843402
nSats,10.0,10.0,11.0,14.0,15.0, 16.0,16.0,,4.0,6.0,1.1414,,13.4647,nSat,1290.5862794156576,14271.238414281665
