Name,Min,1%,5%,50%,95%,99%,Max,,90% Range,98% Range,StdDev,,Mean,Units,Skewness,Kurtosis
Local Clock Frequency Offset,8.9848,9.0851,9.1256,9.2451,9.3033, 9.3403,9.4309,,0.1777,0.2552,0.0516,,9.237,ppm,5625716.563640039,1000608980.7059227
Local Clock Time Offset,-18.902,-2.376,-0.504,0.006,0.596, 1.992,9.168,,1.1,4.368,0.6294,,0.0,µs,-6.921936268660191,94.5923324806799
Local RMS Frequency Jitter,0.432,0.795,0.986,2.014,9.871, 18.518,56.696,,8.885,17.723,3.61,,3.344,ppb,3.5664546293893693,24.718552844277173
Local RMS Time Jitter,0.069,0.126,0.161,0.314,1.256, 2.037,8.215,,1.095,1.911,0.4199,,0.457,µs,4.509757544809188,38.24657333926274
Server Jitter SHM(0),0.1874,0.3255,0.4738,1.314,3.3703, 5.2337,8.9169,,2.8964,4.9082,0.9673,,1.5346,ms,3.919058265073079,15.600307343795178
Server Jitter SHM(1),0.02,0.059,0.093,0.253,1.85, 3.76,17.998,,1.757,3.701,0.7543,,0.4984,µs,4.144866781332325,42.598056738737306
Server Offset SHM(0),7.3472,10.7826,12.5437,17.9497,22.6496, 24.2083,27.4727,,10.106,13.4257,3.2878,,17.5816,ms,95.15144380171134,471.7065104554565
Server Offset SHM(1),-18.903,-2.377,-0.505,0.007,0.597, 1.993,9.169,,1.102,4.37,0.6299,,0.0,µs,-6.916664635144502,94.40603690894608
TDOP,0.69,0.72,0.73,1.02,7.26, 31.12,35.58,,6.53,30.4,4.1091,,2.2452, ,4.494271013825613,33.293827873716324
Temp ZONE0,50.7,51.8,52.35,54.0,55.65, 56.2,56.75,,3.3,4.4,1.0223,,53.9519,°C,138947.21321368503,7202033.989957869
nSats,10.0,11.0,11.0,13.0,15.0, 16.0,16.0,,4.0,5.0,1.2555,,13.4167,nSat,937.5919442581603,9360.382363855333
