Name,Min,1%,5%,50%,95%,99%,Max,,90% Range,98% Range,StdDev,,Mean,Units,Skewness,Kurtosis
Local Clock Frequency Offset,8.2891,8.3808,8.403,8.5041,8.5457, 8.5718,8.6067,,0.1427,0.191,0.038,,8.4945,ppm,10985150.552713944,2442073992.752478
Local Clock Time Offset,-13.375,-2.16,-0.365,0.005,0.544, 1.611,6.293,,0.909,3.771,0.571,,0.0002,µs,-7.130416489269544,85.85306259302536
Local RMS Frequency Jitter,0.237,0.461,0.641,1.445,8.353, 18.666,36.953,,7.712,18.205,3.4491,,2.8338,ppb,2.8530788961985016,16.270492981629943
Local RMS Time Jitter,0.037,0.074,0.102,0.233,1.144, 2.211,5.569,,1.042,2.137,0.4286,,0.3941,µs,3.363453872479485,21.753416042295946
Server Jitter SHM(0),0.1936,0.3939,0.6047,1.5079,3.6741, 5.4811,10.0437,,3.0694,5.0872,1.0002,,1.7456,ms,4.546549585248003,18.01547762263807
Server Jitter SHM(1),0.013,0.039,0.06,0.17,1.7, 3.691,13.366,,1.64,3.652,0.7097,,0.4069,µs,3.474607643428503,30.544635591185216
Server Offset SHM(0),11.7524,13.1479,14.2819,19.3226,24.1649, 25.3638,27.533,,9.883,12.216,3.1507,,19.0518,ms,143.70960416551574,804.0537008262925
Server Offset SHM(1),-13.376,-2.161,-0.366,0.006,0.545, 1.612,6.294,,0.911,3.773,0.5714,,0.0003,µs,-7.124951385060406,85.6974187637766
TDOP,0.66,0.7,0.73,1.11,5.07, 14.58,39.8,,4.34,13.88,3.4459,,1.9373, ,6.254492930790902,61.93142259195427
Temp ZONE0,51.8,51.8,52.9,55.65,58.95, 59.5,60.05,,6.05,7.7,1.8721,,55.9969,°C,24253.836573911947,703739.3306466888
nSats,5.0,5.0,5.0,13.0,15.0, 16.0,16.0,,10.0,11.0,2.8338,,12.5602,nSat,49.180989097176855,192.93573742619705
