Name,Min,1%,5%,50%,95%,99%,Max,,90% Range,98% Range,StdDev,,Mean,Units,Skewness,Kurtosis
Local Clock Frequency Offset,7.3873,7.5357,7.5536,7.7215,7.8626, 7.9009,8.0056,,0.309,0.3652,0.0958,,7.7201,ppm,505033.17863586417,40231206.58446704
Local Clock Time Offset,-14.032,-2.398,-0.403,0.001,0.65, 1.697,7.503,,1.053,4.095,0.5998,,0.0001,µs,-7.216746104153868,89.00554988294938
Local RMS Frequency Jitter,0.278,0.554,0.748,1.746,9.107, 18.495,39.28,,8.359,17.941,3.5224,,3.0957,ppb,3.022337728942676,17.64787319028865
Local RMS Time Jitter,0.037,0.082,0.114,0.271,1.263, 2.193,5.976,,1.149,2.111,0.439,,0.4337,µs,3.2786891714090536,20.401613749112425
Server Jitter SHM(0),0.1461,0.3867,0.5881,1.4567,3.4166, 4.5933,7.678,,2.8285,4.2066,0.8866,,1.6521,ms,4.605768982368829,15.456722208460913
Server Jitter SHM(1),0.015,0.046,0.071,0.208,1.733, 3.597,14.024,,1.662,3.551,0.7274,,0.4457,µs,3.786777331159339,35.40438244155251
Server Offset SHM(0),-25.5455,-19.6157,-17.3479,-8.1366,-0.8673, 2.0578,5.6986,,16.4806,21.6735,4.9127,,-8.4134,ms,-28.3411976516417,103.71698775589594
Server Offset SHM(1),-14.033,-2.399,-0.404,0.002,0.651, 1.698,7.504,,1.055,4.097,0.6002,,0.0001,µs,-7.211122934050929,88.83713494634941
Temp ZONE0,49.05,49.6,50.15,52.35,56.2, 58.4,58.95,,6.05,8.8,1.9541,,52.8565,°C,17754.892619569215,464588.1127630732
