Name,Min,1%,5%,50%,95%,99%,Max,,90% Range,98% Range,StdDev,,Mean,Units,Skewness,Kurtosis
Local Clock Frequency Offset,8.8609,8.9838,9.106,9.2141,9.2802, 9.2975,9.3709,,0.1741,0.3138,0.0563,,9.2032,ppm,4284970.068105577,696032597.5574228
Local Clock Time Offset,-13.527,-2.317,-0.494,0.005,0.548, 1.933,7.483,,1.042,4.25,0.594,,-0.0006,µs,-6.133938420998692,67.24268939050302
Local RMS Frequency Jitter,0.416,0.783,0.965,1.937,9.663, 17.578,43.448,,8.698,16.795,3.3583,,3.2078,ppb,3.173131470852268,18.30108922092593
Local RMS Time Jitter,0.065,0.128,0.162,0.307,1.249, 1.915,5.819,,1.087,1.787,0.3859,,0.4451,µs,3.747190985272055,22.8411098938521
Server Jitter SHM(0),0.1334,0.3329,0.5171,1.2816,3.1054, 5.1119,7.9748,,2.5883,4.779,0.8956,,1.4803,ms,4.47784724360625,19.50842326309986
Server Jitter SHM(1),0.015,0.058,0.09,0.244,1.811, 3.612,12.693,,1.721,3.554,0.7056,,0.4778,µs,3.5735499728664424,30.202500885460857
Server Offset SHM(0),10.3075,11.6695,12.7072,18.3039,24.0385, 25.5143,28.1263,,11.3313,13.8448,3.5044,,18.2812,ms,87.6701820985042,425.81100649703086
Server Offset SHM(1),-13.528,-2.318,-0.495,0.006,0.549, 1.934,7.484,,1.044,4.252,0.5944,,-0.0006,µs,-6.129901832597284,67.1140114047341
TDOP,0.7,0.72,0.75,0.95,2.96, 13.62,29.75,,2.21,12.9,2.5186,,1.4673, ,6.794372906397008,66.8958052308035
Temp ZONE0,49.05,51.25,52.35,54.0,55.65, 56.2,56.75,,3.3,4.95,1.1,,53.9656,°C,111137.38724696738,5347894.3986341525
nSats,8.0,11.0,12.0,14.0,15.0, 16.0,16.0,,3.0,5.0,1.1074,,13.7208,nSat,1511.295879159136,17582.372312250973
