Name,Min,1%,5%,50%,95%,99%,Max,,90% Range,98% Range,StdDev,,Mean,Units,Skewness,Kurtosis
Local Clock Frequency Offset,8.903,9.0835,9.1006,9.1405,9.172, 9.1889,9.2236,,0.0714,0.1053,0.0226,,9.1384,ppm,65389543.800102144,26344082856.81456
Local Clock Time Offset,-17.416,-2.108,-0.535,0.016,0.558, 1.789,9.202,,1.093,3.897,0.6255,,0.0001,µs,-7.331108151557101,119.17703959397959
Local RMS Frequency Jitter,0.445,0.775,0.986,1.975,8.487, 19.519,52.232,,7.501,18.744,3.6691,,3.2324,ppb,4.1911613978411575,31.87692118095909
Local RMS Time Jitter,0.066,0.127,0.16,0.309,1.103, 2.349,7.931,,0.943,2.222,0.4591,,0.4511,µs,5.560351846011193,53.794512414363254
Server Jitter SHM(0),0.1301,0.3387,0.5155,1.4209,3.4172, 5.5296,9.0566,,2.9017,5.1909,0.9749,,1.6282,ms,4.324275567496104,17.857495561248523
Server Jitter SHM(1),0.024,0.068,0.102,0.269,1.658, 3.779,16.262,,1.556,3.711,0.7537,,0.4959,µs,5.059200681755121,56.077100581511196
Server Offset SHM(0),11.3127,12.9148,13.5903,18.3846,23.2488, 24.3917,26.1969,,9.6584,11.4769,3.1863,,18.2371,ms,119.64130709810385,634.9711201496388
Server Offset SHM(1),-17.417,-2.109,-0.536,0.017,0.559, 1.79,9.203,,1.095,3.899,0.6259,,0.0002,µs,-7.324678138721349,118.9240479861174
TDOP,0.63,0.65,0.68,1.08,4.53, 14.19,42.91,,3.85,13.54,3.2948,,1.7351, ,7.691754972762455,90.18815373493342
Temp ZONE0,54.55,54.55,55.1,56.75,58.4, 58.95,60.05,,3.3,4.4,0.9987,,56.8715,°C,175281.99784080448,9815825.254924932
nSats,8.0,11.0,12.0,14.0,15.0, 16.0,16.0,,3.0,5.0,1.2173,,13.5375,nSat,1066.0914240843827,11075.865792849116
