Name,Min,1%,5%,50%,95%,99%,Max,,90% Range,98% Range,StdDev,,Mean,Units,Skewness,Kurtosis
Local Clock Frequency Offset,8.6972,8.8073,8.8426,8.9185,9.0611, 9.0785,9.1216,,0.2185,0.2711,0.0648,,8.9278,ppm,2558099.880369289,349894184.8097445
Local Clock Time Offset,-12.876,-2.078,-0.463,0.006,0.522, 1.788,9.354,,0.985,3.866,0.5764,,0.0002,µs,-6.17007819870872,83.86631900344064
Local RMS Frequency Jitter,0.392,0.634,0.835,1.782,8.143, 18.433,44.721,,7.308,17.799,3.3837,,2.9762,ppb,3.569928036027122,22.991928618141934
Local RMS Time Jitter,0.056,0.101,0.134,0.277,1.064, 2.043,5.211,,0.93,1.942,0.3896,,0.4071,µs,4.169674010717404,29.402250734997576
Server Jitter SHM(0),0.2219,0.3682,0.5434,1.3911,3.133, 5.1352,8.2046,,2.5896,4.767,0.9002,,1.5785,ms,4.784967657202022,20.532090345527312
Server Jitter SHM(1),0.013,0.049,0.079,0.225,1.586, 3.552,13.491,,1.507,3.503,0.692,,0.4441,µs,4.309439183008567,42.37533511892476
Server Offset SHM(0),12.3452,13.7311,14.4733,19.5684,23.7509, 24.9149,27.8015,,9.2776,11.1838,3.0093,,19.1419,ms,170.1221834749494,999.6314301098257
Server Offset SHM(1),-12.877,-2.079,-0.464,0.007,0.523, 1.789,9.355,,0.987,3.868,0.5768,,0.0002,µs,-6.165789530697239,83.69420181975909
TDOP,0.67,0.68,0.74,1.2,9.42, 29.5,76.82,,8.68,28.82,6.3533,,2.8634, ,6.169088274557037,67.74417238273803
Temp ZONE0,51.25,51.8,52.35,53.45,57.3, 59.5,61.7,,4.95,7.7,1.7362,,54.0662,°C,27473.731905018285,830941.4526953157
nSats,9.0,10.0,12.0,14.0,15.0, 16.0,16.0,,3.0,6.0,1.1099,,13.6971,nSat,1491.773597152101,17281.639010208433
