Name,Min,1%,5%,50%,95%,99%,Max,,90% Range,98% Range,StdDev,,Mean,Units,Skewness,Kurtosis
Local Clock Frequency Offset,8.7569,8.8446,9.0303,9.223,9.353, 9.3948,9.4502,,0.3226,0.5502,0.1084,,9.198,ppm,590223.4302323929,49523417.06197697
Local Clock Time Offset,-18.779,-2.312,-0.497,0.006,0.57, 1.953,8.054,,1.067,4.265,0.6249,,-0.0001,µs,-6.641704702482649,93.4909513746027
Local RMS Frequency Jitter,0.465,0.756,0.969,1.974,9.673, 18.476,53.781,,8.704,17.72,3.609,,3.293,ppb,3.7668137781219224,28.104191797475963
Local RMS Time Jitter,0.066,0.118,0.156,0.31,1.237, 2.02,7.591,,1.081,1.902,0.4115,,0.4505,µs,4.381055287996878,36.05707788229843
Server Jitter SHM(0),0.1279,0.3008,0.4254,1.2301,3.153, 4.9433,8.1366,,2.7276,4.6425,0.9206,,1.4306,ms,3.881922656517891,16.297206741162
Server Jitter SHM(1),0.018,0.058,0.091,0.252,1.82, 3.657,18.263,,1.729,3.599,0.7483,,0.4904,µs,4.349496456344188,47.05469363935279
Server Offset SHM(0),10.9838,12.6833,13.5722,18.6888,23.7421, 25.0821,27.817,,10.1699,12.3988,3.3017,,18.4164,ms,109.76058030255976,568.4198210705364
Server Offset SHM(1),-18.78,-2.313,-0.498,0.007,0.571, 1.954,8.055,,1.069,4.267,0.6253,,-0.0,µs,-6.636905773944891,93.3062402199053
TDOP,0.63,0.64,0.69,1.05,6.31, 20.53,45.59,,5.62,19.89,4.2526,,2.2553, ,5.00075604608375,44.47848066302844
Temp ZONE0,48.5,49.6,50.7,52.35,55.1, 55.65,56.75,,4.4,6.05,1.4597,,52.6182,°C,43158.759982006646,1516354.9400377763
nSats,4.0,10.0,11.0,14.0,16.0, 17.0,17.0,,5.0,7.0,1.6473,,13.8264,nSat,424.4145886374566,3271.8805192974014
