Name,Min,1%,5%,50%,95%,99%,Max,,90% Range,98% Range,StdDev,,Mean,Units,Skewness,Kurtosis
Local Clock Frequency Offset,7.3623,7.5029,7.5298,7.7682,7.8837, 7.913,8.055,,0.3539,0.4102,0.1175,,7.7238,ppm,271559.3065871182,17593740.596627004
Local Clock Time Offset,-19.316,-2.191,-0.408,0.003,0.57, 1.787,6.883,,0.978,3.978,0.6162,,0.0001,µs,-8.008379863994968,119.54568421161427
Local RMS Frequency Jitter,0.354,0.616,0.784,1.718,9.224, 19.709,53.364,,8.44,19.093,3.7068,,3.076,ppb,3.3804578383041064,22.39813437553827
Local RMS Time Jitter,0.05,0.093,0.122,0.276,1.269, 2.428,8.587,,1.147,2.335,0.4765,,0.4411,µs,4.0194668850807,32.250645881091486
Server Jitter SHM(0),0.3143,0.52,0.7293,1.6288,3.6478, 4.9466,7.4982,,2.9185,4.4265,0.9205,,1.8359,ms,5.370307430129375,18.398188791601424
Server Jitter SHM(1),0.02,0.049,0.076,0.212,1.699, 3.823,19.308,,1.623,3.774,0.7572,,0.4467,µs,4.399470706919178,47.5050868446605
Server Offset SHM(0),-22.8405,-19.6015,-16.8026,-9.5622,0.4322, 6.4258,10.5796,,17.2349,26.0273,5.2884,,-9.3673,ms,-28.94248048247617,101.54673565365998
Server Offset SHM(1),-19.317,-2.192,-0.409,0.004,0.571, 1.788,6.884,,0.98,3.98,0.6166,,0.0001,µs,-8.001537166158604,119.31539602887328
Temp ZONE0,48.5,49.05,49.6,52.35,58.4, 58.95,59.5,,8.8,9.9,2.9539,,53.329,°C,5011.683849522654,86369.16001918168
