Name,Min,1%,5%,50%,95%,99%,Max,,90% Range,98% Range,StdDev,,Mean,Units,Skewness,Kurtosis
Local Clock Frequency Offset,7.3026,7.4033,7.4369,7.5453,7.6644, 7.7145,7.7997,,0.2275,0.3112,0.0697,,7.5514,ppm,1238124.1835916443,132972251.8773511
Local Clock Time Offset,-14.704,-2.31,-0.401,0.002,0.599, 1.702,7.761,,1.0,4.012,0.5963,,0.0002,µs,-7.220651107029458,91.61121521359674
Local RMS Frequency Jitter,0.315,0.564,0.781,1.746,9.113, 18.789,40.649,,8.332,18.225,3.5206,,3.0852,ppb,3.0606100694083502,17.57305507897662
Local RMS Time Jitter,0.046,0.09,0.123,0.282,1.275, 2.214,6.433,,1.152,2.124,0.4422,,0.4441,µs,3.381611540577041,21.557080313716842
Server Jitter SHM(0),0.3319,0.6372,0.8923,2.1529,6.0377, 12.6693,49.6075,,5.1454,12.0321,2.4576,,2.7534,ms,6.367316100694451,72.09369087966859
Server Jitter SHM(1),0.017,0.049,0.077,0.212,1.688, 3.642,14.585,,1.611,3.593,0.7242,,0.4455,µs,3.874970074629344,36.066924498697574
Server Offset SHM(0),-74.9031,-57.5573,-53.4284,-25.2429,-3.4787, 4.0187,24.4059,,49.9497,61.576,13.6807,,-26.5368,ms,-34.67772352216624,135.2012798446937
Server Offset SHM(1),-14.705,-2.311,-0.402,0.003,0.6, 1.703,7.762,,1.002,4.014,0.5967,,0.0003,µs,-7.214964671947667,91.43653240675006
Temp ZONE0,49.05,50.15,51.25,52.9,55.65, 56.75,57.3,,4.4,6.6,1.4042,,52.9114,°C,49464.47998424976,1818514.672867258
