Name,Min,1%,5%,50%,95%,99%,Max,,90% Range,98% Range,StdDev,,Mean,Units,Skewness,Kurtosis
Local Clock Frequency Offset,7.6777,7.7866,7.8054,7.8601,7.9415, 7.9571,8.0296,,0.1361,0.1706,0.0415,,7.8639,ppm,6707953.842139266,1265157402.8650174
Local Clock Time Offset,-13.872,-2.491,-0.439,0.004,0.614, 1.86,6.551,,1.053,4.351,0.6007,,0.0005,µs,-7.013468907548698,71.31420094480904
Local RMS Frequency Jitter,0.0,0.581,0.759,1.794,9.754, 17.873,38.336,,8.995,17.292,3.4472,,3.1779,ppb,2.6402685423709413,13.404480970945526
Local RMS Time Jitter,0.052,0.092,0.122,0.279,1.32, 2.152,5.944,,1.198,2.06,0.4374,,0.4498,µs,3.0271111957638306,17.33395671780806
Server Jitter SHM(0),0.0,0.3387,0.5361,1.4126,6.8549, 11.2212,22.1697,,6.3188,10.8825,2.0952,,2.0508,ms,3.1071608778691573,14.668520777711354
Server Jitter SHM(1),0.0,0.042,0.066,0.204,1.837, 3.697,13.87,,1.771,3.655,0.7288,,0.4605,µs,3.044859737255607,24.34498487378864
Server Offset SHM(0),-0.094,-0.0902,-0.0885,-0.0737,0.5435, 0.5461,599.4211,,0.6321,0.6362,8.2293,,0.2502,s,68.34471895352385,4977.09194020054
Server Offset SHM(1),-0.0,-0.0,-0.0,0.0,0.0, 0.0,599.1241,,0.0,0.0,2.9084,,0.0153,s,200.40547026902462,41262.028396081056
TDOP,0.68,0.69,0.74,1.08,6.14, 12.67,135.09,,5.4,11.98,8.93,,2.4874, ,11.313200227702849,167.93991824427212
Temp ZONE0,51.25,51.25,52.35,54.0,56.2, 57.85,59.5,,3.85,6.6,1.2468,,54.0716,°C,76190.89640695803,3233692.414089381
nSats,8.0,8.0,11.0,14.0,16.0, 16.0,16.0,,5.0,8.0,1.57,,13.6429,nSat,477.24208004412543,3838.43385389439
