Name,Min,1%,5%,50%,95%,99%,Max,,90% Range,98% Range,StdDev,,Mean,Units,Skewness,Kurtosis
Local Clock Frequency Offset,7.5102,7.6347,7.6873,7.8072,7.9059, 7.9455,8.0088,,0.2186,0.3108,0.0649,,7.7946,ppm,1686775.5254067343,200818732.499298
Local Clock Time Offset,-15.215,-2.191,-0.411,0.006,0.579, 1.703,6.572,,0.99,3.894,0.5872,,0.0003,µs,-7.352425079869778,91.60892065850342
Local RMS Frequency Jitter,0.342,0.624,0.807,1.74,8.941, 18.562,42.039,,8.134,17.938,3.4377,,3.0429,ppb,3.157862012257393,18.420973349937796
Local RMS Time Jitter,0.052,0.093,0.128,0.282,1.247, 2.258,6.51,,1.119,2.165,0.4427,,0.439,µs,3.7154792678320057,25.960413487887433
Server Jitter SHM(0),0.2023,0.5097,0.7224,1.6303,3.6458, 4.9977,8.0596,,2.9234,4.488,0.9442,,1.8393,ms,5.246807351737692,18.99326158452479
Server Jitter SHM(1),0.009,0.052,0.082,0.221,1.694, 3.74,15.139,,1.612,3.688,0.7152,,0.449,µs,3.8726608546354915,35.53086052785871
Server Offset SHM(0),-22.2057,-16.7751,-14.0513,-6.912,1.1028, 6.4258,10.5796,,15.1541,23.2009,4.6538,,-6.6814,ms,-21.456028361703645,71.44592732714383
Server Offset SHM(1),-15.216,-2.192,-0.412,0.007,0.58, 1.704,6.573,,0.992,3.896,0.5876,,0.0003,µs,-7.346203862351488,91.42571318191189
Temp ZONE0,49.6,50.15,50.7,54.55,58.95, 59.5,59.5,,8.25,9.35,2.89,,54.8444,°C,5864.0554687906215,106391.60075452845
