Name,Min,1%,5%,50%,95%,99%,Max,,90% Range,98% Range,StdDev,,Mean,Units,Skewness,Kurtosis
Local Clock Frequency Offset,7.0825,7.1674,7.2079,7.3584,7.6625, 7.6955,7.7512,,0.4546,0.528,0.136,,7.3861,ppm,151822.41027617763,8105082.875475344
Local Clock Time Offset,-17.296,-2.143,-0.408,0.002,0.562, 1.748,7.825,,0.97,3.891,0.5946,,0.0007,µs,-7.221785045009073,102.62639928520407
Local RMS Frequency Jitter,0.315,0.605,0.789,1.73,8.853, 19.275,47.82,,8.064,18.67,3.5375,,3.0152,ppb,3.3632158184213288,21.18444190864029
Local RMS Time Jitter,0.039,0.092,0.122,0.269,1.218, 2.235,9.019,,1.096,2.143,0.4394,,0.4245,µs,4.040840279895419,34.235018641595715
Server Jitter SHM(0),0.4311,0.8859,1.2313,3.0973,9.0264, 16.9552,58.0086,,7.7951,16.0693,3.435,,4.0189,ms,5.727464527551314,60.84537666835407
Server Jitter SHM(1),0.01,0.05,0.078,0.215,1.617, 3.725,17.248,,1.539,3.675,0.7215,,0.4374,µs,4.313126805190655,43.85363819812558
Server Offset SHM(0),-24.3492,-11.0117,-2.522,6.546,17.789, 51.757,61.2309,,20.311,62.7687,8.2351,,7.3876,ms,2.142042544191803,15.807441200406437
Server Offset SHM(1),-17.297,-2.144,-0.409,0.003,0.563, 1.749,7.826,,0.972,3.893,0.595,,0.0008,µs,-7.215947388356462,102.42295232581492
Temp ZONE0,47.4,47.95,47.95,50.15,55.65, 57.85,60.05,,7.7,9.9,2.2021,,50.8306,°C,10835.645546716238,240830.3119015804
