Name,Min,1%,5%,50%,95%,99%,Max,,90% Range,98% Range,StdDev,,Mean,Units,Skewness,Kurtosis
Local Clock Frequency Offset,8.5918,8.7477,8.7804,9.0835,9.2099, 9.2569,9.3067,,0.4295,0.5091,0.1314,,9.0463,ppm,312690.34669669915,21232698.405799333
Local Clock Time Offset,-15.17,-2.24,-0.57,0.014,0.594, 1.942,7.887,,1.164,4.182,0.6227,,-0.0001,µs,-6.295813032476487,79.25627605364663
Local RMS Frequency Jitter,0.559,0.906,1.158,2.222,9.454, 18.349,47.162,,8.296,17.443,3.451,,3.4341,ppb,3.916283659480259,26.429584766870995
Local RMS Time Jitter,0.09,0.146,0.183,0.336,1.217, 2.039,7.245,,1.034,1.893,0.4092,,0.4714,µs,4.807131976779314,39.310096921630326
Server Jitter SHM(0),0.2056,0.362,0.5311,1.3771,3.1898, 5.007,8.2855,,2.6586,4.6451,0.9044,,1.5585,ms,4.651174009312007,20.18026445168403
Server Jitter SHM(1),0.025,0.078,0.115,0.298,1.782, 3.655,14.211,,1.667,3.577,0.7219,,0.5267,µs,4.335213267462818,41.80037488256941
Server Offset SHM(0),11.187,12.6564,13.483,18.4979,23.633, 24.8349,26.9819,,10.15,12.1785,3.2278,,18.5205,ms,120.59794030572704,641.2217074878771
Server Offset SHM(1),-15.171,-2.241,-0.571,0.015,0.595, 1.943,7.888,,1.166,4.184,0.6231,,0.0,µs,-6.291151607627828,79.09068048015783
TDOP,0.75,0.75,0.78,1.29,11.45, 44.09,99.25,,10.67,43.34,8.4285,,3.3228, ,5.7478478355468425,61.26328190012406
Temp ZONE0,47.95,49.05,49.6,52.9,56.2, 56.75,56.75,,6.6,7.7,1.9544,,52.9573,°C,17851.361622517376,467902.22790594544
nSats,9.0,10.0,11.0,13.0,16.0, 16.0,16.0,,5.0,6.0,1.3729,,13.4167,nSat,701.1487288741894,6375.945558615775
