Name,Min,1%,5%,50%,95%,99%,Max,,90% Range,98% Range,StdDev,,Mean,Units,Skewness,Kurtosis
Local Clock Frequency Offset,8.2327,8.3709,8.3972,8.4611,8.5302, 8.581,8.6389,,0.1329,0.2101,0.0426,,8.4633,ppm,7699913.980954815,1520559709.114829
Local Clock Time Offset,-12.939,-2.158,-0.36,0.003,0.553, 1.63,6.934,,0.913,3.788,0.5704,,-0.0,µs,-6.850599190572187,80.15796751730785
Local RMS Frequency Jitter,0.249,0.46,0.615,1.402,8.4, 18.694,35.837,,7.785,18.234,3.4707,,2.8002,ppb,2.763772993236337,15.567821997420134
Local RMS Time Jitter,0.034,0.073,0.102,0.229,1.194, 2.232,5.41,,1.092,2.159,0.4287,,0.3937,µs,3.0646403986990833,18.20465318059521
Server Jitter SHM(0),0.2197,0.3469,0.536,1.3362,3.3756, 5.6364,8.7119,,2.8396,5.2896,0.9591,,1.56,ms,4.2695996849588935,17.563422487416922
Server Jitter SHM(1),0.014,0.039,0.059,0.168,1.701, 3.718,12.938,,1.642,3.679,0.7092,,0.4021,µs,3.382777418111714,29.352469038695368
Server Offset SHM(0),12.0459,13.4477,14.6999,19.4963,24.3732, 25.5773,27.6992,,9.6733,12.1296,3.1441,,19.4919,ms,156.17869061678982,895.3274630412484
Server Offset SHM(1),-12.94,-2.159,-0.361,0.004,0.554, 1.631,6.935,,0.915,3.79,0.5708,,0.0,µs,-6.845761474766759,80.01745133033616
TDOP,0.61,0.64,0.71,1.04,7.82, 41.91,157.92,,7.11,41.27,11.2638,,3.1131, ,8.810881759213862,120.6544552151239
Temp ZONE0,52.35,52.35,52.9,54.55,57.3, 58.95,59.5,,4.4,6.6,1.3649,,54.817,°C,60179.60673987846,2361467.6086863745
nSats,5.0,5.0,5.0,13.0,16.0, 16.0,16.0,,11.0,11.0,3.0638,,12.4979,nSat,36.97106267406647,132.8364764712435
