Name,Min,1%,5%,50%,95%,99%,Max,,90% Range,98% Range,StdDev,,Mean,Units,Skewness,Kurtosis
Local Clock Frequency Offset,7.6433,7.7554,7.7805,7.8984,7.9573, 8.0131,8.0787,,0.1768,0.2577,0.0548,,7.8843,ppm,2923019.3588781897,417975872.339914
Local Clock Time Offset,-12.05,-2.184,-0.458,0.005,0.514, 1.753,6.61,,0.972,3.937,0.5453,,0.0001,µs,-6.120662292955337,62.69721338831067
Local RMS Frequency Jitter,0.261,0.53,0.713,1.725,8.662, 16.215,33.953,,7.949,15.685,3.1105,,2.9161,ppb,2.868063528347434,15.466419642178513
Local RMS Time Jitter,0.043,0.083,0.111,0.256,1.054, 1.847,4.809,,0.943,1.764,0.3654,,0.3878,µs,3.384162997979003,20.488507980824345
Server Jitter SHM(0),0.2083,0.3517,0.5178,1.4318,4.3277, 6.7946,14.1967,,3.8099,6.443,1.3284,,1.7805,ms,3.9215231279873075,21.012030458873856
Server Jitter SHM(1),0.013,0.038,0.058,0.195,1.699, 3.256,11.736,,1.641,3.218,0.6589,,0.4268,µs,3.1011582940478033,24.59053582509301
Server Offset SHM(0),2.1249,11.0001,12.5483,17.5292,22.3321, 23.961,26.0209,,9.7839,12.961,3.23,,17.3493,ms,96.53574041172372,480.38981074204014
Server Offset SHM(1),-12.051,-2.185,-0.459,0.006,0.515, 1.754,6.611,,0.974,3.939,0.5458,,0.0002,µs,-6.1165149549957265,62.578417620638874
TDOP,0.67,0.68,0.74,1.22,15.88, 141.05,186.24,,15.14,140.37,20.7943,,6.2259, ,3.9544193931520226,32.02030187757398
Temp ZONE0,50.7,51.25,51.8,55.1,58.95, 60.05,60.6,,7.15,8.8,2.494,,55.3145,°C,9563.92654885899,203911.37383229565
nSats,10.0,10.0,11.0,13.0,15.0, 16.0,16.0,,4.0,6.0,1.3725,,12.9087,nSat,619.1350516868273,5421.535692941351
