Name,Min,1%,5%,50%,95%,99%,Max,,90% Range,98% Range,StdDev,,Mean,Units,Skewness,Kurtosis
Local Clock Frequency Offset,8.903,9.0873,9.1058,9.1409,9.1699, 9.1825,9.2268,,0.0641,0.0952,0.0209,,9.1388,ppm,82963026.6338251,36184063686.471565
Local Clock Time Offset,-17.416,-2.096,-0.533,0.016,0.562, 1.782,9.172,,1.095,3.878,0.6186,,-0.0002,µs,-7.467396822771944,121.35629791265542
Local RMS Frequency Jitter,0.445,0.792,1.004,1.969,8.435, 18.957,52.232,,7.431,18.165,3.6103,,3.2183,ppb,4.20686793407039,32.140515244410906
Local RMS Time Jitter,0.066,0.128,0.163,0.308,1.098, 2.322,7.726,,0.935,2.194,0.446,,0.4478,µs,5.437974612232511,51.4096818959755
Server Jitter SHM(0),0.166,0.3473,0.5455,1.4248,3.4172, 5.5415,9.0566,,2.8718,5.1941,0.9718,,1.6349,ms,4.475465426308778,18.94548058450758
Server Jitter SHM(1),0.024,0.069,0.103,0.271,1.653, 3.698,16.262,,1.55,3.629,0.7431,,0.4944,µs,5.121645676449258,57.69724676540252
Server Offset SHM(0),11.3127,12.9378,13.6064,18.5319,23.6829, 24.8195,27.0423,,10.0765,11.8817,3.2536,,18.3482,ms,113.87871077097759,596.2625489395765
Server Offset SHM(1),-17.417,-2.097,-0.534,0.017,0.563, 1.783,9.173,,1.097,3.88,0.6191,,-0.0001,µs,-7.4605871384655815,121.09197886055631
TDOP,0.63,0.65,0.71,1.21,4.17, 14.19,42.91,,3.46,13.54,3.2101,,1.8055, ,8.358439783758916,100.70786916860708
Temp ZONE0,54.0,54.55,55.1,56.75,58.4, 58.95,59.5,,3.3,4.4,0.9885,,56.8485,°C,180608.4125423231,10215374.075195894
nSats,8.0,11.0,12.0,14.0,15.0, 16.0,16.0,,3.0,5.0,1.1876,,13.5792,nSat,1166.18417852369,12466.647434835013
