Name,Min,1%,5%,50%,95%,99%,Max,,90% Range,98% Range,StdDev,,Mean,Units,Skewness,Kurtosis
Local Clock Frequency Offset,7.7554,7.8886,7.948,8.0491,8.1232, 8.1555,8.2229,,0.1752,0.267,0.059,,8.0443,ppm,2483288.6911946735,336318000.800576
Local Clock Time Offset,-10.453,-2.233,-0.395,0.0,0.473, 1.842,6.481,,0.868,4.075,0.5479,,0.0003,µs,-5.660563022345442,57.853010644236214
Local RMS Frequency Jitter,0.3,0.523,0.674,1.589,8.659, 17.231,31.128,,7.985,16.708,3.2067,,2.8396,ppb,2.700263930101432,13.732306604863656
Local RMS Time Jitter,0.042,0.081,0.105,0.237,1.051, 1.905,4.8,,0.946,1.824,0.3708,,0.3769,µs,3.17315287813292,18.44170302951394
Server Jitter SHM(0),0.1631,0.3787,0.5784,1.4008,3.515, 5.5263,8.7958,,2.9366,5.1476,0.9865,,1.6326,ms,4.233821934477701,16.864579676319906
Server Jitter SHM(1),0.009,0.037,0.056,0.174,1.686, 3.342,10.533,,1.63,3.305,0.6676,,0.4053,µs,3.0339238998219225,23.206402859780177
Server Offset SHM(0),11.8768,13.0144,13.9766,19.3209,24.0691, 25.2046,27.0287,,10.0925,12.1902,3.1581,,19.0047,ms,141.36658043212873,786.448405458928
Server Offset SHM(1),-10.454,-2.234,-0.396,-0.0,0.474, 1.843,6.482,,0.87,4.077,0.5483,,0.0003,µs,-5.657585719260649,57.75285355131711
TDOP,0.73,0.75,0.78,1.18,14.5, 42.2,120.67,,13.72,41.45,10.4466,,4.2657, ,5.7070623523118424,59.70034266831253
Temp ZONE0,49.6,49.6,50.7,51.8,54.0, 54.55,54.55,,3.3,4.95,0.9635,,52.1415,°C,150032.28395991304,7977891.96584692
nSats,9.0,9.0,10.0,13.0,15.0, 16.0,16.0,,5.0,7.0,1.4928,,13.0292,nSat,484.30926585039407,3914.345302737495
