Name,Min,1%,5%,50%,95%,99%,Max,,90% Range,98% Range,StdDev,,Mean,Units,Skewness,Kurtosis
Local Clock Frequency Offset,8.9067,9.0576,9.1194,9.2611,9.3275, 9.3518,9.4149,,0.2081,0.2942,0.0638,,9.2467,ppm,2978871.1630871957,428657630.7018098
Local Clock Time Offset,-16.017,-2.326,-0.518,0.009,0.568, 1.92,7.235,,1.086,4.246,0.6141,,-0.0003,µs,-6.3992446870191735,74.19991657816115
Local RMS Frequency Jitter,0.521,0.822,1.027,2.035,9.848, 18.361,45.949,,8.821,17.539,3.4665,,3.3214,ppb,3.3909258369886115,20.576599929890353
Local RMS Time Jitter,0.069,0.13,0.167,0.319,1.253, 1.976,6.703,,1.086,1.846,0.3948,,0.4552,µs,4.117521725569589,29.646251278616393
Server Jitter SHM(0),0.1756,0.3145,0.4962,1.4288,3.6246, 5.6589,29.4295,,3.1283,5.3444,1.121,,1.6517,ms,6.32651440059224,90.8215990332026
Server Jitter SHM(1),0.02,0.065,0.1,0.263,1.823, 3.721,15.426,,1.723,3.656,0.7301,,0.5,µs,3.8220316528590903,33.68327394305827
Server Offset SHM(0),-8.5941,10.307,11.7012,17.3747,22.466, 24.2887,27.4727,,10.7648,13.9817,3.4516,,17.1536,ms,74.35367583668227,343.71551751812655
Server Offset SHM(1),-16.018,-2.327,-0.519,0.01,0.569, 1.921,7.236,,1.088,4.248,0.6145,,-0.0003,µs,-6.394681122376969,74.05430491014984
TDOP,0.65,0.7,0.73,0.95,3.03, 9.45,34.88,,2.3,8.75,2.8041,,1.5442, ,7.93978676505703,85.65813545672032
Temp ZONE0,51.25,51.25,52.9,55.1,58.95, 60.05,60.6,,6.05,8.8,2.1935,,55.501,°C,14426.257745420316,352388.81212391914
nSats,9.0,9.0,11.0,14.0,15.0, 16.0,16.0,,4.0,7.0,1.3264,,13.625,nSat,824.0576874559371,7878.282123696504
