Name,Min,1%,5%,50%,95%,99%,Max,,90% Range,98% Range,StdDev,,Mean,Units,Skewness,Kurtosis
Local Clock Frequency Offset,8.8781,8.9874,9.0102,9.1546,9.2531, 9.2837,9.376,,0.2429,0.2963,0.078,,9.146,ppm,1573749.0719742323,183081572.6256142
Local Clock Time Offset,-21.484,-2.275,-0.645,0.018,0.625, 1.996,12.645,,1.27,4.271,0.6756,,-0.0006,µs,-6.500017491133113,113.3954099120944
Local RMS Frequency Jitter,0.485,0.944,1.25,2.425,9.864, 19.655,68.13,,8.614,18.711,3.8097,,3.6579,ppb,4.8665011661598845,43.18878757450943
Local RMS Time Jitter,0.079,0.143,0.193,0.366,1.228, 2.167,9.246,,1.035,2.024,0.4502,,0.4991,µs,6.03750125505456,62.519604565212255
Server Jitter SHM(0),0.0697,0.347,0.5397,1.3635,3.0895, 4.7588,8.0235,,2.5498,4.4118,0.8508,,1.5351,ms,4.856846732980557,19.894059723148594
Server Jitter SHM(1),0.018,0.071,0.118,0.342,1.837, 3.772,21.116,,1.719,3.701,0.7861,,0.5679,µs,5.715272974647879,74.809256151328
Server Offset SHM(0),11.6647,12.5334,13.4948,19.4239,24.234, 25.3908,27.1592,,10.7392,12.8574,3.4153,,19.0537,ms,109.62276483602032,565.1878396205069
Server Offset SHM(1),-21.485,-2.276,-0.646,0.019,0.625, 1.997,12.646,,1.271,4.273,0.676,,-0.0005,µs,-6.495226552337017,113.15609053600721
TDOP,0.69,0.73,0.81,1.2,8.21, 29.76,47.1,,7.4,29.03,4.9375,,2.5852, ,4.075199752275158,31.004433422650752
Temp ZONE0,50.15,50.7,50.7,52.9,55.1, 56.75,58.4,,4.4,6.05,1.3551,,53.0455,°C,55615.4201486047,2125842.088872347
nSats,9.0,9.0,12.0,14.0,15.0, 16.0,16.0,,3.0,7.0,1.2744,,13.6198,nSat,937.5856682253848,9351.37561935817
