Name,Min,1%,5%,50%,95%,99%,Max,,90% Range,98% Range,StdDev,,Mean,Units,Skewness,Kurtosis
Local Clock Frequency Offset,7.7528,7.8481,7.8813,8.0015,8.1369, 8.2134,8.2385,,0.2557,0.3653,0.0747,,8.003,ppm,1196994.1751853111,127115958.49737416
Local Clock Time Offset,-13.456,-2.157,-0.389,0.0,0.478, 1.831,6.696,,0.867,3.988,0.5546,,-0.0001,µs,-6.557244501590085,83.89693106089257
Local RMS Frequency Jitter,0.273,0.501,0.64,1.576,8.544, 17.528,39.205,,7.904,17.027,3.2996,,2.8125,ppb,3.052867312229841,18.500591599486754
Local RMS Time Jitter,0.048,0.079,0.102,0.235,1.043, 1.957,5.471,,0.941,1.878,0.3875,,0.3749,µs,3.6364664140884333,25.382219442505413
Server Jitter SHM(0),0.1638,0.3504,0.5291,1.4172,3.4157, 5.3258,7.1693,,2.8866,4.9754,0.9628,,1.6394,ms,4.1879687530154115,15.416513062983391
Server Jitter SHM(1),0.015,0.037,0.055,0.169,1.649, 3.331,12.944,,1.594,3.294,0.68,,0.4024,µs,3.5530217679986227,33.1483105277397
Server Offset SHM(0),10.2145,12.6983,13.6035,18.7522,23.8174, 25.187,26.5759,,10.2139,12.4887,3.2779,,18.4118,ms,112.34620658505845,585.7351362760744
Server Offset SHM(1),-13.457,-2.158,-0.39,0.0,0.479, 1.832,6.697,,0.869,3.99,0.5549,,-0.0001,µs,-6.552704993626311,83.73812559113227
TDOP,0.6,0.65,0.73,1.02,4.93, 25.38,125.51,,4.2,24.73,9.0218,,2.4188, ,9.035751215649855,119.93207655712386
Temp ZONE0,49.6,50.15,50.7,52.35,54.55, 56.2,57.85,,3.85,6.05,1.2563,,52.3798,°C,67502.52874560333,2751888.366573394
nSats,6.0,11.0,12.0,14.0,15.0, 16.0,16.0,,3.0,5.0,1.1898,,13.8667,nSat,1240.1343865810236,13517.732776471725
