Name,Min,1%,5%,50%,95%,99%,Max,,90% Range,98% Range,StdDev,,Mean,Units,Skewness,Kurtosis
Local Clock Frequency Offset,8.8213,8.9293,8.9684,9.1581,9.2297, 9.2563,9.3132,,0.2613,0.327,0.0764,,9.1397,ppm,1668768.5696100765,197965336.00847697
Local Clock Time Offset,-20.654,-2.346,-0.571,0.013,0.605, 1.962,12.736,,1.176,4.308,0.6386,,0.0001,µs,-6.193492562279156,95.1212076859973
Local RMS Frequency Jitter,0.653,0.963,1.166,2.181,9.769, 18.673,66.98,,8.603,17.71,3.5917,,3.4676,ppb,4.224756866678992,35.464207281077854
Local RMS Time Jitter,0.104,0.15,0.184,0.334,1.217, 2.095,9.33,,1.033,1.945,0.4194,,0.4716,µs,5.297220754460412,53.55203126359483
Server Jitter SHM(0),0.1113,0.3052,0.4911,1.3298,3.1707, 5.0669,7.9328,,2.6797,4.7617,0.8892,,1.5086,ms,4.483196710625433,18.883427821893896
Server Jitter SHM(1),0.029,0.079,0.118,0.3,1.841, 3.68,19.19,,1.723,3.601,0.7495,,0.5331,µs,4.840325112055812,58.315678865800265
Server Offset SHM(0),11.9855,13.0001,13.9126,18.9991,23.5623, 24.9372,27.8649,,9.6497,11.9371,3.106,,18.7475,ms,142.81780213019934,797.3397619519449
Server Offset SHM(1),-20.655,-2.347,-0.572,0.014,0.606, 1.963,12.737,,1.178,4.31,0.639,,0.0002,µs,-6.18919196076472,94.91869722859198
TDOP,0.68,0.7,0.75,1.25,4.24, 10.03,12.89,,3.49,9.33,1.6274,,1.898, ,3.835388865795821,20.59657407241589
Temp ZONE0,50.15,50.7,51.25,54.0,55.65, 56.2,56.75,,4.4,5.5,1.2934,,53.6828,°C,66572.64565376507,2701365.0590364356
nSats,10.0,10.0,11.0,14.0,16.0, 16.0,16.0,,5.0,6.0,1.2789,,13.5145,nSat,904.1017050428642,8920.548940967967
