Name,Min,1%,5%,50%,95%,99%,Max,,90% Range,98% Range,StdDev,,Mean,Units,Skewness,Kurtosis
Local Clock Frequency Offset,6.9737,7.1244,7.3806,7.5849,7.6779, 7.732,7.8028,,0.2972,0.6076,0.1001,,7.5682,ppm,415693.7708915324,31034701.894039266
Local Clock Time Offset,-15.202,-2.267,-0.408,0.003,0.594, 1.706,6.402,,1.002,3.973,0.5946,,-0.001,µs,-8.11053593579128,113.52046427358312
Local RMS Frequency Jitter,0.369,0.577,0.76,1.745,8.878, 18.821,42.025,,8.118,18.244,3.5229,,3.0328,ppb,3.2780316979611204,20.266532472011804
Local RMS Time Jitter,0.056,0.092,0.123,0.278,1.246, 2.251,6.618,,1.123,2.159,0.4476,,0.4373,µs,3.7072810321397043,26.142209323345014
Server Jitter SHM(0),0.2364,0.7273,1.059,2.6224,9.1142, 12.2451,17.5579,,8.0552,11.5178,2.6133,,3.5958,ms,2.683160260888248,8.155856014874432
Server Jitter SHM(1),0.011,0.049,0.075,0.209,1.652, 3.569,15.216,,1.577,3.52,0.7266,,0.4404,µs,4.2709700319824355,43.884989927656655
Server Offset SHM(0),-46.754,-41.2045,-37.598,-28.3496,-2.6448, 2.6808,7.8743,,34.9532,43.8852,10.2911,,-25.52,ms,-51.44950806890439,207.28846877355713
Server Offset SHM(1),-15.203,-2.268,-0.409,0.004,0.595, 1.707,6.403,,1.004,3.975,0.595,,-0.001,µs,-8.10324107963471,113.29386829890849
Temp ZONE0,47.4,47.95,49.05,52.9,55.1, 56.2,56.75,,6.05,8.25,1.6223,,52.8041,°C,31497.977869414386,996659.3837149659
