Name,Min,1%,5%,50%,95%,99%,Max,,90% Range,98% Range,StdDev,,Mean,Units,Skewness,Kurtosis
Local Clock Frequency Offset,7.6777,7.7892,7.8094,7.8898,7.9599, 7.981,8.0478,,0.1505,0.1918,0.046,,7.8894,ppm,4943412.698925605,842168582.0369023
Local Clock Time Offset,-13.872,-2.316,-0.478,0.002,0.579, 1.834,6.729,,1.057,4.15,0.5855,,0.0002,µs,-6.5636462690469255,72.6696920052779
Local RMS Frequency Jitter,0.0,0.538,0.726,1.81,9.389, 17.497,38.336,,8.663,16.959,3.3756,,3.0809,ppb,2.8756258363108493,16.07298527250574
Local RMS Time Jitter,0.04,0.084,0.114,0.266,1.186, 2.045,5.944,,1.072,1.961,0.4094,,0.4127,µs,3.406429830206461,22.248011976170055
Server Jitter SHM(0),0.0,0.4142,0.6702,1.786,5.1429, 9.4396,22.1697,,4.4727,9.0254,1.6948,,2.2114,ms,4.3192846325945995,26.154554691315912
Server Jitter SHM(1),0.0,0.038,0.06,0.208,1.792, 3.567,13.87,,1.732,3.529,0.7135,,0.4535,µs,3.29751022543564,28.18090770062164
Server Offset SHM(0),-0.094,-0.0901,-0.0806,0.0097,0.2726, 0.2761,599.4211,,0.3532,0.3663,8.2265,,0.2399,s,68.40042403008671,4982.939542600789
Server Offset SHM(1),-0.0,-0.0,-0.0,0.0,0.0, 0.0,599.1241,,0.0,0.0,2.9084,,0.0153,s,200.40547026837035,41262.02839598937
TDOP,0.62,0.62,0.76,1.13,5.59, 6.35,6.59,,4.83,5.73,1.395,,1.7995, ,2.7366165089432375,8.375732352326397
Temp ZONE0,51.25,51.25,52.35,54.55,56.75, 57.3,58.4,,4.4,6.05,1.3431,,54.5017,°C,62125.3903699736,2463669.5187876113
nSats,7.0,8.0,11.0,14.0,16.0, 16.0,16.0,,5.0,8.0,1.5459,,13.5546,nSat,490.9623510720628,3975.2944623142694
