Name,Min,1%,5%,50%,95%,99%,Max,,90% Range,98% Range,StdDev,,Mean,Units,Skewness,Kurtosis
Local Clock Frequency Offset,8.5485,8.7924,8.812,8.8774,8.9231, 8.9648,9.0193,,0.1111,0.1724,0.0357,,8.8758,ppm,15243546.063457962,3779741638.231202
Local Clock Time Offset,-22.867,-1.94,-0.538,0.009,0.59, 1.742,17.088,,1.128,3.682,0.6279,,-0.0001,µs,-7.744727433311039,197.21726483799736
Local RMS Frequency Jitter,0.352,0.746,0.979,1.933,8.248, 18.482,87.565,,7.269,17.736,3.7347,,3.1859,ppb,5.669550259173543,70.54291298360191
Local RMS Time Jitter,0.064,0.118,0.156,0.3,1.014, 2.178,11.273,,0.858,2.06,0.4425,,0.4278,µs,7.248382861949636,103.56838966348808
Server Jitter SHM(0),0.1602,0.3204,0.5247,1.3706,3.388, 5.1445,6.8994,,2.8633,4.8241,0.9318,,1.5826,ms,4.236220420093781,15.859222179680879
Server Jitter SHM(1),0.02,0.066,0.099,0.267,1.645, 3.463,24.439,,1.546,3.397,0.7583,,0.4888,µs,7.1211713056521475,125.69810803871192
Server Offset SHM(0),11.7451,13.0383,13.7607,18.9696,23.8572, 25.1883,27.3317,,10.0965,12.15,3.2594,,18.7391,ms,121.39934603366835,646.631685705084
Server Offset SHM(1),-22.868,-1.941,-0.539,0.01,0.591, 1.743,17.089,,1.13,3.684,0.6284,,-0.0001,µs,-7.737520849935686,196.7658198312737
TDOP,0.68,0.69,0.74,1.2,6.91, 16.51,60.89,,6.17,15.82,4.5449,,2.2352, ,7.902628346566472,98.9715020930619
Temp ZONE0,51.8,52.35,52.9,54.0,55.1, 56.2,56.2,,2.2,3.85,0.8403,,54.0114,°C,253531.91671377386,16054391.9908112
nSats,9.0,11.0,12.0,14.0,16.0, 16.0,16.0,,4.0,5.0,1.3024,,13.9545,nSat,945.402495053239,9456.439721887122
