Name,Min,1%,5%,50%,95%,99%,Max,,90% Range,98% Range,StdDev,,Mean,Units,Skewness,Kurtosis
Local Clock Frequency Offset,7.2131,7.3262,7.4059,7.5632,7.6817, 7.7202,7.8251,,0.2758,0.3939,0.0743,,7.5588,ppm,1023524.9384316267,103169012.05337156
Local Clock Time Offset,-13.898,-2.242,-0.394,0.001,0.599, 1.655,7.532,,0.993,3.897,0.5849,,-0.0001,µs,-7.51857144973518,98.09972797729823
Local RMS Frequency Jitter,0.253,0.548,0.728,1.646,8.884, 18.625,48.728,,8.156,18.077,3.5032,,2.9997,ppb,3.143222384803206,19.557704408928767
Local RMS Time Jitter,0.034,0.087,0.116,0.26,1.222, 2.191,6.961,,1.106,2.104,0.4333,,0.4217,µs,3.4778548403543,23.47245574377436
Server Jitter SHM(0),0.3103,0.6232,0.9134,2.2979,9.4917, 15.4903,49.6075,,8.5783,14.8671,3.3313,,3.4654,ms,3.8679061426827914,29.639620296414908
Server Jitter SHM(1),0.0,0.047,0.073,0.2,1.664, 3.506,13.973,,1.591,3.459,0.7143,,0.4306,µs,4.000663749028799,38.65969914205464
Server Offset SHM(0),-67.2028,-59.2826,-53.7908,-36.8595,-7.8491, -4.0533,24.4059,,45.9417,55.2293,13.9207,,-33.8795,ms,-50.28813940821069,205.4520379543469
Server Offset SHM(1),-13.899,-2.243,-0.395,0.002,0.6, 1.656,7.533,,0.995,3.899,0.5853,,-0.0,µs,-7.512299843488404,97.90792375381285
Temp ZONE0,48.5,49.05,50.15,52.9,55.65, 56.75,56.75,,5.5,7.7,1.4241,,52.8525,°C,47203.133648498595,1708533.0809289173
