Name,Min,1%,5%,50%,95%,99%,Max,,90% Range,98% Range,StdDev,,Mean,Units,Skewness,Kurtosis
Local Clock Frequency Offset,7.7182,7.8277,7.8544,8.2779,8.4092, 8.4588,8.5343,,0.5548,0.6312,0.1574,,8.2467,ppm,135772.67385776012,6983393.348463392
Local Clock Time Offset,-15.465,-2.191,-0.489,0.009,0.551, 1.781,10.791,,1.04,3.972,0.57,,0.0002,µs,-6.055819875629331,78.39327424358966
Local RMS Frequency Jitter,0.481,0.725,0.932,1.912,8.717, 16.863,58.217,,7.785,16.138,3.2078,,3.0937,ppb,3.702369817505617,27.805780119651416
Local RMS Time Jitter,0.067,0.113,0.145,0.285,1.057, 1.914,7.588,,0.912,1.801,0.3705,,0.4136,µs,4.4542810645470485,37.90327827387672
Server Jitter SHM(0),0.1424,0.325,0.4979,1.2885,3.4514, 5.3874,7.973,,2.9535,5.0624,0.9662,,1.5215,ms,4.028661517290194,16.167010749009496
Server Jitter SHM(1),0.017,0.057,0.087,0.248,1.675, 3.311,15.929,,1.588,3.254,0.6713,,0.4648,µs,4.159451891266692,43.916230725717014
Server Offset SHM(0),9.5415,11.7618,12.8947,18.0879,22.7587, 24.4175,26.6834,,9.864,12.6556,3.2574,,17.714,ms,100.7718078217398,508.8589373216444
Server Offset SHM(1),-15.466,-2.192,-0.49,0.01,0.552, 1.782,10.792,,1.042,3.974,0.5704,,0.0002,µs,-6.051503478924444,78.22230001119313
TDOP,0.61,0.63,0.68,1.49,9.76, 47.95,57.47,,9.08,47.32,7.0953,,3.5202, ,4.1009644261760485,29.644690869986544
Temp ZONE0,46.85,47.95,49.05,52.9,56.2, 56.75,57.3,,7.15,8.8,2.1408,,52.9844,°C,13466.738005992369,321495.2403791023
nSats,10.0,11.0,12.0,14.0,16.0, 16.0,16.0,,4.0,5.0,1.2759,,13.9461,nSat,1008.7220612141919,10302.705500329832
