Name,Min,1%,5%,50%,95%,99%,Max,,90% Range,98% Range,StdDev,,Mean,Units,Skewness,Kurtosis
Local Clock Frequency Offset,7.6799,7.7867,7.8056,7.8551,7.9457, 7.9816,8.0083,,0.1401,0.1949,0.043,,7.8621,ppm,6031371.71959833,1097946377.540111
Local Clock Time Offset,-13.872,-2.491,-0.424,0.005,0.591, 1.857,6.551,,1.015,4.348,0.5955,,-0.0004,µs,-7.135102303359991,73.56058498653687
Local RMS Frequency Jitter,0.0,0.59,0.768,1.762,9.777, 17.625,38.336,,9.009,17.035,3.4244,,3.1454,ppb,2.6505295825293604,13.577125283554636
Local RMS Time Jitter,0.052,0.095,0.126,0.28,1.333, 2.109,5.944,,1.207,2.014,0.4364,,0.4513,µs,3.0069725526460056,17.147676438853587
Server Jitter SHM(0),0.0,0.3202,0.508,1.3395,6.4838, 10.7193,14.0111,,5.9758,10.3991,1.9331,,1.8791,ms,3.1296873729059027,13.466154879803913
Server Jitter SHM(1),0.0,0.045,0.069,0.203,1.811, 3.697,13.87,,1.742,3.652,0.7218,,0.4553,µs,3.103803150788735,25.017647170042046
Server Offset SHM(0),-94.0089,-90.1826,-88.5189,-73.4817,545.6032, 547.4311,551.131,,634.1221,637.6137,266.4978,,162.8973,ms,-0.8467752469205538,1.782603548526729
Server Offset SHM(1),-0.0139,-0.0025,-0.0004,0.0,0.0006, 0.0019,353.5009,,0.001,0.0044,1.8938,,0.0122,ms,164.269791521847,29057.33187202544
TDOP,0.68,0.69,0.74,1.08,3.69, 12.67,135.09,,2.95,11.98,8.8309,,2.1871, ,11.561559025945526,173.9759457696617
Temp ZONE0,51.25,52.35,52.35,54.0,56.75, 57.85,59.5,,4.4,5.5,1.2557,,54.2716,°C,75384.32266710477,3188165.640926036
nSats,10.0,11.0,12.0,14.0,16.0, 16.0,16.0,,4.0,5.0,1.4178,,13.7718,nSat,687.5582308382143,6217.006113090913
