Name,Min,1%,5%,50%,95%,99%,Max,,90% Range,98% Range,StdDev,,Mean,Units,Skewness,Kurtosis
Local Clock Frequency Offset,7.8617,7.9459,7.9834,8.1939,8.3205, 8.3433,8.3949,,0.3371,0.3975,0.0901,,8.1953,ppm,727221.2575569669,65412595.98931777
Local Clock Time Offset,-20.883,-2.247,-0.487,0.004,0.554, 1.813,11.555,,1.041,4.06,0.5851,,-0.0002,µs,-6.565701935548696,109.86724046250109
Local RMS Frequency Jitter,0.427,0.666,0.844,1.811,8.956, 17.051,64.034,,8.112,16.385,3.391,,3.07,ppb,3.8400703588803324,32.9295543880614
Local RMS Time Jitter,0.059,0.103,0.131,0.27,1.075, 1.911,9.609,,0.944,1.808,0.3965,,0.4077,µs,5.066024119268232,59.266589249985344
Server Jitter SHM(0),0.1545,0.3193,0.4755,1.4019,3.4579, 5.6599,9.4014,,2.9824,5.3407,1.0201,,1.6215,ms,4.050921943769642,17.078518739527155
Server Jitter SHM(1),0.016,0.046,0.071,0.221,1.731, 3.333,19.744,,1.66,3.287,0.7062,,0.4545,µs,4.44523958665116,56.23204103939095
Server Offset SHM(0),11.7824,12.9213,13.9998,18.589,23.141, 24.4288,26.0992,,9.1412,11.5075,2.9874,,18.5026,ms,155.66399750266106,891.3315568509004
Server Offset SHM(1),-20.884,-2.248,-0.488,0.005,0.555, 1.814,11.556,,1.043,4.062,0.5855,,-0.0001,µs,-6.560790264781344,109.62880495837923
TDOP,0.71,0.71,0.77,1.12,10.82, 51.16,98.18,,10.05,50.45,9.0861,,3.3776, ,4.778144165901866,45.02508045819488
Temp ZONE0,48.5,49.05,50.15,52.35,55.65, 56.75,56.75,,5.5,7.7,1.7133,,52.811,°C,26616.347027450913,796489.5430087211
nSats,9.0,10.0,11.0,14.0,15.0, 16.0,16.0,,4.0,6.0,1.3693,,13.4606,nSat,714.3998636725211,6529.421803811813
