Name,Min,1%,5%,50%,95%,99%,Max,,90% Range,98% Range,StdDev,,Mean,Units,Skewness,Kurtosis
Local Clock Frequency Offset,8.8866,9.0413,9.0861,9.1638,9.2285, 9.2509,9.3055,,0.1424,0.2095,0.0448,,9.1613,ppm,8432774.42275842,1716517473.7589679
Local Clock Time Offset,-17.298,-2.275,-0.465,0.003,0.495, 2.004,8.695,,0.96,4.279,0.6124,,0.0002,µs,-6.593498115888617,92.99360322191956
Local RMS Frequency Jitter,0.345,0.65,0.817,1.771,9.882, 18.603,52.954,,9.065,17.953,3.644,,3.1055,ppb,3.403861761791984,23.778833737997175
Local RMS Time Jitter,0.056,0.104,0.13,0.267,1.23, 2.116,7.568,,1.1,2.012,0.4242,,0.4136,µs,4.066688138065072,32.19929504713435
Server Jitter SHM(0),0.1555,0.3416,0.4971,1.3136,3.2421, 5.3247,8.1902,,2.745,4.9831,0.9309,,1.5204,ms,4.300016976014644,18.183097334773638
Server Jitter SHM(1),0.013,0.048,0.071,0.208,1.783, 3.699,16.268,,1.712,3.651,0.7555,,0.4525,µs,3.982744158800116,39.852228645403535
Server Offset SHM(0),11.0261,12.8306,13.963,18.6149,23.2267, 24.6513,27.0902,,9.2637,11.8207,3.0609,,18.4729,ms,142.81071344116302,797.8652821397586
Server Offset SHM(1),-17.299,-2.276,-0.466,0.004,0.496, 2.005,8.696,,0.962,4.281,0.6128,,0.0002,µs,-6.589048562617997,92.8235212306146
TDOP,0.62,0.65,0.75,1.06,5.84, 19.61,67.01,,5.09,18.96,5.0486,,2.0445, ,7.996131187867634,98.19203841240464
Temp ZONE0,51.8,52.35,52.9,54.55,56.2, 57.3,57.3,,3.3,4.95,1.1029,,54.5477,°C,113949.82577082672,5529128.670925743
nSats,9.0,10.0,11.0,14.0,16.0, 16.0,16.0,,5.0,6.0,1.3367,,13.5708,nSat,793.7788105617767,7507.655435525043
