Name,Min,1%,5%,50%,95%,99%,Max,,90% Range,98% Range,StdDev,,Mean,Units,Skewness,Kurtosis
Local Clock Frequency Offset,7.1764,7.2829,7.3961,7.6988,7.802, 7.8838,7.9719,,0.4059,0.6008,0.1439,,7.6451,ppm,141837.60248474003,7402338.464395244
Local Clock Time Offset,-21.359,-2.243,-0.432,0.0,0.658, 1.75,7.976,,1.09,3.993,0.6162,,-0.0001,µs,-7.776649498144572,120.08597807221103
Local RMS Frequency Jitter,0.353,0.581,0.79,1.815,9.186, 19.221,59.001,,8.396,18.64,3.6461,,3.1482,ppb,3.4966846648711725,24.790921025104605
Local RMS Time Jitter,0.046,0.086,0.121,0.283,1.252, 2.232,9.331,,1.131,2.146,0.4545,,0.4405,µs,4.148619211366261,37.23913715439552
Server Jitter SHM(0),0.1398,0.41,0.6227,1.5412,3.7073, 4.9711,8.0031,,3.0846,4.5611,0.9596,,1.7622,ms,4.594659630801236,16.0469827572239
Server Jitter SHM(1),0.01,0.047,0.076,0.219,1.699, 3.636,21.339,,1.623,3.589,0.7478,,0.4552,µs,4.498740000778362,52.39274717076808
Server Offset SHM(0),-31.1292,-24.2037,-20.7904,-9.331,2.102, 5.8883,10.0916,,22.8924,30.0921,7.2012,,-9.3929,ms,-19.14505238390585,62.37566189079292
Server Offset SHM(1),-21.36,-2.244,-0.433,0.001,0.659, 1.751,7.977,,1.092,3.995,0.6166,,-0.0001,µs,-7.7699593126987745,119.8415560931017
Temp ZONE0,47.95,48.5,48.5,51.8,54.55, 56.2,56.75,,6.05,7.7,1.936,,51.509,°C,16864.987373691227,433827.2099173113
