Name,Min,1%,5%,50%,95%,99%,Max,,90% Range,98% Range,StdDev,,Mean,Units,Skewness,Kurtosis
Local Clock Frequency Offset,8.2327,8.3705,8.3967,8.4593,8.5448, 8.581,8.6389,,0.148,0.2106,0.0452,,8.463,ppm,6468723.212202096,1205359245.9159973
Local Clock Time Offset,-12.939,-2.135,-0.36,0.002,0.563, 1.63,6.934,,0.923,3.765,0.5663,,0.0002,µs,-6.745113133875896,77.81179932946343
Local RMS Frequency Jitter,0.249,0.466,0.62,1.399,8.383, 18.513,35.837,,7.763,18.047,3.4354,,2.7925,ppb,2.727759041100696,15.134511558109363
Local RMS Time Jitter,0.034,0.074,0.104,0.229,1.177, 2.225,5.41,,1.073,2.151,0.4245,,0.3923,µs,3.080567510324778,18.221332480942543
Server Jitter SHM(0),0.2197,0.3392,0.5331,1.3571,3.4495, 5.5196,8.7119,,2.9164,5.1803,0.9723,,1.5828,ms,4.180106999137661,16.7225106776968
Server Jitter SHM(1),0.01,0.039,0.061,0.168,1.701, 3.701,12.938,,1.64,3.662,0.7027,,0.4016,µs,3.325191037492888,28.49013061475798
Server Offset SHM(0),11.6023,13.1933,14.2171,19.3226,24.3879, 25.5909,27.6992,,10.1708,12.3976,3.2284,,19.4012,ms,140.72630914690208,782.0335526709251
Server Offset SHM(1),-12.94,-2.136,-0.361,0.003,0.564, 1.631,6.935,,0.925,3.767,0.5667,,0.0003,µs,-6.740398346593423,77.67391507483487
TDOP,0.61,0.64,0.71,0.98,7.82, 41.91,157.92,,7.11,41.27,11.2808,,2.9685, ,8.736723395355812,119.91052217226631
Temp ZONE0,52.35,52.35,52.9,54.55,57.85, 58.95,59.5,,4.95,6.6,1.4569,,54.8627,°C,49364.55443579072,1813642.9441717803
nSats,5.0,5.0,5.0,14.0,15.0, 16.0,16.0,,10.0,11.0,2.7763,,12.7469,nSat,55.26897425619587,223.03558602360712
