Name,Min,1%,5%,50%,95%,99%,Max,,90% Range,98% Range,StdDev,,Mean,Units,Skewness,Kurtosis
Local Clock Frequency Offset,7.1764,7.2829,7.3961,7.6799,7.8043, 7.875,7.9604,,0.4082,0.5921,0.1398,,7.6386,ppm,154358.76052313173,8285877.976165197
Local Clock Time Offset,-15.036,-2.27,-0.436,0.002,0.649, 1.742,6.773,,1.085,4.012,0.6114,,0.0003,µs,-7.315416207612306,93.21281920032033
Local RMS Frequency Jitter,0.353,0.613,0.822,1.837,9.155, 19.187,41.638,,8.333,18.574,3.5831,,3.1632,ppb,3.261727777834237,19.58426676167498
Local RMS Time Jitter,0.046,0.092,0.127,0.292,1.264, 2.226,6.063,,1.137,2.134,0.4457,,0.4479,µs,3.642287859579112,24.223319479415668
Server Jitter SHM(0),0.1398,0.4172,0.6203,1.5413,3.6933, 4.9094,8.0031,,3.0731,4.4921,0.9553,,1.7572,ms,4.567394036970004,15.755378121645775
Server Jitter SHM(1),0.01,0.051,0.08,0.227,1.698, 3.642,15.058,,1.618,3.591,0.7359,,0.4601,µs,4.11925048500139,39.4647718315228
Server Offset SHM(0),-22.4229,-20.0538,-17.0636,-8.0354,2.102, 5.8883,10.0916,,19.1657,25.9421,5.7277,,-7.5907,ms,-19.41374697133753,63.131092351221554
Server Offset SHM(1),-15.037,-2.271,-0.437,0.003,0.65, 1.743,6.774,,1.087,4.014,0.6118,,0.0003,µs,-7.309450250999762,93.03071420546253
Temp ZONE0,47.95,48.5,48.5,51.25,54.55, 56.2,56.75,,6.05,7.7,1.8879,,51.4212,°C,18139.48950607961,478016.28892706166
