Name,Min,1%,5%,50%,95%,99%,Max,,90% Range,98% Range,StdDev,,Mean,Units,Skewness,Kurtosis
Local Clock Frequency Offset,7.6564,7.7495,7.7815,7.9354,8.0855, 8.1037,8.1699,,0.304,0.3543,0.0921,,7.9435,ppm,618813.7928337917,52747186.126776576
Local Clock Time Offset,-14.111,-2.22,-0.426,0.003,0.494, 1.753,7.157,,0.92,3.973,0.5535,,0.0,µs,-6.0932848600082155,69.18607333835352
Local RMS Frequency Jitter,0.344,0.542,0.701,1.607,8.742, 17.061,39.904,,8.041,16.519,3.2441,,2.8629,ppb,2.856595730308285,15.921732844067467
Local RMS Time Jitter,0.047,0.081,0.107,0.238,1.074, 1.908,5.76,,0.967,1.827,0.379,,0.3807,µs,3.3716848508840807,21.9690728726064
Server Jitter SHM(0),0.1075,0.3348,0.5139,1.4517,4.8229, 7.6286,15.994,,4.309,7.2938,1.5035,,1.8714,ms,3.7336172966570658,20.071154862779434
Server Jitter SHM(1),0.004,0.037,0.056,0.181,1.687, 3.354,14.101,,1.631,3.317,0.6738,,0.4139,µs,3.250607691060687,27.962892520783942
Server Offset SHM(0),1.3086,6.2836,11.9961,17.4445,22.5876, 24.3273,27.1647,,10.5915,18.0437,3.6015,,17.1445,ms,64.02757958003937,281.99109846565557
Server Offset SHM(1),-14.112,-2.221,-0.427,0.004,0.495, 1.754,7.158,,0.922,3.975,0.5539,,0.0,µs,-6.089418891361473,69.05712054051281
TDOP,0.66,0.68,0.71,1.69,13.95, 64.14,216.87,,13.24,63.46,15.5596,,4.452, ,8.72975350814296,118.12670309416583
Temp ZONE0,49.05,50.15,50.7,52.9,57.3, 57.85,58.4,,6.6,7.7,2.0885,,53.5276,°C,15014.1043099626,371633.818733802
nSats,8.0,9.0,11.0,14.0,15.0, 16.0,16.0,,4.0,7.0,1.3235,,13.5934,nSat,823.5434230774722,7868.224858022407
