Name,Min,1%,5%,50%,95%,99%,Max,,90% Range,98% Range,StdDev,,Mean,Units,Skewness,Kurtosis
Local Clock Frequency Offset,7.7892,7.91,7.9678,8.1129,8.2419, 8.2693,8.3181,,0.2741,0.3593,0.0818,,8.112,ppm,945144.6851971046,92772853.98234814
Local Clock Time Offset,-13.276,-2.186,-0.467,0.004,0.507, 1.828,7.913,,0.974,4.014,0.5631,,-0.0001,µs,-5.92918188740111,65.82501523859732
Local RMS Frequency Jitter,0.343,0.647,0.828,1.77,8.827, 16.764,42.18,,7.999,16.117,3.2243,,2.998,ppb,3.096475791977374,18.045474539418535
Local RMS Time Jitter,0.058,0.099,0.128,0.262,1.054, 1.895,6.922,,0.926,1.796,0.3723,,0.3954,µs,3.912965434993352,29.141407962132636
Server Jitter SHM(0),0.106,0.3136,0.4909,1.3717,3.4716, 5.4109,8.3979,,2.9807,5.0974,0.9786,,1.5834,ms,4.012920265943304,15.76804765915175
Server Jitter SHM(1),0.012,0.044,0.069,0.214,1.704, 3.295,13.257,,1.635,3.251,0.6725,,0.4398,µs,3.491211594683167,30.17271244227861
Server Offset SHM(0),11.3771,12.8579,13.7809,18.5987,23.2731, 25.1093,27.4177,,9.4922,12.2514,3.1426,,18.3333,ms,127.54751125599778,690.0427485329448
Server Offset SHM(1),-13.277,-2.187,-0.468,0.005,0.508, 1.829,7.914,,0.976,4.016,0.5635,,-0.0001,µs,-5.925393174432538,65.6969787168489
TDOP,0.71,0.81,0.86,1.39,14.03, 48.62,103.0,,13.17,47.81,9.1859,,3.956, ,5.334961802749235,52.43716030550644
Temp ZONE0,49.05,49.6,50.15,51.8,57.3, 59.5,60.05,,7.15,9.9,1.8331,,52.3408,°C,21003.035562870205,581153.1726202779
nSats,8.0,9.0,11.0,13.0,15.0, 16.0,16.0,,4.0,7.0,1.3822,,13.3792,nSat,679.2692820025987,6107.717205342361
