Name,Min,1%,5%,50%,95%,99%,Max,,90% Range,98% Range,StdDev,,Mean,Units,Skewness,Kurtosis
Local Clock Frequency Offset,8.9017,9.0181,9.0776,9.1971,9.2873, 9.3167,9.3954,,0.2097,0.2985,0.068,,9.1924,ppm,2412358.7856743005,323571772.48116386
Local Clock Time Offset,-16.053,-2.276,-0.508,0.005,0.558, 1.901,12.202,,1.066,4.177,0.6318,,-0.0004,µs,-6.32538579288259,91.59163258642901
Local RMS Frequency Jitter,0.412,0.703,0.897,1.941,9.72, 19.162,63.323,,8.823,18.459,3.7085,,3.2622,ppb,3.823539863288644,29.393845565470794
Local RMS Time Jitter,0.072,0.11,0.141,0.288,1.227, 2.149,7.09,,1.086,2.039,0.434,,0.4377,µs,4.276201272538384,33.81702433453478
Server Jitter SHM(0),0.1697,0.3346,0.5006,1.4031,3.2942, 4.8472,8.203,,2.7936,4.5126,0.918,,1.5813,ms,4.3046812074215905,16.838758215877256
Server Jitter SHM(1),0.02,0.052,0.079,0.239,1.803, 3.733,17.572,,1.724,3.681,0.7669,,0.4827,µs,4.460891484585576,49.51676772184187
Server Offset SHM(0),10.967,12.237,13.1062,18.6916,23.9627, 25.4107,27.4095,,10.8565,13.1737,3.4327,,18.4833,ms,97.48422829040659,487.67468225293317
Server Offset SHM(1),-16.054,-2.277,-0.509,0.006,0.559, 1.902,12.203,,1.068,4.179,0.6322,,-0.0003,µs,-6.321431850080626,91.42321076488972
TDOP,0.7,0.78,0.85,1.7,26.75, 71.63,107.19,,25.9,70.85,12.8518,,6.0076, ,2.918052609758947,21.114818242384874
Temp ZONE0,50.15,51.25,51.8,53.45,55.1, 56.2,56.2,,3.3,4.95,1.154,,53.4477,°C,93185.6093726135,4228823.349670882
nSats,7.0,8.0,11.0,13.0,15.0, 16.0,16.0,,4.0,8.0,1.4562,,13.3527,nSat,568.8921316875252,4830.255524141108
