Name,Min,1%,5%,50%,95%,99%,Max,,90% Range,98% Range,StdDev,,Mean,Units,Skewness,Kurtosis
Local Clock Frequency Offset,7.1764,7.2913,7.4132,7.7323,7.8364, 7.9005,8.0079,,0.4233,0.6092,0.1378,,7.6808,ppm,164293.03584834747,9004119.28501636
Local Clock Time Offset,-21.359,-2.175,-0.428,0.001,0.609, 1.758,7.976,,1.037,3.933,0.611,,0.0008,µs,-7.989133565363933,130.2822393666087
Local RMS Frequency Jitter,0.222,0.582,0.811,1.801,9.099, 19.468,59.001,,8.288,18.886,3.6326,,3.1013,ppb,3.6134581871340754,25.86801287086234
Local RMS Time Jitter,0.039,0.086,0.122,0.274,1.225, 2.249,9.331,,1.103,2.163,0.4561,,0.4311,µs,4.352112966809625,39.67171845945769
Server Jitter SHM(0),0.1398,0.4257,0.6442,1.5354,3.5627, 4.7819,7.3568,,2.9185,4.3562,0.9188,,1.7386,ms,4.852808671031007,16.867565486780006
Server Jitter SHM(1),0.013,0.046,0.075,0.22,1.642, 3.699,21.339,,1.567,3.653,0.7443,,0.4498,µs,4.724777594612998,56.23578536764189
Server Offset SHM(0),-31.1292,-24.8068,-21.8576,-12.6622,1.2601, 4.1249,9.0346,,23.1176,28.9317,6.8864,,-11.5584,ms,-26.910054245250887,93.47292693812057
Server Offset SHM(1),-21.36,-2.176,-0.429,0.002,0.61, 1.759,7.977,,1.039,3.935,0.6114,,0.0008,µs,-7.981968529169197,130.0131932944644
Temp ZONE0,47.95,47.95,48.5,52.35,55.65, 56.75,57.3,,7.15,8.8,1.9976,,52.0865,°C,15840.754920646898,399093.83680170856
