Name,Min,1%,5%,50%,95%,99%,Max,,90% Range,98% Range,StdDev,,Mean,Units,Skewness,Kurtosis
Local Clock Frequency Offset,8.3902,8.5002,8.5463,8.6277,8.7013, 8.7181,8.7939,,0.155,0.2179,0.0506,,8.6292,ppm,4871321.634704488,825833648.4268193
Local Clock Time Offset,-9.746,-1.982,-0.508,0.007,0.579, 1.731,6.048,,1.087,3.713,0.562,,-0.0004,µs,-5.559657616730368,54.57313635304689
Local RMS Frequency Jitter,0.362,0.694,0.893,1.823,8.181, 17.683,37.504,,7.288,16.989,3.1742,,3.0385,ppb,3.167308963201094,17.021911283508057
Local RMS Time Jitter,0.053,0.107,0.14,0.276,1.006, 1.994,4.688,,0.866,1.887,0.35,,0.3992,µs,3.6597576103152316,19.900586813611973
Server Jitter SHM(0),0.1472,0.3544,0.5456,1.4061,3.4684, 5.4893,7.7598,,2.9228,5.1349,0.9821,,1.6375,ms,4.2773951945268545,17.125741937022177
Server Jitter SHM(1),0.019,0.057,0.086,0.24,1.641, 3.367,9.787,,1.555,3.31,0.6597,,0.4602,µs,3.587032383309294,27.99705723538303
Server Offset SHM(0),11.8401,12.8941,14.0615,19.2354,23.9575, 25.2036,26.7855,,9.8961,12.3095,3.1831,,18.9773,ms,137.00602122617752,755.0840140492462
Server Offset SHM(1),-9.747,-1.983,-0.509,0.008,0.58, 1.732,6.049,,1.089,3.715,0.5624,,-0.0004,µs,-5.5563087331287315,54.46426506162013
TDOP,0.62,0.66,0.69,1.17,5.7, 12.37,27.09,,5.01,11.71,2.598,,1.924, ,4.597788204985919,37.711663949295485
Temp ZONE0,50.7,50.7,51.8,54.0,58.4, 58.95,59.5,,6.6,8.25,1.9541,,54.267,°C,19267.013119465653,518008.77350055455
nSats,10.0,10.0,11.0,13.0,15.0, 16.0,16.0,,4.0,6.0,1.2353,,13.3983,nSat,984.015432033635,9980.058439505377
