Name,Min,1%,5%,50%,95%,99%,Max,,90% Range,98% Range,StdDev,,Mean,Units,Skewness,Kurtosis
Local Clock Frequency Offset,7.5681,7.668,7.7184,7.7778,7.8636, 7.906,7.9683,,0.1452,0.2381,0.0471,,7.7837,ppm,4438640.943485373,729511654.87157
Local Clock Time Offset,-14.416,-2.233,-0.413,0.007,0.556, 1.672,8.017,,0.969,3.905,0.5925,,0.0,µs,-7.4808353501833995,96.69085992547488
Local RMS Frequency Jitter,0.388,0.589,0.794,1.779,9.001, 18.614,44.404,,8.207,18.025,3.4779,,3.0595,ppb,3.2605854808837673,19.934545508376623
Local RMS Time Jitter,0.055,0.092,0.126,0.289,1.28, 2.213,7.09,,1.154,2.121,0.4435,,0.4458,µs,3.6437227965937686,25.178908829655544
Server Jitter SHM(0),0.2595,0.4188,0.638,1.5542,3.4531, 4.8655,8.0707,,2.8151,4.4467,0.9052,,1.7387,ms,5.068141692436985,18.288519822294433
Server Jitter SHM(1),0.016,0.053,0.08,0.222,1.675, 3.637,14.405,,1.595,3.584,0.7202,,0.449,µs,4.1184004191295704,39.67094361382025
Server Offset SHM(0),-20.6561,-19.0141,-17.2115,-10.8,-2.4458, 2.9084,6.8928,,14.7657,21.9225,4.6764,,-10.4166,ms,-42.74224398773401,167.04277965186523
Server Offset SHM(1),-14.417,-2.234,-0.414,0.008,0.557, 1.673,8.018,,0.971,3.907,0.5929,,0.0001,µs,-7.474503790422202,96.50092911662331
Temp ZONE0,50.7,51.25,51.8,54.0,56.2, 57.85,58.95,,4.4,6.6,1.4017,,53.8425,°C,52481.77538449724,1967782.4650589097
