Name,Min,1%,5%,50%,95%,99%,Max,,90% Range,98% Range,StdDev,,Mean,Units,Skewness,Kurtosis
Local Clock Frequency Offset,8.3539,8.485,8.5111,8.7007,8.7465, 8.8106,8.8672,,0.2353,0.3257,0.0685,,8.6776,ppm,1986373.636025794,249728819.17857355
Local Clock Time Offset,-11.798,-2.047,-0.497,0.011,0.593, 1.691,7.339,,1.09,3.738,0.5639,,0.0005,µs,-6.091578560888796,63.15885905392832
Local RMS Frequency Jitter,0.343,0.646,0.861,1.803,8.166, 17.753,37.833,,7.305,17.107,3.1991,,3.0343,ppb,3.1797493502223153,17.658134919966834
Local RMS Time Jitter,0.055,0.101,0.134,0.272,1.013, 2.068,5.195,,0.879,1.967,0.3669,,0.4007,µs,3.820675500052513,23.1447316920124
Server Jitter SHM(0),0.1823,0.3597,0.5249,1.3693,3.6453, 5.6219,7.5803,,3.1204,5.2622,1.0063,,1.6078,ms,4.004740537402791,15.415503170634155
Server Jitter SHM(1),0.014,0.052,0.08,0.229,1.677, 3.322,11.372,,1.597,3.27,0.6702,,0.4563,µs,3.5439616975989825,28.625752894748885
Server Offset SHM(0),11.9226,13.472,14.3215,19.596,24.1385, 25.6906,27.2365,,9.817,12.2186,3.239,,19.1772,ms,133.92439591829643,733.7178872807839
Server Offset SHM(1),-11.799,-2.048,-0.498,0.012,0.594, 1.692,7.34,,1.092,3.74,0.5644,,0.0005,µs,-6.087164377636281,63.02956091663867
TDOP,0.62,0.69,0.75,1.09,13.27, 58.32,160.32,,12.52,57.63,12.7181,,3.5711, ,6.7585332453645846,80.42381953477432
Temp ZONE0,50.15,50.15,51.25,57.85,59.5, 60.05,60.6,,8.25,9.9,2.6157,,56.7958,°C,8947.74237961282,186549.09699658744
nSats,9.0,9.0,11.0,14.0,15.0, 16.0,16.0,,4.0,7.0,1.3589,,13.3583,nSat,714.4164847178422,6529.726486043467
