Name,Min,1%,5%,50%,95%,99%,Max,,90% Range,98% Range,StdDev,,Mean,Units,Skewness,Kurtosis
Local Clock Frequency Offset,7.5097,7.6402,7.6768,7.8398,7.8947, 7.9572,8.0218,,0.218,0.317,0.0608,,7.8264,ppm,2080884.3290453986,265694912.522079
Local Clock Time Offset,-18.649,-2.202,-0.414,0.005,0.573, 1.699,5.82,,0.987,3.901,0.5845,,0.0001,µs,-7.50322480465596,102.61742835298436
Local RMS Frequency Jitter,0.23,0.592,0.799,1.75,8.885, 18.187,51.534,,8.086,17.595,3.4262,,3.0242,ppb,3.308010391810853,21.18664055139141
Local RMS Time Jitter,0.04,0.095,0.129,0.278,1.237, 2.159,8.029,,1.108,2.064,0.4328,,0.4354,µs,3.8089052837363844,29.447427720091675
Server Jitter SHM(0),0.1782,0.408,0.6046,1.5614,3.4184, 4.7027,7.6498,,2.8138,4.2947,0.8842,,1.7388,ms,5.10322593753793,17.213707750427325
Server Jitter SHM(1),0.019,0.052,0.082,0.22,1.688, 3.514,18.666,,1.606,3.462,0.7085,,0.4458,µs,4.16612483677049,43.30836963750363
Server Offset SHM(0),-29.3297,-24.7261,-19.4341,-9.1265,2.3936, 6.9809,10.1806,,21.8277,31.7069,6.9629,,-8.7581,ms,-18.2488603124041,58.75614785878646
Server Offset SHM(1),-18.65,-2.203,-0.415,0.006,0.574, 1.7,5.821,,0.989,3.903,0.585,,0.0001,µs,-7.4966616728412445,102.4051482953542
Temp ZONE0,50.15,50.7,51.25,54.0,55.1, 56.2,56.2,,3.85,5.5,1.1896,,53.5027,°C,85168.72902944697,3751027.1723434976
