Name,Min,1%,5%,50%,95%,99%,Max,,90% Range,98% Range,StdDev,,Mean,Units,Skewness,Kurtosis
Local Clock Frequency Offset,8.5976,8.7291,8.7695,9.1387,9.2202, 9.2508,9.3127,,0.4507,0.5217,0.1699,,9.0435,ppm,142706.24298365595,7462849.60552469
Local Clock Time Offset,-19.884,-2.39,-0.601,0.011,0.625, 2.025,10.927,,1.226,4.415,0.6665,,0.0006,µs,-6.299735843597614,97.26808087888884
Local RMS Frequency Jitter,0.645,0.955,1.181,2.283,9.941, 20.304,63.724,,8.76,19.349,3.7791,,3.5874,ppb,4.199313938951326,32.715073360200435
Local RMS Time Jitter,0.104,0.148,0.184,0.345,1.255, 2.308,9.12,,1.071,2.16,0.455,,0.4879,µs,5.4864766210288884,55.33767136230488
Server Jitter SHM(0),0.1632,0.3325,0.5229,1.3726,3.0469, 4.7646,7.3573,,2.524,4.432,0.8524,,1.5432,ms,4.909641046710698,20.309813581038213
Server Jitter SHM(1),0.03,0.074,0.11,0.306,1.867, 3.799,18.411,,1.757,3.725,0.7855,,0.5468,µs,4.8076800403483615,54.507250603460065
Server Offset SHM(0),9.4928,11.9578,13.1089,18.4204,22.8721, 23.9733,25.7616,,9.7632,12.0155,3.135,,18.0582,ms,122.07486305995548,649.9817583919379
Server Offset SHM(1),-19.885,-2.391,-0.602,0.012,0.625, 2.026,10.928,,1.227,4.417,0.667,,0.0007,µs,-6.295527250711843,97.07458023767887
TDOP,0.65,0.67,0.75,1.23,13.98, 35.44,128.41,,13.23,34.77,9.8076,,3.9196, ,7.158199490793,90.69211491946636
Temp ZONE0,47.95,48.5,49.05,53.45,55.65, 56.2,56.75,,6.6,7.7,2.3197,,52.4715,°C,10170.062899673894,221266.99457773558
nSats,4.0,4.0,11.0,13.0,16.0, 16.0,16.0,,5.0,12.0,1.8333,,13.1799,nSat,253.15320136266791,1649.1575777595308
