Name,Min,1%,5%,50%,95%,99%,Max,,90% Range,98% Range,StdDev,,Mean,Units,Skewness,Kurtosis
Local Clock Frequency Offset,8.8425,9.0811,9.1124,9.1953,9.2443, 9.257,9.3077,,0.1319,0.1759,0.0443,,9.1866,ppm,8782320.085845465,1812032624.3984694
Local Clock Time Offset,-23.026,-2.109,-0.552,0.019,0.538, 1.768,13.529,,1.09,3.877,0.6491,,0.0,µs,-8.104152925258685,176.18422582498508
Local RMS Frequency Jitter,0.53,0.882,1.088,2.088,8.494, 20.306,72.563,,7.406,19.424,3.8583,,3.296,ppb,5.197729130657634,51.07025143560001
Local RMS Time Jitter,0.076,0.14,0.175,0.325,1.093, 2.422,11.03,,0.918,2.282,0.4755,,0.4608,µs,6.692755320919949,81.98748698386106
Server Jitter SHM(0),0.1644,0.3072,0.4482,1.2768,3.2817, 5.1937,7.9973,,2.8335,4.8865,0.9478,,1.4968,ms,3.937540651454763,15.706867940343844
Server Jitter SHM(1),0.024,0.075,0.115,0.292,1.612, 3.858,21.48,,1.497,3.783,0.786,,0.5093,µs,6.4740182627672445,92.73642826569366
Server Offset SHM(0),11.5661,12.8256,14.1109,18.9562,23.3364, 24.754,26.4409,,9.2254,11.9284,3.085,,18.541,ms,140.8059668776061,782.9855172478694
Server Offset SHM(1),-23.027,-2.11,-0.553,0.02,0.539, 1.769,13.53,,1.092,3.879,0.6495,,0.0001,µs,-8.096505034988116,175.80268503442443
TDOP,0.67,0.69,0.77,1.28,5.31, 12.51,129.14,,4.54,11.82,8.3542,,2.3785, ,12.00613845948111,181.769174993152
Temp ZONE0,52.9,53.45,54.0,56.75,60.05, 61.7,62.8,,6.05,8.25,1.8047,,56.7386,°C,28293.572193968,864038.6148794902
nSats,10.0,11.0,12.0,14.0,15.0, 16.0,16.0,,3.0,5.0,1.2255,,13.7261,nSat,1091.5657663785476,11435.036750277672
