Name,Min,1%,5%,50%,95%,99%,Max,,90% Range,98% Range,StdDev,,Mean,Units,Skewness,Kurtosis
Local Clock Frequency Offset,6.9737,7.1244,7.2849,7.5366,7.6566, 7.7237,7.8028,,0.3718,0.5993,0.122,,7.5043,ppm,221997.54250286103,13449208.173879212
Local Clock Time Offset,-18.0,-2.32,-0.404,0.0,0.649, 1.782,8.033,,1.053,4.102,0.627,,-0.0003,µs,-8.128313044107676,122.81700951644662
Local RMS Frequency Jitter,0.355,0.581,0.765,1.738,9.209, 19.744,49.735,,8.444,19.163,3.7557,,3.1498,ppb,3.3454729797062934,22.478024812273596
Local RMS Time Jitter,0.047,0.092,0.121,0.274,1.273, 2.332,9.338,,1.152,2.24,0.4786,,0.4444,µs,4.281492235941169,40.20996537411685
Server Jitter SHM(0),0.1946,0.5803,0.9021,1.9532,4.1097, 5.5814,14.969,,3.2076,5.0011,1.0629,,2.1694,ms,6.191160602596072,29.20600058669132
Server Jitter SHM(1),0.011,0.05,0.076,0.206,1.734, 3.738,18.0,,1.658,3.688,0.771,,0.4509,µs,4.381559893911483,48.30929020341785
Server Offset SHM(0),-42.8844,-39.2061,-35.9302,-10.3927,3.6675, 7.6621,12.3734,,39.5977,46.8682,12.9568,,-13.6361,ms,-15.235195211406355,48.52697824740367
Server Offset SHM(1),-18.0,-2.321,-0.405,0.0,0.65, 1.783,8.034,,1.055,4.104,0.6274,,-0.0003,µs,-8.121412700503447,122.58063470114487
Temp ZONE0,47.4,47.4,48.5,51.25,54.0, 54.55,56.2,,5.5,7.15,1.7246,,51.195,°C,23691.48026399348,682098.4288304084
