Name,Min,1%,5%,50%,95%,99%,Max,,90% Range,98% Range,StdDev,,Mean,Units,Skewness,Kurtosis
Local Clock Frequency Offset,8.9966,9.1127,9.1491,9.2294,9.2791, 9.3042,9.3638,,0.13,0.1915,0.0419,,9.2241,ppm,10535374.183593329,2309677232.221807
Local Clock Time Offset,-19.937,-2.118,-0.799,0.027,0.667, 1.829,12.233,,1.466,3.947,0.6712,,-0.0003,µs,-6.531183236586084,95.82009947613825
Local RMS Frequency Jitter,0.463,0.777,1.073,2.895,8.765, 19.703,62.998,,7.692,18.926,3.6147,,3.8042,ppb,4.93885495327889,39.4249711959864
Local RMS Time Jitter,0.084,0.129,0.176,0.437,1.144, 2.39,11.001,,0.968,2.261,0.4587,,0.5379,µs,6.752457886214562,76.11682163786573
Server Jitter SHM(0),0.1373,0.3298,0.5179,1.3771,3.3958, 5.2382,8.2436,,2.8779,4.9083,0.9426,,1.5818,ms,4.243645355890144,16.64913244853336
Server Jitter SHM(1),0.017,0.075,0.119,0.408,1.679, 3.814,20.623,,1.56,3.739,0.7555,,0.606,µs,5.581517262909318,65.17270317274021
Server Offset SHM(0),11.5113,12.4519,13.3753,18.5519,23.3394, 24.4931,26.6145,,9.9641,12.0412,3.1685,,18.2446,ms,121.99480564339751,650.3084828144796
Server Offset SHM(1),-19.938,-2.119,-0.8,0.028,0.668, 1.83,12.234,,1.468,3.949,0.6717,,-0.0002,µs,-6.5258485513935005,95.60390730042492
TDOP,0.67,0.69,0.75,1.04,5.88, 20.63,176.17,,5.13,19.94,11.6237,,2.9988, ,11.23556477482709,167.90201533553716
Temp ZONE0,52.35,52.9,54.0,55.65,58.4, 60.05,60.6,,4.4,7.15,1.3929,,55.5652,°C,58944.90396412501,2297148.334161154
nSats,9.0,10.0,11.0,14.0,16.0, 16.0,16.0,,5.0,6.0,1.5686,,13.3792,nSat,449.21799347149715,3548.995383876342
