Name,Min,1%,5%,50%,95%,99%,Max,,90% Range,98% Range,StdDev,,Mean,Units,Skewness,Kurtosis
Local Clock Frequency Offset,8.1748,8.2637,8.3701,8.8196,8.9707, 8.9914,9.0808,,0.6006,0.7277,0.2087,,8.7344,ppm,68259.6917295621,2792952.006069561
Local Clock Time Offset,-12.921,-2.103,-0.453,0.0,0.581, 1.84,7.463,,1.034,3.943,0.5783,,-0.0002,µs,-5.662641052764614,65.92410163408756
Local RMS Frequency Jitter,0.223,0.59,0.795,1.802,8.358, 18.705,36.554,,7.563,18.115,3.3671,,3.0176,ppb,3.2461670614995017,18.482860111416937
Local RMS Time Jitter,0.036,0.09,0.123,0.269,1.086, 2.056,5.027,,0.963,1.966,0.3858,,0.4008,µs,3.756257550557453,24.019518600309983
Server Jitter SHM(0),0.1138,0.3363,0.5355,1.3928,3.2956, 5.3524,8.5765,,2.7602,5.0161,0.9324,,1.5996,ms,4.514350193724925,18.54490144313148
Server Jitter SHM(1),0.015,0.045,0.071,0.214,1.608, 3.575,12.642,,1.537,3.53,0.689,,0.4358,µs,3.812487997237115,33.090852680949354
Server Offset SHM(0),11.8867,13.614,14.3875,19.518,24.2164, 25.4033,27.6732,,9.8289,11.7893,3.1436,,19.3024,ms,151.22319868069337,858.4932526094321
Server Offset SHM(1),-12.922,-2.104,-0.454,0.001,0.582, 1.841,7.464,,1.036,3.945,0.5787,,-0.0002,µs,-5.659445098515167,65.79603543199516
TDOP,0.61,0.64,0.72,0.96,5.18, 34.91,59.64,,4.46,34.27,5.9767,,2.2295, ,4.881060651818867,41.642252477202426
Temp ZONE0,46.85,47.4,47.95,51.8,55.1, 55.65,56.2,,7.15,8.25,2.4755,,51.525,°C,7838.062633722623,156474.23790337806
nSats,9.0,10.0,11.0,14.0,15.0, 16.0,16.0,,4.0,6.0,1.284,,13.4625,nSat,881.0228364150933,8608.560380135144
