Name,Min,1%,5%,50%,95%,99%,Max,,90% Range,98% Range,StdDev,,Mean,Units,Skewness,Kurtosis
Local Clock Frequency Offset,8.3657,8.5726,8.8574,8.9464,8.9996, 9.0174,9.0773,,0.1422,0.4448,0.0749,,8.9273,ppm,1648857.6103509327,194821888.41464436
Local Clock Time Offset,-10.104,-2.103,-0.442,0.007,0.512, 1.669,5.618,,0.954,3.772,0.5344,,-0.0002,µs,-6.266545769184967,60.718155653416424
Local RMS Frequency Jitter,0.217,0.585,0.775,1.722,8.164, 16.867,29.312,,7.389,16.282,3.0414,,2.8649,ppb,2.9725893439395485,15.175687775047406
Local RMS Time Jitter,0.035,0.093,0.123,0.264,1.055, 1.82,3.803,,0.932,1.727,0.3443,,0.3886,µs,3.276424475059355,16.633852385504948
Server Jitter SHM(0),0.1093,0.3376,0.5641,1.4297,3.6054, 5.551,7.8188,,3.0413,5.2134,1.0031,,1.6634,ms,4.243846520818438,16.654969280843215
Server Jitter SHM(1),0.007,0.042,0.066,0.206,1.56, 3.316,10.121,,1.494,3.274,0.6404,,0.4211,µs,3.3111911124912488,25.059241055906995
Server Offset SHM(0),10.4879,12.1878,13.7974,18.6362,23.6713, 24.8667,27.2105,,9.8739,12.6789,3.2247,,18.5871,ms,122.43297278041436,653.5599357549552
Server Offset SHM(1),-10.105,-2.104,-0.443,0.008,0.513, 1.67,5.619,,0.956,3.774,0.5348,,-0.0002,µs,-6.261819445140298,60.59657141419084
TDOP,0.64,0.65,0.73,1.26,3.92, 24.75,47.9,,3.19,24.1,4.6471,,2.0943, ,6.525055958098553,61.95517031614262
Temp ZONE0,49.05,50.7,53.45,57.3,60.6, 62.8,62.8,,7.15,12.1,2.3453,,57.325,°C,12951.941677665609,305235.9593132674
nSats,10.0,11.0,12.0,14.0,15.0, 16.0,16.0,,3.0,5.0,1.1047,,13.7149,nSat,1521.361001650862,17750.370685737227
