Name,Min,1%,5%,50%,95%,99%,Max,,90% Range,98% Range,StdDev,,Mean,Units,Skewness,Kurtosis
Local Clock Frequency Offset,7.8961,8.0991,8.1377,8.2849,8.4143, 8.4292,8.4921,,0.2767,0.33,0.0844,,8.2838,ppm,918277.002138183,89273640.54362717
Local Clock Time Offset,-19.986,-2.207,-0.513,0.011,0.572, 1.764,11.516,,1.085,3.971,0.5865,,-0.0001,µs,-6.904224602939053,118.7806410737169
Local RMS Frequency Jitter,0.399,0.734,0.932,1.959,8.68, 16.89,63.608,,7.748,16.156,3.3349,,3.1473,ppb,4.246141903314021,38.54730013720115
Local RMS Time Jitter,0.06,0.115,0.147,0.292,1.07, 1.891,9.355,,0.923,1.776,0.3945,,0.4231,µs,5.4731738704184405,62.73574794436104
Server Jitter SHM(0),0.1483,0.3191,0.5043,1.3807,3.5055, 5.3125,9.2423,,3.0013,4.9934,0.9814,,1.6098,ms,4.171370402606275,16.861452069475664
Server Jitter SHM(1),0.019,0.057,0.089,0.251,1.698, 3.306,18.605,,1.609,3.249,0.6951,,0.475,µs,4.9324108820235,65.2182670627261
Server Offset SHM(0),10.1984,12.7222,14.1846,19.0489,23.1272, 24.5513,27.0125,,8.9427,11.829,3.0575,,18.4853,ms,143.6126445625892,802.9738891886662
Server Offset SHM(1),-19.987,-2.208,-0.514,0.012,0.573, 1.765,11.517,,1.087,3.973,0.5869,,-0.0,µs,-6.898161627829973,118.50207342518016
TDOP,0.59,0.66,0.74,0.97,5.53, 13.0,80.73,,4.79,12.34,6.1842,,2.1751, ,8.207800648272357,98.09882856469275
Temp ZONE0,50.15,50.15,51.25,53.45,56.2, 56.75,56.75,,4.95,6.6,1.5959,,53.555,°C,34606.28468339127,1129857.71719684
nSats,8.0,10.0,11.0,14.0,15.0, 16.0,16.0,,4.0,6.0,1.435,,13.5062,nSat,619.889591630318,5413.523251237348
