Name,Min,1%,5%,50%,95%,99%,Max,,90% Range,98% Range,StdDev,,Mean,Units,Skewness,Kurtosis
Local Clock Frequency Offset,0.1853,7.9453,7.9792,8.3624,8.4342, 8.4658,8.5724,,0.4549,0.5205,0.2189,,8.2565,ppm,49626.37347243586,1825638.3780647968
Local Clock Time Offset,-100105.547,-2.454,-0.454,0.002,0.57, 1.949,68.67,,1.024,4.403,2722.1426,,-103.727,µs,-33.4450759968217,1022.3095872671956
Local RMS Frequency Jitter,0.0,0.561,0.733,1.688,8.54, 19.616,1577.603,,7.807,19.055,24.3229,,3.6381,ppb,42.292567928245,2201.2207338165103
Local RMS Time Jitter,0.05,0.091,0.116,0.256,1.144, 2.664,35392.656,,1.028,2.573,499.1494,,16.3472,µs,42.50880903554295,2333.8376435041946
Server Jitter SHM(0),0.0,0.3685,0.5642,1.3377,3.3855, 5.5569,28.113,,2.8213,5.1884,1.1606,,1.5827,ms,8.045643538678918,124.67280190974628
Server Jitter SHM(1),0.0,0.044,0.066,0.196,1.727, 4.225,4474.947,,1.661,4.181,173.6868,,8.1827,µs,20.482550884957696,515.8695210659065
Server Offset SHM(0),-79.1723,12.0625,13.4187,17.8427,22.8501, 24.1349,25.9007,,9.4314,12.0724,4.214,,17.8047,ms,34.60605560354857,233.2104883262251
Server Offset SHM(1),-100105.547,-2.456,-0.455,0.003,0.571, 1.95,68.671,,1.026,4.406,2722.1431,,-103.7381,µs,-33.44507090324857,1022.3087791666342
TDOP,0.68,0.68,0.71,1.04,7.03, 16.74,152.27,,6.32,16.06,9.9837,,2.5995, ,11.462686489320507,172.44171282351533
Temp ZONE0,47.4,47.95,48.5,53.45,55.65, 56.2,58.95,,7.15,8.25,2.378,,52.4325,°C,9388.560276209126,198930.61311231085
nSats,11.0,11.0,12.0,13.0,16.0, 16.0,16.0,,4.0,5.0,1.1398,,13.5958,nSat,1338.047933270836,14988.239171405996
