Name,Min,1%,5%,50%,95%,99%,Max,,90% Range,98% Range,StdDev,,Mean,Units,Skewness,Kurtosis
Local Clock Frequency Offset,8.3657,8.5708,8.7633,8.9719,9.0407, 9.074,9.1134,,0.2775,0.5031,0.0929,,8.944,ppm,865757.3491809804,82531743.07260235
Local Clock Time Offset,-13.158,-2.085,-0.456,0.006,0.557, 1.753,6.125,,1.013,3.838,0.5522,,0.0003,µs,-6.199607440451177,63.12059942768433
Local RMS Frequency Jitter,0.217,0.58,0.775,1.748,8.482, 17.248,37.05,,7.707,16.668,3.1568,,2.9402,ppb,2.970756070418468,15.87062967968027
Local RMS Time Jitter,0.035,0.093,0.125,0.267,1.084, 1.869,5.188,,0.959,1.776,0.3559,,0.3969,µs,3.3151753984149215,18.332559540448386
Server Jitter SHM(0),0.0,0.3653,0.5697,1.4389,3.4137, 5.3526,8.1598,,2.844,4.9873,0.9492,,1.6429,ms,4.542400067229188,18.35158780650034
Server Jitter SHM(1),0.0,0.044,0.068,0.208,1.592, 3.383,12.834,,1.524,3.339,0.658,,0.4344,µs,3.353538704890448,26.660814301713604
Server Offset SHM(0),10.9741,13.274,14.2923,19.1251,23.7021, 24.7996,27.2984,,9.4098,11.5256,3.1058,,18.8579,ms,145.6738041459863,817.8632542710882
Server Offset SHM(1),-13.159,-2.086,-0.457,0.007,0.558, 1.754,6.126,,1.015,3.84,0.5526,,0.0003,µs,-6.195137062955936,62.994507606485776
TDOP,0.62,0.65,0.71,1.02,7.23, 47.24,49.4,,6.52,46.59,5.6499,,2.2276, ,4.993453376546238,40.87652000214612
Temp ZONE0,49.05,50.15,51.25,56.2,58.4, 60.05,61.15,,7.15,9.9,2.3248,,55.7227,°C,12185.595385343766,281415.66577710514
nSats,10.0,11.0,12.0,14.0,15.0, 15.0,15.0,,3.0,4.0,0.8848,,13.6446,nSat,3042.244340353759,44476.945482211864
