Name,Min,1%,5%,50%,95%,99%,Max,,90% Range,98% Range,StdDev,,Mean,Units,Skewness,Kurtosis
Local Clock Frequency Offset,8.4545,8.6085,8.628,8.71,8.7823, 8.8072,8.8608,,0.1543,0.1986,0.0469,,8.707,ppm,6314778.008791454,1167265114.1583004
Local Clock Time Offset,-12.026,-1.97,-0.503,0.006,0.584, 1.721,7.435,,1.087,3.691,0.5663,,-0.0002,µs,-5.845205838697806,64.17602243531388
Local RMS Frequency Jitter,0.305,0.663,0.841,1.785,8.097, 17.851,36.099,,7.256,17.188,3.2462,,3.0114,ppb,3.2892135276259515,18.986362779601652
Local RMS Time Jitter,0.045,0.106,0.135,0.271,0.988, 2.045,5.062,,0.853,1.939,0.3669,,0.3961,µs,4.10611391840476,27.300114109155086
Server Jitter SHM(0),0.2213,0.3615,0.5647,1.3795,3.3916, 5.3305,7.7256,,2.8268,4.969,0.9476,,1.6104,ms,4.355745145267717,16.844509467041068
Server Jitter SHM(1),0.011,0.054,0.083,0.233,1.631, 3.421,11.661,,1.548,3.367,0.6724,,0.4561,µs,3.827174638939735,33.04905129196055
Server Offset SHM(0),11.9609,13.0807,14.2404,19.3135,23.9025, 25.2019,28.0925,,9.6621,12.1212,3.1439,,19.0689,ms,145.15341929246827,814.1602251834315
Server Offset SHM(1),-12.027,-1.971,-0.504,0.007,0.585, 1.722,7.436,,1.089,3.693,0.5668,,-0.0001,µs,-5.841328906810291,64.0438193380495
TDOP,0.71,0.74,0.79,0.98,4.04, 7.13,12.44,,3.25,6.39,1.3259,,1.5593, ,4.1048645572262705,25.857053023432435
Temp ZONE0,51.25,51.8,52.9,54.55,56.75, 58.4,58.4,,3.85,6.6,1.269,,54.7104,°C,74819.3868365059,3156281.8406112245
nSats,12.0,12.0,12.0,14.0,16.0, 16.0,16.0,,4.0,4.0,0.9846,,14.1625,nSat,2437.523045755592,33157.22229234466
