Name,Min,1%,5%,50%,95%,99%,Max,,90% Range,98% Range,StdDev,,Mean,Units,Skewness,Kurtosis
Local Clock Frequency Offset,8.514,8.6986,8.7309,8.7939,8.8554, 8.8891,8.9406,,0.1246,0.1905,0.0375,,8.7947,ppm,12752140.272649301,2979385339.785304
Local Clock Time Offset,-11.782,-1.908,-0.516,0.005,0.574, 1.786,7.072,,1.09,3.694,0.5671,,0.0004,µs,-5.596179457959271,63.404853913661015
Local RMS Frequency Jitter,0.324,0.664,0.861,1.799,8.202, 18.134,37.612,,7.341,17.47,3.2475,,3.0195,ppb,3.26696713804602,18.53610800743833
Local RMS Time Jitter,0.057,0.106,0.137,0.272,0.992, 2.046,4.89,,0.855,1.94,0.3654,,0.3963,µs,4.021762483224977,25.501601725279563
Server Jitter SHM(0),0.187,0.3381,0.5177,1.3956,3.4476, 5.1835,7.3245,,2.9299,4.8454,0.9487,,1.5971,ms,4.216189536574697,16.182358933410338
Server Jitter SHM(1),0.015,0.054,0.083,0.235,1.638, 3.447,11.312,,1.555,3.393,0.6683,,0.4569,µs,3.7960890299622507,32.49686272891403
Server Offset SHM(0),11.6944,13.2713,14.1946,19.2309,23.5775, 25.0052,27.5147,,9.3829,11.7339,3.1159,,18.8155,ms,143.04769129371127,799.0042700837187
Server Offset SHM(1),-11.783,-1.909,-0.517,0.006,0.575, 1.787,7.073,,1.092,3.696,0.5676,,0.0004,µs,-5.592772053018253,63.2734214804037
TDOP,0.62,0.62,0.75,1.07,4.68, 12.8,34.17,,3.93,12.18,3.3602,,1.7955, ,6.110096389226139,56.277789607446444
Temp ZONE0,50.7,51.25,51.8,53.45,54.55, 55.1,55.1,,2.75,3.85,0.8129,,53.2857,°C,269132.9298428786,17384541.268116955
nSats,10.0,11.0,12.0,14.0,16.0, 16.0,16.0,,4.0,5.0,1.1991,,13.7386,nSat,1174.7846658881326,12612.189364029742
