Name,Min,1%,5%,50%,95%,99%,Max,,90% Range,98% Range,StdDev,,Mean,Units,Skewness,Kurtosis
Local Clock Frequency Offset,8.5854,8.7038,8.7293,8.788,8.8394, 8.8529,8.9016,,0.1101,0.1492,0.0336,,8.7844,ppm,17658617.623609457,4598558666.463634
Local Clock Time Offset,-15.268,-1.894,-0.543,0.014,0.584, 1.686,7.41,,1.127,3.58,0.563,,-0.0,µs,-6.358912441308324,78.0861872241747
Local RMS Frequency Jitter,0.437,0.753,0.958,1.922,8.087, 17.244,43.049,,7.129,16.491,3.1529,,3.0725,ppb,3.6391407264129043,23.222151239629063
Local RMS Time Jitter,0.072,0.119,0.152,0.293,0.989, 1.995,6.168,,0.837,1.876,0.3579,,0.4098,µs,4.629147783150957,35.68594257779741
Server Jitter SHM(0),0.1265,0.3783,0.5569,1.3939,3.4541, 5.3332,10.5389,,2.8972,4.9549,0.9695,,1.6178,ms,4.50635549085058,19.529406582708425
Server Jitter SHM(1),0.013,0.065,0.097,0.261,1.616, 3.36,14.853,,1.519,3.295,0.6573,,0.4738,µs,4.160416818568058,39.50774966384158
Server Offset SHM(0),9.6704,12.9878,14.0885,19.0829,23.8497, 24.9492,26.4687,,9.7612,11.9614,3.2025,,18.8998,ms,132.4738396774425,723.3657563815942
Server Offset SHM(1),-15.269,-1.895,-0.544,0.015,0.585, 1.687,7.411,,1.129,3.582,0.5635,,0.0,µs,-6.3535446640286874,77.90284550011432
TDOP,0.6,0.63,0.75,1.17,12.94, 55.31,137.81,,12.19,54.68,11.3827,,3.8377, ,6.482827702844842,71.80289183624951
Temp ZONE0,52.9,53.45,54.0,56.2,58.95, 60.05,61.15,,4.95,6.6,1.5956,,56.5241,°C,40899.751554283896,1411543.1254804602
nSats,9.0,9.0,12.0,14.0,15.0, 16.0,16.0,,3.0,7.0,1.2507,,13.5726,nSat,984.7734422254538,9966.725045181069
