Name,Min,1%,5%,50%,95%,99%,Max,,90% Range,98% Range,StdDev,,Mean,Units,Skewness,Kurtosis
Local Clock Frequency Offset,7.6151,7.746,7.7756,7.9742,8.0602, 8.0764,8.146,,0.2845,0.3304,0.0916,,7.9508,ppm,632695.9970674162,54330458.238350235
Local Clock Time Offset,-10.857,-2.189,-0.406,0.0,0.508, 1.772,6.82,,0.914,3.961,0.558,,-0.0003,µs,-6.165148014130956,67.68797131503963
Local RMS Frequency Jitter,0.275,0.491,0.653,1.603,8.657, 16.929,37.067,,8.004,16.438,3.2891,,2.8658,ppb,2.97761866143579,17.727178503316452
Local RMS Time Jitter,0.039,0.078,0.103,0.238,1.042, 1.941,4.885,,0.939,1.863,0.3812,,0.377,µs,3.423254647398779,21.63176328406407
Server Jitter SHM(0),0.1705,0.3465,0.5371,1.3509,3.6981, 5.5686,8.2061,,3.1611,5.2221,1.0173,,1.6095,ms,3.8869126834702965,14.75477126073086
Server Jitter SHM(1),0.009,0.034,0.052,0.171,1.682, 3.306,10.262,,1.63,3.272,0.6848,,0.4089,µs,3.2444029254711966,27.252043203766853
Server Offset SHM(0),10.4878,11.6276,12.5642,17.621,21.9857, 23.8401,26.0294,,9.4215,12.2125,3.0899,,17.234,ms,109.68490601198566,567.42410026033
Server Offset SHM(1),-10.858,-2.19,-0.407,0.001,0.509, 1.773,6.821,,0.916,3.963,0.5584,,-0.0003,µs,-6.161388552903459,67.56897206226542
TDOP,0.65,0.7,0.75,1.13,3.45, 14.09,33.62,,2.7,13.39,3.1616,,1.8233, ,6.4414345262719905,59.05571216626622
Temp ZONE0,49.6,50.15,50.7,53.45,55.65, 56.2,56.75,,4.95,6.05,1.5817,,53.4523,°C,35363.796775678326,1162898.3816980394
nSats,10.0,10.0,11.0,14.0,15.0, 16.0,16.0,,4.0,6.0,1.2845,,13.5042,nSat,888.9552606949879,8717.16805020368
