Name,Min,1%,5%,50%,95%,99%,Max,,90% Range,98% Range,StdDev,,Mean,Units,Skewness,Kurtosis
Local Clock Frequency Offset,8.5918,8.7544,8.8073,9.0031,9.1979, 9.2571,9.286,,0.3906,0.5027,0.1276,,9.0114,ppm,337402.8449407686,23498710.073277645
Local Clock Time Offset,-20.298,-2.193,-0.545,0.014,0.565, 1.921,8.617,,1.11,4.114,0.6261,,0.0003,µs,-6.842300721792319,108.18972322760452
Local RMS Frequency Jitter,0.594,0.913,1.143,2.126,9.396, 18.726,57.619,,8.253,17.813,3.5564,,3.3633,ppb,4.201824159913241,32.25777905700341
Local RMS Time Jitter,0.088,0.143,0.18,0.324,1.219, 2.086,9.122,,1.039,1.943,0.4208,,0.4634,µs,5.111097169762906,48.2188843551198
Server Jitter SHM(0),0.1772,0.3663,0.5481,1.3981,3.1669, 5.1658,8.0556,,2.6188,4.7995,0.8904,,1.5835,ms,4.845453194348898,20.359172646014073
Server Jitter SHM(1),0.03,0.078,0.114,0.287,1.749, 3.633,19.372,,1.635,3.555,0.736,,0.5132,µs,4.8870253848891245,55.704961888029295
Server Offset SHM(0),11.7,13.3801,14.0912,18.851,23.752, 24.8879,26.9819,,9.6608,11.5078,3.0897,,18.7971,ms,146.70454007582532,826.3878069604235
Server Offset SHM(1),-20.299,-2.194,-0.546,0.015,0.566, 1.922,8.618,,1.112,4.116,0.6265,,0.0003,µs,-6.836658756611339,107.95596006022053
TDOP,0.66,0.67,0.76,0.97,8.63, 29.48,99.25,,7.87,28.81,7.6154,,2.4645, ,7.319773358009268,90.49008430917007
Temp ZONE0,47.95,49.05,49.6,52.35,56.75, 57.85,58.4,,7.15,8.8,2.1689,,52.6731,°C,12696.576397854333,297317.6812908467
nSats,9.0,9.0,11.0,13.0,16.0, 16.0,16.0,,5.0,7.0,1.5087,,13.3208,nSat,503.03080453396495,4116.633561954708
