Name,Min,1%,5%,50%,95%,99%,Max,,90% Range,98% Range,StdDev,,Mean,Units,Skewness,Kurtosis
Local Clock Frequency Offset,8.236,8.375,8.4004,8.4627,8.5433, 8.5587,8.603,,0.1429,0.1837,0.0431,,8.4638,ppm,7444200.510348752,1453606559.703892
Local Clock Time Offset,-11.012,-2.225,-0.378,0.003,0.589, 1.625,6.456,,0.967,3.85,0.5695,,0.0,µs,-6.523187806612468,67.64715402754547
Local RMS Frequency Jitter,0.267,0.482,0.639,1.477,8.528, 18.521,35.737,,7.889,18.039,3.4067,,2.866,ppb,2.6859792606040496,14.424730637884018
Local RMS Time Jitter,0.043,0.078,0.107,0.238,1.175, 2.234,5.379,,1.068,2.156,0.4215,,0.4019,µs,2.9888181174092723,16.578828816477277
Server Jitter SHM(0),0.1502,0.3704,0.5797,1.4546,3.4844, 5.3973,7.8357,,2.9048,5.0269,0.9593,,1.6798,ms,4.49420663662901,17.09357370262247
Server Jitter SHM(1),0.01,0.041,0.062,0.174,1.716, 3.698,10.996,,1.654,3.657,0.7009,,0.4129,µs,3.2172941221282327,25.73724620258745
Server Offset SHM(0),10.5635,12.7251,13.7681,18.7917,23.8906, 25.0378,26.6678,,10.1224,12.3127,3.1506,,18.6786,ms,134.52632725540192,738.4139908210803
Server Offset SHM(1),-11.013,-2.226,-0.379,0.004,0.59, 1.626,6.457,,0.969,3.852,0.5699,,0.0,µs,-6.518857980128193,67.5321491409647
TDOP,0.67,0.69,0.72,1.01,9.59, 54.08,56.14,,8.87,53.39,7.6524,,3.1293, ,3.536698371932729,24.129321415348556
Temp ZONE0,52.35,52.35,52.9,54.55,56.75, 57.85,58.4,,3.85,5.5,1.1486,,54.6869,°C,101412.37887539464,4733619.448308578
nSats,5.0,5.0,5.0,13.0,15.0, 16.0,16.0,,10.0,11.0,3.0694,,12.2448,nSat,34.37801131896765,121.31105819261875
