Name,Min,1%,5%,50%,95%,99%,Max,,90% Range,98% Range,StdDev,,Mean,Units,Skewness,Kurtosis
Local Clock Frequency Offset,8.0415,8.1359,8.1597,8.2371,8.358, 8.41,8.4451,,0.1984,0.274,0.0573,,8.2434,ppm,2913605.7580633196,416182561.8421091
Local Clock Time Offset,-20.032,-2.239,-0.479,0.004,0.545, 1.826,8.755,,1.024,4.065,0.5702,,0.0,µs,-6.31592819883043,91.77159507896228
Local RMS Frequency Jitter,0.408,0.633,0.817,1.821,8.831, 16.876,57.567,,8.014,16.243,3.2653,,3.0347,ppb,3.462222628924147,25.838380047026956
Local RMS Time Jitter,0.06,0.099,0.128,0.27,1.061, 1.93,8.525,,0.933,1.831,0.388,,0.4035,µs,4.524007037844803,43.01109093826018
Server Jitter SHM(0),0.1759,0.3669,0.5804,1.5082,3.6692, 5.5448,11.2045,,3.0888,5.1778,1.0245,,1.7439,ms,4.363853281057634,17.538931775538337
Server Jitter SHM(1),0.012,0.043,0.068,0.219,1.713, 3.353,19.262,,1.645,3.31,0.6826,,0.4481,µs,3.890138896455472,43.443091723664004
Server Offset SHM(0),3.494,10.3588,12.136,17.7188,23.1985, 24.5305,26.7459,,11.0625,14.1717,3.3898,,17.6968,ms,87.80205971547232,425.7702750089278
Server Offset SHM(1),-20.033,-2.24,-0.48,0.005,0.546, 1.827,8.756,,1.026,4.067,0.5706,,0.0,µs,-6.311312020734878,91.57260790945894
TDOP,0.65,0.69,0.74,1.02,31.2, 71.47,110.35,,30.46,70.78,13.1653,,5.5053, ,2.4539061885922107,18.866732304271064
Temp ZONE0,49.6,50.7,51.25,52.9,55.1, 56.2,56.2,,3.85,5.5,1.1757,,52.868,°C,85133.6165280725,3749053.562957979
nSats,10.0,10.0,11.0,14.0,16.0, 16.0,16.0,,5.0,6.0,1.4173,,13.6307,nSat,665.3142520581531,5948.2510692824735
