Name,Min,1%,5%,50%,95%,99%,Max,,90% Range,98% Range,StdDev,,Mean,Units,Skewness,Kurtosis
Local Clock Frequency Offset,7.7406,7.851,7.8793,8.0716,8.1946, 8.221,8.3002,,0.3153,0.3699,0.0864,,8.0603,ppm,785432.640900026,72484726.36755307
Local Clock Time Offset,-9.78,-2.218,-0.438,0.004,0.516, 1.809,6.841,,0.954,4.027,0.5496,,0.0001,µs,-5.566133859292529,53.04263382061198
Local RMS Frequency Jitter,0.371,0.59,0.765,1.689,8.793, 16.648,29.977,,8.028,16.058,3.1547,,2.9178,ppb,2.758418537322981,13.660739305871543
Local RMS Time Jitter,0.058,0.091,0.118,0.254,1.063, 1.858,4.148,,0.945,1.767,0.3591,,0.3882,µs,3.1425293662472473,16.329490520455927
Server Jitter SHM(0),0.2019,0.3678,0.6084,1.4051,3.4243, 5.6054,8.9056,,2.8159,5.2376,0.9683,,1.6366,ms,4.507027888952597,18.603493260819562
Server Jitter SHM(1),0.018,0.042,0.065,0.202,1.676, 3.332,9.41,,1.611,3.29,0.6561,,0.4269,µs,3.067686455688171,22.284213263746953
Server Offset SHM(0),9.2518,11.4459,12.381,17.9174,23.1763, 24.6463,27.4935,,10.7953,13.2003,3.3066,,17.7647,ms,96.72291930884731,482.61236692671736
Server Offset SHM(1),-9.781,-2.219,-0.439,0.005,0.517, 1.81,6.842,,0.956,4.029,0.5501,,0.0001,µs,-5.563025247294415,52.947166425700054
TDOP,0.65,0.65,0.79,1.24,6.61, 14.93,32.27,,5.82,14.28,3.2982,,2.281, ,4.708223808498698,37.67513303689824
Temp ZONE0,48.5,49.05,50.15,52.35,55.1, 56.2,57.85,,4.95,7.15,1.4153,,52.423,°C,46925.018410852455,1695181.0482124214
nSats,12.0,12.0,13.0,14.0,16.0, 16.0,16.0,,3.0,4.0,0.9155,,14.112,nSat,3038.53775540383,44420.59145848144
