Name,Min,1%,5%,50%,95%,99%,Max,,90% Range,98% Range,StdDev,,Mean,Units,Skewness,Kurtosis
Local Clock Frequency Offset,8.8052,8.9451,9.0309,9.1877,9.2616, 9.2815,9.3526,,0.2308,0.3364,0.0731,,9.1668,ppm,1928884.3818393156,240139581.64410123
Local Clock Time Offset,-13.509,-2.276,-0.497,0.004,0.56, 1.968,7.908,,1.057,4.244,0.6211,,-0.0003,µs,-6.404311585720119,78.62023061227788
Local RMS Frequency Jitter,0.478,0.725,0.92,1.925,9.789, 18.683,43.87,,8.869,17.958,3.6075,,3.2498,ppb,3.3978442136356724,21.73398851041439
Local RMS Time Jitter,0.074,0.117,0.148,0.288,1.232, 2.147,7.62,,1.084,2.03,0.4315,,0.4367,µs,4.368770266144897,35.18339808090856
Server Jitter SHM(0),0.1794,0.3418,0.5423,1.4025,3.2289, 5.0428,8.81,,2.6866,4.701,0.8959,,1.5776,ms,4.721236434579548,20.000568341296077
Server Jitter SHM(1),0.013,0.057,0.085,0.238,1.814, 3.748,13.101,,1.729,3.691,0.7506,,0.4826,µs,3.9012713528385508,36.01776660017916
Server Offset SHM(0),11.552,12.9455,13.6983,18.92,24.143, 25.1623,27.7252,,10.4447,12.2167,3.2849,,18.7476,ms,118.47380738541719,626.8082445850393
Server Offset SHM(1),-13.51,-2.277,-0.498,0.005,0.561, 1.969,7.909,,1.059,4.246,0.6215,,-0.0003,µs,-6.4000411080034025,78.47652223165623
TDOP,0.67,0.69,0.76,1.16,7.09, 52.68,79.98,,6.33,51.99,7.5002,,2.7377, ,5.531816036573123,51.03965039616618
Temp ZONE0,50.7,50.7,51.25,54.0,55.65, 56.75,56.75,,4.4,6.05,1.235,,53.8273,°C,77358.3573702226,3299765.260170223
nSats,10.0,10.0,11.0,13.0,15.0, 16.0,16.0,,4.0,6.0,1.3761,,13.3678,nSat,687.4879739306562,6211.64355915371
