Name,Min,1%,5%,50%,95%,99%,Max,,90% Range,98% Range,StdDev,,Mean,Units,Skewness,Kurtosis
Local Clock Frequency Offset,8.854,9.0039,9.0502,9.1476,9.2136, 9.2392,9.2856,,0.1634,0.2353,0.0498,,9.1419,ppm,6072767.296591078,1108004358.6749032
Local Clock Time Offset,-15.413,-2.352,-0.521,0.012,0.577, 1.894,8.814,,1.098,4.246,0.6223,,-0.0004,µs,-6.920547257117323,90.91148258902221
Local RMS Frequency Jitter,0.476,0.799,0.984,1.993,9.708, 17.991,49.818,,8.724,17.192,3.5656,,3.3093,ppb,3.6520957948445942,25.72775137853041
Local RMS Time Jitter,0.071,0.128,0.158,0.303,1.24, 2.067,7.619,,1.082,1.939,0.4258,,0.4512,µs,4.419343459769222,36.34170170961738
Server Jitter SHM(0),0.1577,0.315,0.4944,1.3827,3.5361, 5.4087,7.9339,,3.0417,5.0937,1.0067,,1.6092,ms,3.9230783746838758,15.215790947215428
Server Jitter SHM(1),0.019,0.058,0.088,0.248,1.821, 3.676,14.671,,1.733,3.618,0.7513,,0.4934,µs,4.107692497233513,41.16308801169145
Server Offset SHM(0),10.0902,11.8974,12.9291,18.3724,23.4086, 24.7164,26.3385,,10.4796,12.819,3.2509,,18.0233,ms,107.44983279999391,552.2100184935407
Server Offset SHM(1),-15.414,-2.353,-0.522,0.013,0.578, 1.895,8.815,,1.1,4.248,0.6227,,-0.0003,µs,-6.915234928994967,90.73521225209386
TDOP,0.7,0.73,0.77,1.02,18.93, 40.78,64.87,,18.16,40.05,7.7004,,3.2266, ,3.0456133682914497,22.080740639598414
Temp ZONE0,51.8,52.35,52.9,56.75,59.5, 60.05,60.6,,6.6,7.7,2.0577,,56.3581,°C,18456.77553499194,489142.42153128947
nSats,9.0,9.0,11.0,13.0,15.0, 15.0,16.0,,4.0,6.0,1.278,,13.0917,nSat,817.0379675568046,7796.045187737691
