Name,Min,1%,5%,50%,95%,99%,Max,,90% Range,98% Range,StdDev,,Mean,Units,Skewness,Kurtosis
Local Clock Frequency Offset,8.957,9.09,9.1133,9.1731,9.2153, 9.2475,9.3044,,0.102,0.1575,0.0298,,9.1703,ppm,28836883.364924707,8843149700.882742
Local Clock Time Offset,-14.534,-2.196,-0.491,0.006,0.569, 1.875,8.713,,1.06,4.071,0.6057,,-0.0001,µs,-6.650886487806945,87.37250341592454
Local RMS Frequency Jitter,0.46,0.706,0.894,1.882,9.487, 17.843,48.023,,8.593,17.137,3.5121,,3.1761,ppb,3.520097531048286,23.41933652878554
Local RMS Time Jitter,0.075,0.114,0.143,0.284,1.192, 2.068,6.358,,1.049,1.954,0.4122,,0.4283,µs,4.082238243815154,29.29198916372006
Server Jitter SHM(0),0.2127,0.397,0.5792,1.3915,3.1968, 5.2045,7.723,,2.6175,4.8075,0.8974,,1.5888,ms,4.799062888309258,19.76073142700048
Server Jitter SHM(1),0.015,0.054,0.082,0.236,1.765, 3.658,13.563,,1.683,3.604,0.7332,,0.4736,µs,4.05360406363446,39.18383990028215
Server Offset SHM(0),10.1579,12.2591,13.3995,18.8574,23.6002, 25.032,28.1881,,10.2007,12.7729,3.2438,,18.5991,ms,120.22046784369626,637.6171041404059
Server Offset SHM(1),-14.535,-2.197,-0.492,0.007,0.57, 1.876,8.714,,1.062,4.073,0.6061,,-0.0,µs,-6.646023679292711,87.20357429753761
TDOP,0.62,0.64,0.7,0.99,4.67, 42.24,266.23,,3.97,41.6,17.5486,,3.0127, ,11.067343364678505,168.11084952774763
Temp ZONE0,52.35,52.9,53.45,54.55,55.65, 56.2,56.2,,2.2,3.3,0.7801,,54.7052,°C,330537.7361706352,22863487.04805085
nSats,4.0,8.0,11.0,13.0,15.0, 16.0,16.0,,4.0,8.0,1.5181,,13.332,nSat,492.8535422723491,3988.016454334312
