Name,Min,1%,5%,50%,95%,99%,Max,,90% Range,98% Range,StdDev,,Mean,Units,Skewness,Kurtosis
Local Clock Frequency Offset,7.8176,7.9239,7.9701,8.241,8.3433, 8.368,8.4206,,0.3731,0.4442,0.11,,8.2149,ppm,400092.5504830481,29491983.94657423
Local Clock Time Offset,-9.695,-2.206,-0.452,0.002,0.534, 1.785,6.223,,0.986,3.991,0.5536,,0.0001,µs,-5.895092321778809,55.60210218404316
Local RMS Frequency Jitter,0.353,0.58,0.756,1.737,8.779, 16.407,34.695,,8.023,15.827,3.1598,,2.9576,ppb,2.849730980472813,15.054872521290878
Local RMS Time Jitter,0.057,0.091,0.118,0.257,1.053, 1.853,4.877,,0.935,1.762,0.3585,,0.3897,µs,3.2645148556459813,18.158686275824575
Server Jitter SHM(0),0.1798,0.3656,0.5329,1.3652,3.9801, 5.9639,14.2968,,3.4472,5.5983,1.1907,,1.6737,ms,4.265071261553395,25.06172961538235
Server Jitter SHM(1),0.013,0.04,0.06,0.192,1.719, 3.298,9.483,,1.659,3.258,0.6675,,0.4277,µs,3.017519689862908,22.5172510442155
Server Offset SHM(0),3.1758,11.1798,12.881,18.0614,22.4603, 24.2147,27.3678,,9.5793,13.0349,3.2546,,17.6585,ms,99.85419642212247,501.6226710064115
Server Offset SHM(1),-9.696,-2.207,-0.453,0.003,0.535, 1.786,6.224,,0.988,3.993,0.554,,0.0001,µs,-5.891553104303701,55.50393356517873
TDOP,0.64,0.65,0.7,1.08,13.9, 160.52,189.01,,13.2,159.87,19.8354,,4.8835, ,4.946746548676077,44.718289005077196
Temp ZONE0,48.5,49.05,50.15,53.45,56.2, 57.3,57.85,,6.05,8.25,1.8767,,53.5073,°C,20903.86398660412,577323.0791545901
nSats,8.0,11.0,12.0,14.0,15.0, 16.0,16.0,,3.0,5.0,1.1743,,13.6125,nSat,1219.548645389415,13241.71344009049
