Name,Min,1%,5%,50%,95%,99%,Max,,90% Range,98% Range,StdDev,,Mean,Units,Skewness,Kurtosis
Local Clock Frequency Offset,7.8796,7.9805,7.9991,8.3824,8.4774, 8.547,8.636,,0.4783,0.5665,0.164,,8.3164,ppm,123026.67128354742,6123607.026912227
Local Clock Time Offset,-17.205,-2.115,-0.365,0.001,0.568, 1.689,7.357,,0.933,3.804,0.5824,,0.0,µs,-7.167617966471519,96.48595180848125
Local RMS Frequency Jitter,0.258,0.482,0.641,1.448,8.482, 19.189,47.568,,7.841,18.707,3.5423,,2.8604,ppb,2.9541547575861826,17.712137482835086
Local RMS Time Jitter,0.041,0.074,0.103,0.232,1.144, 2.289,7.428,,1.041,2.215,0.4375,,0.3943,µs,3.5738978219881092,25.81628760223876
Server Jitter SHM(0),0.0971,0.3629,0.5425,1.3993,3.4231, 5.3939,8.4784,,2.8807,5.0309,0.952,,1.6135,ms,4.356708496372354,17.146422685853114
Server Jitter SHM(1),0.014,0.04,0.06,0.173,1.695, 3.748,17.184,,1.635,3.708,0.7215,,0.4083,µs,3.728910637966769,36.215340250348525
Server Offset SHM(0),10.8796,12.5256,13.7378,18.7692,23.6637, 25.1025,27.3585,,9.9259,12.5769,3.1864,,18.6017,ms,127.75829020261975,690.511478876819
Server Offset SHM(1),-17.206,-2.116,-0.366,0.002,0.569, 1.69,7.358,,0.935,3.806,0.5828,,0.0,µs,-7.162253016393495,96.30796306315973
TDOP,0.59,0.59,0.73,0.98,6.33, 27.78,75.58,,5.6,27.19,6.2905,,2.1724, ,6.914926183489403,74.48515098442608
Temp ZONE0,47.4,47.95,48.5,52.9,55.1, 55.65,56.2,,6.6,7.7,2.1025,,52.4641,°C,13815.45295680204,332605.3605338076
nSats,5.0,5.0,5.0,13.0,16.0, 16.0,16.0,,11.0,11.0,2.4352,,12.8091,nSat,88.26509927363855,413.8555438752344
