Name,Min,1%,5%,50%,95%,99%,Max,,90% Range,98% Range,StdDev,,Mean,Units,Skewness,Kurtosis
Local Clock Frequency Offset,8.705,8.866,8.9019,9.0272,9.084, 9.1187,9.1505,,0.1821,0.2527,0.056,,9.0119,ppm,4093977.6947667897,654979485.4702206
Local Clock Time Offset,-28.019,-2.076,-0.517,0.013,0.551, 1.798,12.419,,1.068,3.874,0.6255,,-0.0001,µs,-8.781484543321605,213.15286831046967
Local RMS Frequency Jitter,0.463,0.77,0.969,1.951,8.552, 19.26,77.407,,7.583,18.49,3.6913,,3.2079,ppb,4.759041886729098,48.50725377117075
Local RMS Time Jitter,0.078,0.125,0.156,0.303,1.103, 2.303,14.26,,0.947,2.178,0.4699,,0.4431,µs,7.361782445654355,118.46263635733918
Server Jitter SHM(0),0.1657,0.3463,0.5223,1.438,3.3845, 5.1019,7.5658,,2.8622,4.7556,0.9323,,1.6277,ms,4.434697692270445,17.23651456742828
Server Jitter SHM(1),0.022,0.066,0.1,0.261,1.653, 3.762,28.042,,1.553,3.696,0.7576,,0.4873,µs,6.1751461044269655,104.73210007205572
Server Offset SHM(0),11.5442,12.932,13.7399,18.6539,23.5321, 24.9485,26.7547,,9.7922,12.0166,3.1624,,18.3452,ms,125.1734539120632,673.6158298972806
Server Offset SHM(1),-28.02,-2.077,-0.518,0.014,0.552, 1.799,12.42,,1.07,3.876,0.626,,0.0,µs,-8.772313376630525,212.66190349071735
TDOP,0.64,0.67,0.77,1.18,6.77, 29.3,42.37,,6.0,28.63,4.6222,,2.5271, ,4.8976107006086425,38.98850971511038
Temp ZONE0,52.35,52.35,52.9,56.2,58.4, 58.95,59.5,,5.5,6.6,1.8256,,56.0465,°C,26286.58602052773,783341.3625901205
nSats,9.0,10.0,11.0,14.0,16.0, 16.0,16.0,,5.0,6.0,1.324,,13.7167,nSat,847.1782319662447,8171.845130437439
