Name,Min,1%,5%,50%,95%,99%,Max,,90% Range,98% Range,StdDev,,Mean,Units,Skewness,Kurtosis
Local Clock Frequency Offset,7.6244,7.7834,7.8822,7.99,8.2008, 8.2226,8.2856,,0.3186,0.4392,0.0937,,8.0115,ppm,603556.8170777722,51020674.34537901
Local Clock Time Offset,-10.462,-2.187,-0.396,0.0,0.48, 1.812,6.909,,0.876,3.999,0.5448,,-0.0002,µs,-5.779391749450211,59.531451373211326
Local RMS Frequency Jitter,0.305,0.526,0.678,1.586,8.66, 16.939,33.49,,7.982,16.413,3.1863,,2.827,ppb,2.7451667362882337,14.240415621925878
Local RMS Time Jitter,0.044,0.081,0.105,0.238,1.047, 1.86,4.57,,0.942,1.779,0.3615,,0.3747,µs,3.081835354428726,17.024209404829456
Server Jitter SHM(0),0.1606,0.3497,0.5414,1.3245,3.3373, 5.4331,8.3939,,2.7959,5.0833,0.9396,,1.5488,ms,4.379310958922658,18.240122718254543
Server Jitter SHM(1),0.009,0.037,0.055,0.174,1.674, 3.313,10.453,,1.619,3.276,0.6625,,0.4042,µs,3.055812745128953,23.63453956334852
Server Offset SHM(0),11.8768,13.0559,13.9491,19.2084,24.0627, 25.2473,26.3217,,10.1136,12.1914,3.1533,,19.0063,ms,142.1514259716956,792.4329497568666
Server Offset SHM(1),-10.463,-2.188,-0.397,0.0,0.481, 1.813,6.91,,0.878,4.001,0.5452,,-0.0002,µs,-5.776184436808358,59.42593361908089
TDOP,0.67,0.7,0.8,1.43,12.75, 61.89,120.67,,11.95,61.19,11.1203,,4.5174, ,4.916118817869578,47.05144526028555
Temp ZONE0,49.05,49.6,50.15,51.8,55.1, 57.3,57.85,,4.95,7.7,1.5211,,52.1925,°C,37071.52282633206,1238433.2523099065
nSats,5.0,9.0,11.0,13.0,15.0, 16.0,16.0,,4.0,7.0,1.5932,,13.1328,nSat,400.8544473330653,3047.6389995755067
