Name,Min,1%,5%,50%,95%,99%,Max,,90% Range,98% Range,StdDev,,Mean,Units,Skewness,Kurtosis
Local Clock Frequency Offset,8.2575,8.4504,8.4889,9.1261,9.1663, 9.1752,9.2146,,0.6774,0.7248,0.2549,,8.9579,ppm,39888.47601370323,1365154.4507830576
Local Clock Time Offset,-13.883,-2.068,-0.518,0.011,0.554, 1.748,11.253,,1.072,3.816,0.5885,,-0.0021,µs,-6.206452324779928,85.86123549030873
Local RMS Frequency Jitter,0.374,0.79,0.981,1.928,8.261, 18.245,58.548,,7.28,17.455,3.3827,,3.1194,ppb,4.007662001290237,29.899474624299707
Local RMS Time Jitter,0.071,0.125,0.157,0.301,1.077, 2.046,7.156,,0.92,1.921,0.3924,,0.4291,µs,4.733494426001611,38.92615253026507
Server Jitter SHM(0),0.1576,0.3125,0.4887,1.3476,3.3318, 5.5198,8.6666,,2.8431,5.2073,0.9723,,1.553,ms,4.020010513299265,16.134219283579736
Server Jitter SHM(1),0.014,0.067,0.101,0.258,1.591, 3.499,16.072,,1.49,3.432,0.6961,,0.4753,µs,4.768441106129572,51.05015406723957
Server Offset SHM(0),11.073,12.9217,14.2166,18.9914,23.5331, 24.9712,26.9023,,9.3165,12.0495,3.1374,,18.6124,ms,134.85102102351283,740.8059385719514
Server Offset SHM(1),-13.884,-2.069,-0.519,0.012,0.555, 1.749,11.254,,1.074,3.818,0.589,,-0.002,µs,-6.2019050349294105,85.67360214630227
TDOP,0.64,0.65,0.72,1.16,9.22, 27.0,158.68,,8.5,26.35,10.7853,,3.0033, ,10.238778141894459,148.13290175594793
Temp ZONE0,46.85,46.85,47.95,56.75,58.95, 59.5,59.5,,11.0,12.65,4.1808,,54.495,°C,1778.577627581396,21821.44971886423
nSats,11.0,11.0,12.0,14.0,16.0, 16.0,16.0,,4.0,5.0,1.2423,,13.8,nSat,1063.0029933141207,11048.895598636313
