Name,Min,1%,5%,50%,95%,99%,Max,,90% Range,98% Range,StdDev,,Mean,Units,Skewness,Kurtosis
Local Clock Frequency Offset,7.7676,7.8869,7.9133,8.0534,8.1174, 8.1426,8.203,,0.2041,0.2557,0.0643,,8.0358,ppm,1907392.426857104,236578974.56467474
Local Clock Time Offset,-11.752,-2.198,-0.43,0.0,0.526, 1.816,7.806,,0.956,4.014,0.5636,,-0.0003,µs,-6.259337201772656,71.7465421629332
Local RMS Frequency Jitter,0.258,0.516,0.678,1.687,8.693, 17.225,35.301,,8.015,16.709,3.2926,,2.9279,ppb,2.9655425458797633,17.069803691660635
Local RMS Time Jitter,0.039,0.081,0.107,0.247,1.052, 1.956,4.74,,0.945,1.875,0.3832,,0.3848,µs,3.4886104228152988,22.26072230912001
Server Jitter SHM(0),0.1996,0.3386,0.5067,1.4284,3.656, 5.4113,8.0309,,3.1493,5.0727,1.0057,,1.6452,ms,3.9871018115427934,15.086011717608484
Server Jitter SHM(1),0.014,0.037,0.056,0.179,1.724, 3.393,11.363,,1.668,3.356,0.6893,,0.4202,µs,3.347549359055617,29.123961949986388
Server Offset SHM(0),11.0373,12.2846,13.2831,18.2858,23.0696, 24.3052,25.9044,,9.7865,12.0206,3.1177,,17.9908,ms,122.9250347734008,657.3213660493129
Server Offset SHM(1),-11.753,-2.199,-0.431,-0.0,0.527, 1.817,7.807,,0.958,4.016,0.564,,-0.0003,µs,-6.2553743406463935,71.61529146447955
TDOP,0.65,0.69,0.78,1.27,9.1, 57.32,94.18,,8.32,56.63,8.5517,,3.0802, ,5.71036276466508,55.01502173872269
Temp ZONE0,50.15,51.25,51.8,54.0,55.65, 56.2,56.75,,3.85,4.95,1.1955,,53.7754,°C,85202.00256548724,3752999.0602170476
nSats,10.0,10.0,11.0,13.0,16.0, 16.0,16.0,,5.0,6.0,1.2965,,13.3958,nSat,840.7460702971846,8107.770000174126
