Name,Min,1%,5%,50%,95%,99%,Max,,90% Range,98% Range,StdDev,,Mean,Units,Skewness,Kurtosis
Local Clock Frequency Offset,7.8023,7.8994,7.9644,8.0712,8.1935, 8.2207,8.3002,,0.2291,0.3213,0.0666,,8.073,ppm,1734599.0303248102,208445377.43693644
Local Clock Time Offset,-9.579,-2.228,-0.447,0.003,0.528, 1.875,6.424,,0.975,4.103,0.5572,,0.0001,µs,-5.567830134015684,51.64804801381881
Local RMS Frequency Jitter,0.414,0.597,0.765,1.717,8.933, 16.956,28.814,,8.168,16.359,3.1912,,2.9652,ppb,2.7228362195480993,13.308846243233925
Local RMS Time Jitter,0.059,0.093,0.118,0.255,1.071, 1.895,4.148,,0.953,1.802,0.3642,,0.3912,µs,3.1337578593053843,16.18630052635648
Server Jitter SHM(0),0.2165,0.3713,0.5785,1.4286,4.3496, 8.1112,23.462,,3.7711,7.7399,1.4877,,1.8238,ms,4.91697648283113,41.51702256903392
Server Jitter SHM(1),0.018,0.043,0.064,0.2,1.717, 3.363,9.217,,1.653,3.32,0.6663,,0.4313,µs,2.939502318201288,20.640690769658367
Server Offset SHM(0),-7.8576,9.4881,11.0926,17.4623,22.9081, 24.6919,25.9226,,11.8156,15.2038,3.6061,,17.3574,ms,66.46590995804787,296.22945067484847
Server Offset SHM(1),-9.58,-2.229,-0.448,0.004,0.529, 1.876,6.425,,0.977,4.105,0.5576,,0.0002,µs,-5.5648368165874444,51.55892862069417
TDOP,0.65,0.65,0.79,1.23,8.21, 32.27,103.36,,7.42,31.62,7.8275,,2.8584, ,7.6175060766923135,94.7964677897348
Temp ZONE0,49.6,50.15,50.7,52.35,55.1, 56.2,57.85,,4.4,6.05,1.2096,,52.4027,°C,75938.73508402909,3219482.1015700195
nSats,8.0,8.0,11.0,14.0,16.0, 16.0,16.0,,5.0,8.0,1.4554,,13.7,nSat,619.0584647737352,5386.815014815675
