Name,Min,1%,5%,50%,95%,99%,Max,,90% Range,98% Range,StdDev,,Mean,Units,Skewness,Kurtosis
Local Clock Frequency Offset,8.2158,8.2823,8.388,8.5045,8.5522, 8.5829,8.6406,,0.1642,0.3006,0.0541,,8.4929,ppm,3787582.433599485,590452084.592141
Local Clock Time Offset,-12.578,-2.206,-0.373,0.002,0.582, 1.702,6.955,,0.955,3.908,0.5969,,-0.0007,µs,-6.670895685073552,79.33532642982927
Local RMS Frequency Jitter,0.249,0.505,0.654,1.458,8.551, 19.981,36.937,,7.897,19.476,3.6423,,2.9162,ppb,2.9086425744205564,16.736644860371968
Local RMS Time Jitter,0.037,0.08,0.109,0.237,1.161, 2.448,5.482,,1.052,2.368,0.4485,,0.4054,µs,3.321639407778231,20.271640607818437
Server Jitter SHM(0),0.1858,0.3798,0.5573,1.417,3.5022, 5.5334,8.3615,,2.9449,5.1537,0.9862,,1.6491,ms,4.307321445396208,17.25684975301658
Server Jitter SHM(1),0.018,0.041,0.063,0.175,1.739, 3.903,12.579,,1.676,3.862,0.7424,,0.4194,µs,3.552030450194301,30.80035476942968
Server Offset SHM(0),9.3065,12.5921,14.0463,19.5144,24.6027, 25.7285,27.4659,,10.5564,13.1365,3.3716,,19.254,ms,118.5974448574965,626.4797814347871
Server Offset SHM(1),-12.579,-2.207,-0.374,0.003,0.583, 1.703,6.956,,0.957,3.91,0.5972,,-0.0007,µs,-6.666598688127349,79.20256691811872
TDOP,0.69,0.71,0.8,1.18,6.62, 23.58,43.89,,5.82,22.87,4.2409,,2.4559, ,5.023662922430611,42.35058545609764
Temp ZONE0,50.15,51.25,52.35,54.0,55.1, 55.65,56.2,,2.75,4.4,0.9733,,53.8281,°C,160315.4639924729,8714793.157397289
nSats,5.0,5.0,5.0,14.0,15.0, 16.0,16.0,,10.0,11.0,3.1859,,12.5167,nSat,32.29528111339884,110.29115764595257
