Name,Min,1%,5%,50%,95%,99%,Max,,90% Range,98% Range,StdDev,,Mean,Units,Skewness,Kurtosis
Local Clock Frequency Offset,8.9426,9.0608,9.0769,9.167,9.22, 9.2461,9.2962,,0.1432,0.1854,0.0412,,9.1629,ppm,10815062.268613657,2391790137.01635
Local Clock Time Offset,-13.945,-2.231,-0.496,0.006,0.56, 1.931,8.812,,1.056,4.162,0.5995,,0.0,µs,-6.185061389984436,74.99579217443763
Local RMS Frequency Jitter,0.456,0.697,0.878,1.905,9.538, 17.431,43.959,,8.66,16.734,3.4423,,3.1814,ppb,3.3763883764906026,21.72062823475175
Local RMS Time Jitter,0.071,0.112,0.14,0.283,1.201, 1.923,5.71,,1.061,1.811,0.3975,,0.4261,µs,3.78635904095241,25.277191142793995
Server Jitter SHM(0),0.1528,0.3688,0.5717,1.3744,3.1639, 5.1186,7.3389,,2.5922,4.7498,0.8791,,1.567,ms,4.865643230566465,20.193160544808425
Server Jitter SHM(1),0.016,0.052,0.079,0.228,1.786, 3.521,13.563,,1.707,3.469,0.7222,,0.4708,µs,3.8322242317546507,36.192741147515136
Server Offset SHM(0),11.3141,12.5638,13.6175,18.6162,23.6874, 24.8993,27.0207,,10.0699,12.3355,3.2188,,18.4966,ms,121.2307180944173,645.8545045902902
Server Offset SHM(1),-13.946,-2.232,-0.497,0.007,0.561, 1.932,8.813,,1.058,4.164,0.6,,0.0001,µs,-6.181028234602344,74.8543345799497
TDOP,0.64,0.65,0.7,0.99,1.83, 2.23,2.53,,1.13,1.58,0.3432,,1.0886, ,18.19438420118478,68.22850715450191
Temp ZONE0,51.8,52.35,52.9,54.55,56.2, 56.75,57.3,,3.3,4.4,1.0445,,54.5729,°C,134745.54329365757,6913262.136306986
nSats,11.0,11.0,12.0,14.0,16.0, 16.0,16.0,,4.0,5.0,1.301,,14.125,nSat,986.7532226550983,10007.227729115908
