Name,Min,1%,5%,50%,95%,99%,Max,,90% Range,98% Range,StdDev,,Mean,Units,Skewness,Kurtosis
Local Clock Frequency Offset,7.5097,7.6401,7.6762,7.8322,7.8953, 7.9558,8.055,,0.2191,0.3157,0.0624,,7.8201,ppm,1917727.6082901852,238289545.68613115
Local Clock Time Offset,-18.649,-2.202,-0.413,0.005,0.562, 1.72,6.666,,0.975,3.922,0.591,,0.0001,µs,-7.545106282642837,104.40325678427993
Local RMS Frequency Jitter,0.23,0.599,0.794,1.744,8.929, 18.488,51.534,,8.135,17.889,3.4862,,3.0319,ppb,3.2928215646580976,20.876252316032645
Local RMS Time Jitter,0.04,0.094,0.127,0.277,1.245, 2.233,8.029,,1.118,2.139,0.4419,,0.4368,µs,3.8110097364609397,29.19776451561133
Server Jitter SHM(0),0.1782,0.42,0.632,1.5743,3.4791, 4.7033,7.4035,,2.8471,4.2833,0.892,,1.7536,ms,5.087716322904695,16.970292925433398
Server Jitter SHM(1),0.02,0.05,0.079,0.218,1.675, 3.626,18.666,,1.596,3.576,0.7184,,0.4445,µs,4.194354011510699,43.40725525728159
Server Offset SHM(0),-22.8405,-18.5989,-16.5996,-8.1976,2.3936, 6.9809,10.1806,,18.9932,25.5797,6.0053,,-7.747,ms,-18.613762885055824,58.960785559029446
Server Offset SHM(1),-18.65,-2.203,-0.414,0.006,0.563, 1.721,6.667,,0.977,3.924,0.5914,,0.0001,µs,-7.538634729455726,104.19279766569338
Temp ZONE0,50.15,50.7,51.25,53.45,55.1, 56.2,56.75,,3.85,5.5,1.2718,,53.3583,°C,68812.97075828741,2823192.0701767458
