Name,Min,1%,5%,50%,95%,99%,Max,,90% Range,98% Range,StdDev,,Mean,Units,Skewness,Kurtosis
Local Clock Frequency Offset,8.4237,8.5152,8.5559,9.1362,9.1664, 9.1754,9.2146,,0.6105,0.6602,0.215,,9.0121,ppm,68585.18490579484,2810635.9983054986
Local Clock Time Offset,-12.719,-2.052,-0.523,0.013,0.554, 1.706,7.92,,1.077,3.758,0.5773,,-0.002,µs,-6.307113539433155,76.3418556846414
Local RMS Frequency Jitter,0.48,0.796,0.99,1.942,8.242, 18.029,43.512,,7.252,17.233,3.2712,,3.1097,ppb,3.7048020987443158,23.55587311481889
Local RMS Time Jitter,0.085,0.126,0.158,0.303,1.076, 2.021,5.724,,0.918,1.895,0.3789,,0.4286,µs,4.381612819432027,30.83696016647001
Server Jitter SHM(0),0.1576,0.3127,0.4989,1.3783,3.4044, 5.5198,8.6666,,2.9055,5.2071,0.9782,,1.5891,ms,4.096561606968131,16.30939351832808
Server Jitter SHM(1),0.014,0.068,0.102,0.263,1.586, 3.483,11.513,,1.484,3.415,0.6779,,0.4753,µs,4.370707458009612,40.79168318922942
Server Offset SHM(0),11.073,12.9217,14.2221,19.4073,23.6728, 25.1591,26.9023,,9.4507,12.2374,3.1635,,18.8338,ms,136.35970320715376,750.3912425790024
Server Offset SHM(1),-12.72,-2.053,-0.524,0.014,0.555, 1.707,7.921,,1.079,3.76,0.5777,,-0.002,µs,-6.302173257206123,76.17403816571722
TDOP,0.64,0.65,0.72,1.07,5.4, 27.0,158.68,,4.68,26.35,10.6941,,2.578, ,10.499308549024793,153.64964082877196
Temp ZONE0,46.85,47.4,48.5,56.75,58.95, 59.5,59.5,,10.45,12.1,3.7319,,55.2994,°C,2679.012996760183,37557.891252800975
nSats,10.0,10.0,11.0,14.0,16.0, 16.0,16.0,,5.0,6.0,1.413,,13.6417,nSat,673.8345474128838,6050.59970625104
