Name,Min,1%,5%,50%,95%,99%,Max,,90% Range,98% Range,StdDev,,Mean,Units,Skewness,Kurtosis
Local Clock Frequency Offset,7.6777,7.7866,7.8055,7.8607,7.9584, 7.9777,8.0478,,0.1529,0.1911,0.051,,7.8729,ppm,3603041.923006934,552411639.5339128
Local Clock Time Offset,-13.872,-2.432,-0.461,0.003,0.591, 1.85,6.698,,1.052,4.282,0.5976,,0.0002,µs,-6.738233483910269,70.55480593486016
Local RMS Frequency Jitter,0.0,0.574,0.752,1.847,9.636, 17.816,38.336,,8.884,17.242,3.4318,,3.1588,ppb,2.7693892361643697,14.605562750329213
Local RMS Time Jitter,0.044,0.091,0.12,0.277,1.273, 2.126,5.944,,1.153,2.035,0.4276,,0.4347,µs,3.210269606640823,19.33241817042668
Server Jitter SHM(0),0.0,0.348,0.5731,1.6297,5.8784, 10.8044,22.1697,,5.3053,10.4564,1.9186,,2.1564,ms,3.574722093372226,18.630715049131894
Server Jitter SHM(1),0.0,0.041,0.064,0.21,1.821, 3.672,13.87,,1.757,3.631,0.725,,0.4606,µs,3.1701446009109677,25.75797739674003
Server Offset SHM(0),-0.094,-0.0902,-0.0884,0.0057,0.2726, 0.2761,599.4211,,0.361,0.3663,8.2274,,0.2127,s,68.36801375410661,4980.806922850836
Server Offset SHM(1),-0.0,-0.0,-0.0,0.0,0.0, 0.0,599.1241,,0.0,0.0,2.9084,,0.0153,s,200.40547026843447,41262.02839599829
TDOP,0.62,0.62,0.71,0.97,5.59, 6.35,6.59,,4.88,5.73,1.3169,,1.4815, ,2.9871730789192434,10.374575133126212
Temp ZONE0,51.25,51.25,52.35,54.0,56.75, 57.3,58.4,,4.4,6.05,1.2957,,54.1387,°C,67956.81542385777,2776568.423328939
nSats,8.0,8.0,11.0,14.0,16.0, 16.0,16.0,,5.0,8.0,1.5418,,13.7731,nSat,522.3637387415354,4319.58425541423
