Name,Min,1%,5%,50%,95%,99%,Max,,90% Range,98% Range,StdDev,,Mean,Units,Skewness,Kurtosis
Local Clock Frequency Offset,8.5587,8.6789,8.705,8.7699,8.7941, 8.8095,8.8492,,0.0891,0.1306,0.0255,,8.7629,ppm,40122317.743593425,13735845091.725922
Local Clock Time Offset,-11.355,-1.941,-0.516,0.012,0.567, 1.652,7.611,,1.083,3.593,0.5482,,-0.0003,µs,-6.1146020231060785,64.94719903674977
Local RMS Frequency Jitter,0.392,0.652,0.866,1.793,8.059, 17.083,38.087,,7.193,16.431,3.0895,,2.9716,ppb,3.24133337130238,18.290631942841586
Local RMS Time Jitter,0.066,0.105,0.137,0.275,0.987, 1.957,4.908,,0.85,1.852,0.3504,,0.3951,µs,3.9232023537264964,24.09548386444284
Server Jitter SHM(0),0.2037,0.3319,0.5581,1.4409,3.6967, 5.6226,9.4692,,3.1386,5.2907,1.0183,,1.6907,ms,4.250460665017561,16.94400449165197
Server Jitter SHM(1),0.012,0.054,0.083,0.237,1.613, 3.25,10.961,,1.53,3.196,0.6468,,0.4526,µs,3.6645132945535903,30.114266896705722
Server Offset SHM(0),10.6115,12.7923,13.7215,18.7972,23.7696, 24.9781,27.2237,,10.0481,12.1858,3.2378,,18.5876,ms,120.82917054460422,642.9844716895905
Server Offset SHM(1),-11.356,-1.942,-0.517,0.013,0.568, 1.653,7.612,,1.085,3.595,0.5487,,-0.0002,µs,-6.109923112376085,64.80609574727714
TDOP,0.7,0.71,0.75,1.02,2.4, 7.45,113.39,,1.65,6.74,7.2965,,1.8126, ,12.184576326721846,185.9663307351725
Temp ZONE0,52.9,53.45,54.55,57.3,58.95, 59.5,60.05,,4.4,6.05,1.3147,,57.2932,°C,77326.82404157767,3297894.3474867498
nSats,9.0,10.0,11.0,13.0,15.0, 16.0,16.0,,4.0,6.0,1.3998,,13.2116,nSat,625.8855282437028,5490.427039229826
