Name,Min,1%,5%,50%,95%,99%,Max,,90% Range,98% Range,StdDev,,Mean,Units,Skewness,Kurtosis
Local Clock Frequency Offset,7.2326,7.3538,7.412,7.5562,7.6564, 7.7407,7.8387,,0.2444,0.3869,0.0696,,7.5512,ppm,1242119.483885802,133544528.09532917
Local Clock Time Offset,-17.144,-2.232,-0.408,0.0,0.643, 1.742,7.393,,1.051,3.974,0.6071,,0.0,µs,-7.487473701841894,107.4326130738051
Local RMS Frequency Jitter,0.356,0.603,0.775,1.716,9.17, 18.766,47.373,,8.395,18.163,3.6081,,3.0839,ppb,3.240095993332157,20.466062146834414
Local RMS Time Jitter,0.058,0.092,0.123,0.27,1.25, 2.168,7.661,,1.127,2.076,0.4454,,0.4332,µs,3.809403669637924,29.565131580491673
Server Jitter SHM(0),0.262,0.5074,0.7932,1.7487,3.8691, 5.1547,7.6042,,3.0759,4.6473,0.9705,,1.9601,ms,5.456483144732582,18.36871244293301
Server Jitter SHM(1),0.018,0.051,0.077,0.21,1.688, 3.717,17.161,,1.611,3.666,0.742,,0.4458,µs,4.222059464193985,43.82909273832116
Server Offset SHM(0),-28.351,-24.3493,-21.7847,-13.7162,-1.4963, 3.7759,9.762,,20.2884,28.1252,6.0526,,-12.9945,ms,-39.99041433865719,153.06896204276455
Server Offset SHM(1),-17.145,-2.233,-0.409,0.0,0.644, 1.743,7.394,,1.053,3.976,0.6075,,0.0,µs,-7.481371574941358,107.22153775324828
Temp ZONE0,48.5,49.05,49.6,51.25,54.0, 55.65,56.2,,4.4,6.6,1.3057,,51.2956,°C,56229.75657037198,2157235.206788039
