Name,Min,1%,5%,50%,95%,99%,Max,,90% Range,98% Range,StdDev,,Mean,Units,Skewness,Kurtosis
Local Clock Frequency Offset,8.9146,9.0194,9.0646,9.179,9.2615, 9.2944,9.3479,,0.1969,0.2751,0.0609,,9.174,ppm,3354153.2555889073,502129612.8915704
Local Clock Time Offset,-16.581,-2.325,-0.458,0.002,0.563, 1.955,9.271,,1.021,4.28,0.6137,,-0.0001,µs,-6.564918637379103,87.3951191496699
Local RMS Frequency Jitter,0.371,0.668,0.827,1.856,9.915, 18.226,47.987,,9.088,17.558,3.5864,,3.1866,ppb,3.247956776495472,20.96973718508199
Local RMS Time Jitter,0.06,0.106,0.132,0.277,1.244, 2.072,7.021,,1.112,1.966,0.4284,,0.4274,µs,4.0113872793781935,30.856951359460748
Server Jitter SHM(0),0.1829,0.344,0.5296,1.4058,3.2222, 4.9186,7.1625,,2.6926,4.5746,0.8865,,1.5796,ms,4.54715518191926,17.17091683390148
Server Jitter SHM(1),0.014,0.047,0.07,0.21,1.82, 3.733,15.912,,1.75,3.686,0.7487,,0.4617,µs,3.7418574099409647,36.73219152724613
Server Offset SHM(0),10.7239,11.906,13.0288,18.4087,23.8651, 25.4552,27.6661,,10.8363,13.5492,3.3866,,18.2677,ms,98.11887682769544,492.41415631378595
Server Offset SHM(1),-16.582,-2.326,-0.459,0.003,0.564, 1.956,9.272,,1.023,4.282,0.6141,,-0.0001,µs,-6.560558697449513,87.23504608003076
TDOP,0.68,0.7,0.75,1.02,7.57, 14.17,29.04,,6.82,13.47,2.9773,,1.9243, ,4.271612999363842,33.81753241756068
Temp ZONE0,50.15,50.7,51.25,53.45,55.1, 56.2,57.3,,3.85,5.5,1.1763,,53.1933,°C,86613.83592796033,3836136.4052749774
nSats,9.0,9.0,10.0,13.0,15.0, 16.0,16.0,,5.0,7.0,1.5162,,13.1333,nSat,472.2578885992816,3785.3160806600067
