Name,Min,1%,5%,50%,95%,99%,Max,,90% Range,98% Range,StdDev,,Mean,Units,Skewness,Kurtosis
Local Clock Frequency Offset,8.9933,9.0813,9.1247,9.1958,9.2346, 9.2458,9.3099,,0.1099,0.1645,0.0346,,9.1891,ppm,18585173.082216356,4923052447.036405
Local Clock Time Offset,-13.426,-2.108,-0.455,0.009,0.509, 1.755,8.817,,0.964,3.863,0.5704,,0.0,µs,-6.197629586715629,77.07654726500616
Local RMS Frequency Jitter,0.398,0.678,0.862,1.77,8.166, 18.062,37.706,,7.304,17.384,3.3227,,2.9745,ppb,3.451453578704515,20.884517533059142
Local RMS Time Jitter,0.061,0.109,0.14,0.277,1.059, 2.012,5.282,,0.919,1.903,0.3818,,0.4076,µs,4.133702718776939,28.5700038890813
Server Jitter SHM(0),0.1211,0.3634,0.5183,1.3226,3.3106, 5.0852,7.6174,,2.7924,4.7218,0.9219,,1.5331,ms,4.1755921156341635,16.098514975212062
Server Jitter SHM(1),0.021,0.054,0.084,0.226,1.584, 3.598,12.992,,1.5,3.544,0.6877,,0.4457,µs,4.018723436295554,35.8642365906925
Server Offset SHM(0),11.744,13.1535,14.1204,19.2971,23.9401, 25.0864,27.5198,,9.8198,11.9329,3.1899,,18.8808,ms,133.79133253458457,732.8157466437939
Server Offset SHM(1),-13.427,-2.109,-0.456,0.01,0.51, 1.756,8.818,,0.966,3.865,0.5708,,0.0001,µs,-6.193188915502932,76.91862537767838
TDOP,0.64,0.66,0.75,0.97,3.69, 17.27,126.96,,2.94,16.61,8.3216,,1.9313, ,11.42152503798622,172.03370908304763
Temp ZONE0,52.9,52.9,54.55,56.2,58.4, 60.6,60.6,,3.85,7.7,1.2641,,56.4351,°C,83276.78155329148,3640487.407489736
nSats,9.0,10.0,11.0,14.0,15.0, 16.0,16.0,,4.0,6.0,1.4757,,13.4232,nSat,554.4474239911515,4675.625919270277
