Name,Min,1%,5%,50%,95%,99%,Max,,90% Range,98% Range,StdDev,,Mean,Units,Skewness,Kurtosis
Local Clock Frequency Offset,8.5751,8.707,8.734,8.7719,8.8193, 8.8366,8.8841,,0.0852,0.1296,0.0278,,8.7761,ppm,31247435.35977438,9842254485.52598
Local Clock Time Offset,-11.664,-1.887,-0.53,0.011,0.579, 1.726,9.522,,1.109,3.613,0.5625,,-0.0001,µs,-5.596666174217421,64.6840011669729
Local RMS Frequency Jitter,0.326,0.715,0.907,1.854,8.1, 17.589,39.803,,7.193,16.874,3.182,,3.0359,ppb,3.483783987088665,21.07076538151672
Local RMS Time Jitter,0.046,0.116,0.146,0.286,0.972, 2.033,5.486,,0.826,1.917,0.364,,0.4052,µs,4.536728385671859,33.269324403535855
Server Jitter SHM(0),0.1974,0.3785,0.5672,1.4004,3.5195, 5.5361,8.9766,,2.9522,5.1576,0.9791,,1.6203,ms,4.350713624987763,17.803353039446645
Server Jitter SHM(1),0.019,0.06,0.091,0.247,1.61, 3.319,12.513,,1.519,3.259,0.6606,,0.4653,µs,4.049048306619136,37.225520102668426
Server Offset SHM(0),11.0924,13.3468,14.3004,18.878,23.8, 24.931,28.643,,9.4995,11.5842,3.1201,,18.9585,ms,146.096453256836,821.7243223347162
Server Offset SHM(1),-11.665,-1.888,-0.531,0.012,0.58, 1.727,9.523,,1.111,3.615,0.5629,,-0.0,µs,-5.593101008247415,64.54332943884981
TDOP,0.6,0.64,0.72,1.15,11.77, 71.25,103.86,,11.05,70.61,10.2783,,3.7137, ,4.971847016079716,44.49354155813047
Temp ZONE0,52.35,53.45,54.0,55.65,56.75, 57.3,57.85,,2.75,3.85,0.8465,,55.3315,°C,266859.2773817506,17189066.219796423
nSats,9.0,10.0,11.0,14.0,15.0, 16.0,16.0,,4.0,6.0,1.3288,,13.5292,nSat,800.9216091516806,7594.627203847059
