Name,Min,1%,5%,50%,95%,99%,Max,,90% Range,98% Range,StdDev,,Mean,Units,Skewness,Kurtosis
Local Clock Frequency Offset,8.5818,8.6823,8.7549,8.8445,8.9144, 8.9426,9.0064,,0.1596,0.2603,0.0508,,8.845,ppm,5184758.938061162,897429369.7752572
Local Clock Time Offset,-22.056,-1.823,-0.535,0.01,0.587, 1.733,12.968,,1.122,3.556,0.5658,,0.0001,µs,-6.44118744501742,117.08949263020877
Local RMS Frequency Jitter,0.404,0.752,0.956,1.895,8.132, 17.559,69.726,,7.176,16.807,3.204,,3.0505,ppb,4.311875335797625,41.773619557607965
Local RMS Time Jitter,0.067,0.123,0.154,0.291,0.984, 1.963,10.015,,0.83,1.84,0.3655,,0.4066,µs,6.010818540337841,80.87144133328087
Server Jitter SHM(0),0.1494,0.3331,0.5201,1.3975,3.3225, 5.3596,9.1346,,2.8024,5.0266,0.9402,,1.6025,ms,4.452483463179389,18.218469778457525
Server Jitter SHM(1),0.025,0.066,0.098,0.26,1.571, 3.294,20.734,,1.473,3.228,0.6593,,0.4685,µs,5.099642966041534,73.47335523100695
Server Offset SHM(0),11.1502,13.0328,14.0884,19.1627,23.4959, 24.7291,26.6031,,9.4074,11.6963,3.1164,,18.694,ms,139.88013349262175,775.8646697360323
Server Offset SHM(1),-22.057,-1.824,-0.536,0.011,0.588, 1.734,12.969,,1.124,3.558,0.5663,,0.0001,µs,-6.435619148538072,116.78691489088537
TDOP,0.65,0.67,0.73,1.13,17.35, 82.37,129.03,,16.62,81.7,15.4611,,5.1348, ,3.3534176712832187,26.03382797548297
Temp ZONE0,50.7,51.25,52.35,54.0,55.65, 56.2,56.2,,3.3,4.95,1.1003,,53.8357,°C,110246.43202670553,5290897.554135761
nSats,10.0,10.0,11.0,13.0,16.0, 16.0,16.0,,5.0,6.0,1.3463,,13.2822,nSat,723.4826173063158,6653.447934747534
