Name,Min,1%,5%,50%,95%,99%,Max,,90% Range,98% Range,StdDev,,Mean,Units,Skewness,Kurtosis
Local Clock Frequency Offset,7.7315,7.8513,7.8689,8.0059,8.0976, 8.1193,8.1685,,0.2287,0.268,0.0691,,7.9993,ppm,1510170.8421296685,173287425.12258822
Local Clock Time Offset,-11.676,-2.162,-0.399,0.001,0.479, 1.804,7.953,,0.878,3.966,0.5506,,0.0003,µs,-6.106389355047979,74.12408769745021
Local RMS Frequency Jitter,0.249,0.501,0.658,1.577,8.544, 17.097,34.856,,7.886,16.596,3.2566,,2.8154,ppb,3.0025117806205994,17.70658375212564
Local RMS Time Jitter,0.038,0.08,0.104,0.237,1.03, 1.941,5.404,,0.926,1.861,0.3835,,0.3741,µs,3.7379589460505596,26.373418943479315
Server Jitter SHM(0),0.1628,0.3577,0.5272,1.3722,3.6808, 5.5518,9.4749,,3.1536,5.1941,1.028,,1.633,ms,4.034016352686005,16.5223633530189
Server Jitter SHM(1),0.013,0.037,0.056,0.173,1.67, 3.309,11.385,,1.614,3.272,0.6769,,0.4056,µs,3.4039848153551135,29.90895658625437
Server Offset SHM(0),10.9198,12.1584,13.1688,18.0136,22.6365, 24.0611,25.8956,,9.4677,11.9027,3.1091,,17.7165,ms,117.86896610348231,622.7461075018745
Server Offset SHM(1),-11.677,-2.163,-0.4,0.002,0.48, 1.805,7.954,,0.88,3.968,0.551,,0.0003,µs,-6.1025724069296885,73.98634072364435
TDOP,0.64,0.67,0.73,1.29,8.64, 50.02,134.12,,7.91,49.35,10.2303,,3.4724, ,7.471929365453473,92.3410904973
Temp ZONE0,50.7,50.7,51.25,54.0,55.65, 56.75,57.3,,4.4,6.05,1.3831,,53.7056,°C,54257.15970204007,2056901.7066437001
nSats,8.0,10.0,10.0,13.0,15.0, 16.0,16.0,,5.0,6.0,1.4501,,13.2158,nSat,557.8361453418422,4711.782430730268
