Name,Min,1%,5%,50%,95%,99%,Max,,90% Range,98% Range,StdDev,,Mean,Units,Skewness,Kurtosis
Local Clock Frequency Offset,9.0364,9.1341,9.2094,9.3167,9.382, 9.4058,9.4727,,0.1726,0.2716,0.0538,,9.3089,ppm,5079264.707720746,873166293.2810258
Local Clock Time Offset,-17.886,-2.276,-0.511,0.009,0.549, 1.914,8.488,,1.06,4.19,0.607,,-0.0,µs,-6.382209752028369,78.88880493846557
Local RMS Frequency Jitter,0.467,0.781,0.989,2.001,9.583, 18.494,50.989,,8.594,17.713,3.4543,,3.2538,ppb,3.4775415494059523,21.984576671948467
Local RMS Time Jitter,0.073,0.126,0.164,0.312,1.234, 2.035,7.279,,1.07,1.909,0.3971,,0.4481,µs,4.115687630486484,29.726485041646654
Server Jitter SHM(0),0.1118,0.3167,0.4975,1.31,3.1401, 5.1871,7.5218,,2.6427,4.8705,0.904,,1.5021,ms,4.444005900736527,18.947318382436023
Server Jitter SHM(1),0.013,0.06,0.094,0.256,1.788, 3.657,17.23,,1.694,3.597,0.7215,,0.4884,µs,3.986838564928158,37.858629740793525
Server Offset SHM(0),10.6636,13.1338,14.2096,18.4265,23.3259, 24.6091,27.122,,9.1163,11.4754,3.0191,,18.4093,ms,147.8932211145602,835.8225867118601
Server Offset SHM(1),-17.887,-2.277,-0.512,0.01,0.55, 1.915,8.489,,1.062,4.192,0.6074,,0.0,µs,-6.377699964162383,78.73291100730037
TDOP,0.66,0.71,0.85,1.47,15.53, 52.25,93.36,,14.68,51.54,9.1134,,3.9758, ,4.620450316591584,40.32463228250511
Temp ZONE0,51.25,51.8,52.9,54.55,56.75, 57.3,57.3,,3.85,5.5,1.1796,,54.5454,°C,92727.99770687551,4201192.757658477
nSats,6.0,11.0,12.0,14.0,15.0, 16.0,16.0,,3.0,5.0,1.2568,,13.5625,nSat,967.1805385655132,9736.02069736655
