Name,Min,1%,5%,50%,95%,99%,Max,,90% Range,98% Range,StdDev,,Mean,Units,Skewness,Kurtosis
Local Clock Frequency Offset,7.8796,7.9805,7.9991,8.3848,8.4927, 8.5539,16.5363,,0.4936,0.5733,0.2236,,8.3261,ppm,47674.27719131341,1732594.0029948025
Local Clock Time Offset,-67.269,-2.335,-0.384,0.0,0.611, 1.909,43004.3,,0.995,4.244,837.0998,,25.4168,µs,35.554239402556625,1523.7979947801643
Local RMS Frequency Jitter,0.0,0.477,0.649,1.476,8.687, 20.061,1555.621,,8.038,19.584,23.9906,,3.5585,ppb,42.25457437751795,2199.73233207157
Local RMS Time Jitter,0.041,0.075,0.105,0.234,1.176, 2.512,15203.888,,1.071,2.437,208.8146,,6.1166,µs,45.80205875543151,2601.69874247216
Server Jitter SHM(0),0.0,0.3551,0.5323,1.38,3.498, 5.5488,25.5973,,2.9657,5.1937,1.1723,,1.6262,ms,7.855341364688534,113.41288443491135
Server Jitter SHM(1),0.0,0.04,0.061,0.175,1.75, 4.143,4473.064,,1.689,4.103,126.4545,,4.8707,µs,28.337162594245143,957.4876490632095
Server Offset SHM(0),10.8796,12.5256,13.8692,19.1326,24.0369, 25.7528,59.3964,,10.1677,13.2273,3.382,,18.9444,ms,111.95105942343653,598.2126677963581
Server Offset SHM(1),-67.27,-2.336,-0.385,0.001,0.612, 1.916,43004.3,,0.997,4.252,837.1026,,25.4278,µs,35.55388319534318,1523.777040226933
TDOP,0.59,0.59,0.73,0.95,2.71, 27.78,75.58,,1.98,27.19,6.2652,,2.0196, ,6.995829853741333,75.82742672964554
Temp ZONE0,47.4,47.95,48.5,53.45,55.65, 56.2,56.2,,7.15,8.25,2.2699,,52.69,°C,11025.709861045549,246349.37311162392
nSats,5.0,5.0,5.0,13.0,16.0, 16.0,16.0,,11.0,11.0,2.3468,,12.6929,nSat,97.14511068824316,469.9625779901327
