Name,Min,1%,5%,50%,95%,99%,Max,,90% Range,98% Range,StdDev,,Mean,Units,Skewness,Kurtosis
Local Clock Frequency Offset,8.7608,8.8382,8.9385,9.0335,9.0919, 9.1096,9.1581,,0.1534,0.2715,0.0499,,9.0265,ppm,5807185.385017959,1043872602.5181577
Local Clock Time Offset,-17.376,-2.073,-0.501,0.011,0.527, 1.728,8.51,,1.028,3.801,0.5747,,-0.0,µs,-6.75954447247139,94.43155047590531
Local RMS Frequency Jitter,0.395,0.725,0.944,1.901,8.203, 17.878,51.158,,7.259,17.153,3.2933,,3.0566,ppb,3.8776251986846124,27.995461383665802
Local RMS Time Jitter,0.043,0.114,0.15,0.295,1.058, 2.017,9.867,,0.908,1.903,0.3956,,0.421,µs,5.585215055439971,65.15451706971228
Server Jitter SHM(0),0.2325,0.3779,0.5886,1.4721,3.4328, 5.4887,8.4017,,2.8441,5.1108,0.962,,1.6815,ms,4.591340435132417,18.386699624605527
Server Jitter SHM(1),0.017,0.058,0.092,0.251,1.587, 3.481,16.91,,1.495,3.423,0.682,,0.4636,µs,4.537669288651102,48.25469506228078
Server Offset SHM(0),11.7589,13.349,14.2892,19.453,24.2292, 25.5899,26.6716,,9.9401,12.2409,3.214,,19.1515,ms,136.8399335476687,754.784502937771
Server Offset SHM(1),-17.377,-2.074,-0.502,0.012,0.528, 1.729,8.511,,1.03,3.803,0.5751,,0.0,µs,-6.753723225359624,94.21604400913778
TDOP,0.64,0.67,0.73,1.01,11.84, 21.86,58.89,,11.11,21.19,5.263,,2.3849, ,4.691956036611763,47.38921036497363
Temp ZONE0,51.8,52.35,54.0,57.3,60.05, 62.25,62.8,,6.05,9.9,2.0247,,57.0685,°C,20173.75538129997,550653.6659417059
nSats,8.0,10.0,12.0,14.0,16.0, 16.0,16.0,,4.0,6.0,1.4224,,13.6,nSat,652.9054220344768,5806.645729031543
