Name,Min,1%,5%,50%,95%,99%,Max,,90% Range,98% Range,StdDev,,Mean,Units,Skewness,Kurtosis
Local Clock Frequency Offset,8.3289,8.401,8.4699,8.5839,8.7446, 8.7747,8.8009,,0.2747,0.3737,0.076,,8.5825,ppm,1404967.7365987764,157383044.11871824
Local Clock Time Offset,-11.763,-1.974,-0.486,0.005,0.574, 1.74,6.545,,1.06,3.714,0.5598,,-0.0,µs,-5.491869891185196,56.22190241267001
Local RMS Frequency Jitter,0.324,0.654,0.848,1.773,8.046, 17.935,33.387,,7.198,17.281,3.1932,,2.9932,ppb,3.089144560171598,16.2169200866367
Local RMS Time Jitter,0.057,0.106,0.134,0.269,0.996, 2.015,4.917,,0.862,1.909,0.3586,,0.3941,µs,3.7810668326936034,22.356393320051552
Server Jitter SHM(0),0.1391,0.3456,0.5127,1.4006,3.4775, 5.1878,8.1498,,2.9648,4.8422,0.9537,,1.6007,ms,4.2709427521027274,16.854823365559845
Server Jitter SHM(1),0.02,0.055,0.082,0.228,1.635, 3.403,11.378,,1.553,3.348,0.6587,,0.4493,µs,3.5451835483490113,27.986901725672052
Server Offset SHM(0),10.7557,12.504,13.5136,18.7357,23.7872, 25.0582,27.1739,,10.2736,12.5542,3.2055,,18.5965,ms,125.09053241361299,671.7744158823351
Server Offset SHM(1),-11.764,-1.975,-0.487,0.006,0.575, 1.741,6.546,,1.062,3.716,0.5602,,0.0,µs,-5.488680150635827,56.10993630887424
TDOP,0.69,0.72,0.75,1.0,15.38, 82.2,290.97,,14.63,81.48,26.2891,,5.5012, ,6.114707525677765,65.6333686757084
Temp ZONE0,49.05,50.15,51.25,52.9,56.75, 57.85,58.4,,5.5,7.7,1.5349,,52.9481,°C,37683.69970420497,1265724.6963245482
nSats,11.0,11.0,12.0,14.0,16.0, 16.0,16.0,,4.0,5.0,1.096,,13.6542,nSat,1538.8866337150962,18036.21671197206
