Name,Min,1%,5%,50%,95%,99%,Max,,90% Range,98% Range,StdDev,,Mean,Units,Skewness,Kurtosis
Local Clock Frequency Offset,7.3873,7.55,7.6058,7.7632,7.8548, 7.8976,7.9654,,0.249,0.3477,0.0711,,7.7535,ppm,1263557.9978783543,136626172.77050278
Local Clock Time Offset,-14.416,-2.308,-0.408,0.004,0.591, 1.679,6.298,,0.999,3.987,0.6048,,-0.0003,µs,-8.016856065322228,110.72440289560804
Local RMS Frequency Jitter,0.304,0.555,0.756,1.756,9.093, 19.113,44.404,,8.337,18.558,3.5884,,3.0786,ppb,3.2967948069456194,20.87450562650228
Local RMS Time Jitter,0.049,0.083,0.117,0.283,1.286, 2.312,7.09,,1.169,2.229,0.4619,,0.4452,µs,3.7003903634728856,26.33770005053652
Server Jitter SHM(0),0.2295,0.3919,0.6331,1.5434,3.3993, 4.7158,8.0707,,2.7662,4.3238,0.8879,,1.7158,ms,5.06739542700411,18.04137680346263
Server Jitter SHM(1),0.016,0.049,0.075,0.218,1.693, 3.677,14.405,,1.618,3.628,0.74,,0.4491,µs,4.250183723028744,43.0530445363504
Server Offset SHM(0),-20.6561,-19.0141,-17.2115,-10.7063,-2.0708, 1.3878,4.4678,,15.1407,20.4019,4.4994,,-10.4694,ms,-46.37172802774026,186.07317691245905
Server Offset SHM(1),-14.417,-2.309,-0.409,0.005,0.592, 1.68,6.299,,1.001,3.989,0.6052,,-0.0003,µs,-8.00983003444864,110.50888273290475
Temp ZONE0,49.05,50.15,50.7,53.45,56.2, 57.85,57.85,,5.5,7.7,1.6005,,53.4798,°C,34156.41556434372,1110353.2357578017
