Name,Min,1%,5%,50%,95%,99%,Max,,90% Range,98% Range,StdDev,,Mean,Units,Skewness,Kurtosis
Local Clock Frequency Offset,8.6234,8.7378,8.7572,8.7924,8.8106, 8.8233,8.8713,,0.0534,0.0855,0.017,,8.7895,ppm,137799451.62252343,71175943048.55336
Local Clock Time Offset,-11.597,-2.04,-0.511,0.011,0.573, 1.697,7.246,,1.084,3.737,0.5624,,-0.0002,µs,-6.132822327611388,63.745707389812075
Local RMS Frequency Jitter,0.415,0.656,0.851,1.781,8.152, 17.767,35.178,,7.301,17.111,3.2056,,3.0097,ppb,3.159270485551443,17.252728863054614
Local RMS Time Jitter,0.063,0.108,0.138,0.274,1.008, 2.056,4.32,,0.87,1.948,0.3634,,0.401,µs,3.7598446221301747,21.5052631112489
Server Jitter SHM(0),0.206,0.3691,0.5991,1.4569,3.6861, 5.804,8.0954,,3.087,5.435,1.0137,,1.6988,ms,4.332555117197132,16.980605838380416
Server Jitter SHM(1),0.02,0.055,0.082,0.234,1.665, 3.372,11.182,,1.583,3.317,0.6683,,0.4572,µs,3.6379985942133013,29.67181377560836
Server Offset SHM(0),10.8237,12.6406,14.2122,18.9027,23.8674, 24.9781,27.5139,,9.6552,12.3375,3.1596,,18.8763,ms,138.00772389910287,762.7963130545336
Server Offset SHM(1),-11.598,-2.041,-0.512,0.012,0.574, 1.698,7.247,,1.086,3.739,0.5628,,-0.0001,µs,-6.128312211661096,63.615077430696736
TDOP,0.7,0.71,0.75,0.98,2.87, 14.94,113.39,,2.12,14.23,7.4609,,1.9232, ,11.32146220391582,169.17639538767475
Temp ZONE0,54.55,54.55,55.65,56.75,58.95, 59.5,60.05,,3.3,4.95,1.0336,,56.9873,°C,158812.15955297957,8606162.640895966
nSats,9.0,10.0,12.0,14.0,16.0, 16.0,16.0,,4.0,6.0,1.2322,,13.7759,nSat,1084.9891692181527,11342.258962020693
