Name,Min,1%,5%,50%,95%,99%,Max,,90% Range,98% Range,StdDev,,Mean,Units,Skewness,Kurtosis
Local Clock Frequency Offset,8.3854,8.5951,8.6425,8.7908,8.8579, 8.9165,8.9617,,0.2154,0.3214,0.0658,,8.7713,ppm,2313729.6414310816,306054999.8815144
Local Clock Time Offset,-16.091,-1.924,-0.538,0.009,0.59, 1.689,9.825,,1.128,3.613,0.5642,,0.0001,µs,-5.859574404324217,71.41394066281433
Local RMS Frequency Jitter,0.475,0.752,0.963,1.945,8.074, 17.244,53.451,,7.111,16.492,3.1389,,3.1001,ppb,3.6508584253035203,24.706306057478102
Local RMS Time Jitter,0.069,0.118,0.151,0.297,0.997, 1.954,7.292,,0.846,1.836,0.3528,,0.4129,µs,4.588461640361185,37.25226318231313
Server Jitter SHM(0),0.1235,0.3478,0.5471,1.3796,3.4318, 5.5811,7.8931,,2.8846,5.2333,0.97,,1.6091,ms,4.28349465070462,17.185420683882807
Server Jitter SHM(1),0.025,0.064,0.097,0.261,1.621, 3.321,14.859,,1.524,3.257,0.6521,,0.4746,µs,4.16227113853725,41.11681549165886
Server Offset SHM(0),11.1643,12.7559,13.6905,18.4821,23.3687, 24.6315,27.4435,,9.6782,11.8757,3.1715,,18.4561,ms,126.44714895599539,681.716739001614
Server Offset SHM(1),-16.092,-1.925,-0.539,0.01,0.591, 1.69,9.826,,1.13,3.615,0.5647,,0.0002,µs,-5.855392909367777,71.2480358944261
TDOP,0.68,0.7,0.78,1.22,10.41, 25.45,136.55,,9.63,24.75,9.6152,,3.3803, ,9.138854328344356,127.17384238269754
Temp ZONE0,50.7,50.7,51.25,54.0,55.65, 57.3,58.95,,4.4,6.6,1.3898,,53.6585,°C,53306.30321707661,2009051.672960129
nSats,9.0,11.0,12.0,14.0,16.0, 16.0,16.0,,4.0,5.0,1.1592,,13.7542,nSat,1314.668077550234,14622.861122775093
