Name,Min,1%,5%,50%,95%,99%,Max,,90% Range,98% Range,StdDev,,Mean,Units,Skewness,Kurtosis
Local Clock Frequency Offset,8.4876,8.596,8.7117,8.9015,8.9776, 9.0182,9.0751,,0.2659,0.4222,0.0866,,8.8807,ppm,1048642.690676168,106558049.1414384
Local Clock Time Offset,-11.908,-2.1,-0.416,0.002,0.519, 1.811,8.012,,0.935,3.911,0.5577,,-0.0002,µs,-5.72096167921006,64.7060266138467
Local RMS Frequency Jitter,0.334,0.574,0.757,1.645,8.301, 17.706,38.377,,7.544,17.132,3.2642,,2.8907,ppb,3.0936811156535327,17.69429786627974
Local RMS Time Jitter,0.047,0.093,0.122,0.252,1.065, 1.94,5.049,,0.943,1.847,0.3709,,0.3881,µs,3.6001600581643696,22.64134050586909
Server Jitter SHM(0),0.1311,0.3594,0.5489,1.3762,3.3995, 5.5474,9.5374,,2.8506,5.188,0.968,,1.5978,ms,4.425387548182576,19.00249837940822
Server Jitter SHM(1),0.009,0.048,0.074,0.2,1.594, 3.42,11.53,,1.52,3.372,0.6714,,0.4239,µs,3.686951824121974,32.06401842226952
Server Offset SHM(0),11.9059,13.3123,14.3372,19.5326,24.4905, 25.5768,27.3528,,10.1533,12.2645,3.171,,19.4894,ms,151.71119335837346,862.0191007108672
Server Offset SHM(1),-11.909,-2.101,-0.417,0.003,0.52, 1.812,8.013,,0.937,3.913,0.5581,,-0.0002,µs,-5.717558985917064,64.58037071970801
TDOP,0.62,0.62,0.72,1.19,5.02, 21.05,94.33,,4.3,20.43,7.0219,,2.3237, ,8.62287880256246,107.03412738804654
Temp ZONE0,48.5,49.6,50.7,53.45,55.65, 56.2,56.2,,4.95,6.6,1.4196,,53.3973,°C,49199.14896513298,1805416.899092572
nSats,10.0,11.0,12.0,13.0,15.0, 15.0,16.0,,3.0,4.0,1.0253,,13.2792,nSat,1742.727748822384,21249.97442683067
