Name,Min,1%,5%,50%,95%,99%,Max,,90% Range,98% Range,StdDev,,Mean,Units,Skewness,Kurtosis
Local Clock Frequency Offset,8.1671,8.2947,8.3583,8.4613,8.5028, 8.5282,8.5791,,0.1445,0.2335,0.0468,,8.4488,ppm,5788400.539676214,1039373174.3013064
Local Clock Time Offset,-13.302,-2.169,-0.358,0.001,0.577, 1.628,6.825,,0.935,3.797,0.5839,,-0.0001,µs,-7.398459685762331,95.53983309016304
Local RMS Frequency Jitter,0.211,0.467,0.626,1.411,8.46, 19.388,43.905,,7.834,18.921,3.5678,,2.848,ppb,2.9337560566115854,17.904371319772814
Local RMS Time Jitter,0.034,0.075,0.103,0.23,1.155, 2.308,5.728,,1.052,2.233,0.4388,,0.3962,µs,3.3526613939550542,21.77127693292991
Server Jitter SHM(0),0.1587,0.3667,0.5527,1.4898,3.5559, 5.5997,8.9952,,3.0032,5.233,1.0083,,1.7105,ms,4.25332588239359,16.33464969901216
Server Jitter SHM(1),0.012,0.04,0.061,0.169,1.713, 3.683,13.371,,1.652,3.643,0.7286,,0.4086,µs,3.7249307917138696,35.60771139335198
Server Offset SHM(0),8.3829,11.5246,12.8527,18.3016,23.5609, 24.9966,26.8313,,10.7082,13.472,3.3829,,18.1813,ms,96.82044888509103,482.8247868984263
Server Offset SHM(1),-13.303,-2.17,-0.359,0.002,0.578, 1.629,6.826,,0.937,3.799,0.5843,,-0.0001,µs,-7.392890566196362,95.36952347636687
TDOP,0.64,0.66,0.75,1.1,7.01, 25.33,60.54,,6.26,24.67,5.1347,,2.3922, ,6.2835051099076225,65.00721367323365
Temp ZONE0,51.25,51.8,52.9,54.55,56.2, 56.75,57.3,,3.3,4.95,1.1236,,54.5363,°C,107558.83145204319,5119688.226393302
nSats,5.0,5.0,5.0,14.0,16.0, 16.0,16.0,,11.0,11.0,2.5868,,12.9253,nSat,74.0043110446977,328.0634659764401
