Name,Min,1%,5%,50%,95%,99%,Max,,90% Range,98% Range,StdDev,,Mean,Units,Skewness,Kurtosis
Local Clock Frequency Offset,8.6739,8.7617,8.802,8.9828,9.0424, 9.0723,9.1239,,0.2403,0.3106,0.0699,,8.9652,ppm,2057585.0623292313,261735933.29787615
Local Clock Time Offset,-10.985,-2.019,-0.494,0.009,0.54, 1.791,9.578,,1.034,3.81,0.5859,,0.0003,µs,-6.015620570078049,73.65878946871621
Local RMS Frequency Jitter,0.464,0.74,0.955,1.887,8.275, 19.143,41.958,,7.32,18.403,3.3992,,3.0703,ppb,3.6388254130154847,22.360113565248344
Local RMS Time Jitter,0.068,0.119,0.152,0.291,1.068, 2.168,5.107,,0.916,2.049,0.3878,,0.4195,µs,4.175605162459043,27.10603475754086
Server Jitter SHM(0),0.1478,0.3169,0.5165,1.414,3.2861, 5.1311,7.8106,,2.7696,4.8142,0.9216,,1.5966,ms,4.416125268047515,17.497240082055153
Server Jitter SHM(1),0.019,0.063,0.095,0.253,1.574, 3.651,12.264,,1.479,3.588,0.6946,,0.4658,µs,4.373215762336208,40.14359872769969
Server Offset SHM(0),9.7005,11.9095,13.4214,18.5196,24.2447, 25.5635,29.0327,,10.8233,13.654,3.3973,,18.54,ms,102.00731844521941,517.6038497167752
Server Offset SHM(1),-10.986,-2.02,-0.495,0.01,0.541, 1.792,9.579,,1.036,3.812,0.5863,,0.0004,µs,-6.011505603453023,73.50882019015451
TDOP,0.63,0.66,0.72,1.07,5.73, 20.84,31.25,,5.01,20.18,3.2492,,2.0953, ,4.4688675340649056,33.30377140468972
Temp ZONE0,50.15,51.25,51.8,54.0,56.75, 57.85,57.85,,4.95,6.6,1.3878,,54.1438,°C,55041.37859028616,2096624.3409802
nSats,10.0,10.0,11.0,14.0,15.0, 16.0,16.0,,4.0,6.0,1.3135,,13.4564,nSat,817.5648986553964,7809.716890597248
