Name,Min,1%,5%,50%,95%,99%,Max,,90% Range,98% Range,StdDev,,Mean,Units,Skewness,Kurtosis
Local Clock Frequency Offset,8.9468,9.0644,9.0841,9.218,9.39, 9.454,9.4787,,0.3059,0.3895,0.1086,,9.2325,ppm,592651.4325504171,49795394.42701605
Local Clock Time Offset,-14.402,-2.364,-0.526,0.006,0.605, 1.956,8.098,,1.131,4.32,0.6132,,0.0001,µs,-6.355109937059289,70.5449121998296
Local RMS Frequency Jitter,0.534,0.85,1.039,2.058,9.695, 18.039,46.656,,8.656,17.189,3.4409,,3.3388,ppb,3.4103379570874504,20.955642866149784
Local RMS Time Jitter,0.084,0.134,0.166,0.313,1.237, 1.973,6.246,,1.071,1.839,0.3944,,0.4522,µs,4.006406912615277,26.81099257184822
Server Jitter SHM(0),0.1752,0.321,0.4926,1.2903,3.1513, 5.0671,9.1234,,2.6588,4.7461,0.9002,,1.4884,ms,4.434679806308923,19.325295029883602
Server Jitter SHM(1),0.019,0.068,0.098,0.257,1.816, 3.673,14.049,,1.718,3.605,0.7233,,0.4977,µs,3.726120245389443,32.62412984925026
Server Offset SHM(0),9.7974,11.482,12.6839,18.1972,23.4984, 24.8621,28.3499,,10.8144,13.38,3.3775,,18.0426,ms,94.91682074112165,471.18449323492473
Server Offset SHM(1),-14.403,-2.365,-0.527,0.007,0.606, 1.957,8.099,,1.133,4.322,0.6137,,0.0001,µs,-6.35065371639208,70.4082206088685
TDOP,0.65,0.67,0.72,0.97,4.41, 14.09,75.38,,3.69,13.42,5.7543,,2.2404, ,8.22197592122699,98.13414464570025
Temp ZONE0,50.15,50.15,50.7,52.9,58.95, 59.5,60.05,,8.25,9.35,2.834,,54.1742,°C,6000.473475520895,109720.67733383551
nSats,4.0,5.0,11.0,14.0,16.0, 16.0,16.0,,5.0,11.0,1.9066,,13.3,nSat,229.62786155180618,1457.2542570855057
