Name,Min,1%,5%,50%,95%,99%,Max,,90% Range,98% Range,StdDev,,Mean,Units,Skewness,Kurtosis
Local Clock Frequency Offset,8.345,8.4322,8.4542,8.5041,8.5457, 8.5718,8.6067,,0.0915,0.1396,0.0284,,8.4994,ppm,26416924.95648893,7867790861.060102
Local Clock Time Offset,-13.375,-2.16,-0.367,0.006,0.541, 1.608,6.293,,0.908,3.768,0.5711,,0.0,µs,-7.201424437987454,86.44243656005825
Local RMS Frequency Jitter,0.237,0.463,0.637,1.444,8.354, 18.653,36.953,,7.717,18.19,3.4531,,2.8306,ppb,2.8504423100535483,16.236369917733025
Local RMS Time Jitter,0.037,0.074,0.102,0.233,1.149, 2.239,5.569,,1.047,2.165,0.431,,0.3942,µs,3.3442027709130824,21.46006467910103
Server Jitter SHM(0),0.1936,0.3922,0.6224,1.5164,3.7569, 5.5525,10.0437,,3.1346,5.1603,1.0235,,1.7668,ms,4.4926166411921615,17.861372630806613
Server Jitter SHM(1),0.013,0.038,0.059,0.169,1.703, 3.71,13.366,,1.644,3.672,0.7112,,0.4065,µs,3.4657713525279403,30.403417187151785
Server Offset SHM(0),9.6215,12.8147,14.0619,19.1034,24.0373, 25.3277,27.533,,9.9754,12.513,3.2008,,18.8462,ms,131.46717812751712,716.6507161660678
Server Offset SHM(1),-13.376,-2.161,-0.368,0.007,0.542, 1.609,6.294,,0.91,3.77,0.5715,,0.0001,µs,-7.195857796400696,86.28598409749245
TDOP,0.66,0.7,0.73,1.08,5.07, 14.58,39.8,,4.34,13.88,3.4467,,1.8752, ,6.236328369265738,61.878788583292625
Temp ZONE0,52.9,53.45,54.0,56.2,58.95, 59.5,60.05,,4.95,6.05,1.724,,56.4214,°C,32030.90922779826,1019267.7839221578
nSats,5.0,5.0,5.0,13.0,15.0, 16.0,16.0,,10.0,11.0,2.6642,,12.6224,nSat,61.69699567130303,258.5530144512285
