Name,Min,1%,5%,50%,95%,99%,Max,,90% Range,98% Range,StdDev,,Mean,Units,Skewness,Kurtosis
Local Clock Frequency Offset,7.4096,7.5324,7.5724,7.7288,7.9081, 7.9378,8.0088,,0.3356,0.4053,0.1009,,7.7371,ppm,433324.221516665,32802155.937799983
Local Clock Time Offset,-18.0,-2.193,-0.406,0.002,0.613, 1.791,8.04,,1.019,3.984,0.6127,,0.001,µs,-7.830334279651673,120.42034574880657
Local RMS Frequency Jitter,0.352,0.609,0.797,1.735,9.283, 19.263,49.776,,8.486,18.654,3.6581,,3.0927,ppb,3.3839336337756145,22.308320463591073
Local RMS Time Jitter,0.052,0.09,0.126,0.275,1.265, 2.335,9.368,,1.139,2.245,0.4801,,0.443,µs,4.427143128068759,40.699655409526805
Server Jitter SHM(0),0.2023,0.4933,0.7141,1.5806,3.5099, 4.888,10.0984,,2.7959,4.3947,0.9226,,1.7758,ms,5.337985123721397,21.294889542297994
Server Jitter SHM(1),0.009,0.051,0.079,0.217,1.688, 3.816,18.013,,1.609,3.765,0.7503,,0.4501,µs,4.4579768239725555,48.66363140495671
Server Offset SHM(0),-26.2814,-22.7232,-20.1578,-9.2251,-2.4839, 0.2676,4.9477,,17.6738,22.9908,5.1355,,-9.9244,ms,-34.50562613454318,134.33826986934608
Server Offset SHM(1),-18.001,-2.194,-0.407,0.003,0.614, 1.792,8.041,,1.021,3.986,0.6132,,0.001,µs,-7.823638689578619,120.18321629324628
Temp ZONE0,48.5,49.05,49.6,51.8,56.75, 58.4,61.15,,7.15,9.35,2.0426,,52.3409,°C,15007.040716223742,371454.2000550566
