Name,Min,1%,5%,50%,95%,99%,Max,,90% Range,98% Range,StdDev,,Mean,Units,Skewness,Kurtosis
Local Clock Frequency Offset,8.1731,8.3032,8.3291,8.5184,8.6048, 8.6288,8.6904,,0.2757,0.3256,0.0978,,8.4802,ppm,629714.0533316215,53989438.05737001
Local Clock Time Offset,-12.346,-2.1,-0.368,0.002,0.545, 1.686,8.613,,0.913,3.786,0.5765,,-0.0003,µs,-6.450146569198975,81.44961871371208
Local RMS Frequency Jitter,0.301,0.518,0.668,1.449,8.324, 19.169,43.302,,7.656,18.651,3.5029,,2.8365,ppb,3.039710087302478,18.364829448923153
Local RMS Time Jitter,0.037,0.083,0.11,0.234,1.119, 2.234,5.051,,1.009,2.151,0.418,,0.3923,µs,3.3373505155067513,20.499576063612427
Server Jitter SHM(0),0.1734,0.4117,0.5927,1.4268,3.4759, 5.1972,8.0768,,2.8832,4.7855,0.949,,1.6528,ms,4.490839570056054,17.422016082160198
Server Jitter SHM(1),0.01,0.044,0.066,0.177,1.668, 3.649,12.275,,1.602,3.605,0.7122,,0.4088,µs,3.785174834972384,35.153981881378556
Server Offset SHM(0),8.941,12.4161,13.7161,18.7692,23.8842, 25.1102,27.8369,,10.1681,12.6941,3.2251,,18.6553,ms,123.87495619288299,663.5335731829505
Server Offset SHM(1),-12.347,-2.101,-0.369,0.003,0.546, 1.687,8.614,,0.915,3.788,0.5769,,-0.0003,µs,-6.4459093261309395,81.30328373222467
TDOP,0.66,0.67,0.7,1.08,4.47, 23.6,66.58,,3.77,22.93,5.1217,,2.0168, ,7.814070178161109,92.31314485455117
Temp ZONE0,49.05,49.6,50.15,52.9,55.1, 55.65,56.2,,4.95,6.05,1.6648,,52.7717,°C,29022.055317086375,893757.3490711048
nSats,5.0,5.0,5.0,14.0,16.0, 16.0,16.0,,11.0,11.0,2.773,,12.9208,nSat,58.17023390915163,238.7694424467272
