Name,Min,1%,5%,50%,95%,99%,Max,,90% Range,98% Range,StdDev,,Mean,Units,Skewness,Kurtosis
Local Clock Frequency Offset,8.236,8.3584,8.3918,8.4529,8.4862, 8.5147,8.5646,,0.0944,0.1564,0.0321,,8.4463,ppm,17991053.911851235,4714345530.539053
Local Clock Time Offset,-11.901,-2.146,-0.377,0.004,0.558, 1.651,6.21,,0.935,3.797,0.568,,-0.0001,µs,-6.566263460171823,70.56454745450432
Local RMS Frequency Jitter,0.233,0.519,0.669,1.475,8.449, 18.497,35.974,,7.78,17.978,3.3996,,2.8576,ppb,2.77454864519667,15.233649463039592
Local RMS Time Jitter,0.038,0.081,0.11,0.233,1.155, 2.237,4.823,,1.045,2.156,0.4174,,0.3974,µs,3.0191453520509235,16.519197272354692
Server Jitter SHM(0),0.1502,0.3646,0.5906,1.4572,3.518, 5.4552,7.8357,,2.9274,5.0906,0.9708,,1.6861,ms,4.423679150140572,16.703960027660194
Server Jitter SHM(1),0.011,0.042,0.064,0.177,1.704, 3.678,11.28,,1.64,3.636,0.699,,0.4129,µs,3.285445319027867,26.47486194311006
Server Offset SHM(0),10.3042,11.8609,13.5016,18.2639,23.2999, 24.4186,25.8182,,9.7983,12.5578,3.1243,,18.1921,ms,126.66760868088207,683.1341115447497
Server Offset SHM(1),-11.902,-2.147,-0.378,0.005,0.559, 1.652,6.211,,0.937,3.799,0.5684,,-0.0001,µs,-6.561801427935624,70.44119074784206
TDOP,0.67,0.69,0.72,0.96,5.17, 20.66,26.55,,4.45,19.97,2.8083,,1.7801, ,4.916529676990743,37.77472055243205
Temp ZONE0,51.8,52.35,52.9,55.1,57.3, 59.5,59.5,,4.4,7.15,1.2813,,54.9075,°C,73432.70046781847,3078631.9828924453
nSats,5.0,5.0,5.0,13.0,15.0, 16.0,16.0,,10.0,11.0,2.3952,,12.7333,nSat,91.35591506406999,431.4789045852952
