Name,Min,1%,5%,50%,95%,99%,Max,,90% Range,98% Range,StdDev,,Mean,Units,Skewness,Kurtosis
Local Clock Frequency Offset,8.8734,8.9456,9.0106,9.2294,9.2894, 9.3169,9.3783,,0.2788,0.3712,0.0921,,9.1927,ppm,966392.0441263373,95563521.96634123
Local Clock Time Offset,-17.972,-2.262,-0.605,0.019,0.609, 1.935,11.734,,1.214,4.197,0.6405,,-0.0008,µs,-6.791787727979183,105.02202548295779
Local RMS Frequency Jitter,0.597,0.965,1.205,2.298,9.735, 17.658,60.297,,8.53,16.693,3.5729,,3.509,ppb,4.662759160303129,41.767196098129155
Local RMS Time Jitter,0.092,0.154,0.192,0.35,1.237, 2.067,10.01,,1.045,1.913,0.4328,,0.4836,µs,6.335012247535313,77.50068185710875
Server Jitter SHM(0),0.1963,0.3397,0.5569,1.3641,3.1207, 4.9811,8.58,,2.5638,4.6413,0.8776,,1.5536,ms,4.835274236047165,20.61458818459232
Server Jitter SHM(1),0.032,0.083,0.124,0.321,1.789, 3.609,21.448,,1.665,3.526,0.7441,,0.5456,µs,5.320304595546599,68.57395336441513
Server Offset SHM(0),11.0248,12.693,13.9361,18.6464,24.1132, 25.327,28.1347,,10.1771,12.634,3.2875,,18.869,ms,120.759860093877,642.7371584370976
Server Offset SHM(1),-17.973,-2.263,-0.606,0.02,0.61, 1.936,11.735,,1.216,4.199,0.641,,-0.0007,µs,-6.786145869974831,104.78913969496332
TDOP,0.62,0.64,0.69,1.04,6.28, 18.92,69.59,,5.59,18.28,5.3117,,2.1931, ,7.950738442293117,95.68466061486781
Temp ZONE0,49.05,50.15,51.25,54.55,56.2, 57.3,57.85,,4.95,7.15,1.7314,,54.126,°C,27801.891874686513,844018.4493617188
nSats,4.0,9.0,11.0,14.0,15.0, 16.0,16.0,,4.0,7.0,1.4272,,13.3891,nSat,611.3804410243631,5288.138271138356
