Name,Min,1%,5%,50%,95%,99%,Max,,90% Range,98% Range,StdDev,,Mean,Units,Skewness,Kurtosis
Local Clock Frequency Offset,8.7726,8.9945,9.0121,9.0822,9.134, 9.1528,9.2134,,0.1219,0.1583,0.039,,9.0788,ppm,12433345.976428818,2880493179.831839
Local Clock Time Offset,-22.987,-2.114,-0.485,0.007,0.562, 1.779,13.453,,1.047,3.893,0.5991,,0.0002,µs,-7.090698244685034,133.94484095726682
Local RMS Frequency Jitter,0.438,0.692,0.886,1.853,8.367, 18.471,76.624,,7.481,17.779,3.5252,,3.0843,ppb,4.453774610691733,45.47087789908629
Local RMS Time Jitter,0.069,0.111,0.145,0.288,1.091, 2.101,10.994,,0.946,1.99,0.4094,,0.4232,µs,5.534726192247583,70.60422893780047
Server Jitter SHM(0),0.1208,0.3368,0.5277,1.4052,3.1954, 5.0778,7.5475,,2.6678,4.741,0.8943,,1.5847,ms,4.646115081340189,18.717487171004265
Server Jitter SHM(1),0.016,0.056,0.086,0.238,1.641, 3.574,21.27,,1.555,3.518,0.724,,0.4656,µs,5.296669231906205,75.59068935569297
Server Offset SHM(0),10.7555,12.369,13.6678,18.7293,23.3907, 24.7078,27.1992,,9.7229,12.3388,3.1028,,18.4237,ms,135.19110961580054,742.5850594705034
Server Offset SHM(1),-22.988,-2.115,-0.486,0.008,0.563, 1.78,13.454,,1.049,3.895,0.5995,,0.0003,µs,-7.0846958822061685,133.64489598200478
TDOP,0.62,0.65,0.71,0.99,6.83, 11.86,22.3,,6.12,11.21,2.6416,,2.0427, ,3.3893450695231024,22.07159150494809
Temp ZONE0,52.35,52.9,53.45,55.1,56.75, 57.3,58.4,,3.3,4.4,1.0159,,55.1297,°C,151277.70716649367,8066289.945893891
nSats,9.0,9.0,11.0,14.0,15.0, 16.0,16.0,,4.0,7.0,1.2968,,13.6432,nSat,890.568458449873,8729.432555625033
