Name,Min,1%,5%,50%,95%,99%,Max,,90% Range,98% Range,StdDev,,Mean,Units,Skewness,Kurtosis
Local Clock Frequency Offset,7.9328,8.0617,8.0872,8.1672,8.2874, 8.3165,8.3859,,0.2002,0.2548,0.0615,,8.1729,ppm,2293177.099383217,302436065.72097796
Local Clock Time Offset,-14.983,-2.225,-0.464,0.003,0.538, 1.828,9.402,,1.002,4.053,0.5671,,-0.0,µs,-5.893043725644591,71.63014765161232
Local RMS Frequency Jitter,0.373,0.62,0.801,1.759,8.874, 16.619,50.245,,8.073,15.999,3.2687,,2.9958,ppb,3.2742322063269875,21.862323298048373
Local RMS Time Jitter,0.056,0.097,0.126,0.262,1.071, 1.931,6.499,,0.945,1.834,0.3789,,0.3985,µs,3.785003571289978,26.74018171873718
Server Jitter SHM(0),0.1233,0.3298,0.4977,1.3874,3.5473, 5.4068,8.3522,,3.0496,5.077,0.9973,,1.6078,ms,3.927813147851527,15.00343730848875
Server Jitter SHM(1),0.014,0.045,0.068,0.212,1.708, 3.322,14.507,,1.64,3.277,0.6808,,0.4418,µs,3.7028701628793406,35.792216511560504
Server Offset SHM(0),10.5572,12.5807,13.8763,18.6375,23.587, 25.3242,28.6811,,9.7107,12.7435,3.2166,,18.5153,ms,121.94748892980603,651.197083982368
Server Offset SHM(1),-14.984,-2.226,-0.465,0.004,0.539, 1.829,9.403,,1.004,4.055,0.5675,,-0.0,µs,-5.889373711294882,71.48812986255028
TDOP,0.71,0.72,0.76,1.06,4.05, 15.04,113.87,,3.29,14.32,7.6361,,2.1351, ,10.735745016705119,156.3100673454546
Temp ZONE0,50.15,50.15,50.7,52.9,54.55, 55.65,56.2,,3.85,5.5,1.178,,52.7517,°C,84058.70540104315,3686076.5069740713
nSats,11.0,11.0,12.0,14.0,16.0, 16.0,16.0,,4.0,5.0,1.0525,,13.7676,nSat,1799.27162978984,22178.301487721827
