Name,Min,1%,5%,50%,95%,99%,Max,,90% Range,98% Range,StdDev,,Mean,Units,Skewness,Kurtosis
Local Clock Frequency Offset,8.867,8.9912,9.0224,9.1763,9.283, 9.3139,9.3954,,0.2606,0.3227,0.085,,9.1622,ppm,1217883.0966396292,130081865.54613768
Local Clock Time Offset,-21.484,-2.259,-0.524,0.005,0.581, 1.976,12.645,,1.105,4.235,0.6414,,0.0,µs,-6.767606665419421,109.86055085249434
Local RMS Frequency Jitter,0.474,0.714,0.912,2.029,9.787, 19.288,68.13,,8.875,18.574,3.75,,3.3259,ppb,4.042695479619961,33.969664309053265
Local RMS Time Jitter,0.072,0.111,0.141,0.3,1.222, 2.154,9.246,,1.081,2.043,0.4379,,0.4428,µs,4.766003494833849,45.02936281833786
Server Jitter SHM(0),0.2121,0.3685,0.5465,1.4433,3.2598, 4.8271,8.203,,2.7133,4.4586,0.8862,,1.6194,ms,4.856654393202476,19.494327461041753
Server Jitter SHM(1),0.017,0.053,0.078,0.247,1.816, 3.743,21.116,,1.738,3.69,0.7739,,0.4915,µs,4.723036735277991,58.84701392648676
Server Offset SHM(0),9.9934,12.0493,12.7549,18.8461,24.4444, 25.6516,27.4095,,11.6894,13.6023,3.6317,,18.667,ms,83.35996091498082,398.30202292676125
Server Offset SHM(1),-21.485,-2.26,-0.525,0.006,0.582, 1.977,12.646,,1.107,4.237,0.6418,,0.0,µs,-6.762788871033625,109.64700812466192
TDOP,0.68,0.7,0.76,1.23,6.57, 25.35,71.63,,5.81,24.65,5.5778,,2.5658, ,7.204318565816591,84.69790776715644
Temp ZONE0,50.15,50.15,50.7,52.9,55.1, 56.2,56.2,,4.4,6.05,1.3851,,52.9636,°C,51751.21508825557,1931312.7116517853
nSats,5.0,9.0,12.0,14.0,15.0, 15.0,16.0,,3.0,6.0,1.3968,,13.4896,nSat,673.0086871644941,6013.932251179775
