Name,Min,1%,5%,50%,95%,99%,Max,,90% Range,98% Range,StdDev,,Mean,Units,Skewness,Kurtosis
Local Clock Frequency Offset,8.7883,8.9143,8.9374,9.047,9.0833, 9.1168,9.156,,0.1459,0.2024,0.0483,,9.0304,ppm,6451185.845840599,1201003629.381132
Local Clock Time Offset,-13.779,-2.162,-0.487,0.01,0.528, 1.787,6.847,,1.015,3.949,0.5748,,0.0002,µs,-5.472573353450223,60.734940541536936
Local RMS Frequency Jitter,0.389,0.672,0.883,1.858,8.599, 18.488,41.093,,7.716,17.816,3.2823,,3.0695,ppb,3.1516826660805894,16.94689228169278
Local RMS Time Jitter,0.061,0.107,0.143,0.291,1.103, 1.995,6.15,,0.96,1.888,0.3739,,0.4204,µs,3.795721227198311,24.138991217215263
Server Jitter SHM(0),0.1836,0.3431,0.5025,1.4492,3.2675, 4.9629,7.996,,2.765,4.6198,0.896,,1.612,ms,4.593876427261941,17.527930032668486
Server Jitter SHM(1),0.019,0.058,0.088,0.241,1.665, 3.568,13.489,,1.577,3.51,0.683,,0.4634,µs,3.6296599811370607,29.14503764134738
Server Offset SHM(0),11.8683,13.0836,13.7462,19.0718,23.4698, 24.5987,27.5136,,9.7236,11.5152,3.1656,,18.5627,ms,129.64489051623306,703.2060536096227
Server Offset SHM(1),-13.78,-2.163,-0.488,0.011,0.529, 1.788,6.848,,1.017,3.951,0.5752,,0.0003,µs,-5.469461961171382,60.615038880694236
TDOP,0.63,0.65,0.73,1.19,7.19, 27.58,62.13,,6.46,26.93,5.6058,,2.63, ,5.45546113052374,52.016769459897894
Temp ZONE0,51.25,52.9,53.45,56.2,57.85, 60.05,60.6,,4.4,7.15,1.4455,,55.7459,°C,53121.608235618056,1999747.7101242058
nSats,10.0,11.0,12.0,13.0,15.0, 16.0,16.0,,3.0,5.0,1.0997,,13.332,nSat,1409.5679935714293,16049.699671068904
