Name,Min,1%,5%,50%,95%,99%,Max,,90% Range,98% Range,StdDev,,Mean,Units,Skewness,Kurtosis
Local Clock Frequency Offset,8.8902,9.042,9.0766,9.1913,9.2619, 9.2939,9.3479,,0.1852,0.2519,0.0566,,9.1836,ppm,4188183.440819549,675150944.7420999
Local Clock Time Offset,-16.581,-2.343,-0.455,0.004,0.553, 1.926,9.271,,1.008,4.269,0.6178,,0.0003,µs,-6.463720972116419,88.66489183052889
Local RMS Frequency Jitter,0.44,0.666,0.832,1.816,10.003, 18.2,47.987,,9.171,17.534,3.6342,,3.1806,ppb,3.270756254393195,21.42261602397038
Local RMS Time Jitter,0.064,0.106,0.133,0.272,1.25, 2.065,7.021,,1.117,1.959,0.436,,0.4263,µs,4.114914778625548,32.63517020021659
Server Jitter SHM(0),0.1753,0.3589,0.5545,1.3572,3.1705, 5.0718,7.3163,,2.616,4.7129,0.8741,,1.5388,ms,4.760470249113761,19.573763152745496
Server Jitter SHM(1),0.015,0.048,0.071,0.212,1.82, 3.746,15.912,,1.749,3.698,0.7583,,0.4615,µs,3.8429242414178324,37.781712322973355
Server Offset SHM(0),10.7239,11.906,12.9593,18.2592,23.6791, 25.4054,27.6661,,10.7198,13.4993,3.3419,,18.1956,ms,101.23468962003686,512.6592222448544
Server Offset SHM(1),-16.582,-2.344,-0.456,0.005,0.554, 1.927,9.272,,1.01,4.271,0.6182,,0.0003,µs,-6.459570454407115,88.5048814452001
TDOP,0.68,0.72,0.77,1.09,4.75, 20.92,29.04,,3.98,20.2,3.1088,,1.8961, ,4.687990606032928,33.933953038862114
Temp ZONE0,50.15,51.25,51.8,53.45,55.1, 55.65,56.2,,3.3,4.4,1.012,,53.4363,°C,139189.06203131948,7218730.059776742
nSats,4.0,4.0,10.0,14.0,15.0, 16.0,16.0,,5.0,12.0,1.9619,,13.2905,nSat,207.62077540091218,1271.0595458420978
