Name,Min,1%,5%,50%,95%,99%,Max,,90% Range,98% Range,StdDev,,Mean,Units,Skewness,Kurtosis
Local Clock Frequency Offset,8.8094,8.9162,8.9358,9.039,9.0776, 9.0965,9.151,,0.1418,0.1803,0.0401,,9.0283,ppm,11286990.22841441,2531947429.390758
Local Clock Time Offset,-20.75,-2.12,-0.514,0.011,0.565, 1.775,9.881,,1.079,3.895,0.5935,,0.0002,µs,-6.773007905083427,104.07557890583291
Local RMS Frequency Jitter,0.437,0.774,0.98,1.947,8.321, 18.569,59.588,,7.341,17.795,3.4032,,3.1546,ppb,3.9548011761368667,29.922530331228828
Local RMS Time Jitter,0.075,0.122,0.157,0.3,1.088, 2.119,9.261,,0.931,1.997,0.4047,,0.432,µs,5.202368036842967,52.51144552996307
Server Jitter SHM(0),0.1314,0.344,0.5593,1.4834,3.4693, 5.1051,8.6511,,2.91,4.7612,0.9341,,1.6855,ms,4.567571681271907,17.000345467457294
Server Jitter SHM(1),0.026,0.062,0.097,0.261,1.651, 3.62,19.704,,1.554,3.558,0.7034,,0.4816,µs,4.623798733516713,52.381507674380515
Server Offset SHM(0),11.9255,13.0217,13.9218,18.8923,23.7401, 25.0069,26.8799,,9.8183,11.9852,3.1245,,18.6373,ms,137.31201144940246,758.0898232861878
Server Offset SHM(1),-20.75,-2.121,-0.515,0.012,0.566, 1.776,9.882,,1.081,3.897,0.594,,0.0003,µs,-6.767169949000962,103.83329688366074
TDOP,0.69,0.71,0.76,1.22,12.94, 46.34,62.45,,12.18,45.63,6.978,,3.4105, ,3.8354672534659793,29.086240395063573
Temp ZONE0,52.35,52.9,53.45,55.65,57.3, 57.85,58.95,,3.85,4.95,1.0697,,55.3888,°C,131089.67409935902,6664376.835329625
nSats,10.0,11.0,12.0,14.0,16.0, 16.0,16.0,,4.0,5.0,1.1604,,13.9417,nSat,1368.8954485596028,15433.58911253408
