Name,Min,1%,5%,50%,95%,99%,Max,,90% Range,98% Range,StdDev,,Mean,Units,Skewness,Kurtosis
Local Clock Frequency Offset,8.4308,8.5211,8.5571,8.695,8.7507, 8.7907,8.8578,,0.1936,0.2696,0.0589,,8.681,ppm,3139238.3128360766,459697955.25555557
Local Clock Time Offset,-10.342,-1.919,-0.505,0.004,0.593, 1.769,8.376,,1.098,3.688,0.5682,,-0.0001,µs,-5.548797964324793,60.68811156887009
Local RMS Frequency Jitter,0.305,0.65,0.845,1.797,8.093, 17.99,38.962,,7.248,17.34,3.258,,3.0196,ppb,3.289165251698026,19.005667706905097
Local RMS Time Jitter,0.053,0.102,0.135,0.272,1.001, 2.049,5.897,,0.866,1.947,0.3768,,0.3996,µs,4.29381275636188,31.40376444068984
Server Jitter SHM(0),0.1657,0.3526,0.5435,1.403,3.5056, 5.2578,8.2759,,2.9621,4.9052,0.9832,,1.6254,ms,4.201507056437549,16.585951011983788
Server Jitter SHM(1),0.014,0.056,0.084,0.233,1.639, 3.394,11.724,,1.555,3.338,0.6694,,0.4576,µs,3.8002536542663417,32.96004031606931
Server Offset SHM(0),8.197,11.1538,13.0279,18.2281,23.5869, 25.0656,30.2035,,10.5591,13.9117,3.4312,,18.1167,ms,91.26389871781113,448.04427191405983
Server Offset SHM(1),-10.343,-1.92,-0.506,0.005,0.594, 1.77,8.377,,1.1,3.69,0.5686,,-0.0001,µs,-5.545578626004324,60.56528215625237
TDOP,0.63,0.67,0.74,1.76,13.28, 41.06,84.63,,12.54,40.39,8.1009,,3.8097, ,4.85879904701793,44.0769019583663
Temp ZONE0,50.15,51.25,51.8,53.45,55.1, 56.2,58.4,,3.3,4.95,1.1134,,53.6212,°C,105022.47642232066,4959450.426500952
nSats,10.0,10.0,11.0,14.0,16.0, 16.0,16.0,,5.0,6.0,1.4173,,13.527,nSat,649.310853791368,5765.736635504576
