Name,Min,1%,5%,50%,95%,99%,Max,,90% Range,98% Range,StdDev,,Mean,Units,Skewness,Kurtosis
Local Clock Frequency Offset,8.9933,9.0803,9.122,9.1797,9.2295, 9.2442,9.3099,,0.1075,0.1639,0.0353,,9.179,ppm,17382506.774437897,4502939606.172948
Local Clock Time Offset,-15.652,-2.094,-0.473,0.01,0.516, 1.748,6.652,,0.989,3.842,0.5656,,-0.0001,µs,-6.161794229566483,75.56853623763433
Local RMS Frequency Jitter,0.423,0.678,0.865,1.806,8.291, 17.789,44.406,,7.426,17.111,3.2559,,2.9923,ppb,3.37168384996665,20.277359404693733
Local RMS Time Jitter,0.061,0.108,0.14,0.284,1.079, 1.942,6.312,,0.939,1.834,0.373,,0.4127,µs,4.002366058355104,27.875700844062457
Server Jitter SHM(0),0.1379,0.3261,0.4994,1.2927,3.2565, 5.1723,8.5838,,2.757,4.8462,0.9215,,1.5016,ms,4.139016639374108,16.51265415421413
Server Jitter SHM(1),0.021,0.055,0.085,0.232,1.599, 3.526,15.129,,1.514,3.471,0.6757,,0.4497,µs,3.9249376213284077,35.250601977552414
Server Offset SHM(0),12.3278,13.5146,14.61,19.3026,23.8586, 25.0864,27.5198,,9.2486,11.5719,3.0758,,19.0466,ms,155.6036488739372,891.150063851572
Server Offset SHM(1),-15.653,-2.095,-0.474,0.011,0.517, 1.749,6.653,,0.991,3.844,0.566,,-0.0,µs,-6.15730464857155,75.40877998177375
TDOP,0.65,0.67,0.75,1.03,5.06, 29.75,126.96,,4.31,29.08,8.8484,,2.5332, ,9.496197836084407,132.87852560207028
Temp ZONE0,52.9,52.9,54.55,56.2,58.95, 60.6,62.25,,4.4,7.7,1.3909,,56.5104,°C,62355.646315749145,2475896.644191101
nSats,9.0,10.0,11.0,14.0,15.0, 16.0,16.0,,4.0,6.0,1.364,,13.3195,nSat,699.0868829536046,6346.798511051086
