Name,Min,1%,5%,50%,95%,99%,Max,,90% Range,98% Range,StdDev,,Mean,Units,Skewness,Kurtosis
Local Clock Frequency Offset,8.458,8.5831,8.6064,8.6734,8.7368, 8.7657,8.8204,,0.1305,0.1826,0.0433,,8.6751,ppm,7928384.404805799,1581010545.539967
Local Clock Time Offset,-9.653,-1.958,-0.501,0.006,0.589, 1.704,7.34,,1.09,3.662,0.5658,,0.0002,µs,-5.291833551909829,54.310513278903514
Local RMS Frequency Jitter,0.438,0.677,0.868,1.807,8.11, 18.214,36.335,,7.242,17.537,3.2251,,3.0282,ppb,3.239784892103143,17.966772402291422
Local RMS Time Jitter,0.063,0.11,0.141,0.276,0.99, 2.076,5.369,,0.849,1.966,0.3643,,0.4013,µs,4.031108716974323,25.46267050248431
Server Jitter SHM(0),0.1618,0.3885,0.5933,1.487,3.505, 5.3352,9.0229,,2.9117,4.9467,0.9672,,1.6949,ms,4.63170148992056,18.616900744130202
Server Jitter SHM(1),0.016,0.057,0.085,0.236,1.641, 3.409,10.404,,1.556,3.352,0.6667,,0.4594,µs,3.660485038319021,29.358444566999477
Server Offset SHM(0),11.5421,13.0532,14.164,19.3111,24.1025, 25.2198,26.7207,,9.9386,12.1666,3.2031,,19.163,ms,138.61295921588,766.5744403575967
Server Offset SHM(1),-9.654,-1.959,-0.502,0.007,0.59, 1.705,7.341,,1.092,3.664,0.5663,,0.0002,µs,-5.289087014440402,54.20403427642922
TDOP,0.63,0.67,0.81,1.21,7.19, 19.77,31.85,,6.38,19.1,3.6159,,2.4506, ,3.5955067424812137,23.628018592867242
Temp ZONE0,51.25,51.25,52.35,54.0,55.65, 56.2,56.2,,3.3,4.95,1.0234,,54.0367,°C,139161.20422938003,7216818.154537869
nSats,9.0,10.0,11.0,14.0,16.0, 16.0,16.0,,5.0,6.0,1.4045,,13.6042,nSat,681.0548383741727,6133.803712694854
