Name,Min,1%,5%,50%,95%,99%,Max,,90% Range,98% Range,StdDev,,Mean,Units,Skewness,Kurtosis
Local Clock Frequency Offset,9.0145,9.1266,9.1427,9.1938,9.2209, 9.2332,9.2676,,0.0782,0.1066,0.0255,,9.1881,ppm,46566664.185908146,16753550717.130442
Local Clock Time Offset,-15.652,-2.094,-0.671,0.021,0.601, 1.765,6.652,,1.272,3.859,0.5994,,-0.0003,µs,-6.322295354826134,71.28042486479615
Local RMS Frequency Jitter,0.434,0.819,1.104,2.376,8.581, 17.815,44.406,,7.477,16.996,3.2129,,3.4116,ppb,3.888044143459694,23.813946349785056
Local RMS Time Jitter,0.061,0.13,0.178,0.374,1.128, 2.048,6.312,,0.95,1.918,0.3761,,0.4842,µs,4.644587260690284,32.28183053941554
Server Jitter SHM(0),0.1379,0.3124,0.4877,1.2872,3.3147, 5.2971,8.5838,,2.8271,4.9847,0.9575,,1.5134,ms,4.01179317300668,16.349735606193438
Server Jitter SHM(1),0.017,0.071,0.11,0.327,1.673, 3.53,15.129,,1.563,3.459,0.6805,,0.5323,µs,4.326329102675825,39.327182037320604
Server Offset SHM(0),10.9243,12.4089,13.5217,18.2445,23.1119, 24.446,26.3168,,9.5902,12.0372,3.1455,,18.2839,ms,125.92268997398754,677.6648187732429
Server Offset SHM(1),-15.653,-2.095,-0.672,0.022,0.602, 1.766,6.653,,1.274,3.861,0.5998,,-0.0002,µs,-6.317075090120659,71.11826812995885
TDOP,0.69,0.69,0.78,1.32,5.93, 33.2,193.81,,5.15,32.51,12.9383,,3.1189, ,10.742200874485974,159.14108347574677
Temp ZONE0,54.55,55.1,55.1,57.3,58.95, 60.05,62.25,,3.85,4.95,1.2454,,57.2452,°C,91058.83314809437,4100746.25348204
nSats,7.0,10.0,11.0,13.0,15.0, 16.0,16.0,,4.0,6.0,1.2482,,13.2697,nSat,921.5256094100466,9136.78223914832
