Name,Min,1%,5%,50%,95%,99%,Max,,90% Range,98% Range,StdDev,,Mean,Units,Skewness,Kurtosis
Local Clock Frequency Offset,8.3483,8.4634,8.4889,8.6054,8.7227, 8.7519,8.8106,,0.2337,0.2885,0.0661,,8.5993,ppm,2156462.0100912955,278638532.0199023
Local Clock Time Offset,-11.685,-1.788,-0.491,0.005,0.555, 1.701,6.803,,1.046,3.489,0.5557,,-0.0,µs,-5.522668040722798,59.67663264410984
Local RMS Frequency Jitter,0.364,0.665,0.857,1.761,8.022, 18.103,34.802,,7.165,17.438,3.188,,2.952,ppb,3.2450705930620964,17.82954683942762
Local RMS Time Jitter,0.056,0.105,0.135,0.268,0.968, 2.021,4.937,,0.833,1.916,0.3531,,0.3875,µs,3.9692665146236954,24.48639850438922
Server Jitter SHM(0),0.2037,0.3826,0.6084,1.4921,3.3933, 5.1289,7.9216,,2.785,4.7462,0.9193,,1.6772,ms,4.9046804902530505,19.508200115220827
Server Jitter SHM(1),0.013,0.055,0.084,0.233,1.573, 3.314,11.198,,1.489,3.259,0.6535,,0.4457,µs,3.8212197345674337,31.4327465440042
Server Offset SHM(0),9.697,12.1545,13.4626,18.1862,23.3726, 24.7806,27.1739,,9.9101,12.6261,3.0964,,18.2265,ms,131.4052654652073,717.195152162607
Server Offset SHM(1),-11.686,-1.789,-0.492,0.006,0.556, 1.702,6.804,,1.048,3.491,0.5561,,0.0,µs,-5.519361179781918,59.553696104223796
TDOP,0.67,0.7,0.76,1.09,2.72, 3.57,6.05,,1.96,2.87,0.67,,1.3287, ,6.518624417526431,31.034851652479897
Temp ZONE0,50.15,50.7,51.25,53.45,55.65, 57.3,57.3,,4.4,6.6,1.2942,,53.3245,°C,65097.17143145561,2621973.0903192027
nSats,8.0,10.0,11.0,14.0,16.0, 16.0,16.0,,5.0,6.0,1.5925,,13.8091,nSat,473.6979101867956,3796.6495498233044
