Name,Min,1%,5%,50%,95%,99%,Max,,90% Range,98% Range,StdDev,,Mean,Units,Skewness,Kurtosis
Local Clock Frequency Offset,7.6151,7.7452,7.7686,7.974,8.0602, 8.0764,8.146,,0.2916,0.3311,0.0943,,7.9485,ppm,577378.0477772495,48091786.48569912
Local Clock Time Offset,-10.857,-2.188,-0.404,0.0,0.505, 1.772,6.82,,0.909,3.96,0.5568,,-0.0003,µs,-6.222947412763026,68.00673189781521
Local RMS Frequency Jitter,0.275,0.489,0.65,1.597,8.654, 16.884,37.067,,8.004,16.395,3.2808,,2.8607,ppb,2.950568137941116,17.455317201925613
Local RMS Time Jitter,0.039,0.077,0.102,0.238,1.042, 1.936,4.885,,0.94,1.859,0.3797,,0.3763,µs,3.3698757514036686,21.002278510449187
Server Jitter SHM(0),0.1705,0.3443,0.5274,1.3503,3.6822, 5.5626,8.2061,,3.1548,5.2183,1.0148,,1.6057,ms,3.8588774887219373,14.551672515219785
Server Jitter SHM(1),0.009,0.034,0.052,0.17,1.682, 3.301,10.262,,1.63,3.267,0.6831,,0.4078,µs,3.214787832459587,26.845472295981434
Server Offset SHM(0),10.4878,11.6276,12.5683,17.5957,21.9685, 23.814,26.0294,,9.4001,12.1864,3.0775,,17.2257,ms,110.99546435841944,576.2240975489884
Server Offset SHM(1),-10.858,-2.189,-0.405,0.001,0.506, 1.773,6.821,,0.911,3.962,0.5572,,-0.0003,µs,-6.219083290533997,67.886913969703
TDOP,0.65,0.7,0.75,1.15,3.45, 14.09,33.62,,2.7,13.39,3.16,,1.8299, ,6.455251885999928,59.18079923309932
Temp ZONE0,49.6,50.15,50.7,53.45,55.65, 56.2,56.75,,4.95,6.05,1.596,,53.4385,°C,34371.80013936326,1119647.8560364717
nSats,10.0,10.0,11.0,14.0,15.0, 16.0,16.0,,4.0,6.0,1.3164,,13.4792,nSat,815.9622183406349,7784.157567056484
