Name,Min,1%,5%,50%,95%,99%,Max,,90% Range,98% Range,StdDev,,Mean,Units,Skewness,Kurtosis
Local Clock Frequency Offset,7.7337,7.8341,7.8738,8.0371,8.1218, 8.1523,8.2229,,0.2479,0.3182,0.0784,,8.0251,ppm,1043344.5954146846,105841024.81426382
Local Clock Time Offset,-10.453,-2.223,-0.393,0.0,0.461, 1.855,7.979,,0.854,4.078,0.55,,-0.0009,µs,-5.711672818735742,59.14602672591733
Local RMS Frequency Jitter,0.3,0.529,0.68,1.589,8.726, 17.452,31.128,,8.046,16.923,3.2348,,2.8329,ppb,2.7327593260042593,13.931645981878233
Local RMS Time Jitter,0.042,0.08,0.104,0.235,1.062, 1.972,4.8,,0.958,1.892,0.3797,,0.3759,µs,3.2006986304525884,18.694855688932083
Server Jitter SHM(0),0.1631,0.3783,0.5549,1.413,3.5146, 5.5524,8.7958,,2.9597,5.1741,0.9925,,1.6382,ms,4.1792502511764855,16.511017895395764
Server Jitter SHM(1),0.009,0.036,0.055,0.173,1.665, 3.378,10.533,,1.61,3.342,0.6709,,0.4026,µs,3.0841084823302003,23.826482978083426
Server Offset SHM(0),11.8768,13.0092,13.8768,19.1238,23.8455, 25.1291,27.0287,,9.9687,12.1199,3.1735,,18.7534,ms,133.05715057738965,727.576614867607
Server Offset SHM(1),-10.454,-2.224,-0.394,0.0,0.462, 1.856,7.98,,0.856,4.08,0.5504,,-0.0009,µs,-5.708616686397685,59.04327214844215
TDOP,0.65,0.67,0.73,0.98,10.58, 42.2,120.67,,9.85,41.53,10.0162,,3.2865, ,6.431133874857858,71.3022641290977
Temp ZONE0,49.05,49.6,50.15,51.8,54.0, 54.55,54.55,,3.85,4.95,1.0666,,51.9757,°C,108872.12660162641,5203191.828564798
nSats,9.0,9.0,11.0,13.0,15.0, 15.0,16.0,,4.0,6.0,1.4166,,13.0996,nSat,585.0814101132943,5016.734780215491
