Name,Min,1%,5%,50%,95%,99%,Max,,90% Range,98% Range,StdDev,,Mean,Units,Skewness,Kurtosis
Local Clock Frequency Offset,8.5633,8.7072,8.7644,9.1445,9.1668, 9.1758,9.2146,,0.4023,0.4686,0.1145,,9.1015,ppm,484297.80917896505,38043892.331915386
Local Clock Time Offset,-12.719,-2.06,-0.523,0.014,0.554, 1.703,7.92,,1.077,3.763,0.5852,,-0.0015,µs,-6.657604962333517,83.69165613189766
Local RMS Frequency Jitter,0.48,0.795,0.992,1.951,8.261, 18.086,43.512,,7.269,17.291,3.3339,,3.1341,ppb,3.804082334249537,25.010338628825103
Local RMS Time Jitter,0.085,0.125,0.158,0.304,1.085, 2.063,6.833,,0.927,1.938,0.3952,,0.4331,µs,4.652891500714425,36.30797329053968
Server Jitter SHM(0),0.1576,0.3246,0.5074,1.3942,3.5409, 5.6027,8.6666,,3.0335,5.278,1.0013,,1.6232,ms,4.059168912386327,15.8374773857908
Server Jitter SHM(1),0.014,0.067,0.101,0.261,1.601, 3.548,12.931,,1.5,3.481,0.6929,,0.478,µs,4.460683551646991,42.70851524299578
Server Offset SHM(0),11.073,12.9711,14.237,19.0108,23.5419, 25.1328,26.9023,,9.3048,12.1617,3.1197,,18.681,ms,139.1070510836107,770.9440270772632
Server Offset SHM(1),-12.72,-2.061,-0.524,0.015,0.555, 1.704,7.921,,1.079,3.765,0.5857,,-0.0014,µs,-6.652023506437974,83.50859143692084
TDOP,0.64,0.65,0.71,0.94,5.4, 27.0,158.68,,4.69,26.35,10.7052,,2.4803, ,10.440878086100764,152.99765625097507
Temp ZONE0,48.5,49.05,50.7,57.3,58.95, 59.5,59.5,,8.25,10.45,2.4199,,56.8004,°C,11414.339372725599,257913.20730712204
nSats,10.0,10.0,11.0,14.0,16.0, 16.0,16.0,,5.0,6.0,1.4248,,13.6917,nSat,663.6710854656271,5928.685258907079
