Name,Min,1%,5%,50%,95%,99%,Max,,90% Range,98% Range,StdDev,,Mean,Units,Skewness,Kurtosis
Local Clock Frequency Offset,7.2326,7.3734,7.4223,7.5598,7.679, 7.7668,7.8387,,0.2567,0.3934,0.0727,,7.5562,ppm,1089587.2688881462,112141099.68823142
Local Clock Time Offset,-17.144,-2.077,-0.392,0.0,0.587, 1.714,7.393,,0.979,3.791,0.5944,,-0.0004,µs,-7.704727433464456,112.93107913213127
Local RMS Frequency Jitter,0.221,0.517,0.711,1.648,8.851, 19.509,47.373,,8.14,18.992,3.582,,2.9599,ppb,3.232984301486085,19.77440493594332
Local RMS Time Jitter,0.038,0.079,0.111,0.26,1.211, 2.341,7.661,,1.1,2.262,0.4538,,0.4187,µs,3.8162804622204733,28.276926573321497
Server Jitter SHM(0),0.262,0.5721,0.8619,1.8845,3.9996, 5.2106,11.0291,,3.1377,4.6385,0.9951,,2.087,ms,5.954115841961092,20.908025402899746
Server Jitter SHM(1),0.009,0.044,0.069,0.201,1.595, 3.788,17.161,,1.526,3.744,0.7272,,0.4255,µs,4.368493939747933,45.234361144088496
Server Offset SHM(0),-25.0928,-20.9327,-17.3451,-8.4355,-0.2824, 3.7861,9.762,,17.0627,24.7188,5.2248,,-8.5525,ms,-26.261186575539657,93.19160600630168
Server Offset SHM(1),-17.145,-2.078,-0.393,-0.0,0.588, 1.715,7.394,,0.981,3.793,0.5948,,-0.0004,µs,-7.698206768220089,112.70821324694927
Temp ZONE0,48.5,49.05,49.05,51.25,52.9, 54.55,54.55,,3.85,5.5,1.1629,,51.1273,°C,79434.94442835891,3418409.9038917213
