Name,Min,1%,5%,50%,95%,99%,Max,,90% Range,98% Range,StdDev,,Mean,Units,Skewness,Kurtosis
Local Clock Frequency Offset,8.8824,9.054,9.0788,9.2171,9.363, 9.377,9.5007,,0.2842,0.323,0.0964,,9.2223,ppm,849512.7077258257,80474205.4222195
Local Clock Time Offset,-20.702,-2.372,-0.519,0.004,0.603, 1.989,9.776,,1.122,4.361,0.6288,,-0.0009,µs,-6.824368678562326,96.9221836352938
Local RMS Frequency Jitter,0.534,0.831,1.023,2.038,9.709, 18.712,58.22,,8.686,17.881,3.5896,,3.3583,ppb,3.724105342684191,27.178804733545302
Local RMS Time Jitter,0.084,0.131,0.164,0.311,1.244, 2.071,8.761,,1.08,1.94,0.4223,,0.4553,µs,4.667555074775032,42.20138856206667
Server Jitter SHM(0),0.2134,0.3203,0.4867,1.2949,3.1394, 5.0304,9.1234,,2.6526,4.7101,0.8949,,1.4869,ms,4.448432988162808,19.432192916988097
Server Jitter SHM(1),0.024,0.067,0.097,0.254,1.833, 3.737,20.164,,1.736,3.67,0.7473,,0.4991,µs,4.209472358803069,46.471663320235756
Server Offset SHM(0),9.7974,11.6818,13.2859,18.6112,23.859, 25.4029,28.3499,,10.5731,13.721,3.368,,18.4704,ms,103.65672010504612,527.8279868957145
Server Offset SHM(1),-20.703,-2.373,-0.52,0.005,0.604, 1.99,9.777,,1.124,4.363,0.6292,,-0.0009,µs,-6.819224232056196,96.7254052205939
TDOP,0.65,0.67,0.72,0.94,7.56, 62.59,119.96,,6.84,61.92,10.5386,,2.968, ,5.654968410868036,57.992255292113924
Temp ZONE0,50.15,50.15,50.7,52.9,58.95, 59.5,60.05,,8.25,9.35,2.6306,,53.8556,°C,7442.761157287195,146119.30206418558
nSats,4.0,5.0,11.0,13.0,15.0, 16.0,16.0,,4.0,11.0,1.8246,,12.9958,nSat,246.19773361185963,1597.655231314576
