Name,Min,1%,5%,50%,95%,99%,Max,,90% Range,98% Range,StdDev,,Mean,Units,Skewness,Kurtosis
Local Clock Frequency Offset,8.1819,8.3375,8.3571,8.3826,8.4035, 8.4141,8.4449,,0.0464,0.0766,0.0157,,8.3804,ppm,150659838.79754114,80167755174.34242
Local Clock Time Offset,-16.821,-2.186,-0.424,0.009,0.501, 1.544,7.117,,0.925,3.73,0.5639,,-0.0002,µs,-8.457793808083661,124.72436902682581
Local RMS Frequency Jitter,0.36,0.599,0.757,1.677,7.995, 17.962,46.476,,7.238,17.363,3.3369,,2.881,ppb,3.5620595520538534,24.548825124950255
Local RMS Time Jitter,0.054,0.093,0.119,0.255,1.092, 2.164,7.149,,0.973,2.071,0.4202,,0.4042,µs,4.1410656031958615,34.11086062312773
Server Jitter SHM(0),0.1649,0.3684,0.5609,1.454,3.9742, 6.0109,7.6057,,3.4133,5.6426,1.0857,,1.736,ms,3.9285332005799405,14.669537759366609
Server Jitter SHM(1),0.013,0.043,0.066,0.196,1.584, 3.557,16.82,,1.518,3.514,0.6985,,0.425,µs,4.354879980633597,48.15982084052918
Server Offset SHM(0),10.7417,12.3777,13.5224,18.4834,23.3391, 24.6707,27.0219,,9.8167,12.293,3.1736,,18.3695,ms,124.15458971219549,665.4700238250003
Server Offset SHM(1),-16.822,-2.187,-0.425,0.01,0.502, 1.545,7.118,,0.927,3.732,0.5643,,-0.0001,µs,-8.44944923622955,124.46031736286979
TDOP,0.63,0.66,0.71,1.12,7.25, 35.6,57.58,,6.54,34.94,5.7908,,2.5167, ,4.575399480309497,37.690262106134504
Temp ZONE0,55.65,55.65,56.75,58.4,60.05, 61.15,61.7,,3.3,5.5,1.0568,,58.1227,°C,157637.75016839596,8521459.106617784
nSats,10.0,11.0,12.0,14.0,15.0, 16.0,16.0,,3.0,5.0,1.1236,,13.6708,nSat,1425.5075741488158,16278.232129670332
