Name,Min,1%,5%,50%,95%,99%,Max,,90% Range,98% Range,StdDev,,Mean,Units,Skewness,Kurtosis
Local Clock Frequency Offset,8.7569,8.8446,9.0303,9.2287,9.3529, 9.3948,9.4502,,0.3225,0.5502,0.1091,,9.2026,ppm,580083.6725787767,48392431.040682934
Local Clock Time Offset,-18.779,-2.323,-0.495,0.006,0.563, 1.978,8.054,,1.058,4.301,0.628,,0.0001,µs,-6.613661762767291,92.84197347333743
Local RMS Frequency Jitter,0.465,0.761,0.97,1.965,9.732, 18.689,53.781,,8.762,17.928,3.639,,3.2957,ppb,3.7293588555409323,27.488335920154118
Local RMS Time Jitter,0.066,0.118,0.157,0.309,1.242, 2.049,7.591,,1.085,1.931,0.415,,0.451,µs,4.348700244222849,35.340777015838704
Server Jitter SHM(0),0.1279,0.3038,0.4279,1.2457,3.1526, 4.9319,8.1366,,2.7248,4.6282,0.9187,,1.4468,ms,3.9191177760208262,16.33306361225117
Server Jitter SHM(1),0.018,0.058,0.092,0.252,1.831, 3.703,18.263,,1.739,3.645,0.7532,,0.491,µs,4.325040156068463,46.30484266384926
Server Offset SHM(0),10.9838,12.6833,13.5722,18.5852,23.8991, 25.223,27.817,,10.3269,12.5397,3.3331,,18.4286,ms,106.60026646089658,547.815784042139
Server Offset SHM(1),-18.78,-2.324,-0.496,0.007,0.564, 1.979,8.055,,1.06,4.303,0.6284,,0.0001,µs,-6.608935353775204,92.66063746459146
TDOP,0.63,0.64,0.7,1.05,6.31, 20.53,45.59,,5.61,19.89,4.2523,,2.2561, ,5.002421001359745,44.49158174252037
Temp ZONE0,48.5,49.6,50.7,52.35,55.1, 55.65,56.75,,4.4,6.05,1.4906,,52.6614,°C,40561.48403445032,1396014.2699461977
nSats,4.0,10.0,11.0,14.0,16.0, 17.0,17.0,,5.0,7.0,1.6703,,13.7521,nSat,398.45317456885743,3012.6868027866717
