Name,Min,1%,5%,50%,95%,99%,Max,,90% Range,98% Range,StdDev,,Mean,Units,Skewness,Kurtosis
Local Clock Frequency Offset,9.0188,9.1409,9.1847,9.2287,9.2663, 9.2795,9.3191,,0.0816,0.1386,0.0262,,9.2287,ppm,43428370.37985256,15265289741.646608
Local Clock Time Offset,-15.321,-2.155,-0.687,0.025,0.621, 1.741,7.053,,1.308,3.896,0.6236,,0.0,µs,-6.412088465874178,77.61605591309471
Local RMS Frequency Jitter,0.657,1.152,1.406,2.529,8.629, 18.807,46.577,,7.223,17.655,3.3003,,3.5894,ppb,4.42083115143571,29.38390795716928
Local RMS Time Jitter,0.103,0.177,0.218,0.393,1.128, 2.193,6.475,,0.91,2.016,0.3964,,0.5082,µs,5.5259285643586695,44.40294590335614
Server Jitter SHM(0),0.082,0.3151,0.4665,1.3563,3.5154, 5.2851,8.4263,,3.0489,4.97,0.9924,,1.573,ms,3.731000312235799,14.160936633307246
Server Jitter SHM(1),0.022,0.096,0.145,0.368,1.681, 3.594,14.89,,1.536,3.498,0.6959,,0.569,µs,4.890593510996805,47.45187616873841
Server Offset SHM(0),11.2581,12.6522,13.5879,18.3798,22.6952, 24.3008,25.8579,,9.1073,11.6486,2.9972,,18.0708,ms,142.33280199172242,794.3309957825346
Server Offset SHM(1),-15.322,-2.156,-0.688,0.026,0.622, 1.742,7.054,,1.31,3.898,0.6241,,0.0001,µs,-6.4066434842750155,77.43370934993919
TDOP,0.68,0.72,0.75,1.06,7.47, 16.78,118.02,,6.72,16.06,7.9283,,2.4735, ,10.659797357177851,155.45817007717426
Temp ZONE0,54.0,54.55,55.65,56.75,59.5, 61.15,62.8,,3.85,6.6,1.3654,,57.1419,°C,68287.83655821664,2794634.815110618
nSats,9.0,9.0,11.0,14.0,15.0, 16.0,16.0,,4.0,7.0,1.3134,,13.6583,nSat,857.7817733462061,8307.712062060149
