Name,Min,1%,5%,50%,95%,99%,Max,,90% Range,98% Range,StdDev,,Mean,Units,Skewness,Kurtosis
Local Clock Frequency Offset,7.6525,7.7724,7.7911,7.9292,8.0208, 8.0526,8.1263,,0.2297,0.2801,0.0669,,7.9189,ppm,1620651.0540089528,190392007.49084717
Local Clock Time Offset,-8.699,-2.25,-0.404,0.002,0.469, 1.826,7.719,,0.873,4.076,0.5427,,0.0001,µs,-5.552344590048125,54.080949290890906
Local RMS Frequency Jitter,0.292,0.528,0.683,1.551,8.738, 16.699,37.236,,8.055,16.171,3.1774,,2.8124,ppb,2.6665926098560315,13.633906692451955
Local RMS Time Jitter,0.044,0.081,0.107,0.233,1.069, 1.925,4.491,,0.962,1.844,0.3728,,0.3777,µs,3.033802961095186,16.589743117857214
Server Jitter SHM(0),0.2107,0.3928,0.5829,1.4956,3.6828, 5.6712,7.9493,,3.0998,5.2784,1.0151,,1.7395,ms,4.299335052533276,16.16084050280053
Server Jitter SHM(1),0.013,0.035,0.054,0.176,1.671, 3.327,10.25,,1.617,3.292,0.6608,,0.405,µs,2.923853455343322,21.473684597518858
Server Offset SHM(0),10.8325,12.6601,13.6252,18.2713,23.3342, 24.6096,26.7922,,9.7091,11.9494,3.058,,18.129,ms,134.62601672398293,740.4206679249507
Server Offset SHM(1),-8.7,-2.251,-0.405,0.003,0.47, 1.827,7.72,,0.875,4.078,0.5431,,0.0001,µs,-5.549517259637085,53.99049312187066
TDOP,0.63,0.64,0.69,0.98,7.28, 25.69,40.16,,6.59,25.05,4.4079,,2.2154, ,4.472501656693169,36.0127224621421
Temp ZONE0,49.6,50.15,51.25,52.9,54.55, 55.65,56.2,,3.3,5.5,1.1549,,53.0027,°C,90619.36790728154,4074333.409316703
nSats,10.0,10.0,12.0,14.0,15.0, 16.0,16.0,,3.0,6.0,1.1123,,13.5934,nSat,1446.434370080579,16605.345942857315
