Name,Min,1%,5%,50%,95%,99%,Max,,90% Range,98% Range,StdDev,,Mean,Units,Skewness,Kurtosis
Local Clock Frequency Offset,8.1774,8.3147,8.3926,8.7642,9.0108, 9.0313,9.1139,,0.6182,0.7166,0.1991,,8.7512,ppm,79329.95455020806,3412299.8027286734
Local Clock Time Offset,-13.631,-2.148,-0.419,0.001,0.53, 1.869,7.413,,0.949,4.017,0.5643,,0.0004,µs,-5.974106612967978,75.314185322844
Local RMS Frequency Jitter,0.339,0.63,0.81,1.707,8.337, 17.955,39.008,,7.527,17.325,3.2948,,2.9337,ppb,3.2484362963082516,19.374745512120423
Local RMS Time Jitter,0.049,0.093,0.125,0.258,1.066, 1.973,5.45,,0.941,1.88,0.3768,,0.3921,µs,3.844442113857333,26.63811435474035
Server Jitter SHM(0),0.1586,0.3227,0.4789,1.3708,3.2939, 5.2708,7.7023,,2.815,4.9482,0.9457,,1.5712,ms,4.097863650188259,16.009778995663
Server Jitter SHM(1),0.021,0.049,0.076,0.21,1.602, 3.374,13.197,,1.526,3.325,0.6719,,0.427,µs,3.9107866524059425,36.29484719107689
Server Offset SHM(0),11.6357,12.6534,13.7254,18.5396,23.3081, 24.5379,26.8629,,9.5827,11.8845,3.0973,,18.346,ms,134.1345733813923,735.6377406550387
Server Offset SHM(1),-13.632,-2.149,-0.42,0.002,0.531, 1.87,7.414,,0.951,4.019,0.5647,,0.0004,µs,-5.970152951131912,75.15863372361547
TDOP,0.7,0.71,0.76,1.17,3.55, 20.34,73.74,,2.79,19.63,6.2147,,2.2105, ,7.329566406162745,78.62525761217162
Temp ZONE0,45.75,46.85,47.95,51.25,55.1, 55.65,55.65,,7.15,8.8,2.3819,,51.5786,°C,8873.31373509987,184552.63177824448
nSats,9.0,9.0,12.0,14.0,15.0, 16.0,16.0,,3.0,7.0,1.2651,,13.5477,nSat,943.7021576313167,9430.924747477822
