Name,Min,1%,5%,50%,95%,99%,Max,,90% Range,98% Range,StdDev,,Mean,Units,Skewness,Kurtosis
Local Clock Frequency Offset,8.5689,8.6755,8.7142,8.8465,8.9243, 8.9595,9.0191,,0.2102,0.284,0.0656,,8.8395,ppm,2392458.0791569045,320017741.9799373
Local Clock Time Offset,-19.765,-1.866,-0.506,0.006,0.596, 1.75,8.378,,1.102,3.616,0.5779,,0.0001,µs,-6.860008433990993,120.24971372031305
Local RMS Frequency Jitter,0.372,0.716,0.909,1.827,8.122, 17.731,55.252,,7.213,17.015,3.3306,,3.0527,ppb,3.90465506775487,30.494277938647475
Local RMS Time Jitter,0.065,0.109,0.142,0.279,1.006, 2.017,8.596,,0.864,1.908,0.3832,,0.405,µs,5.376369043305613,58.72110750161862
Server Jitter SHM(0),0.1963,0.3346,0.5333,1.4291,3.3983, 5.3205,7.9083,,2.865,4.9859,0.9522,,1.6458,ms,4.311104951824308,16.341678201492762
Server Jitter SHM(1),0.02,0.059,0.088,0.24,1.621, 3.378,19.369,,1.533,3.319,0.6833,,0.461,µs,4.854986773637385,62.21792328148648
Server Offset SHM(0),10.7039,12.6693,13.6836,18.647,23.4167, 24.5564,26.5134,,9.7331,11.887,3.1814,,18.4355,ms,124.62968572481873,668.6172766676012
Server Offset SHM(1),-19.766,-1.867,-0.507,0.007,0.597, 1.75,8.379,,1.104,3.617,0.5783,,0.0001,µs,-6.853904422417278,119.9610306180939
TDOP,0.66,0.68,0.74,1.13,4.83, 15.1,17.28,,4.09,14.42,2.0841,,1.7838, ,4.381554286888459,27.885806427751568
Temp ZONE0,49.6,50.15,51.25,53.45,55.1, 55.1,56.2,,3.85,4.95,1.1779,,53.0673,°C,85619.71327850102,3777531.064627152
nSats,11.0,12.0,12.0,14.0,16.0, 16.0,16.0,,4.0,4.0,1.0606,,14.0917,nSat,1891.2473064300557,23684.038000322696
