Name,Min,1%,5%,50%,95%,99%,Max,,90% Range,98% Range,StdDev,,Mean,Units,Skewness,Kurtosis
Local Clock Frequency Offset,8.2978,8.4248,8.4816,8.5708,8.5964, 8.645,8.6714,,0.1148,0.2202,0.0354,,8.5626,ppm,13924936.043971559,3350213301.3842053
Local Clock Time Offset,-13.431,-2.164,-0.386,0.009,0.52, 1.539,7.276,,0.906,3.703,0.5624,,-0.0001,µs,-7.099357126754874,82.49394597990626
Local RMS Frequency Jitter,0.334,0.563,0.722,1.488,8.255, 18.368,38.402,,7.533,17.805,3.3705,,2.8237,ppb,3.0388567186624855,17.876255876156286
Local RMS Time Jitter,0.043,0.084,0.115,0.238,1.156, 2.193,5.556,,1.041,2.109,0.4208,,0.3971,µs,3.3488685266816214,20.828129435260855
Server Jitter SHM(0),0.1479,0.4033,0.6153,1.5508,3.7995, 5.6932,7.8772,,3.1842,5.2899,1.0179,,1.78,ms,4.441005395408213,16.397778763309173
Server Jitter SHM(1),0.015,0.046,0.069,0.186,1.642, 3.606,13.498,,1.573,3.56,0.6957,,0.4111,µs,3.681688408598379,32.6040280341956
Server Offset SHM(0),11.2149,13.3133,14.3087,19.0024,23.8791, 24.8924,26.3821,,9.5704,11.5791,3.0565,,18.9092,ms,155.11261499635705,887.7436175946232
Server Offset SHM(1),-13.432,-2.165,-0.387,0.01,0.521, 1.54,7.277,,0.908,3.705,0.5628,,-0.0,µs,-7.093612636703976,82.33606305558212
TDOP,0.59,0.59,0.71,1.41,22.44, 42.16,50.13,,21.73,41.57,7.7587,,4.2847, ,1.9624842742101172,10.339383927770045
Temp ZONE0,51.8,52.35,54.0,57.85,59.5, 60.6,60.6,,5.5,8.25,1.6278,,57.6697,°C,40906.7472246339,1411734.4715921455
nSats,5.0,5.0,5.0,13.0,15.0, 15.0,16.0,,10.0,10.0,3.2283,,11.9668,nSat,26.630627369294533,86.64894652939151
