Name,Min,1%,5%,50%,95%,99%,Max,,90% Range,98% Range,StdDev,,Mean,Units,Skewness,Kurtosis
Local Clock Frequency Offset,8.699,8.925,8.9754,9.0538,9.1129, 9.1356,9.1695,,0.1375,0.2106,0.0401,,9.0504,ppm,11381120.054279825,2560140243.576289
Local Clock Time Offset,-27.051,-2.116,-0.509,0.011,0.563, 1.771,14.331,,1.072,3.887,0.6135,,-0.0002,µs,-7.784689168624285,175.34300128853926
Local RMS Frequency Jitter,0.414,0.717,0.935,1.911,8.5, 18.793,77.814,,7.565,18.076,3.6063,,3.1625,ppb,4.663880510479625,49.2336090802984
Local RMS Time Jitter,0.058,0.117,0.15,0.298,1.099, 2.167,12.565,,0.949,2.05,0.4349,,0.4347,µs,6.4361854872812145,93.36119084830207
Server Jitter SHM(0),0.1462,0.3739,0.605,1.4742,3.2618, 4.9263,8.194,,2.6568,4.5523,0.8785,,1.6457,ms,5.155077258950876,20.745997999344837
Server Jitter SHM(1),0.021,0.063,0.096,0.255,1.65, 3.699,25.653,,1.554,3.636,0.7401,,0.4805,µs,5.759299792198457,91.07817162200458
Server Offset SHM(0),11.3875,12.7351,13.8403,19.1888,23.8402, 25.2017,27.622,,9.9999,12.4665,3.1906,,18.7515,ms,130.63005779029712,710.4350450585672
Server Offset SHM(1),-27.052,-2.117,-0.51,0.012,0.564, 1.772,14.332,,1.074,3.889,0.614,,-0.0001,µs,-7.777329639755042,174.9381564844722
TDOP,0.59,0.64,0.75,1.16,10.96, 55.02,89.82,,10.21,54.38,8.5786,,3.262, ,4.786091555709457,42.786563923469004
Temp ZONE0,52.9,52.9,54.0,55.65,57.85, 58.95,59.5,,3.85,6.05,1.1917,,55.666,°C,95644.7352626609,4378257.303338237
nSats,9.0,10.0,11.0,14.0,15.0, 16.0,16.0,,4.0,6.0,1.2297,,13.6458,nSat,1058.9913844596585,10979.95049466746
