Name,Min,1%,5%,50%,95%,99%,Max,,90% Range,98% Range,StdDev,,Mean,Units,Skewness,Kurtosis
Local Clock Frequency Offset,8.6065,8.7273,8.7625,8.8386,8.899, 8.9336,8.9855,,0.1366,0.2063,0.0412,,8.8358,ppm,9752817.6073709,2083814843.593102
Local Clock Time Offset,-19.349,-1.896,-0.561,0.011,0.596, 1.751,11.672,,1.157,3.647,0.5869,,0.0002,µs,-6.666894440624734,112.61875244318793
Local RMS Frequency Jitter,0.524,0.806,1.013,1.958,8.29, 17.905,61.95,,7.277,17.099,3.3326,,3.1545,ppb,4.20920744840418,35.20607080674393
Local RMS Time Jitter,0.08,0.129,0.162,0.299,1.004, 2.038,8.385,,0.842,1.909,0.3822,,0.4204,µs,5.606479831928396,58.730264553320715
Server Jitter SHM(0),0.1895,0.3505,0.5508,1.4053,3.3803, 5.2856,7.7984,,2.8294,4.9351,0.9462,,1.6264,ms,4.414381705565953,17.223792605892715
Server Jitter SHM(1),0.026,0.071,0.105,0.273,1.632, 3.382,18.814,,1.527,3.311,0.6837,,0.4882,µs,5.146724553578553,66.80494768908773
Server Offset SHM(0),11.5901,12.9111,14.1185,19.212,23.9145, 25.2911,27.8091,,9.796,12.38,3.1699,,18.9783,ms,138.97459543871574,769.3935149631535
Server Offset SHM(1),-19.35,-1.897,-0.562,0.012,0.597, 1.752,11.673,,1.159,3.649,0.5874,,0.0003,µs,-6.660994946649404,112.34198417024274
TDOP,0.62,0.65,0.71,1.03,9.87, 20.77,56.48,,9.16,20.12,4.6869,,2.3176, ,5.79260378356527,63.87035211990984
Temp ZONE0,51.25,51.8,52.35,53.45,55.1, 55.65,56.2,,2.75,3.85,0.8849,,53.5299,°C,210709.97427205095,12545632.041304981
nSats,8.0,11.0,11.0,13.0,15.0, 16.0,16.0,,4.0,5.0,1.2526,,13.4066,nSat,942.1334151294074,9414.555026314692
