Name,Min,1%,5%,50%,95%,99%,Max,,90% Range,98% Range,StdDev,,Mean,Units,Skewness,Kurtosis
Local Clock Frequency Offset,8.8425,9.0822,9.1131,9.2064,9.2437, 9.2567,9.3047,,0.1306,0.1745,0.044,,9.1925,ppm,9017263.90490603,1876951205.262554
Local Clock Time Offset,-23.026,-2.089,-0.548,0.018,0.544, 1.714,13.529,,1.092,3.803,0.642,,0.0001,µs,-8.547476227845834,196.48952298423777
Local RMS Frequency Jitter,0.53,0.869,1.08,2.079,8.399, 19.922,72.563,,7.319,19.053,3.8098,,3.2675,ppb,5.4106047465926075,56.64754275443939
Local RMS Time Jitter,0.076,0.137,0.173,0.324,1.093, 2.407,11.03,,0.92,2.27,0.4756,,0.459,µs,6.812267085745371,85.13202767151489
Server Jitter SHM(0),0.2083,0.315,0.4642,1.2669,3.2893, 5.1469,7.7178,,2.8251,4.8319,0.9459,,1.4935,ms,3.8732423717034092,15.02869369977789
Server Jitter SHM(1),0.024,0.074,0.113,0.288,1.596, 3.733,21.48,,1.483,3.659,0.7767,,0.5034,µs,6.803562697705923,103.8421594134889
Server Offset SHM(0),11.807,13.0564,14.2182,19.0204,23.5097, 24.7824,26.4409,,9.2914,11.726,3.0872,,18.6479,ms,143.22994693023702,800.9258570284547
Server Offset SHM(1),-23.027,-2.09,-0.549,0.019,0.545, 1.715,13.53,,1.094,3.805,0.6424,,0.0001,µs,-8.538928352434421,196.05356048229586
TDOP,0.68,0.69,0.77,1.16,12.42, 98.12,145.44,,11.65,97.43,14.2404,,4.3609, ,5.658043575370123,53.055148636353174
Temp ZONE0,52.9,53.45,54.0,56.75,60.05, 61.7,62.8,,6.05,8.25,1.7874,,56.8413,°C,29312.49009173449,905721.0004943138
nSats,10.0,10.0,11.0,14.0,15.0, 16.0,16.0,,4.0,6.0,1.3697,,13.4066,nSat,704.462510243364,6410.653157661365
