Name,Min,1%,5%,50%,95%,99%,Max,,90% Range,98% Range,StdDev,,Mean,Units,Skewness,Kurtosis
Local Clock Frequency Offset,8.9933,9.0796,9.1219,9.1796,9.2278, 9.241,9.3099,,0.1059,0.1614,0.0347,,9.1784,ppm,18255990.009363502,4807135319.896881
Local Clock Time Offset,-15.652,-2.084,-0.487,0.01,0.518, 1.753,6.652,,1.005,3.837,0.5683,,-0.0001,µs,-6.144592963608484,75.54910492392496
Local RMS Frequency Jitter,0.423,0.687,0.874,1.839,8.319, 17.865,44.406,,7.445,17.178,3.2656,,3.0126,ppb,3.4092310672520556,20.540748712422648
Local RMS Time Jitter,0.061,0.11,0.142,0.289,1.08, 1.975,6.312,,0.938,1.865,0.3763,,0.4163,µs,4.060061054176203,28.190096808618307
Server Jitter SHM(0),0.1379,0.3259,0.496,1.299,3.2408, 5.1126,8.5838,,2.7448,4.7867,0.92,,1.5075,ms,4.124456112172746,16.26060995394585
Server Jitter SHM(1),0.021,0.055,0.086,0.237,1.596, 3.539,15.129,,1.51,3.484,0.6782,,0.454,µs,3.9885426312710193,35.986165358819534
Server Offset SHM(0),12.3278,13.5455,14.593,19.1171,23.8622, 25.0864,27.5198,,9.2692,11.541,3.0934,,19.0037,ms,151.54375355643674,861.4893945384173
Server Offset SHM(1),-15.653,-2.085,-0.488,0.011,0.519, 1.754,6.653,,1.007,3.839,0.5687,,-0.0,µs,-6.140126307158123,75.38909846827504
TDOP,0.65,0.67,0.76,1.06,5.06, 29.75,126.96,,4.3,29.08,8.8433,,2.5654, ,9.523420155670015,133.1959157362956
Temp ZONE0,52.9,52.9,54.55,56.2,58.95, 60.6,62.25,,4.4,7.7,1.3749,,56.4921,°C,64546.04668184379,2592458.1518773483
nSats,7.0,9.0,11.0,13.0,15.0, 16.0,16.0,,4.0,7.0,1.4215,,13.2656,nSat,602.629923927582,5214.470968409921
