Name,Min,1%,5%,50%,95%,99%,Max,,90% Range,98% Range,StdDev,,Mean,Units,Skewness,Kurtosis
Local Clock Frequency Offset,8.9881,9.1162,9.1787,9.301,9.3705, 9.4029,9.4488,,0.1918,0.2867,0.0604,,9.2896,ppm,3564573.1082763313,544561621.164085
Local Clock Time Offset,-17.879,-2.335,-0.497,0.006,0.532, 1.994,8.316,,1.029,4.329,0.6131,,-0.0,µs,-6.275425788175227,79.59906478536647
Local RMS Frequency Jitter,0.427,0.775,0.974,1.934,9.917, 18.641,50.186,,8.943,17.866,3.5311,,3.241,ppb,3.2948647934188813,20.16733526954627
Local RMS Time Jitter,0.068,0.124,0.158,0.301,1.26, 2.096,7.522,,1.102,1.972,0.4092,,0.4443,µs,4.027131315218433,29.062489255273334
Server Jitter SHM(0),0.1401,0.344,0.4889,1.2581,3.1388, 5.0244,9.1756,,2.6499,4.6804,0.8912,,1.4569,ms,4.3635769476295545,18.89180377812203
Server Jitter SHM(1),0.012,0.054,0.088,0.248,1.806, 3.794,17.443,,1.718,3.74,0.7348,,0.4804,µs,3.8805002809639975,36.35403673847299
Server Offset SHM(0),9.8655,12.0833,13.5902,18.5592,23.072, 24.5713,27.3778,,9.4818,12.4879,3.111,,18.3075,ms,131.18080571672436,714.0288498331543
Server Offset SHM(1),-17.88,-2.336,-0.498,0.007,0.533, 1.995,8.317,,1.031,4.331,0.6135,,0.0,µs,-6.271269540705832,79.44651870054656
TDOP,0.65,0.71,0.77,1.06,7.59, 27.31,36.71,,6.82,26.6,4.3987,,2.4402, ,3.7550310811447103,25.653833430195373
Temp ZONE0,50.7,50.7,51.8,53.45,55.1, 55.65,56.75,,3.3,4.95,1.1088,,53.5983,°C,106230.6884649571,5035593.091828952
nSats,9.0,10.0,11.0,13.0,16.0, 16.0,16.0,,5.0,6.0,1.3517,,13.4108,nSat,736.8624649474666,6816.416658650835
