Name,Min,1%,5%,50%,95%,99%,Max,,90% Range,98% Range,StdDev,,Mean,Units,Skewness,Kurtosis
Local Clock Frequency Offset,7.2131,7.3262,7.4059,7.5851,7.6818, 7.7259,7.8251,,0.2759,0.3997,0.0799,,7.5738,ppm,824478.7550125868,77327996.27342069
Local Clock Time Offset,-13.898,-2.231,-0.397,0.002,0.594, 1.689,6.083,,0.991,3.92,0.5891,,0.0003,µs,-7.529849556164015,97.39603115433682
Local RMS Frequency Jitter,0.253,0.55,0.727,1.659,8.84, 18.686,48.728,,8.113,18.136,3.5033,,2.9892,ppb,3.1639300819117198,19.725969153180404
Local RMS Time Jitter,0.034,0.088,0.118,0.262,1.228, 2.213,6.961,,1.11,2.125,0.4344,,0.4233,µs,3.4646428955896877,23.172138085454016
Server Jitter SHM(0),0.3103,0.6592,0.9804,2.9566,10.4496, 13.3932,22.0704,,9.4693,12.734,3.039,,4.0376,ms,2.32058052195391,6.867456942506284
Server Jitter SHM(1),0.019,0.047,0.072,0.199,1.665, 3.544,13.973,,1.593,3.497,0.7211,,0.4317,µs,4.006066638066026,38.481788375255825
Server Offset SHM(0),-63.0297,-56.6433,-51.3918,-24.8353,-7.2507, -4.2515,1.8735,,44.1411,52.3918,14.401,,-27.4046,ms,-33.37138350368341,125.74694112316645
Server Offset SHM(1),-13.899,-2.232,-0.398,0.003,0.595, 1.69,6.084,,0.993,3.922,0.5895,,0.0003,µs,-7.523619992392759,97.20930116506273
Temp ZONE0,48.5,49.05,50.15,52.9,55.1, 55.65,56.2,,4.95,6.6,1.372,,52.986,°C,53356.45510815456,2011474.176002379
