Name,Min,1%,5%,50%,95%,99%,Max,,90% Range,98% Range,StdDev,,Mean,Units,Skewness,Kurtosis
Local Clock Frequency Offset,7.6905,7.8775,7.9071,8.3256,8.4381, 8.4534,8.5111,,0.531,0.576,0.1715,,8.2745,ppm,105546.93669506999,4992314.861065736
Local Clock Time Offset,-12.159,-2.136,-0.418,0.001,0.485, 1.789,10.125,,0.903,3.925,0.5602,,0.0,µs,-6.292852980497321,78.96173269638577
Local RMS Frequency Jitter,0.292,0.499,0.655,1.59,8.703, 17.369,50.309,,8.048,16.87,3.3442,,2.8278,ppb,3.1346861570114504,20.306264746508468
Local RMS Time Jitter,0.041,0.078,0.101,0.236,1.053, 2.012,5.759,,0.952,1.934,0.39,,0.3753,µs,3.50270511347619,23.030126784908372
Server Jitter SHM(0),0.2151,0.3591,0.5632,1.3716,3.4007, 5.5185,7.6944,,2.8375,5.1593,0.9534,,1.5962,ms,4.348275648155197,17.240947643113973
Server Jitter SHM(1),0.012,0.036,0.054,0.17,1.638, 3.345,14.328,,1.584,3.309,0.6901,,0.4056,µs,3.6851010558256614,35.45673311796101
Server Offset SHM(0),9.9957,11.8582,13.2964,18.337,23.3558, 24.576,27.0984,,10.0594,12.7178,3.2086,,18.1211,ms,114.35684759395023,598.6365989062551
Server Offset SHM(1),-12.16,-2.137,-0.419,0.002,0.486, 1.79,10.125,,0.905,3.927,0.5606,,0.0,µs,-6.288900566092975,78.81705825740194
TDOP,0.57,0.58,0.71,0.97,2.8, 8.76,11.89,,2.09,8.18,1.2375,,1.3195, ,5.54252548982274,39.02818657240672
Temp ZONE0,47.95,47.95,48.5,53.45,56.75, 57.85,65.55,,8.25,9.9,2.5755,,53.2948,°C,7695.774973461901,152711.12136862104
nSats,8.0,8.0,10.0,13.0,16.0, 16.0,16.0,,6.0,8.0,1.697,,13.2407,nSat,334.3738107183353,2401.2748062748597
