Name,Min,1%,5%,50%,95%,99%,Max,,90% Range,98% Range,StdDev,,Mean,Units,Skewness,Kurtosis
Local Clock Frequency Offset,8.5854,8.7036,8.7293,8.7909,8.8394, 8.8529,8.9016,,0.1101,0.1493,0.0344,,8.7866,ppm,16518941.638193471,4207166107.671258
Local Clock Time Offset,-15.268,-1.942,-0.54,0.014,0.588, 1.699,7.41,,1.128,3.641,0.571,,-0.0001,µs,-6.544155612644202,81.56136819975515
Local RMS Frequency Jitter,0.437,0.76,0.961,1.919,8.107, 17.617,43.049,,7.146,16.857,3.2177,,3.0948,ppb,3.632825116121788,23.08801218752807
Local RMS Time Jitter,0.072,0.119,0.152,0.293,1.005, 2.062,6.168,,0.853,1.943,0.3685,,0.4138,µs,4.5835257174729405,34.77596469895188
Server Jitter SHM(0),0.1827,0.3661,0.5569,1.392,3.4957, 5.609,10.5389,,2.9388,5.2428,0.988,,1.6274,ms,4.41187489317684,18.98165802030268
Server Jitter SHM(1),0.013,0.065,0.098,0.261,1.634, 3.431,14.853,,1.536,3.366,0.6696,,0.4768,µs,4.189652648673637,39.774707846222604
Server Offset SHM(0),9.6704,13.0842,14.1204,19.213,23.8857, 24.9238,26.4687,,9.7653,11.8396,3.1857,,18.9544,ms,136.11806533767765,749.0820502129358
Server Offset SHM(1),-15.269,-1.943,-0.541,0.015,0.589, 1.7,7.411,,1.13,3.643,0.5714,,0.0,µs,-6.538498907714579,81.37342183008693
TDOP,0.6,0.63,0.72,1.06,10.41, 55.31,137.81,,9.69,54.68,11.3534,,3.6244, ,6.519398370507946,72.64196117454883
Temp ZONE0,52.9,53.45,54.0,56.2,58.95, 59.5,61.15,,4.95,6.05,1.5785,,56.5149,°C,42263.09005057588,1474568.2013675128
nSats,9.0,9.0,12.0,14.0,15.0, 16.0,16.0,,3.0,7.0,1.2937,,13.5602,nSat,879.8907328707327,8591.29129425441
