Name,Min,1%,5%,50%,95%,99%,Max,,90% Range,98% Range,StdDev,,Mean,Units,Skewness,Kurtosis
Local Clock Frequency Offset,7.616,7.7211,7.7611,7.929,8.0049, 8.0247,8.0959,,0.2439,0.3036,0.0705,,7.9139,ppm,1376787.6810447802,153188193.757033
Local Clock Time Offset,-11.134,-2.16,-0.413,0.001,0.494, 1.772,6.446,,0.907,3.932,0.5465,,-0.0002,µs,-6.1448301598657,65.29670190437825
Local RMS Frequency Jitter,0.296,0.523,0.683,1.581,8.717, 16.814,34.338,,8.034,16.291,3.1998,,2.8318,ppb,2.780980581744024,14.736142722297874
Local RMS Time Jitter,0.047,0.082,0.108,0.238,1.064, 1.945,5.176,,0.956,1.863,0.3749,,0.38,µs,3.2649221833541002,19.455856844856875
Server Jitter SHM(0),0.1925,0.3801,0.549,1.5048,4.9357, 9.0997,12.9133,,4.3867,8.7197,1.5624,,1.9474,ms,3.5351447717041755,17.24324782555417
Server Jitter SHM(1),0.011,0.037,0.055,0.181,1.647, 3.362,10.837,,1.592,3.325,0.6652,,0.4094,µs,3.1705205766347215,25.170591250960396
Server Offset SHM(0),2.7047,10.355,12.4128,17.922,22.4456, 24.076,26.2457,,10.0328,13.721,3.348,,17.4749,ms,87.54859061861195,422.465715003552
Server Offset SHM(1),-11.135,-2.161,-0.414,0.002,0.495, 1.773,6.447,,0.909,3.934,0.5469,,-0.0002,µs,-6.140925199105873,65.1782201182096
TDOP,0.69,0.71,0.78,1.39,7.64, 40.21,59.31,,6.86,39.5,6.225,,2.9479, ,4.420795342281183,34.17317683337364
Temp ZONE0,49.6,50.15,50.7,54.0,55.65, 56.2,56.75,,4.95,6.05,1.4021,,53.4659,°C,51306.50270502602,1909179.9576603046
nSats,8.0,10.0,12.0,14.0,16.0, 16.0,16.0,,4.0,6.0,1.3755,,13.6653,nSat,739.507465660541,6836.8562856194585
