Name,Min,1%,5%,50%,95%,99%,Max,,90% Range,98% Range,StdDev,,Mean,Units,Skewness,Kurtosis
Local Clock Frequency Offset,7.7681,7.9136,7.9455,8.3672,8.4779, 8.4938,8.5589,,0.5324,0.5802,0.195,,8.2695,ppm,71162.41974789048,2952333.634537646
Local Clock Time Offset,-13.074,-2.122,-0.43,0.005,0.508, 1.681,7.127,,0.938,3.803,0.5728,,0.0003,µs,-7.039917008993996,89.8512790600765
Local RMS Frequency Jitter,0.42,0.627,0.773,1.732,7.956, 18.897,38.013,,7.183,18.27,3.3782,,2.9403,ppb,3.363114756880484,20.083556546797748
Local RMS Time Jitter,0.056,0.099,0.123,0.26,1.077, 2.289,5.335,,0.954,2.19,0.42,,0.4083,µs,3.7886977183628336,25.08975787807017
Server Jitter SHM(0),0.1316,0.3732,0.5362,1.3565,3.3343, 5.3726,8.4951,,2.7981,4.9995,0.9505,,1.5611,ms,4.327890027765476,18.06546086273884
Server Jitter SHM(1),0.015,0.045,0.068,0.202,1.605, 3.671,12.98,,1.537,3.626,0.6983,,0.4309,µs,3.976692550401187,36.51968907967417
Server Offset SHM(0),10.5719,12.3242,13.6519,18.5714,23.8406, 25.3702,27.0783,,10.1887,13.046,3.2465,,18.3526,ms,114.85317799791547,603.566593336886
Server Offset SHM(1),-13.075,-2.123,-0.431,0.006,0.509, 1.682,7.128,,0.94,3.805,0.5732,,0.0003,µs,-7.03436317415486,89.67741751385103
TDOP,0.61,0.65,0.74,1.07,9.4, 53.8,89.81,,8.66,53.15,8.6357,,3.0665, ,4.76839700715662,42.689689177004276
Temp ZONE0,46.85,47.95,48.5,54.0,57.3, 58.95,59.5,,8.8,11.0,3.2648,,53.0444,°C,3590.499446017994,55440.21450008907
nSats,10.0,11.0,12.0,14.0,16.0, 16.0,16.0,,4.0,5.0,1.1868,,13.9375,nSat,1271.9248780222222,14004.239131451286
