Name,Min,1%,5%,50%,95%,99%,Max,,90% Range,98% Range,StdDev,,Mean,Units,Skewness,Kurtosis
Local Clock Frequency Offset,8.5187,8.6134,8.659,9.1405,9.1665, 9.1756,9.2146,,0.5075,0.5622,0.167,,9.0605,ppm,151062.29394443898,8050718.9842760395
Local Clock Time Offset,-12.719,-2.077,-0.525,0.014,0.559, 1.704,7.92,,1.084,3.781,0.5825,,-0.0017,µs,-6.4906881574284006,79.01446875483914
Local RMS Frequency Jitter,0.48,0.799,0.996,1.962,8.233, 18.119,43.512,,7.237,17.32,3.3019,,3.1364,ppb,3.7533964477242465,24.15735502196977
Local RMS Time Jitter,0.085,0.125,0.158,0.306,1.084, 2.055,5.724,,0.926,1.93,0.3885,,0.4334,µs,4.465696729648714,32.31535734094708
Server Jitter SHM(0),0.1576,0.3144,0.4978,1.3743,3.505, 5.6027,8.6666,,3.0073,5.2883,0.9943,,1.5955,ms,4.032551733640418,15.95311734882427
Server Jitter SHM(1),0.014,0.068,0.102,0.264,1.595, 3.515,11.513,,1.493,3.447,0.6859,,0.4791,µs,4.389722264857913,41.14479516101162
Server Offset SHM(0),11.073,12.9217,14.237,19.2403,23.5436, 25.0728,26.9023,,9.3065,12.1511,3.0999,,18.752,ms,143.85845229156297,804.5147662825269
Server Offset SHM(1),-12.72,-2.078,-0.526,0.015,0.56, 1.705,7.921,,1.086,3.783,0.5829,,-0.0017,µs,-6.485411897812425,78.84152515505052
TDOP,0.64,0.65,0.71,0.99,5.4, 27.0,158.68,,4.69,26.35,10.6975,,2.5545, ,10.48247731002277,153.44873387878815
Temp ZONE0,47.95,48.5,49.05,57.3,58.95, 59.5,59.5,,9.9,11.0,3.1388,,56.09,°C,4850.54266271288,82623.37001076234
nSats,10.0,10.0,11.0,14.0,16.0, 16.0,16.0,,5.0,6.0,1.4103,,13.6667,nSat,682.1176745341945,6147.894624037121
