Name,Min,1%,5%,50%,95%,99%,Max,,90% Range,98% Range,StdDev,,Mean,Units,Skewness,Kurtosis
Local Clock Frequency Offset,7.3967,7.4994,7.5553,7.6509,7.7906, 7.8402,7.9504,,0.2352,0.3408,0.076,,7.6593,ppm,993674.4489334249,99177483.28193277
Local Clock Time Offset,-16.836,-2.322,-0.41,0.001,0.652, 1.738,6.534,,1.062,4.06,0.5975,,0.0004,µs,-7.101634057710524,89.19667862908094
Local RMS Frequency Jitter,0.336,0.562,0.759,1.752,9.092, 18.347,46.508,,8.333,17.785,3.4965,,3.0977,ppb,3.0865943959355127,18.668277232314516
Local RMS Time Jitter,0.05,0.088,0.121,0.276,1.247, 2.175,7.192,,1.126,2.087,0.4385,,0.4355,µs,3.714957578686157,28.168746212140153
Server Jitter SHM(0),0.2348,0.4798,0.7334,1.6952,3.8196, 5.2207,8.0335,,3.0863,4.7409,0.9797,,1.9178,ms,5.174287407198331,17.88537301086964
Server Jitter SHM(1),0.019,0.048,0.075,0.211,1.737, 3.519,16.826,,1.662,3.471,0.7211,,0.4476,µs,3.8229465812721175,36.70627134805538
Server Offset SHM(0),-28.2102,-23.2103,-20.4803,-11.5209,-0.8501, 2.9231,6.2317,,19.6302,26.1334,5.9318,,-11.3251,ms,-33.10610126838797,122.20681851573256
Server Offset SHM(1),-16.837,-2.323,-0.411,0.002,0.653, 1.739,6.535,,1.064,4.062,0.598,,0.0004,µs,-7.096014594151338,89.02152154350975
Temp ZONE0,49.05,49.6,50.15,51.8,54.0, 55.1,55.65,,3.85,5.5,1.2737,,51.9255,°C,63012.81272042906,2510686.4739897647
