Name,Min,1%,5%,50%,95%,99%,Max,,90% Range,98% Range,StdDev,,Mean,Units,Skewness,Kurtosis
Local Clock Frequency Offset,8.3142,8.4149,8.4404,8.4716,8.4892, 8.508,8.5349,,0.0489,0.093,0.0164,,8.4686,ppm,137428190.19883555,70920374460.82764
Local Clock Time Offset,-13.638,-2.086,-0.36,0.007,0.513, 1.562,5.613,,0.873,3.648,0.5545,,-0.0002,µs,-7.476400257089883,88.30979843858152
Local RMS Frequency Jitter,0.182,0.482,0.63,1.392,8.258, 18.156,37.74,,7.628,17.674,3.3547,,2.7455,ppb,2.7868344954886797,15.684111492597774
Local RMS Time Jitter,0.028,0.075,0.102,0.223,1.149, 2.208,5.73,,1.047,2.133,0.4231,,0.3849,µs,3.1754611621970876,19.53151848242613
Server Jitter SHM(0),0.1428,0.4204,0.6261,1.5089,3.917, 5.7279,9.0914,,3.2909,5.3075,1.0655,,1.7768,ms,4.129940643418313,15.316677082381569
Server Jitter SHM(1),0.011,0.039,0.059,0.165,1.658, 3.573,13.628,,1.599,3.534,0.6907,,0.3936,µs,3.4198418805857584,30.11031274540447
Server Offset SHM(0),8.7484,11.8509,13.3043,18.0608,23.4374, 24.9421,26.5589,,10.1332,13.0913,3.2214,,18.0055,ms,110.5484759658824,574.4211913637592
Server Offset SHM(1),-13.639,-2.087,-0.361,0.008,0.514, 1.563,5.614,,0.875,3.65,0.5549,,-0.0001,µs,-7.470115967672251,88.1428882409613
TDOP,0.68,0.71,0.78,1.38,10.14, 56.8,111.05,,9.36,56.09,9.9237,,3.7957, ,5.313438091475739,52.117485817246155
Temp ZONE0,54.55,55.1,55.65,57.85,59.5, 60.05,60.05,,3.85,4.95,1.0608,,57.7245,°C,152588.1200711777,8159491.307112294
nSats,5.0,5.0,5.0,13.0,15.0, 15.0,16.0,,10.0,10.0,2.9399,,11.9793,nSat,36.961414184055144,133.46157511546392
