Name,Min,1%,5%,50%,95%,99%,Max,,90% Range,98% Range,StdDev,,Mean,Units,Skewness,Kurtosis
Local Clock Frequency Offset,8.6126,8.728,8.7467,8.7724,8.8091, 8.8147,8.8651,,0.0624,0.0867,0.0188,,8.7754,ppm,101395379.00639504,47281895264.74857
Local Clock Time Offset,-10.58,-1.987,-0.516,0.013,0.572, 1.644,6.055,,1.088,3.631,0.546,,-0.0001,µs,-6.133757798310729,59.725044526762645
Local RMS Frequency Jitter,0.392,0.686,0.885,1.807,8.029, 17.042,38.087,,7.144,16.356,3.0541,,2.9829,ppb,3.170417675455761,17.130844394807156
Local RMS Time Jitter,0.066,0.112,0.142,0.277,0.994, 1.933,4.908,,0.852,1.821,0.3417,,0.3976,µs,3.751728362388585,21.080769982021433
Server Jitter SHM(0),0.2037,0.3324,0.5626,1.4384,3.7237, 5.6995,9.4692,,3.1611,5.3672,1.0214,,1.6931,ms,4.251677634092161,16.878168444742844
Server Jitter SHM(1),0.012,0.057,0.086,0.24,1.632, 3.236,9.739,,1.546,3.179,0.6418,,0.4556,µs,3.5276539885041145,27.399799467534542
Server Offset SHM(0),10.6115,12.8142,13.8002,18.9634,23.7123, 24.9617,27.2237,,9.9121,12.1475,3.193,,18.7068,ms,129.28605449325474,701.064417890936
Server Offset SHM(1),-10.581,-1.988,-0.517,0.014,0.573, 1.645,6.056,,1.09,3.633,0.5464,,-0.0,µs,-6.128958670227429,59.59737757829996
TDOP,0.7,0.71,0.75,1.02,3.51, 14.94,113.39,,2.76,14.23,7.4602,,2.0063, ,11.344687420850585,169.2268959888225
Temp ZONE0,55.65,55.65,56.2,57.85,58.95, 60.05,60.05,,2.75,4.4,0.8617,,57.6515,°C,286425.7166663872,18889307.31306584
nSats,9.0,10.0,11.0,13.0,15.0, 16.0,16.0,,4.0,6.0,1.3385,,13.3361,nSat,746.6143608288041,6924.99644389053
