Name,Min,1%,5%,50%,95%,99%,Max,,90% Range,98% Range,StdDev,,Mean,Units,Skewness,Kurtosis
Local Clock Frequency Offset,8.0415,8.1359,8.1598,8.2389,8.3544, 8.4112,8.4451,,0.1946,0.2753,0.0617,,8.2498,ppm,2336495.7562010433,310076985.7864013
Local Clock Time Offset,-20.032,-2.227,-0.485,0.004,0.562, 1.822,10.626,,1.047,4.049,0.5818,,0.0001,µs,-6.58210288985052,108.37536351150574
Local RMS Frequency Jitter,0.408,0.644,0.824,1.852,8.869, 16.904,58.698,,8.045,16.26,3.3567,,3.0702,ppb,3.906491653818489,34.10428876289153
Local RMS Time Jitter,0.06,0.101,0.128,0.272,1.065, 1.933,8.525,,0.937,1.832,0.4003,,0.4073,µs,5.030157165281793,53.71025796841648
Server Jitter SHM(0),0.2252,0.4109,0.6047,1.5312,3.7374, 5.6312,11.2045,,3.1327,5.2203,1.0291,,1.7707,ms,4.458119815079639,17.84275518140019
Server Jitter SHM(1),0.012,0.044,0.069,0.221,1.723, 3.376,19.262,,1.654,3.332,0.7001,,0.453,µs,4.402091465581568,55.519901665934164
Server Offset SHM(0),3.494,10.2612,11.9799,17.2334,22.6372, 24.2206,26.7459,,10.6573,13.9595,3.3158,,17.4039,ms,89.4258873628425,436.1685277185581
Server Offset SHM(1),-20.033,-2.228,-0.486,0.005,0.563, 1.823,10.627,,1.049,4.051,0.5823,,0.0001,µs,-6.577076868378312,108.13856985079549
TDOP,0.65,0.69,0.75,1.24,31.2, 71.47,110.35,,30.45,70.78,13.1238,,5.7134, ,2.5193494917924264,19.105966944398197
Temp ZONE0,49.6,50.7,51.25,52.9,55.65, 56.2,57.3,,4.4,5.5,1.2754,,53.0004,°C,66825.5771808114,2715137.483623387
nSats,10.0,10.0,11.0,14.0,16.0, 16.0,16.0,,5.0,6.0,1.3838,,13.7635,nSat,742.3245574982802,6871.817341261049
