Name,Min,1%,5%,50%,95%,99%,Max,,90% Range,98% Range,StdDev,,Mean,Units,Skewness,Kurtosis
Local Clock Frequency Offset,8.2415,8.4777,8.5515,8.8117,8.9482, 8.9861,9.0523,,0.3967,0.5083,0.1215,,8.7848,ppm,362672.827299341,25873486.713295914
Local Clock Time Offset,-11.908,-2.076,-0.433,0.003,0.523, 1.851,7.618,,0.956,3.927,0.5613,,0.0005,µs,-5.771404736698016,66.89771556024057
Local RMS Frequency Jitter,0.324,0.636,0.812,1.71,8.35, 17.82,36.161,,7.538,17.184,3.2758,,2.9202,ppb,3.2199631993226796,18.598235155854994
Local RMS Time Jitter,0.043,0.098,0.127,0.26,1.072, 1.939,5.24,,0.945,1.841,0.3706,,0.3921,µs,3.6780293690876475,23.143184364584414
Server Jitter SHM(0),0.1866,0.3844,0.546,1.4298,3.2526, 5.1772,8.2998,,2.7067,4.7928,0.9101,,1.6136,ms,4.6588913026272785,18.515619564846187
Server Jitter SHM(1),0.009,0.046,0.072,0.212,1.577, 3.409,11.53,,1.505,3.363,0.6697,,0.4283,µs,3.7899832706469545,32.87712366563505
Server Offset SHM(0),12.2027,13.2519,14.0561,19.138,24.2778, 25.4454,26.7116,,10.2218,12.1935,3.1824,,19.1374,ms,141.07693467267072,785.1495045657249
Server Offset SHM(1),-11.909,-2.077,-0.434,0.004,0.524, 1.852,7.619,,0.958,3.929,0.5617,,0.0005,µs,-5.767836325184135,66.76544258997227
TDOP,0.69,0.71,0.78,1.47,5.28, 10.05,39.68,,4.5,9.34,3.1753,,2.0913, ,7.748273927870258,83.86323579243366
Temp ZONE0,47.95,48.5,49.05,51.8,54.0, 55.65,56.2,,4.95,7.15,1.5706,,51.8981,°C,32996.53223408092,1060391.3085803997
nSats,10.0,10.0,11.0,13.0,15.0, 16.0,16.0,,4.0,6.0,1.3364,,13.2282,nSat,731.0062103830006,6739.449756415493
