Name,Min,1%,5%,50%,95%,99%,Max,,90% Range,98% Range,StdDev,,Mean,Units,Skewness,Kurtosis
Local Clock Frequency Offset,8.9288,9.0799,9.1717,9.3058,9.3588, 9.3886,9.4419,,0.1871,0.3087,0.0645,,9.2855,ppm,2923573.4795608013,418081272.8243561
Local Clock Time Offset,-17.886,-2.334,-0.496,0.007,0.546, 1.945,8.488,,1.042,4.279,0.6119,,-0.0,µs,-6.163633860093836,77.72510706375141
Local RMS Frequency Jitter,0.474,0.779,0.964,1.971,9.645, 18.519,50.989,,8.681,17.74,3.5047,,3.256,ppb,3.4201987527460282,21.610248799828973
Local RMS Time Jitter,0.073,0.127,0.16,0.307,1.249, 2.037,7.279,,1.089,1.91,0.4045,,0.4481,µs,4.077956125127363,29.639515549555018
Server Jitter SHM(0),0.1239,0.3372,0.5093,1.2661,3.0568, 5.1176,7.5218,,2.5475,4.7804,0.8784,,1.4613,ms,4.538081589779665,19.55430324612048
Server Jitter SHM(1),0.013,0.06,0.093,0.25,1.802, 3.677,17.23,,1.709,3.617,0.7297,,0.4863,µs,3.954122672358323,37.707531074402674
Server Offset SHM(0),10.6636,12.676,13.7506,18.1782,23.1139, 24.5587,27.8174,,9.3634,11.8827,3.0825,,18.2093,ms,132.9980434810893,728.3891248719436
Server Offset SHM(1),-17.887,-2.335,-0.497,0.008,0.547, 1.946,8.489,,1.044,4.281,0.6123,,-0.0,µs,-6.159627606589714,77.57515942251018
TDOP,0.61,0.64,0.74,1.15,9.03, 48.35,93.36,,8.29,47.71,7.802,,2.9776, ,6.383422588399827,68.16380064442467
Temp ZONE0,50.7,51.25,51.8,54.0,56.2, 56.75,56.75,,4.4,5.5,1.2283,,54.0069,°C,79466.71958632238,3420159.333676732
nSats,6.0,11.0,12.0,14.0,15.0, 16.0,16.0,,3.0,5.0,1.2188,,13.5792,nSat,1072.369127979497,11156.668885390814
