Name,Min,1%,5%,50%,95%,99%,Max,,90% Range,98% Range,StdDev,,Mean,Units,Skewness,Kurtosis
Local Clock Frequency Offset,8.9966,9.1124,9.1482,9.2313,9.279, 9.3038,9.3638,,0.1309,0.1914,0.0417,,9.225,ppm,10653034.784840943,2344133418.9549546
Local Clock Time Offset,-19.937,-2.113,-0.774,0.024,0.657, 1.813,12.233,,1.431,3.926,0.6673,,0.0002,µs,-6.672359572233899,100.58950094901715
Local RMS Frequency Jitter,0.414,0.741,0.998,2.829,8.716, 19.898,62.998,,7.718,19.157,3.6489,,3.7287,ppb,4.829706144382998,38.40868573324197
Local RMS Time Jitter,0.063,0.123,0.164,0.426,1.137, 2.42,11.001,,0.973,2.297,0.4626,,0.5265,µs,6.577642140872499,73.598893092731
Server Jitter SHM(0),0.1373,0.3241,0.5226,1.3856,3.4332, 5.2382,8.2436,,2.9106,4.9141,0.9491,,1.598,ms,4.192378017196115,16.05723273793877
Server Jitter SHM(1),0.017,0.069,0.11,0.39,1.659, 3.807,20.623,,1.549,3.738,0.7599,,0.5905,µs,5.558608815211263,65.10333778186778
Server Offset SHM(0),11.6541,12.9497,13.7175,18.6864,23.4415, 24.6712,26.6145,,9.7239,11.7215,3.0949,,18.3802,ms,135.3359178412222,744.2054735713159
Server Offset SHM(1),-19.938,-2.114,-0.775,0.025,0.658, 1.814,12.234,,1.433,3.928,0.6678,,0.0003,µs,-6.6668131485849,100.3649450856383
TDOP,0.67,0.69,0.75,1.02,4.87, 10.05,31.57,,4.12,9.36,2.6966,,1.9759, ,6.231858263870995,62.305329640359105
Temp ZONE0,52.35,52.35,53.45,55.65,58.4, 60.05,60.6,,4.95,7.7,1.4275,,55.5108,°C,54492.68703240607,2068917.387620061
nSats,9.0,10.0,11.0,14.0,16.0, 16.0,16.0,,5.0,6.0,1.5784,,13.3195,nSat,433.74263731410065,3390.3888357466226
