Name,Min,1%,5%,50%,95%,99%,Max,,90% Range,98% Range,StdDev,,Mean,Units,Skewness,Kurtosis
Local Clock Frequency Offset,8.6028,8.8209,8.8464,9.0434,9.1658, 9.2366,9.2833,,0.3194,0.4158,0.1003,,9.0264,ppm,705064.2692418129,62769317.8988042
Local Clock Time Offset,-20.298,-2.24,-0.533,0.012,0.578, 1.904,8.617,,1.111,4.144,0.6323,,0.0004,µs,-6.571628153737372,97.82514208520998
Local RMS Frequency Jitter,0.534,0.853,1.053,2.075,9.55, 18.799,57.619,,8.497,17.946,3.6317,,3.3532,ppb,4.067331425066223,30.826121920048564
Local RMS Time Jitter,0.088,0.133,0.166,0.315,1.223, 2.109,9.122,,1.057,1.976,0.4276,,0.4585,µs,4.830573367175452,43.52677583748576
Server Jitter SHM(0),0.1577,0.3417,0.5468,1.4329,3.2468, 5.0531,8.3884,,2.7,4.7113,0.9008,,1.6188,ms,4.897989468626548,20.736306383279345
Server Jitter SHM(1),0.023,0.067,0.101,0.271,1.768, 3.74,19.372,,1.667,3.673,0.7523,,0.5063,µs,4.631727353775376,50.81926689088207
Server Offset SHM(0),11.0013,12.8168,13.8447,19.0472,23.5624, 24.9748,26.6715,,9.7177,12.158,3.1286,,18.6037,ms,135.8492264689043,747.1842688571464
Server Offset SHM(1),-20.299,-2.241,-0.534,0.013,0.579, 1.905,8.618,,1.113,4.146,0.6327,,0.0004,µs,-6.566783248148226,97.62707391615561
TDOP,0.66,0.67,0.77,1.06,6.16, 17.19,50.9,,5.39,16.52,4.0356,,2.1306, ,7.0698688805107,79.76043226015844
Temp ZONE0,47.95,49.6,50.15,52.9,58.95, 59.5,60.05,,8.8,9.9,2.3855,,53.3377,°C,9808.814795291402,210933.12687284776
nSats,9.0,9.0,11.0,13.0,15.0, 16.0,16.0,,4.0,7.0,1.4497,,13.1042,nSat,543.6029499011986,4564.943892564583
