Name,Min,1%,5%,50%,95%,99%,Max,,90% Range,98% Range,StdDev,,Mean,Units,Skewness,Kurtosis
Local Clock Frequency Offset,8.4681,8.5527,8.6169,9.1384,9.1665, 9.1754,9.2146,,0.5496,0.6228,0.1919,,9.0371,ppm,98135.0361094974,4530609.371808505
Local Clock Time Offset,-12.719,-2.069,-0.525,0.013,0.557, 1.701,7.92,,1.082,3.77,0.5775,,-0.0019,µs,-6.320898730234776,76.1883043739167
Local RMS Frequency Jitter,0.48,0.799,0.994,1.959,8.198, 17.987,43.512,,7.204,17.188,3.2631,,3.1209,ppb,3.7149139187001934,23.683013926951997
Local RMS Time Jitter,0.085,0.126,0.158,0.305,1.079, 2.014,5.724,,0.921,1.888,0.3789,,0.4306,µs,4.379337971348182,30.818399350767436
Server Jitter SHM(0),0.1576,0.3127,0.4999,1.3808,3.4961, 5.5884,8.6666,,2.9963,5.2757,0.9923,,1.6008,ms,4.051960334881339,16.001005143868113
Server Jitter SHM(1),0.014,0.068,0.102,0.264,1.59, 3.468,11.513,,1.488,3.4,0.6779,,0.4772,µs,4.364214123997474,40.732428360617035
Server Offset SHM(0),11.073,12.8971,14.2152,19.0965,23.556, 25.0728,26.9023,,9.3409,12.1757,3.1118,,18.6826,ms,140.31327873767577,779.3979337949977
Server Offset SHM(1),-12.72,-2.07,-0.526,0.014,0.558, 1.702,7.921,,1.084,3.772,0.578,,-0.0018,µs,-6.315917819398522,76.02037592057295
TDOP,0.64,0.65,0.72,1.01,5.4, 27.0,158.68,,4.68,26.35,10.6961,,2.5639, ,10.489266770937604,153.52997836142745
Temp ZONE0,46.85,47.95,49.05,57.3,58.95, 59.5,59.5,,9.9,11.55,3.4902,,55.7073,°C,3392.7537112181344,51386.596690093225
nSats,10.0,10.0,11.0,14.0,16.0, 16.0,16.0,,5.0,6.0,1.4146,,13.6542,nSat,673.2784074409032,6043.544717801648
