Name,Min,1%,5%,50%,95%,99%,Max,,90% Range,98% Range,StdDev,,Mean,Units,Skewness,Kurtosis
Local Clock Frequency Offset,8.9816,9.0999,9.145,9.2251,9.2985, 9.3225,9.3961,,0.1535,0.2227,0.0482,,9.2261,ppm,6890390.636385155,1311240628.3100064
Local Clock Time Offset,-11.941,-2.304,-0.513,0.01,0.564, 1.962,8.784,,1.077,4.266,0.6229,,0.0005,µs,-6.093583479247291,69.01578850752088
Local RMS Frequency Jitter,0.515,0.8,1.004,2.022,9.859, 19.469,43.72,,8.855,18.669,3.5633,,3.3192,ppb,3.381103377107779,20.034025649829232
Local RMS Time Jitter,0.077,0.13,0.164,0.313,1.266, 2.175,5.736,,1.102,2.045,0.4116,,0.4555,µs,3.7858125581868873,22.460412903950672
Server Jitter SHM(0),0.0922,0.3209,0.5165,1.372,4.6201, 8.1972,14.0575,,4.1036,7.8763,1.4839,,1.785,ms,3.81319124206548,20.478048560048254
Server Jitter SHM(1),0.02,0.065,0.097,0.262,1.827, 3.804,12.224,,1.73,3.739,0.7436,,0.5001,µs,3.8683847135171923,33.33642366709353
Server Offset SHM(0),2.4771,11.1127,13.998,18.8291,23.7891, 24.9903,26.7682,,9.7911,13.8776,3.2511,,18.7561,ms,122.4618607781422,650.9113542715478
Server Offset SHM(1),-11.942,-2.305,-0.514,0.011,0.565, 1.963,8.785,,1.079,4.268,0.6233,,0.0005,µs,-6.089706962545346,68.88933073526671
TDOP,0.69,0.73,0.76,1.14,14.06, 59.06,100.37,,13.3,58.33,9.8986,,4.0002, ,4.364885640977481,38.57707372249067
Temp ZONE0,51.8,52.35,52.9,54.55,56.2, 56.75,58.4,,3.3,4.4,1.0099,,54.4062,°C,147971.5148294956,7832175.493110724
nSats,10.0,10.0,11.0,14.0,15.0, 16.0,16.0,,4.0,6.0,1.3514,,13.4813,nSat,749.3231424323957,6952.805149365812
