Name,Min,1%,5%,50%,95%,99%,Max,,90% Range,98% Range,StdDev,,Mean,Units,Skewness,Kurtosis
Local Clock Frequency Offset,7.616,7.7296,7.7712,7.9213,8.0045, 8.0279,8.1021,,0.2333,0.2982,0.076,,7.9037,ppm,1094493.534797112,112814660.12017222
Local Clock Time Offset,-10.858,-2.303,-0.416,0.001,0.502, 1.879,6.026,,0.918,4.182,0.5662,,0.0003,µs,-5.7595132858891915,58.10960524893135
Local RMS Frequency Jitter,0.302,0.545,0.692,1.622,8.987, 17.644,34.338,,8.295,17.099,3.3176,,2.9308,ppb,2.6903078352883902,13.773887399991949
Local RMS Time Jitter,0.044,0.084,0.108,0.242,1.1, 1.998,5.176,,0.992,1.914,0.3889,,0.3912,µs,3.0991487262768174,17.583603009232103
Server Jitter SHM(0),0.2107,0.4086,0.5862,1.5691,3.6783, 5.4922,7.8443,,3.0922,5.0836,1.0004,,1.7818,ms,4.399078623974251,15.745554296992408
Server Jitter SHM(1),0.012,0.035,0.055,0.181,1.746, 3.511,10.27,,1.691,3.476,0.6918,,0.4197,µs,2.9864080830245654,22.270879436885924
Server Offset SHM(0),11.1972,12.6523,13.565,18.3687,23.3629, 24.7677,26.396,,9.7979,12.1153,3.0681,,18.1347,ms,133.2618388243534,730.436660128045
Server Offset SHM(1),-10.859,-2.304,-0.417,0.002,0.503, 1.88,6.027,,0.92,4.184,0.5666,,0.0003,µs,-5.756453256535375,58.01404961925647
TDOP,0.56,0.58,0.71,0.94,7.01, 23.42,40.16,,6.3,22.84,3.9242,,2.091, ,4.496119826395127,37.980502089587915
Temp ZONE0,49.6,49.6,50.7,52.9,55.1, 55.65,55.65,,4.4,6.05,1.3202,,52.9411,°C,59892.42112785769,2346357.926669165
nSats,10.0,10.0,12.0,14.0,15.0, 16.0,16.0,,3.0,6.0,1.1547,,13.61,nSat,1286.978317929425,14221.94066032565
