Name,Min,1%,5%,50%,95%,99%,Max,,90% Range,98% Range,StdDev,,Mean,Units,Skewness,Kurtosis
Local Clock Frequency Offset,8.7367,8.8877,8.9132,9.1714,9.3351, 9.3724,9.4381,,0.4219,0.4847,0.1404,,9.1366,ppm,263141.92492001294,16870600.236330096
Local Clock Time Offset,-15.113,-2.282,-0.599,0.019,0.615, 1.956,8.714,,1.214,4.238,0.6437,,0.0004,µs,-6.603164333006088,80.33591684586216
Local RMS Frequency Jitter,0.557,1.026,1.266,2.324,9.806, 18.555,45.548,,8.54,17.529,3.5514,,3.5659,ppb,3.996722377275513,26.519833792844356
Local RMS Time Jitter,0.088,0.16,0.198,0.352,1.244, 2.159,6.618,,1.046,1.999,0.4149,,0.4867,µs,4.794432130667663,36.298841273738105
Server Jitter SHM(0),0.2127,0.3839,0.5715,1.4176,3.3048, 5.207,8.7854,,2.7334,4.8231,0.9097,,1.6153,ms,4.815973109395444,20.057025251445868
Server Jitter SHM(1),0.033,0.09,0.133,0.33,1.838, 3.722,14.821,,1.705,3.632,0.7431,,0.5548,µs,4.52665884790741,43.00752010760018
Server Offset SHM(0),10.6183,11.9421,13.1811,18.1325,22.9034, 24.3553,26.4056,,9.7223,12.4132,3.188,,17.95,ms,113.19623410891748,590.6221875274151
Server Offset SHM(1),-15.114,-2.283,-0.6,0.02,0.616, 1.957,8.715,,1.216,4.24,0.6442,,0.0004,µs,-6.597893147975671,80.16767979147366
TDOP,0.64,0.66,0.74,1.08,7.14, 26.02,108.87,,6.4,25.36,7.634,,2.445, ,9.323848739248888,129.74466451249316
Temp ZONE0,49.05,49.05,49.6,53.45,58.4, 59.5,60.6,,8.8,10.45,2.9851,,53.5577,°C,4913.724180306757,84127.01375079883
nSats,11.0,11.0,12.0,14.0,15.0, 16.0,16.0,,3.0,5.0,1.1277,,13.6083,nSat,1388.7351321154197,15732.150486493127
