Name,Min,1%,5%,50%,95%,99%,Max,,90% Range,98% Range,StdDev,,Mean,Units,Skewness,Kurtosis
Local Clock Frequency Offset,7.4708,7.5369,7.5895,7.8798,7.9429, 8.013,8.0787,,0.3534,0.4761,0.1059,,7.8409,ppm,389682.846967691,28473471.961841952
Local Clock Time Offset,-12.05,-2.228,-0.456,0.003,0.516, 1.751,6.61,,0.972,3.979,0.5497,,-0.001,µs,-6.085479401356303,62.88177805232779
Local RMS Frequency Jitter,0.261,0.518,0.698,1.735,8.681, 16.488,33.953,,7.983,15.97,3.1449,,2.9287,ppb,2.874766211326756,15.568452162548486
Local RMS Time Jitter,0.043,0.08,0.107,0.256,1.061, 1.878,4.809,,0.954,1.798,0.3682,,0.388,µs,3.283156039692273,19.37511408808984
Server Jitter SHM(0),0.1936,0.354,0.543,1.4478,4.2479, 6.7946,14.1967,,3.7049,6.4406,1.3119,,1.7843,ms,4.063749663981233,22.15559064962477
Server Jitter SHM(1),0.012,0.036,0.055,0.191,1.706, 3.285,11.736,,1.651,3.249,0.6656,,0.4251,µs,3.0918152146774287,24.654671535572067
Server Offset SHM(0),2.1249,10.6594,11.9361,17.0344,21.6864, 23.6135,25.875,,9.7503,12.9541,3.2054,,16.8511,ms,89.841158105698,438.2475461244438
Server Offset SHM(1),-12.051,-2.229,-0.457,0.004,0.517, 1.752,6.611,,0.974,3.981,0.5501,,-0.001,µs,-6.0815377822675805,62.764531992753255
TDOP,0.65,0.67,0.74,1.37,22.07, 141.05,186.24,,21.33,140.38,20.8926,,6.693, ,3.928144967729783,31.44399130233912
Temp ZONE0,48.5,49.05,50.15,54.55,58.95, 60.05,60.6,,8.8,11.0,3.0543,,54.9029,°C,4942.873701827781,84770.94431216296
nSats,10.0,10.0,11.0,13.0,15.0, 16.0,16.0,,4.0,6.0,1.43,,12.9708,nSat,549.910188175825,4637.649997903525
