Name,Min,1%,5%,50%,95%,99%,Max,,90% Range,98% Range,StdDev,,Mean,Units,Skewness,Kurtosis
Local Clock Frequency Offset,8.2002,8.2747,8.4815,8.8965,9.0204, 9.035,9.1023,,0.5389,0.7603,0.1599,,8.8501,ppm,160795.84585247884,8749473.760881068
Local Clock Time Offset,-12.712,-2.12,-0.425,0.001,0.545, 1.817,7.463,,0.97,3.937,0.5692,,-0.0012,µs,-5.703252575256734,66.21456427742328
Local RMS Frequency Jitter,0.289,0.541,0.721,1.672,8.371, 18.682,36.041,,7.65,18.141,3.3512,,2.9276,ppb,3.022601294371537,16.692457725641052
Local RMS Time Jitter,0.05,0.084,0.115,0.252,1.078, 2.079,4.96,,0.963,1.995,0.3894,,0.3917,µs,3.4881086003730055,21.321201230586837
Server Jitter SHM(0),0.069,0.3347,0.5365,1.3993,3.4497, 5.4964,8.8678,,2.9132,5.1617,0.97,,1.6114,ms,4.3338980141207415,17.801497147165563
Server Jitter SHM(1),0.01,0.042,0.065,0.192,1.615, 3.537,12.356,,1.55,3.495,0.6867,,0.4215,µs,3.539727671792268,30.048833656761175
Server Offset SHM(0),11.5697,13.4793,14.3167,19.1846,24.0395, 25.2022,28.6178,,9.7228,11.7229,3.1457,,19.0779,ms,145.16103574782107,814.7559787329947
Server Offset SHM(1),-12.713,-2.121,-0.426,0.002,0.546, 1.818,7.464,,0.972,3.939,0.5696,,-0.0012,µs,-5.700113860817401,66.09040461417307
TDOP,0.61,0.64,0.72,0.99,2.87, 3.51,3.97,,2.15,2.87,0.6837,,1.2438, ,4.9129162401859725,16.47981567136754
Temp ZONE0,47.4,47.95,49.6,54.0,56.75, 57.3,58.4,,7.15,9.35,2.2374,,53.505,°C,12099.53726618516,278798.26692741446
nSats,9.0,10.0,12.0,14.0,15.0, 16.0,16.0,,3.0,6.0,1.251,,13.7083,nSat,1016.6826764965035,10404.787804144187
