Name,Min,1%,5%,50%,95%,99%,Max,,90% Range,98% Range,StdDev,,Mean,Units,Skewness,Kurtosis
Local Clock Frequency Offset,8.857,9.0081,9.0655,9.1107,9.1694, 9.1774,9.2277,,0.1039,0.1693,0.0338,,9.1119,ppm,19299274.26727138,5176863262.088038
Local Clock Time Offset,-19.872,-2.104,-0.52,0.013,0.544, 1.818,12.606,,1.064,3.922,0.6089,,-0.0,µs,-6.796185807592131,113.1835211943922
Local RMS Frequency Jitter,0.352,0.774,0.986,1.956,8.463, 19.098,65.609,,7.477,18.324,3.5612,,3.1596,ppb,4.329114520192209,37.01903302077183
Local RMS Time Jitter,0.059,0.125,0.159,0.307,1.095, 2.204,9.302,,0.936,2.079,0.4188,,0.4389,µs,5.375328668396266,56.08101291907463
Server Jitter SHM(0),0.1662,0.3576,0.5268,1.4617,3.4754, 5.4149,8.8114,,2.9486,5.0574,0.9678,,1.6597,ms,4.379130481114586,17.295135320801442
Server Jitter SHM(1),0.012,0.065,0.1,0.267,1.627, 3.713,18.467,,1.527,3.648,0.7301,,0.4852,µs,5.196859675605939,62.79577661283091
Server Offset SHM(0),11.7307,13.0766,13.7828,18.8322,23.8535, 25.074,27.4853,,10.0708,11.9973,3.1083,,18.6608,ms,140.32775095742232,780.1549943677293
Server Offset SHM(1),-19.873,-2.105,-0.521,0.014,0.545, 1.819,12.607,,1.066,3.924,0.6094,,0.0,µs,-6.7906434643575615,112.93629199467699
TDOP,0.65,0.68,0.73,1.11,8.48, 23.13,123.63,,7.75,22.45,8.6019,,2.6702, ,9.481407336092742,133.46980910836217
Temp ZONE0,53.45,54.0,54.0,55.65,57.85, 59.5,59.5,,3.85,5.5,1.0787,,55.8851,°C,131320.40780955856,6680108.909914488
nSats,10.0,10.0,12.0,14.0,16.0, 16.0,16.0,,4.0,6.0,1.4337,,13.9502,nSat,691.1117581772286,6253.975629366557
