Name,Min,1%,5%,50%,95%,99%,Max,,90% Range,98% Range,StdDev,,Mean,Units,Skewness,Kurtosis
Local Clock Frequency Offset,8.236,8.3588,8.3922,8.4552,8.4861, 8.5144,8.5646,,0.0939,0.1556,0.0318,,8.448,ppm,18598703.58706904,4927831899.231543
Local Clock Time Offset,-11.901,-2.153,-0.379,0.004,0.56, 1.643,6.21,,0.939,3.796,0.5692,,-0.0002,µs,-6.5832508948914334,70.84938828888745
Local RMS Frequency Jitter,0.233,0.523,0.676,1.48,8.447, 18.38,35.974,,7.771,17.857,3.4026,,2.8678,ppb,2.7753380799497727,15.256005290176438
Local RMS Time Jitter,0.038,0.082,0.111,0.234,1.164, 2.222,4.823,,1.053,2.14,0.4179,,0.3991,µs,3.0119014188191353,16.470060852708674
Server Jitter SHM(0),0.1502,0.3743,0.5937,1.4736,3.5547, 5.4708,7.8357,,2.961,5.0964,0.9792,,1.7033,ms,4.409175997102836,16.490914402301165
Server Jitter SHM(1),0.011,0.043,0.065,0.178,1.71, 3.672,11.28,,1.645,3.629,0.7006,,0.4143,µs,3.2942397600740145,26.581716212523148
Server Offset SHM(0),10.3042,11.8609,13.4583,18.2458,23.2902, 24.4087,25.8182,,9.8319,12.5478,3.1338,,18.1492,ms,124.41120945119008,667.5854749623089
Server Offset SHM(1),-11.902,-2.154,-0.38,0.005,0.561, 1.644,6.211,,0.941,3.798,0.5696,,-0.0002,µs,-6.5787581970539,70.72527542679637
TDOP,0.67,0.69,0.72,0.95,5.67, 21.9,111.05,,4.95,21.21,7.7682,,2.3458, ,9.35305967729389,130.9921811113946
Temp ZONE0,51.8,52.9,53.45,55.1,57.85, 59.5,59.5,,4.4,6.6,1.3968,,55.1046,°C,56960.90085312695,2194677.180414137
nSats,5.0,5.0,8.0,13.0,15.0, 16.0,16.0,,7.0,11.0,2.2254,,12.8125,nSat,119.88160369600308,616.7479615015612
