Name,Min,1%,5%,50%,95%,99%,Max,,90% Range,98% Range,StdDev,,Mean,Units,Skewness,Kurtosis
Local Clock Frequency Offset,8.6303,8.7879,8.8027,8.8795,9.0611, 9.0785,9.1216,,0.2583,0.2906,0.0771,,8.8986,ppm,1498867.726749735,171560799.11566424
Local Clock Time Offset,-13.109,-2.068,-0.474,0.005,0.538, 1.785,9.997,,1.012,3.853,0.5877,,0.0,µs,-6.3619437660489515,91.16542690684042
Local RMS Frequency Jitter,0.392,0.65,0.855,1.828,8.181, 18.61,47.072,,7.326,17.96,3.4586,,3.0246,ppb,3.7400053947674827,25.271594925100064
Local RMS Time Jitter,0.056,0.103,0.137,0.281,1.061, 2.107,8.676,,0.924,2.004,0.4079,,0.4123,µs,4.90993699625162,45.36685923123274
Server Jitter SHM(0),0.2094,0.3671,0.5533,1.4098,3.1847, 5.1966,8.2046,,2.6314,4.8295,0.8944,,1.594,ms,4.797322362627152,19.73813885903567
Server Jitter SHM(1),0.013,0.05,0.08,0.23,1.586, 3.58,13.831,,1.506,3.53,0.707,,0.4512,µs,4.553933232696992,46.749856556487536
Server Offset SHM(0),12.0119,13.6539,14.5506,19.2591,23.7402, 24.9234,27.8015,,9.1896,11.2694,3.0031,,19.0099,ms,167.45785648143536,980.3641609909888
Server Offset SHM(1),-13.11,-2.069,-0.475,0.006,0.539, 1.786,9.998,,1.014,3.855,0.5881,,0.0001,µs,-6.357373809930212,90.97841115017863
TDOP,0.67,0.68,0.71,1.09,4.38, 15.22,76.82,,3.67,14.54,5.3048,,1.9885, ,9.855454554616857,137.7192146603033
Temp ZONE0,50.15,50.7,51.25,53.45,57.3, 59.5,61.7,,6.05,8.8,1.8958,,53.6942,°C,20479.12346567126,561887.4367735952
nSats,9.0,12.0,12.0,14.0,15.0, 16.0,16.0,,3.0,4.0,1.0446,,13.7676,nSat,1842.9326875380862,22882.826991443584
