Name,Min,1%,5%,50%,95%,99%,Max,,90% Range,98% Range,StdDev,,Mean,Units,Skewness,Kurtosis
Local Clock Frequency Offset,8.9407,9.1058,9.1247,9.1551,9.1797, 9.1937,9.2376,,0.055,0.0879,0.0179,,9.1543,ppm,134057581.26131094,68610694088.98585
Local Clock Time Offset,-16.41,-2.09,-0.508,0.015,0.534, 1.765,8.556,,1.042,3.855,0.5952,,-0.0001,µs,-7.4005282821972305,107.74527906291698
Local RMS Frequency Jitter,0.449,0.742,0.928,1.9,8.387, 18.889,46.492,,7.459,18.147,3.4541,,3.1181,ppb,3.8283268096516108,26.38601274596523
Local RMS Time Jitter,0.075,0.119,0.151,0.299,1.118, 2.229,6.623,,0.967,2.11,0.4178,,0.4364,µs,4.600273872729142,36.58239754051502
Server Jitter SHM(0),0.1998,0.357,0.5114,1.3693,3.4775, 5.4615,8.2382,,2.9661,5.1045,0.9844,,1.5954,ms,4.082361300707663,16.189976116418624
Server Jitter SHM(1),0.02,0.063,0.095,0.254,1.615, 3.564,16.001,,1.52,3.501,0.7133,,0.4748,µs,4.6674522004482775,48.8438457817994
Server Offset SHM(0),11.3499,12.9243,13.7574,18.6392,23.3155, 24.3958,27.3896,,9.5581,11.4715,3.1203,,18.4011,ms,132.15986610913038,721.3588852713356
Server Offset SHM(1),-16.411,-2.091,-0.509,0.016,0.535, 1.766,8.557,,1.044,3.857,0.5956,,0.0,µs,-7.393710394547751,107.5101856881907
TDOP,0.72,0.75,0.79,1.18,12.1, 55.29,99.08,,11.31,54.54,9.7424,,3.5038, ,5.101319752915977,46.403079622406345
Temp ZONE0,54.55,54.55,55.65,56.75,58.4, 58.95,58.95,,2.75,4.4,0.8594,,56.8004,°C,275993.6428067408,17977805.86555271
nSats,10.0,11.0,12.0,14.0,15.0, 16.0,16.0,,3.0,5.0,1.1608,,13.7292,nSat,1301.3861183421986,14433.678117384236
