Name,Min,1%,5%,50%,95%,99%,Max,,90% Range,98% Range,StdDev,,Mean,Units,Skewness,Kurtosis
Local Clock Frequency Offset,8.9805,9.089,9.1101,9.1473,9.1835, 9.1909,9.24,,0.0734,0.1019,0.0239,,9.1477,ppm,55984438.32898532,21417183682.54435
Local Clock Time Offset,-12.45,-1.99,-0.468,0.011,0.517, 1.68,6.269,,0.985,3.67,0.552,,0.0,µs,-6.8162861209107595,80.44756790450651
Local RMS Frequency Jitter,0.303,0.629,0.846,1.808,7.947, 17.388,35.516,,7.101,16.759,3.1605,,2.9388,ppb,3.397521220533475,19.97443633150384
Local RMS Time Jitter,0.054,0.1,0.135,0.28,1.074, 1.932,5.198,,0.939,1.832,0.3712,,0.4063,µs,3.9586669032830297,26.266712431917338
Server Jitter SHM(0),0.1801,0.3608,0.5292,1.4225,3.4493, 5.5537,7.8695,,2.92,5.1929,0.9676,,1.6473,ms,4.394138498379416,17.306840412067075
Server Jitter SHM(1),0.017,0.049,0.076,0.221,1.556, 3.473,11.99,,1.48,3.424,0.6622,,0.4363,µs,3.888830780693518,34.263251731869
Server Offset SHM(0),10.1974,12.3518,13.4736,18.5173,23.3376, 24.6693,28.5299,,9.8639,12.3175,3.1772,,18.2989,ms,122.11359630388208,651.451059251908
Server Offset SHM(1),-12.451,-1.991,-0.469,0.012,0.518, 1.681,6.27,,0.987,3.672,0.5524,,0.0001,µs,-6.8103031246625445,80.27151837988397
TDOP,0.67,0.69,0.73,1.2,8.42, 36.8,57.8,,7.69,36.11,6.0787,,2.6331, ,5.225245437306376,45.67879217795859
Temp ZONE0,54.55,54.55,55.1,57.3,58.95, 59.5,60.05,,3.85,4.95,1.1475,,57.2588,°C,117075.77337034672,5732144.793866097
nSats,9.0,10.0,11.0,13.0,15.0, 16.0,16.0,,4.0,6.0,1.3577,,13.3,nSat,706.4821413503053,6437.48128788527
