Name,Min,1%,5%,50%,95%,99%,Max,,90% Range,98% Range,StdDev,,Mean,Units,Skewness,Kurtosis
Local Clock Frequency Offset,8.8052,8.9451,9.0309,9.1861,9.2604, 9.2797,9.3375,,0.2296,0.3346,0.0718,,9.165,ppm,2035798.627412224,258047671.24473366
Local Clock Time Offset,-13.509,-2.277,-0.492,0.004,0.551, 1.972,7.908,,1.043,4.249,0.6237,,0.0001,µs,-6.462022958951689,80.46510699178484
Local RMS Frequency Jitter,0.478,0.719,0.909,1.91,9.797, 18.851,43.87,,8.888,18.132,3.6404,,3.2441,ppb,3.3836999891945823,21.56873615294691
Local RMS Time Jitter,0.074,0.116,0.147,0.287,1.24, 2.195,7.62,,1.093,2.079,0.4388,,0.4372,µs,4.345143437695731,34.59566118471464
Server Jitter SHM(0),0.1794,0.3371,0.5329,1.393,3.2481, 5.1214,8.81,,2.7152,4.7842,0.9046,,1.5735,ms,4.649341598925588,19.848390876202497
Server Jitter SHM(1),0.013,0.056,0.084,0.235,1.823, 3.776,13.101,,1.739,3.72,0.7566,,0.4808,µs,3.9172654094486474,36.34584336170053
Server Offset SHM(0),11.552,12.9455,13.6759,18.8132,23.9982, 24.9277,27.7252,,10.3223,11.9821,3.2445,,18.6347,ms,121.0018112267773,644.0588626663766
Server Offset SHM(1),-13.51,-2.278,-0.493,0.005,0.552, 1.973,7.909,,1.045,4.251,0.6241,,0.0002,µs,-6.457698560891377,80.3195547588708
TDOP,0.67,0.69,0.76,1.21,12.86, 58.48,79.98,,12.1,57.79,9.8375,,3.7814, ,3.258754697638451,22.319650827685372
Temp ZONE0,50.7,50.7,51.25,54.0,55.1, 56.2,56.75,,3.85,5.5,1.1846,,53.7727,°C,87614.00858859238,3895228.8059157305
nSats,10.0,10.0,10.0,13.0,15.0, 16.0,16.0,,5.0,6.0,1.463,,13.2727,nSat,549.7967244100557,4627.236111794645
