Name,Min,1%,5%,50%,95%,99%,Max,,90% Range,98% Range,StdDev,,Mean,Units,Skewness,Kurtosis
Local Clock Frequency Offset,8.6337,8.7413,8.7855,9.0617,9.2837, 9.3491,9.4061,,0.4982,0.6078,0.1732,,9.0651,ppm,135415.11088701026,6959050.123149225
Local Clock Time Offset,-25.485,-2.278,-0.619,0.016,0.613, 1.909,12.903,,1.232,4.187,0.68,,-0.0002,µs,-7.92840295497098,167.66814355250827
Local RMS Frequency Jitter,0.673,1.056,1.294,2.353,9.479, 20.517,77.253,,8.185,19.461,3.906,,3.6065,ppb,5.30256288116221,52.628138275801085
Local RMS Time Jitter,0.102,0.163,0.201,0.357,1.242, 2.388,11.775,,1.041,2.225,0.4937,,0.5009,µs,6.911983037921831,87.09683525341974
Server Jitter SHM(0),0.2119,0.3671,0.5664,1.3774,3.187, 5.1455,8.6744,,2.6206,4.7784,0.895,,1.5732,ms,4.780917479324711,20.00347585310196
Server Jitter SHM(1),0.028,0.084,0.127,0.327,1.791, 3.741,23.933,,1.664,3.657,0.8057,,0.558,µs,6.418413552324222,96.04325266264709
Server Offset SHM(0),10.9864,12.2193,13.5061,18.8368,23.6978, 24.7745,26.5189,,10.1918,12.5552,3.1791,,18.6903,ms,130.75182922620206,710.8778932266217
Server Offset SHM(1),-25.486,-2.279,-0.62,0.017,0.614, 1.91,12.904,,1.234,4.189,0.6805,,-0.0001,µs,-7.921117787919375,167.3055438170877
TDOP,0.69,0.71,0.77,1.23,34.64, 157.76,204.88,,33.87,157.05,26.3595,,8.2393, ,2.9051674689997693,21.26712998021384
Temp ZONE0,47.95,48.5,49.05,52.35,59.5, 60.05,61.7,,10.45,11.55,3.8122,,54.0092,°C,2322.7069893328635,31110.723784504422
nSats,10.0,10.0,11.0,13.0,15.0, 16.0,16.0,,4.0,6.0,1.2521,,13.125,nSat,880.9063915888946,8619.97634181898
