Name,Min,1%,5%,50%,95%,99%,Max,,90% Range,98% Range,StdDev,,Mean,Units,Skewness,Kurtosis
Local Clock Frequency Offset,8.4861,8.5906,8.6137,8.7292,8.7827, 8.8077,8.8608,,0.1689,0.2171,0.0495,,8.7137,ppm,5357169.194812207,937436857.1747634
Local Clock Time Offset,-12.776,-2.031,-0.495,0.008,0.604, 1.701,7.747,,1.099,3.732,0.5709,,-0.0003,µs,-6.522387734464433,75.81247326311895
Local RMS Frequency Jitter,0.328,0.682,0.874,1.815,8.126, 17.656,36.099,,7.252,16.974,3.2512,,3.0588,ppb,3.338748491106181,19.61569571642585
Local RMS Time Jitter,0.064,0.11,0.141,0.278,1.014, 2.062,5.406,,0.873,1.952,0.3743,,0.4071,µs,4.119994034745864,27.52080884891861
Server Jitter SHM(0),0.1543,0.3775,0.5763,1.4392,3.4082, 5.2951,7.7256,,2.832,4.9176,0.9444,,1.6502,ms,4.554868534703775,17.747729000462414
Server Jitter SHM(1),0.023,0.058,0.088,0.239,1.665, 3.278,12.78,,1.577,3.22,0.6763,,0.4642,µs,3.9096998898434743,35.1718493218538
Server Offset SHM(0),10.6351,13.3511,14.5352,19.4267,24.4429, 25.6224,28.0925,,9.9077,12.2713,3.2069,,19.4787,ms,145.86185763465483,819.4722740887117
Server Offset SHM(1),-12.777,-2.032,-0.496,0.009,0.605, 1.702,7.748,,1.101,3.734,0.5714,,-0.0002,µs,-6.517103182391047,75.64886936853792
TDOP,0.64,0.64,0.77,1.04,6.04, 14.14,213.68,,5.27,13.5,14.0383,,2.9445, ,11.334332111838197,171.1223971413483
Temp ZONE0,51.25,51.8,52.9,55.1,57.3, 58.4,58.4,,4.4,6.6,1.2571,,54.8983,°C,77827.44419837544,3326486.6743604117
nSats,9.0,11.0,12.0,14.0,16.0, 16.0,16.0,,4.0,5.0,1.2432,,13.7333,nSat,1043.8279244920143,10781.206029050236
