Name,Min,1%,5%,50%,95%,99%,Max,,90% Range,98% Range,StdDev,,Mean,Units,Skewness,Kurtosis
Local Clock Frequency Offset,7.7663,7.8838,7.9191,8.2181,8.3469, 8.3741,8.4451,,0.4278,0.4904,0.1327,,8.1852,ppm,223797.35968275854,13594753.276908744
Local Clock Time Offset,-22.671,-2.146,-0.482,0.007,0.528, 1.795,9.621,,1.01,3.941,0.5948,,-0.0001,µs,-7.951311196005505,163.87132099115016
Local RMS Frequency Jitter,0.43,0.704,0.89,1.846,8.774, 17.349,63.178,,7.884,16.645,3.4829,,3.0809,ppb,4.340229532380705,39.84817114248041
Local RMS Time Jitter,0.061,0.11,0.139,0.276,1.057, 2.0,10.108,,0.918,1.89,0.4234,,0.4131,µs,6.102688850216066,76.75955493047645
Server Jitter SHM(0),0.205,0.39,0.5879,1.4271,3.4327, 5.4388,7.9664,,2.8449,5.0489,0.9479,,1.6436,ms,4.568487025867023,18.171550825686463
Server Jitter SHM(1),0.017,0.051,0.079,0.234,1.67, 3.376,22.221,,1.591,3.325,0.7174,,0.4582,µs,5.403792297139583,79.48085448969613
Server Offset SHM(0),9.6137,11.428,12.3823,17.5085,22.5507, 23.9052,26.0806,,10.1684,12.4772,3.1994,,17.5134,ms,102.99276714653985,523.1911677875008
Server Offset SHM(1),-22.672,-2.147,-0.483,0.008,0.529, 1.796,9.622,,1.012,3.943,0.5952,,-0.0001,µs,-7.9436253453084635,163.49781170885683
TDOP,0.63,0.64,0.73,1.18,12.01, 27.09,50.74,,11.28,26.45,5.7754,,3.3395, ,3.250732346492427,24.03548007337076
Temp ZONE0,47.95,48.5,49.05,52.35,55.1, 55.65,57.3,,6.05,7.15,1.8933,,52.2427,°C,18886.712536248346,504372.68678495684
nSats,10.0,10.0,11.0,14.0,16.0, 16.0,16.0,,5.0,6.0,1.3433,,13.9793,nSat,859.5882195793199,8329.041098833275
