Name,Min,1%,5%,50%,95%,99%,Max,,90% Range,98% Range,StdDev,,Mean,Units,Skewness,Kurtosis
Local Clock Frequency Offset,7.608,7.7153,7.7391,7.8763,7.9623, 7.989,8.0888,,0.2232,0.2736,0.0713,,7.8665,ppm,1305855.1687907658,142757501.62625384
Local Clock Time Offset,-11.351,-2.223,-0.472,0.001,0.579, 1.796,6.194,,1.051,4.019,0.563,,0.0001,µs,-5.866029977482984,58.660899540094405
Local RMS Frequency Jitter,0.298,0.56,0.725,1.752,8.908, 16.96,32.438,,8.183,16.4,3.2265,,2.9945,ppb,2.7775366137502298,14.38048824507261
Local RMS Time Jitter,0.047,0.088,0.114,0.258,1.065, 1.92,4.413,,0.951,1.832,0.3718,,0.3938,µs,3.2606696967158433,18.251631185939445
Server Jitter SHM(0),0.1551,0.3686,0.5693,1.5153,3.8476, 5.7504,18.2174,,3.2783,5.3818,1.122,,1.7823,ms,4.732520323738408,30.3332640064225
Server Jitter SHM(1),0.009,0.039,0.06,0.195,1.74, 3.343,11.074,,1.68,3.304,0.6776,,0.4365,µs,3.002723112230498,22.53706778339068
Server Offset SHM(0),-5.712,-3.0396,-0.7692,15.8378,22.8115, 24.4271,26.1965,,23.5807,27.4666,7.6483,,13.9117,ms,2.2311914207139663,4.283746247550747
Server Offset SHM(1),-11.352,-2.224,-0.473,0.002,0.58, 1.797,6.195,,1.053,4.021,0.5635,,0.0001,µs,-5.862560356889887,58.555072013438924
TDOP,0.61,0.65,0.71,1.06,14.02, 48.59,208.87,,13.31,47.94,16.5449,,4.1074, ,7.3887775387957,87.57031419806124
Temp ZONE0,50.15,50.7,51.25,54.0,55.65, 56.75,60.05,,4.4,6.05,1.466,,53.7239,°C,45401.145894561516,1622207.270382789
nSats,10.0,11.0,12.0,14.0,16.0, 16.0,16.0,,4.0,5.0,1.2583,,13.7469,nSat,1007.2778028154964,10288.54427626212
