Name,Min,1%,5%,50%,95%,99%,Max,,90% Range,98% Range,StdDev,,Mean,Units,Skewness,Kurtosis
Local Clock Frequency Offset,8.433,8.5385,8.5694,8.9864,9.0253, 9.0406,9.1039,,0.4559,0.5021,0.1422,,8.9112,ppm,234499.850432984,14468097.229824658
Local Clock Time Offset,-12.854,-2.067,-0.416,0.005,0.498, 1.768,7.836,,0.914,3.835,0.5507,,-0.0001,µs,-5.7348123350312,64.62835369114292
Local RMS Frequency Jitter,0.389,0.605,0.778,1.644,8.208, 17.667,43.123,,7.43,17.062,3.2123,,2.8668,ppb,3.151387996277642,18.51599957937916
Local RMS Time Jitter,0.063,0.098,0.125,0.257,1.051, 1.935,5.556,,0.926,1.837,0.3614,,0.3878,µs,3.6101813577612285,22.68752720718373
Server Jitter SHM(0),0.2025,0.3449,0.5007,1.3192,3.3116, 5.3182,7.4276,,2.8109,4.9733,0.9368,,1.531,ms,4.222101279107209,17.043281829698376
Server Jitter SHM(1),0.014,0.051,0.077,0.205,1.585, 3.391,11.992,,1.508,3.34,0.6622,,0.4228,µs,3.7003227612290956,31.730924810795603
Server Offset SHM(0),11.768,13.4594,14.2574,19.1799,24.1162, 25.3623,27.9278,,9.8587,11.9029,3.1356,,19.1612,ms,148.88042209988018,841.9735122423692
Server Offset SHM(1),-12.855,-2.068,-0.417,0.006,0.499, 1.769,7.837,,0.916,3.837,0.5511,,-0.0,µs,-5.731297459255306,64.50003465185286
TDOP,0.61,0.64,0.72,0.98,4.98, 13.36,39.53,,4.26,12.72,3.143,,1.8678, ,7.008576929077065,78.43542102319923
Temp ZONE0,47.95,49.05,49.6,55.1,57.3, 57.85,57.85,,7.7,8.8,2.4242,,54.1558,°C,9780.416852139017,210031.9067679091
nSats,10.0,11.0,12.0,14.0,16.0, 16.0,16.0,,4.0,5.0,1.3289,,13.725,nSat,839.3995418797477,8087.752351283064
