Name,Min,1%,5%,50%,95%,99%,Max,,90% Range,98% Range,StdDev,,Mean,Units,Skewness,Kurtosis
Local Clock Frequency Offset,8.5976,8.7291,8.7695,9.1501,9.2226, 9.2509,9.3127,,0.4532,0.5218,0.1707,,9.0493,ppm,140745.36170135834,7326477.49269771
Local Clock Time Offset,-19.884,-2.392,-0.602,0.012,0.628, 2.02,10.927,,1.23,4.412,0.6656,,0.001,µs,-6.29645867183103,97.2841958709054
Local RMS Frequency Jitter,0.645,0.956,1.182,2.286,9.936, 20.208,63.724,,8.754,19.252,3.7689,,3.588,ppb,4.215983225541851,32.99162534822742
Local RMS Time Jitter,0.104,0.148,0.184,0.345,1.254, 2.294,9.12,,1.07,2.146,0.4536,,0.4879,µs,5.516090785032184,55.930211089162185
Server Jitter SHM(0),0.1632,0.3325,0.525,1.3653,3.0371, 4.7553,7.3573,,2.5121,4.4228,0.8457,,1.5354,ms,4.917204138560766,20.19792768132273
Server Jitter SHM(1),0.03,0.074,0.11,0.307,1.873, 3.796,18.411,,1.763,3.722,0.7837,,0.5474,µs,4.814775669924122,54.80289990614077
Server Offset SHM(0),9.4928,11.9578,13.1089,18.5286,22.9565, 24.134,25.8952,,9.8476,12.1762,3.1616,,18.1074,ms,119.74922155919602,634.0283184066758
Server Offset SHM(1),-19.885,-2.393,-0.603,0.013,0.629, 2.021,10.928,,1.232,4.414,0.6661,,0.001,µs,-6.2922285632074795,97.08979083275324
TDOP,0.65,0.67,0.75,1.24,13.98, 35.44,128.41,,13.23,34.77,9.7842,,3.9488, ,7.193055412876976,91.24793105115775
Temp ZONE0,47.95,48.5,49.05,53.45,55.65, 56.2,56.75,,6.6,7.7,2.3343,,52.5645,°C,10027.449072828784,217143.7204848813
nSats,4.0,4.0,11.0,13.0,16.0, 16.0,16.0,,5.0,12.0,1.8264,,13.1875,nSat,256.8406619706157,1680.6930733078802
