Name,Min,1%,5%,50%,95%,99%,Max,,90% Range,98% Range,StdDev,,Mean,Units,Skewness,Kurtosis
Local Clock Frequency Offset,8.7367,8.8877,8.9132,9.0887,9.2475, 9.3006,9.4019,,0.3343,0.4129,0.1068,,9.0862,ppm,595013.9616694244,50060170.75583694
Local Clock Time Offset,-30.245,-2.187,-0.611,0.016,0.619, 2.004,12.367,,1.23,4.191,0.6516,,-0.0002,µs,-7.975180739128889,185.26167765376792
Local RMS Frequency Jitter,0.557,1.008,1.265,2.324,9.843, 18.224,85.255,,8.578,17.216,3.6446,,3.5591,ppb,5.1929141599088116,59.99442618993462
Local RMS Time Jitter,0.088,0.159,0.195,0.348,1.229, 2.042,14.293,,1.034,1.883,0.4378,,0.4826,µs,7.631249696004691,133.60911817804137
Server Jitter SHM(0),0.162,0.4267,0.624,1.448,3.1354, 4.8341,8.7854,,2.5114,4.4074,0.8456,,1.6249,ms,5.549606356892714,23.507009599722487
Server Jitter SHM(1),0.024,0.086,0.127,0.328,1.817, 3.624,28.992,,1.69,3.538,0.7561,,0.5514,µs,6.194105553093743,109.21144400896986
Server Offset SHM(0),11.0244,13.1287,13.986,18.8618,23.4653, 24.7174,26.5655,,9.4794,11.5887,3.0665,,18.6588,ms,146.7357230383863,825.9568809652196
Server Offset SHM(1),-30.246,-2.188,-0.612,0.017,0.62, 2.005,12.368,,1.232,4.193,0.6521,,-0.0001,µs,-7.96717283981568,184.81648350256282
TDOP,0.64,0.66,0.72,1.09,5.59, 20.65,104.28,,4.87,19.99,7.1495,,2.3913, ,10.055226626620339,142.64431499534842
Temp ZONE0,49.05,49.05,49.6,51.8,54.0, 55.1,55.1,,4.4,6.05,1.398,,51.8825,°C,47201.1002896204,1708449.130924328
nSats,10.0,10.0,11.0,14.0,15.0, 16.0,16.0,,4.0,6.0,1.2807,,13.4625,nSat,888.670903938168,8716.046997730926
