Name,Min,1%,5%,50%,95%,99%,Max,,90% Range,98% Range,StdDev,,Mean,Units,Skewness,Kurtosis
Local Clock Frequency Offset,8.4545,8.5899,8.6123,8.7288,8.7825, 8.8077,8.8608,,0.1702,0.2179,0.0528,,8.7091,ppm,4399598.106441493,720968355.4368923
Local Clock Time Offset,-12.776,-1.996,-0.496,0.008,0.595, 1.701,7.747,,1.091,3.697,0.5719,,-0.0002,µs,-6.50535110858291,78.13679843155663
Local RMS Frequency Jitter,0.328,0.679,0.869,1.807,8.088, 17.798,36.099,,7.219,17.119,3.2755,,3.0442,ppb,3.399637742915729,20.30864884905478
Local RMS Time Jitter,0.067,0.11,0.14,0.277,1.011, 2.091,5.406,,0.871,1.981,0.3803,,0.4057,µs,4.228325233386717,29.10128943988794
Server Jitter SHM(0),0.2182,0.3935,0.5928,1.4464,3.4129, 5.2694,7.7256,,2.8201,4.8759,0.9396,,1.6586,ms,4.62239141296596,17.908981813279286
Server Jitter SHM(1),0.023,0.057,0.087,0.239,1.644, 3.302,12.78,,1.557,3.245,0.6793,,0.4623,µs,4.029433043004489,36.88084931718541
Server Offset SHM(0),10.6351,13.3511,14.5151,19.4287,24.3082, 25.4481,28.0925,,9.7931,12.0971,3.1905,,19.3818,ms,145.91018077468064,819.5347218154536
Server Offset SHM(1),-12.777,-1.997,-0.497,0.009,0.596, 1.702,7.748,,1.093,3.699,0.5724,,-0.0002,µs,-6.500121551126722,77.96806205459352
TDOP,0.64,0.64,0.77,1.03,4.55, 12.44,43.17,,3.78,11.8,3.135,,1.9036, ,8.776865814418853,112.00131918824088
Temp ZONE0,51.25,51.8,52.9,55.1,57.3, 58.4,58.4,,4.4,6.6,1.3169,,54.8158,°C,67167.07265567358,2733587.762570328
nSats,9.0,11.0,12.0,14.0,16.0, 16.0,16.0,,4.0,5.0,1.2857,,13.7833,nSat,947.2452243775577,9483.783215773197
