Name,Min,1%,5%,50%,95%,99%,Max,,90% Range,98% Range,StdDev,,Mean,Units,Skewness,Kurtosis
Local Clock Frequency Offset,7.7406,7.8515,7.8818,8.0958,8.2278, 8.2582,8.3058,,0.3459,0.4067,0.0827,,8.0923,ppm,909936.9448361617,88194127.66670856
Local Clock Time Offset,-11.705,-2.214,-0.43,0.002,0.506, 1.825,9.002,,0.936,4.039,0.5536,,-0.0001,µs,-5.753562368944294,61.66098370987008
Local RMS Frequency Jitter,0.335,0.569,0.736,1.68,8.726, 16.676,40.378,,7.99,16.107,3.202,,2.9121,ppb,2.9382695504155776,16.56739953183604
Local RMS Time Jitter,0.046,0.088,0.114,0.25,1.045, 1.837,5.33,,0.931,1.749,0.3639,,0.3835,µs,3.4963720971896093,22.1809430193263
Server Jitter SHM(0),0.1915,0.3521,0.5679,1.4048,3.4756, 5.6197,8.7804,,2.9076,5.2676,0.9793,,1.6291,ms,4.3429934953263345,17.602566130720202
Server Jitter SHM(1),0.013,0.041,0.062,0.197,1.682, 3.337,12.388,,1.62,3.296,0.6684,,0.4248,µs,3.3512572272509877,28.071296107765622
Server Offset SHM(0),9.2518,11.7008,12.7048,18.1829,23.3979, 24.9747,27.4935,,10.6931,13.274,3.3646,,18.0225,ms,95.7865820443149,476.76625324483666
Server Offset SHM(1),-11.706,-2.215,-0.431,0.003,0.507, 1.826,9.003,,0.938,4.041,0.554,,-0.0001,µs,-5.750239939830883,61.546078961465525
TDOP,0.75,0.77,0.81,1.3,7.13, 22.0,37.52,,6.32,21.23,3.7116,,2.3273, ,4.736360695420162,38.476968486997336
Temp ZONE0,48.5,49.05,50.7,52.9,55.1, 55.65,56.2,,4.4,6.6,1.3098,,52.7083,°C,60549.95290385032,2380741.297536049
nSats,7.0,11.0,11.0,14.0,16.0, 16.0,16.0,,5.0,5.0,1.3452,,13.6598,nSat,793.9705666843372,7505.507299386435
