Name,Min,1%,5%,50%,95%,99%,Max,,90% Range,98% Range,StdDev,,Mean,Units,Skewness,Kurtosis
Local Clock Frequency Offset,8.458,8.5786,8.6039,8.6683,8.7364, 8.7631,8.8204,,0.1325,0.1844,0.0442,,8.6717,ppm,7418922.147191753,1447029064.5451021
Local Clock Time Offset,-9.653,-1.947,-0.494,0.006,0.584, 1.72,7.212,,1.078,3.667,0.5636,,0.0003,µs,-5.300081292282168,54.04633257739187
Local RMS Frequency Jitter,0.427,0.644,0.833,1.768,8.067, 18.223,36.335,,7.234,17.579,3.231,,2.9962,ppb,3.190871952320168,17.63150944691093
Local RMS Time Jitter,0.056,0.103,0.135,0.27,0.987, 2.067,5.369,,0.852,1.964,0.3632,,0.3959,µs,3.9132769351191055,24.304960534713384
Server Jitter SHM(0),0.1618,0.3968,0.6025,1.5064,3.5626, 5.2934,9.0229,,2.9601,4.8966,0.97,,1.7202,ms,4.646340664682442,18.20542215001182
Server Jitter SHM(1),0.016,0.054,0.081,0.228,1.632, 3.396,10.404,,1.551,3.342,0.6663,,0.4527,µs,3.6247340057523627,29.130346825068784
Server Offset SHM(0),11.5421,13.0197,14.0528,19.1669,24.1036, 25.3585,26.7207,,10.0508,12.3388,3.2629,,19.0465,ms,127.69079768410084,689.6754517041791
Server Offset SHM(1),-9.654,-1.948,-0.495,0.007,0.585, 1.721,7.213,,1.08,3.669,0.564,,0.0003,µs,-5.297326221941774,53.94159540043332
TDOP,0.63,0.67,0.75,1.09,6.97, 19.77,75.11,,6.22,19.1,5.5904,,2.4341, ,7.891593521194386,100.79372707861529
Temp ZONE0,51.25,51.25,52.35,54.0,55.65, 56.2,56.2,,3.3,4.95,1.0686,,53.9129,°C,121080.84114193244,5994980.559829013
nSats,9.0,10.0,11.0,14.0,16.0, 16.0,16.0,,5.0,6.0,1.3925,,13.55,nSat,691.1948443348864,6254.592864955587
