Name,Min,1%,5%,50%,95%,99%,Max,,90% Range,98% Range,StdDev,,Mean,Units,Skewness,Kurtosis
Local Clock Frequency Offset,8.8781,8.9914,9.0258,9.1988,9.2617, 9.2832,9.3463,,0.236,0.2918,0.0754,,9.178,ppm,1760103.7001299285,212541349.2663708
Local Clock Time Offset,-18.399,-2.275,-0.648,0.023,0.606, 1.929,11.559,,1.254,4.204,0.6569,,-0.0004,µs,-6.167269478862867,90.43615462793157
Local RMS Frequency Jitter,0.539,1.064,1.327,2.436,9.678, 18.818,61.413,,8.351,17.754,3.6218,,3.6408,ppb,4.606219988963882,36.63466464408334
Local RMS Time Jitter,0.094,0.166,0.208,0.37,1.228, 2.115,8.405,,1.02,1.949,0.4282,,0.5032,µs,5.700258393954497,53.91465833761046
Server Jitter SHM(0),0.0697,0.3424,0.5491,1.3766,3.2648, 5.0584,8.0235,,2.7157,4.716,0.9042,,1.5764,ms,4.5935443609164155,18.640609306986896
Server Jitter SHM(1),0.031,0.092,0.138,0.35,1.827, 3.695,17.015,,1.689,3.603,0.7544,,0.5723,µs,5.243741359780172,60.011478466118156
Server Offset SHM(0),12.0003,12.7879,13.5452,18.9381,23.8352, 25.1592,27.1592,,10.29,12.3714,3.2976,,18.703,ms,115.95577196890864,608.8925260261415
Server Offset SHM(1),-18.4,-2.276,-0.649,0.024,0.607, 1.93,11.56,,1.256,4.206,0.6574,,-0.0003,µs,-6.162875272414163,90.24248171078573
TDOP,0.69,0.73,0.81,1.29,8.21, 29.76,47.1,,7.4,29.03,4.9351,,2.6366, ,4.116587205063138,31.186069090228294
Temp ZONE0,50.7,50.7,51.25,53.45,58.4, 59.5,60.05,,7.15,8.8,2.2707,,54.251,°C,12065.58281806471,277829.47735536477
nSats,9.0,9.0,11.0,14.0,15.0, 16.0,16.0,,4.0,7.0,1.3915,,13.6224,nSat,704.4577080265792,6401.980494024453
