Name,Min,1%,5%,50%,95%,99%,Max,,90% Range,98% Range,StdDev,,Mean,Units,Skewness,Kurtosis
Local Clock Frequency Offset,7.9992,8.1332,8.1699,8.5166,8.5972, 8.6149,8.6736,,0.4273,0.4817,0.1443,,8.452,ppm,191016.6498834823,11007388.10733327
Local Clock Time Offset,-12.475,-2.171,-0.379,0.004,0.558, 1.662,7.965,,0.937,3.833,0.5736,,0.0001,µs,-6.562406061055122,75.00165149090357
Local RMS Frequency Jitter,0.304,0.521,0.686,1.482,8.515, 18.93,34.487,,7.829,18.409,3.4425,,2.8738,ppb,2.7846868019488538,14.953090187645468
Local RMS Time Jitter,0.049,0.083,0.111,0.238,1.164, 2.237,5.191,,1.053,2.154,0.4205,,0.4004,µs,3.130510268030796,17.917731782378958
Server Jitter SHM(0),0.1805,0.3774,0.5841,1.4566,3.408, 5.4114,8.1104,,2.8239,5.0341,0.9386,,1.6561,ms,4.59738727183861,18.07375111597388
Server Jitter SHM(1),0.016,0.045,0.068,0.181,1.678, 3.709,12.433,,1.61,3.664,0.7029,,0.4137,µs,3.409634232166538,28.34210516292216
Server Offset SHM(0),11.4141,13.3302,14.3209,19.221,24.1728, 25.3955,27.8104,,9.8519,12.0653,3.1402,,19.1737,ms,148.4481756534749,838.5385931263057
Server Offset SHM(1),-12.476,-2.172,-0.38,0.005,0.559, 1.663,7.966,,0.939,3.835,0.574,,0.0001,µs,-6.5578686696516035,74.86669307862805
TDOP,0.65,0.65,0.75,0.94,3.89, 15.34,77.02,,3.14,14.69,5.478,,1.8834, ,9.259623077711515,123.41328493380777
Temp ZONE0,48.5,48.5,49.05,52.9,56.75, 59.5,59.5,,7.7,11.0,2.6867,,52.8475,°C,6564.0737687208475,123610.95990235558
nSats,5.0,5.0,5.0,13.0,15.0, 16.0,16.0,,10.0,11.0,3.17,,12.3983,nSat,31.89862919088384,109.16981608184798
