Name,Min,1%,5%,50%,95%,99%,Max,,90% Range,98% Range,StdDev,,Mean,Units,Skewness,Kurtosis
Local Clock Frequency Offset,7.6244,7.783,7.8523,7.9643,8.2006, 8.2227,8.2856,,0.3484,0.4397,0.0951,,7.9825,ppm,571561.7595635005,47447343.82887825
Local Clock Time Offset,-11.104,-2.182,-0.402,0.0,0.492, 1.819,6.909,,0.894,4.001,0.5556,,0.0001,µs,-6.056392817759018,67.77097071914464
Local RMS Frequency Jitter,0.325,0.51,0.657,1.6,8.798, 17.539,33.49,,8.141,17.029,3.2844,,2.8428,ppb,2.845062770189631,15.510291576834643
Local RMS Time Jitter,0.049,0.08,0.102,0.24,1.063, 1.97,4.57,,0.961,1.89,0.3795,,0.3778,µs,3.2463142097648943,19.063112264310757
Server Jitter SHM(0),0.1606,0.3595,0.5415,1.4174,3.3935, 5.2701,8.3939,,2.852,4.9106,0.946,,1.6351,ms,4.402763558446168,17.052391784308682
Server Jitter SHM(1),0.011,0.036,0.054,0.174,1.662, 3.38,10.766,,1.608,3.344,0.6778,,0.4079,µs,3.2288134479650563,26.529680136584478
Server Offset SHM(0),9.6934,12.4784,13.3286,18.6877,23.7738, 25.2318,26.3992,,10.4452,12.7534,3.3438,,18.4914,ms,106.57067934655679,546.5575300364541
Server Offset SHM(1),-11.105,-2.183,-0.403,0.0,0.493, 1.82,6.91,,0.896,4.003,0.556,,0.0001,µs,-6.052746663470358,67.6498941003156
TDOP,0.64,0.67,0.74,1.21,5.31, 34.47,79.0,,4.57,33.8,6.8424,,2.5098, ,6.823305680861822,70.20955582806492
Temp ZONE0,49.05,49.6,50.15,51.8,55.1, 57.3,57.85,,4.95,7.7,1.5771,,52.1035,°C,32980.18625135193,1059806.0714482195
nSats,5.0,9.0,11.0,13.0,15.0, 16.0,16.0,,4.0,7.0,1.3265,,13.3154,nSat,764.0761536329022,7122.305998090391
