Name,Min,1%,5%,50%,95%,99%,Max,,90% Range,98% Range,StdDev,,Mean,Units,Skewness,Kurtosis
Local Clock Frequency Offset,7.8286,7.9659,7.997,8.3789,8.4488, 8.4787,8.5315,,0.4518,0.5128,0.1524,,8.3098,ppm,153535.90618629256,8226983.170095369
Local Clock Time Offset,-22.222,-2.111,-0.427,0.003,0.509, 1.677,9.78,,0.936,3.788,0.5844,,-0.0001,µs,-8.22228295325161,147.93766736715597
Local RMS Frequency Jitter,0.368,0.611,0.773,1.718,8.157, 18.857,62.466,,7.384,18.246,3.4945,,2.9431,ppb,3.937664430995741,32.84561103273507
Local RMS Time Jitter,0.058,0.096,0.122,0.257,1.073, 2.219,9.57,,0.951,2.123,0.4346,,0.4037,µs,4.869006945806888,50.147372691170226
Server Jitter SHM(0),0.1162,0.379,0.5536,1.372,3.3774, 5.3686,8.6999,,2.8239,4.9896,0.9549,,1.5925,ms,4.38255321878025,18.22209002603998
Server Jitter SHM(1),0.015,0.045,0.067,0.202,1.602, 3.602,22.178,,1.535,3.557,0.7177,,0.4312,µs,4.993286299359049,67.21756492626469
Server Offset SHM(0),10.7979,12.7406,13.8758,19.2289,24.4471, 25.8464,28.0183,,10.5713,13.1058,3.3375,,18.9662,ms,116.7747887840253,615.2665799026668
Server Offset SHM(1),-22.223,-2.112,-0.428,0.004,0.51, 1.678,9.781,,0.938,3.79,0.5848,,-0.0001,µs,-8.214707542392569,147.62674282709318
TDOP,0.67,0.69,0.73,1.23,6.4, 16.81,69.53,,5.67,16.12,5.0349,,2.3902, ,8.840405061964173,114.10473807885384
Temp ZONE0,47.4,48.5,49.05,54.0,55.65, 56.2,57.85,,6.6,7.7,2.194,,53.0803,°C,12544.88179871555,292525.49863532983
nSats,9.0,10.0,11.0,13.0,16.0, 16.0,16.0,,5.0,6.0,1.5406,,13.1577,nSat,451.33185445308663,3575.226223035741
