Name,Min,1%,5%,50%,95%,99%,Max,,90% Range,98% Range,StdDev,,Mean,Units,Skewness,Kurtosis
Local Clock Frequency Offset,8.519,8.653,8.6792,8.7805,8.8654, 8.876,8.923,,0.1862,0.223,0.0548,,8.7763,ppm,4029266.203648805,641212792.8699261
Local Clock Time Offset,-15.726,-1.932,-0.549,0.013,0.604, 1.728,11.777,,1.153,3.66,0.5814,,-0.0001,µs,-6.2302578617085285,85.73510819980218
Local RMS Frequency Jitter,0.46,0.81,1.027,1.942,8.252, 17.913,63.65,,7.225,17.103,3.2789,,3.1488,ppb,4.042008327845472,33.06739597952413
Local RMS Time Jitter,0.065,0.128,0.163,0.298,1.007, 2.075,7.933,,0.844,1.947,0.3738,,0.4198,µs,4.917710658459871,43.32054853893549
Server Jitter SHM(0),0.1827,0.361,0.5657,1.4436,3.5128, 5.6678,8.6563,,2.9471,5.3068,0.9954,,1.6835,ms,4.4291388631362905,17.943903677583585
Server Jitter SHM(1),0.027,0.068,0.103,0.268,1.648, 3.367,17.277,,1.545,3.299,0.6785,,0.4847,µs,4.676844610511297,53.682788765402364
Server Offset SHM(0),9.7472,11.1082,12.9974,17.8575,22.881, 24.0919,26.7543,,9.8836,12.9837,3.1589,,17.795,ms,113.34305449445468,591.3769916542867
Server Offset SHM(1),-15.727,-1.933,-0.55,0.014,0.605, 1.729,11.778,,1.155,3.662,0.5819,,-0.0001,µs,-6.225337903739308,85.5345198708963
TDOP,0.67,0.68,0.72,1.0,4.23, 19.49,64.81,,3.51,18.81,4.724,,2.061, ,8.63181654375567,110.71883137474053
Temp ZONE0,51.25,51.8,52.9,54.55,58.4, 58.95,59.5,,5.5,7.15,1.783,,55.084,°C,26804.46046291679,804015.7490216892
nSats,10.0,10.0,11.0,14.0,15.0, 16.0,16.0,,4.0,6.0,1.2349,,13.444,nSat,995.8858016805757,10134.165809168517
