Name,Min,1%,5%,50%,95%,99%,Max,,90% Range,98% Range,StdDev,,Mean,Units,Skewness,Kurtosis
Local Clock Frequency Offset,7.8286,7.9659,7.997,8.3721,8.4442, 8.4761,8.5315,,0.4472,0.5102,0.1502,,8.3062,ppm,160261.43477158656,8710795.621902283
Local Clock Time Offset,-22.222,-2.106,-0.425,0.003,0.509, 1.676,9.78,,0.934,3.782,0.5801,,0.0001,µs,-8.25601552757915,148.92933802734132
Local RMS Frequency Jitter,0.368,0.609,0.773,1.718,8.127, 18.655,62.466,,7.354,18.046,3.46,,2.9324,ppb,3.933141197760403,33.075432883091175
Local RMS Time Jitter,0.058,0.096,0.122,0.257,1.073, 2.194,9.57,,0.951,2.098,0.4291,,0.4027,µs,4.8586847963059725,50.77430425611938
Server Jitter SHM(0),0.1162,0.3756,0.5458,1.3726,3.3874, 5.3686,8.6999,,2.8416,4.993,0.9569,,1.5925,ms,4.366321051883482,18.120288626830447
Server Jitter SHM(1),0.015,0.045,0.067,0.203,1.601, 3.585,22.178,,1.534,3.54,0.711,,0.4304,µs,4.982356171986097,67.74806284866038
Server Offset SHM(0),10.7979,12.6923,13.8315,19.1768,24.3595, 25.7793,28.0183,,10.528,13.0869,3.3291,,18.8152,ms,114.67823964156395,601.333449385057
Server Offset SHM(1),-22.223,-2.107,-0.426,0.004,0.51, 1.677,9.781,,0.936,3.784,0.5805,,0.0001,µs,-8.248270233392901,148.61142710033494
TDOP,0.67,0.69,0.72,1.24,6.12, 7.2,69.53,,5.4,6.51,4.9264,,2.2773, ,9.45501910273414,125.19295278078616
Temp ZONE0,47.4,48.5,49.05,54.0,56.2, 56.2,57.85,,7.15,7.7,2.2564,,53.1624,°C,11550.700568871891,262083.38684748576
nSats,9.0,10.0,11.0,13.0,16.0, 16.0,16.0,,5.0,6.0,1.5897,,13.249,nSat,416.42818900459565,3216.3092406385836
