Name,Min,1%,5%,50%,95%,99%,Max,,90% Range,98% Range,StdDev,,Mean,Units,Skewness,Kurtosis
Local Clock Frequency Offset,7.515,7.6305,7.6592,7.7908,7.8945, 7.9132,8.007,,0.2353,0.2827,0.0723,,7.782,ppm,1211435.7660155282,129164582.77998145
Local Clock Time Offset,-14.872,-2.259,-0.408,0.004,0.587, 1.637,6.912,,0.995,3.896,0.5735,,-0.0001,µs,-6.854828146669116,80.9140967671533
Local RMS Frequency Jitter,0.35,0.585,0.763,1.722,8.874, 17.558,41.096,,8.111,16.973,3.3404,,2.9908,ppb,3.0405984796445558,17.707445479352838
Local RMS Time Jitter,0.059,0.093,0.122,0.271,1.225, 2.05,6.166,,1.103,1.957,0.4115,,0.4248,µs,3.226555800203278,19.351442218567705
Server Jitter SHM(0),0.1461,0.3954,0.5931,1.4713,3.4915, 4.8907,9.238,,2.8984,4.4953,0.925,,1.6837,ms,4.574474988482307,16.55829444430547
Server Jitter SHM(1),0.017,0.047,0.075,0.211,1.684, 3.458,14.818,,1.609,3.411,0.6935,,0.4373,µs,3.691387814467986,33.12882806461685
Server Offset SHM(0),-25.5455,-22.1365,-19.3329,-11.7869,3.9063, 7.1881,11.151,,23.2392,29.3246,6.6362,,-10.4459,ms,-23.941634489029916,78.42149869483613
Server Offset SHM(1),-14.873,-2.26,-0.409,0.005,0.588, 1.638,6.913,,0.997,3.898,0.5739,,-0.0001,µs,-6.849448880384459,80.75358234405269
Temp ZONE0,50.15,50.7,51.25,54.0,58.4, 61.15,62.8,,7.15,10.45,2.231,,54.3,°C,12782.910261914376,300021.8879226366
