Name,Min,1%,5%,50%,95%,99%,Max,,90% Range,98% Range,StdDev,,Mean,Units,Skewness,Kurtosis
Local Clock Frequency Offset,7.846,7.9663,8.001,8.3807,8.4504, 8.4804,8.5315,,0.4494,0.514,0.1388,,8.3267,ppm,205248.38417044774,12113815.19244928
Local Clock Time Offset,-15.132,-2.094,-0.43,0.002,0.519, 1.675,7.817,,0.949,3.769,0.5774,,0.0,µs,-7.637500188447815,110.77644593405202
Local RMS Frequency Jitter,0.368,0.622,0.778,1.726,8.133, 18.847,41.814,,7.355,18.225,3.4185,,2.9477,ppb,3.462333983779899,21.928776966383506
Local RMS Time Jitter,0.058,0.099,0.123,0.258,1.072, 2.227,6.513,,0.949,2.128,0.4262,,0.405,µs,4.246372050135657,33.22411385314949
Server Jitter SHM(0),0.1697,0.363,0.5622,1.3471,3.3321, 5.3377,8.6999,,2.7699,4.9747,0.9313,,1.5619,ms,4.488589422678815,18.838066632149836
Server Jitter SHM(1),0.015,0.044,0.066,0.203,1.606, 3.534,15.163,,1.54,3.49,0.7049,,0.4312,µs,4.355972776891441,45.79051910332956
Server Offset SHM(0),10.1779,11.4662,13.6205,19.1914,24.4482, 25.8464,28.0183,,10.8276,14.3802,3.4452,,18.9358,ms,104.32800862096725,531.1317612201537
Server Offset SHM(1),-15.133,-2.095,-0.431,0.003,0.52, 1.676,7.818,,0.951,3.771,0.5778,,0.0,µs,-7.63092695554603,110.55395650423394
TDOP,0.67,0.67,0.73,1.01,6.73, 28.56,268.93,,6.0,27.89,17.9037,,3.4541, ,10.802958091665916,161.32518689890532
Temp ZONE0,47.4,48.5,49.05,53.45,55.1, 55.65,55.65,,6.05,7.15,1.9119,,52.8544,°C,18994.31288625339,508150.52340401564
nSats,9.0,10.0,11.0,13.0,15.0, 16.0,16.0,,4.0,6.0,1.4103,,13.1535,nSat,602.0404585059972,5216.080719960379
