Name,Min,1%,5%,50%,95%,99%,Max,,90% Range,98% Range,StdDev,,Mean,Units,Skewness,Kurtosis
Local Clock Frequency Offset,7.8878,7.9749,7.999,8.3824,8.4874, 8.5131,16.5363,,0.4885,0.5383,0.2208,,8.3221,ppm,49522.68584732182,1822672.5775791057
Local Clock Time Offset,-67.269,-2.335,-0.419,0.001,0.589, 1.875,43004.3,,1.008,4.21,837.0998,,25.4168,µs,35.554240239218984,1523.7980318176733
Local RMS Frequency Jitter,0.0,0.522,0.704,1.646,8.475, 19.436,1555.621,,7.771,18.914,23.9749,,3.609,ppb,42.348752733190146,2205.606050156466
Local RMS Time Jitter,0.041,0.085,0.115,0.251,1.135, 2.409,15203.888,,1.02,2.324,208.8144,,6.1221,µs,45.80226289425699,2601.707819030495
Server Jitter SHM(0),0.0,0.3572,0.566,1.403,3.4643, 5.5399,25.5973,,2.8983,5.1826,1.1668,,1.6468,ms,8.004806872189342,115.80668708606548
Server Jitter SHM(1),0.0,0.042,0.064,0.188,1.707, 4.036,4473.064,,1.643,3.994,126.4541,,4.8821,µs,28.337782037504056,957.5023119017429
Server Offset SHM(0),10.1779,11.4212,13.1608,19.1047,24.0764, 25.7528,59.3964,,10.9156,14.3316,3.5749,,18.8678,ms,91.6142453569234,461.43761077930344
Server Offset SHM(1),-67.27,-2.336,-0.42,0.002,0.59, 1.876,43004.3,,1.01,4.212,837.1026,,25.4279,µs,35.55388405415127,1523.7770778910995
TDOP,0.59,0.67,0.74,1.08,6.78, 27.78,75.58,,6.04,27.11,6.5348,,2.4228, ,6.18798248667157,63.57304283374775
Temp ZONE0,47.4,47.95,49.05,53.45,55.65, 56.2,56.2,,6.6,8.25,2.1803,,52.68,°C,12494.183178081812,290956.37098869926
nSats,5.0,5.0,8.0,13.0,15.0, 16.0,16.0,,7.0,11.0,2.1827,,12.7292,nSat,125.32307837371765,654.6273099591765
