Name,Min,1%,5%,50%,95%,99%,Max,,90% Range,98% Range,StdDev,,Mean,Units,Skewness,Kurtosis
Local Clock Frequency Offset,8.8052,8.9177,8.9605,9.1661,9.2484, 9.271,9.3356,,0.2878,0.3533,0.0855,,9.1421,ppm,1187238.1068145018,125736224.64798126
Local Clock Time Offset,-13.509,-2.256,-0.487,0.004,0.545, 1.955,7.574,,1.032,4.211,0.6143,,-0.0006,µs,-6.554976906698213,82.2956499856807
Local RMS Frequency Jitter,0.478,0.711,0.894,1.883,9.701, 18.514,43.87,,8.807,17.803,3.577,,3.2047,ppb,3.3410556439568384,21.080355845145498
Local RMS Time Jitter,0.061,0.113,0.143,0.282,1.227, 2.144,7.62,,1.084,2.031,0.4308,,0.4313,µs,4.2646096941136875,33.6874705664888
Server Jitter SHM(0),0.1794,0.3369,0.5297,1.3837,3.1974, 5.0081,8.81,,2.6677,4.6712,0.8947,,1.5636,ms,4.677159585365799,19.835130181125574
Server Jitter SHM(1),0.013,0.055,0.081,0.229,1.804, 3.712,13.101,,1.723,3.657,0.7439,,0.4731,µs,3.85845902888739,35.79283405364395
Server Offset SHM(0),11.552,13.0099,13.6992,18.8777,24.1412, 25.0018,27.7252,,10.442,11.992,3.3395,,18.7175,ms,111.50260050053797,579.5944792270458
Server Offset SHM(1),-13.51,-2.257,-0.488,0.005,0.546, 1.956,7.575,,1.034,4.213,0.6147,,-0.0005,µs,-6.550441463839601,82.14319049800733
TDOP,0.71,0.72,0.78,1.24,19.49, 65.16,130.7,,18.71,64.44,13.254,,4.9712, ,3.640999639722572,31.51893251275793
Temp ZONE0,50.15,50.15,51.25,54.0,55.65, 56.2,56.75,,4.4,6.05,1.4001,,53.5659,°C,51832.660803899176,1935326.7217280816
nSats,9.0,9.0,10.0,13.0,15.0, 16.0,16.0,,5.0,7.0,1.5821,,12.9669,nSat,393.90453912727145,2985.645029752054
