Name,Min,1%,5%,50%,95%,99%,Max,,90% Range,98% Range,StdDev,,Mean,Units,Skewness,Kurtosis
Local Clock Frequency Offset,8.867,8.9913,9.0224,9.1797,9.2866, 9.3171,9.3954,,0.2642,0.3258,0.0881,,9.1661,ppm,1093662.4617788894,112700537.32257324
Local Clock Time Offset,-15.237,-2.25,-0.502,0.003,0.57, 1.967,9.258,,1.072,4.217,0.6182,,0.0,µs,-6.228640768530119,77.5717018208015
Local RMS Frequency Jitter,0.474,0.703,0.892,1.931,9.792, 18.574,47.365,,8.9,17.871,3.5872,,3.2392,ppb,3.3613727208833715,21.42863633434889
Local RMS Time Jitter,0.072,0.109,0.138,0.284,1.215, 2.055,6.728,,1.077,1.946,0.4161,,0.4296,µs,4.0507774754423105,30.357237602290574
Server Jitter SHM(0),0.2006,0.3592,0.5269,1.4379,3.2766, 4.7891,8.203,,2.7496,4.4299,0.8929,,1.6113,ms,4.684376462347419,18.47047383295347
Server Jitter SHM(1),0.017,0.051,0.075,0.228,1.809, 3.677,14.328,,1.734,3.626,0.7441,,0.4741,µs,3.829322314632949,35.70312279017244
Server Offset SHM(0),9.9934,12.0265,12.7232,18.7495,24.1464, 25.5732,27.4095,,11.4231,13.5467,3.6136,,18.4386,ms,81.3318103174392,385.86422572695693
Server Offset SHM(1),-15.238,-2.25,-0.503,0.004,0.571, 1.968,9.259,,1.074,4.218,0.6186,,0.0,µs,-6.2247224212830305,77.43040881617361
TDOP,0.68,0.7,0.76,1.28,6.03, 12.9,71.63,,5.27,12.2,5.1232,,2.2417, ,9.216041802209427,120.34823094165823
Temp ZONE0,50.15,50.15,50.7,52.9,55.1, 56.2,56.2,,4.4,6.05,1.4301,,53.0159,°C,47038.09693992306,1700586.4040716353
nSats,5.0,11.0,12.0,14.0,15.0, 15.0,16.0,,3.0,4.0,1.2533,,13.7438,nSat,1017.6433825144628,10389.935142897266
