Name,Min,1%,5%,50%,95%,99%,Max,,90% Range,98% Range,StdDev,,Mean,Units,Skewness,Kurtosis
Local Clock Frequency Offset,7.41,7.5688,7.6012,7.7704,7.9287, 7.9462,8.0088,,0.3274,0.3774,0.0995,,7.7707,ppm,457852.02793834155,35300373.839305
Local Clock Time Offset,-15.186,-2.212,-0.408,0.003,0.603, 1.728,6.685,,1.011,3.94,0.5981,,0.0001,µs,-7.355929812296754,99.33890710355786
Local RMS Frequency Jitter,0.342,0.607,0.805,1.738,9.11, 18.81,41.964,,8.305,18.203,3.5297,,3.067,ppb,3.244934074768058,19.85324603979944
Local RMS Time Jitter,0.052,0.088,0.126,0.278,1.25, 2.257,7.551,,1.124,2.169,0.4558,,0.4399,µs,3.982371235542239,31.823140577101004
Server Jitter SHM(0),0.2023,0.5037,0.7216,1.5948,3.5066, 4.8778,8.0596,,2.785,4.3741,0.9097,,1.7848,ms,5.38264490464429,19.83210506531489
Server Jitter SHM(1),0.009,0.05,0.08,0.218,1.682, 3.759,15.172,,1.602,3.709,0.7295,,0.4484,µs,4.100415098474565,40.06132100979573
Server Offset SHM(0),-26.2814,-22.1676,-17.0647,-7.8861,-1.4017, 0.8592,4.9477,,15.6631,23.0268,4.7384,,-8.3005,ms,-29.73889299493482,113.61565270073531
Server Offset SHM(1),-15.187,-2.213,-0.409,0.004,0.604, 1.729,6.686,,1.013,3.942,0.5985,,0.0001,µs,-7.349905683389618,99.1433307605625
Temp ZONE0,48.5,49.05,50.15,52.9,58.4, 59.5,61.15,,8.25,10.45,2.7418,,53.4477,°C,6381.457074685883,119082.07628190727
