Name,Min,1%,5%,50%,95%,99%,Max,,90% Range,98% Range,StdDev,,Mean,Units,Skewness,Kurtosis
Local Clock Frequency Offset,8.4175,8.6145,8.7543,8.8505,8.9189, 8.9522,9.0155,,0.1645,0.3377,0.0615,,8.8435,ppm,2911304.05077389,415743212.373346
Local Clock Time Offset,-21.414,-1.892,-0.532,0.007,0.601, 1.771,17.088,,1.133,3.663,0.627,,-0.0002,µs,-8.555163870154228,219.1811420012247
Local RMS Frequency Jitter,0.372,0.733,0.948,1.905,8.314, 18.342,87.565,,7.366,17.609,3.7383,,3.1705,ppb,5.559160714136978,67.97035534848536
Local RMS Time Jitter,0.067,0.116,0.152,0.292,1.006, 2.137,11.273,,0.854,2.021,0.448,,0.4227,µs,7.4361248331397976,106.37570658921373
Server Jitter SHM(0),0.2018,0.3311,0.5228,1.3897,3.329, 5.1964,7.9083,,2.8061,4.8653,0.9369,,1.5977,ms,4.255997745725301,16.230057056486423
Server Jitter SHM(1),0.019,0.063,0.095,0.255,1.652, 3.457,24.439,,1.557,3.394,0.7581,,0.4807,µs,7.148227264371706,129.09617502396824
Server Offset SHM(0),10.7039,12.7593,13.8502,18.8103,23.7406, 24.9248,27.2762,,9.8903,12.1655,3.205,,18.7046,ms,127.62004228203271,689.4541849413815
Server Offset SHM(1),-21.415,-1.893,-0.533,0.008,0.602, 1.772,17.089,,1.135,3.665,0.6274,,-0.0002,µs,-8.546498724529627,218.6796308567759
TDOP,0.65,0.66,0.71,1.14,15.04, 19.1,41.56,,14.33,18.44,4.7551,,3.2008, ,2.5616521988616885,17.82574934016416
Temp ZONE0,47.95,50.7,51.25,53.45,55.1, 55.1,55.65,,3.85,4.4,1.0336,,53.2781,°C,129300.82811793934,6543368.880730458
nSats,10.0,11.0,12.0,14.0,16.0, 16.0,16.0,,4.0,5.0,1.2708,,13.9,nSat,1010.8127838021126,10330.957863236683
