Name,Min,1%,5%,50%,95%,99%,Max,,90% Range,98% Range,StdDev,,Mean,Units,Skewness,Kurtosis
Local Clock Frequency Offset,8.2978,8.4188,8.4586,8.5665,8.6178, 8.6464,8.6858,,0.1592,0.2275,0.0411,,8.5608,ppm,8893173.067094536,1842591313.0425348
Local Clock Time Offset,-13.431,-2.22,-0.407,0.011,0.555, 1.542,5.647,,0.962,3.762,0.5503,,0.0003,µs,-6.858392005631921,69.07176755896498
Local RMS Frequency Jitter,0.313,0.558,0.748,1.549,8.379, 17.776,37.186,,7.631,17.218,3.2183,,2.8562,ppb,2.7955407011165994,14.636191432027552
Local RMS Time Jitter,0.05,0.086,0.118,0.249,1.154, 2.137,5.556,,1.036,2.051,0.4012,,0.4031,µs,3.1056231186409478,17.181112846798797
Server Jitter SHM(0),0.1479,0.3738,0.5838,1.5179,3.749, 5.7867,7.4439,,3.1652,5.4129,1.0405,,1.7632,ms,4.190269463202077,15.452336926299191
Server Jitter SHM(1),0.012,0.047,0.072,0.195,1.672, 3.49,13.498,,1.6,3.443,0.6692,,0.4196,µs,3.254932398554263,25.690638279382554
Server Offset SHM(0),10.6872,12.7682,14.2117,18.9686,23.6659, 24.6999,26.9106,,9.4542,11.9317,3.0945,,18.7948,ms,145.8061388358654,818.7301754289645
Server Offset SHM(1),-13.432,-2.221,-0.408,0.012,0.556, 1.543,5.648,,0.964,3.764,0.5508,,0.0003,µs,-6.852812759711626,68.93812447183326
TDOP,0.65,0.67,0.74,1.41,21.99, 42.16,50.13,,21.25,41.49,7.1731,,3.6645, ,2.4365633790651926,13.934374744727176
Temp ZONE0,51.8,52.35,53.45,58.4,60.05, 60.6,61.15,,6.6,8.25,1.7698,,57.6919,°C,31639.42942514668,1002580.1897341374
nSats,5.0,5.0,5.0,13.0,15.0, 15.0,16.0,,10.0,10.0,3.3735,,11.55,nSat,20.419990783528085,61.93713691063901
