Name,Min,1%,5%,50%,95%,99%,Max,,90% Range,98% Range,StdDev,,Mean,Units,Skewness,Kurtosis
Local Clock Frequency Offset,8.6033,8.719,8.754,8.8321,8.8837, 8.9262,8.9765,,0.1296,0.2072,0.0401,,8.8276,ppm,10488608.640527174,2296017844.6658645
Local Clock Time Offset,-22.056,-1.921,-0.551,0.01,0.594, 1.75,12.968,,1.145,3.671,0.6016,,0.0001,µs,-6.9496668606027665,143.8300316669101
Local RMS Frequency Jitter,0.525,0.809,1.01,1.946,8.26, 18.3,69.726,,7.25,17.491,3.4771,,3.1673,ppb,4.741787034559942,47.20985561640998
Local RMS Time Jitter,0.08,0.128,0.162,0.3,1.021, 2.089,10.015,,0.859,1.961,0.4033,,0.4256,µs,6.307028793625415,79.86028394744241
Server Jitter SHM(0),0.1895,0.3573,0.5811,1.4353,3.2993, 5.2856,7.686,,2.7182,4.9283,0.9236,,1.6397,ms,4.72726986469945,18.935876763825835
Server Jitter SHM(1),0.025,0.07,0.104,0.271,1.64, 3.434,20.734,,1.536,3.364,0.7098,,0.4888,µs,5.87189770525351,88.21524162167486
Server Offset SHM(0),11.5901,12.8885,14.0542,19.1252,23.7601, 24.8254,27.8091,,9.7059,11.9368,3.1483,,18.787,ms,137.466918033234,758.7996074471913
Server Offset SHM(1),-22.057,-1.922,-0.552,0.011,0.595, 1.751,12.969,,1.147,3.673,0.602,,0.0001,µs,-6.943440565092918,143.48005897951103
TDOP,0.62,0.65,0.71,1.03,6.84, 14.6,21.4,,6.13,13.95,2.8386,,1.8954, ,3.346247613273154,19.01693279840395
Temp ZONE0,51.25,51.8,51.8,53.45,55.1, 55.65,56.2,,3.3,3.85,0.9012,,53.5207,°C,199247.3533725452,11644253.273281753
nSats,10.0,11.0,11.0,14.0,15.0, 16.0,16.0,,4.0,5.0,1.2647,,13.444,nSat,921.6840638349769,9149.67353250568
