Name,Min,1%,5%,50%,95%,99%,Max,,90% Range,98% Range,StdDev,,Mean,Units,Skewness,Kurtosis
Local Clock Frequency Offset,9.0028,9.1303,9.161,9.2007,9.2332, 9.2567,9.289,,0.0722,0.1264,0.0224,,9.2,ppm,68596342.08464485,28080604106.28204
Local Clock Time Offset,-18.258,-2.116,-0.496,0.009,0.526, 1.72,6.907,,1.022,3.836,0.5768,,0.0001,µs,-6.669107004594238,88.95958728105596
Local RMS Frequency Jitter,0.346,0.69,0.872,1.876,8.26, 18.528,51.112,,7.388,17.838,3.3275,,3.0433,ppb,3.4926315567826722,22.050395405572846
Local RMS Time Jitter,0.06,0.109,0.141,0.291,1.094, 2.073,7.715,,0.953,1.964,0.3906,,0.4219,µs,4.190898671717195,32.75272426417657
Server Jitter SHM(0),0.1153,0.3426,0.5138,1.3151,3.3779, 5.3265,8.3135,,2.8642,4.9839,0.9554,,1.5379,ms,4.219419647473152,17.52709866820722
Server Jitter SHM(1),0.016,0.051,0.08,0.235,1.634, 3.639,17.781,,1.554,3.588,0.6939,,0.4572,µs,4.058349028827205,39.407800384338415
Server Offset SHM(0),7.8889,12.1617,13.4242,18.6628,23.4483, 24.6489,28.2867,,10.024,12.4872,3.2423,,18.3593,ms,115.3479567924403,605.0109827860034
Server Offset SHM(1),-18.259,-2.117,-0.497,0.01,0.527, 1.721,6.908,,1.024,3.838,0.5772,,0.0001,µs,-6.663718525151921,88.76861954945193
TDOP,0.63,0.67,0.79,1.38,5.43, 15.38,106.83,,4.64,14.71,7.193,,2.4995, ,10.717615341396183,154.07942288168175
Temp ZONE0,54.0,54.55,55.1,56.75,58.95, 60.6,61.15,,3.85,6.05,1.1568,,56.7683,°C,111241.33497451337,5354735.467867912
nSats,9.0,10.0,11.0,14.0,16.0, 16.0,16.0,,5.0,6.0,1.3654,,13.6375,nSat,752.5711270969109,6998.85730525503
