Name,Min,1%,5%,50%,95%,99%,Max,,90% Range,98% Range,StdDev,,Mean,Units,Skewness,Kurtosis
Local Clock Frequency Offset,7.1157,7.1984,7.2422,7.3759,7.5959, 7.6777,7.7615,,0.3536,0.4794,0.1004,,7.39,ppm,383271.5948822912,27851093.719006263
Local Clock Time Offset,-17.296,-2.147,-0.425,0.003,0.573, 1.707,7.825,,0.998,3.854,0.589,,0.0003,µs,-7.140420790435184,101.22455581318997
Local RMS Frequency Jitter,0.315,0.603,0.799,1.801,8.885, 19.104,61.84,,8.086,18.501,3.546,,3.054,ppb,3.6616096374515585,26.567771888794937
Local RMS Time Jitter,0.039,0.094,0.125,0.28,1.208, 2.175,9.019,,1.083,2.081,0.4315,,0.4297,µs,4.123254200906235,35.30059226118483
Server Jitter SHM(0),0.4311,0.7831,1.1903,3.3927,10.8652, 16.9541,70.6249,,9.6749,16.171,3.859,,4.4634,ms,5.231493183497895,55.01257886300632
Server Jitter SHM(1),0.0,0.052,0.079,0.223,1.612, 3.598,17.248,,1.533,3.546,0.7088,,0.4443,µs,4.330809209742452,44.23056481716234
Server Offset SHM(0),-50.5065,-38.5152,-27.7986,1.8862,14.04, 51.7776,61.2309,,41.8385,90.2928,15.7837,,-3.5443,ms,-5.338027071733755,14.626905085369701
Server Offset SHM(1),-17.297,-2.148,-0.426,0.004,0.574, 1.708,7.826,,1.0,3.856,0.5894,,0.0004,µs,-7.134512119502459,101.01607280665228
Temp ZONE0,47.95,47.95,48.5,50.15,54.0, 55.65,58.95,,5.5,7.7,1.6515,,50.7114,°C,26305.92434505349,784220.623657979
