Name,Min,1%,5%,50%,95%,99%,Max,,90% Range,98% Range,StdDev,,Mean,Units,Skewness,Kurtosis
Local Clock Frequency Offset,8.8175,8.9513,9.0073,9.1737,9.2377, 9.3006,9.3143,,0.2304,0.3493,0.0653,,9.1615,ppm,2708217.570900682,377533586.12744856
Local Clock Time Offset,-41.734,-2.287,-0.557,0.015,0.591, 1.918,19.302,,1.148,4.205,0.6737,,-0.0005,µs,-10.57864897271839,454.6365696625052
Local RMS Frequency Jitter,0.521,0.854,1.101,2.176,9.767, 18.847,117.506,,8.666,17.993,3.9634,,3.4681,ppb,7.103221637038924,128.0842014726426
Local RMS Time Jitter,0.083,0.134,0.174,0.328,1.215, 2.198,19.786,,1.041,2.064,0.5037,,0.472,µs,11.004320593964957,279.0779464585288
Server Jitter SHM(0),0.1105,0.3435,0.5484,1.438,3.473, 5.1951,8.4534,,2.9246,4.8516,0.9516,,1.6482,ms,4.401835020992044,16.99710081968481
Server Jitter SHM(1),0.016,0.072,0.11,0.292,1.823, 3.654,40.457,,1.713,3.582,0.8166,,0.5304,µs,9.010229841705367,254.20284428331385
Server Offset SHM(0),9.347,12.351,13.8029,19.3217,24.5696, 26.0289,28.6885,,10.7667,13.6778,3.2909,,19.3018,ms,129.69401442358802,703.425145981221
Server Offset SHM(1),-41.735,-2.288,-0.558,0.016,0.592, 1.919,19.303,,1.15,4.207,0.6741,,-0.0004,µs,-10.566797682494405,453.5966664313927
TDOP,0.63,0.65,0.7,1.07,7.54, 29.5,47.25,,6.84,28.85,4.8625,,2.4222, ,4.37642739600283,35.71170327622455
Temp ZONE0,50.15,50.7,51.8,55.1,58.95, 60.05,61.15,,7.15,9.35,2.2704,,55.4172,°C,12896.861376623276,303548.14087904425
nSats,10.0,11.0,12.0,14.0,16.0, 16.0,16.0,,4.0,5.0,1.2189,,13.7593,nSat,1119.700629566397,11832.518511380082
