Name,Min,1%,5%,50%,95%,99%,Max,,90% Range,98% Range,StdDev,,Mean,Units,Skewness,Kurtosis
Local Clock Frequency Offset,7.7903,7.8923,7.9405,8.235,8.3557, 8.4112,8.4451,,0.4152,0.5189,0.1137,,8.2162,ppm,362290.7047277795,25837086.492934506
Local Clock Time Offset,-22.671,-2.177,-0.482,0.006,0.547, 1.781,10.626,,1.029,3.958,0.5968,,-0.0014,µs,-7.979270674251244,166.35396633945905
Local RMS Frequency Jitter,0.43,0.684,0.866,1.857,8.807, 17.101,63.178,,7.941,16.417,3.488,,3.0994,ppb,4.474954272042507,43.83123952534245
Local RMS Time Jitter,0.061,0.108,0.135,0.275,1.063, 1.992,10.108,,0.928,1.884,0.4254,,0.4135,µs,6.121831108080997,78.36312754269204
Server Jitter SHM(0),0.205,0.3813,0.577,1.4339,3.5297, 5.5682,7.9664,,2.9527,5.1869,0.9888,,1.671,ms,4.381447153748824,17.310428702220296
Server Jitter SHM(1),0.015,0.049,0.076,0.229,1.704, 3.36,22.221,,1.628,3.311,0.7218,,0.4593,µs,5.42296614943301,82.2159387947177
Server Offset SHM(0),9.6137,11.1171,12.2746,17.2551,22.23, 23.7253,24.8911,,9.9554,12.6082,3.169,,17.323,ms,102.50848926140125,519.9042598976883
Server Offset SHM(1),-22.672,-2.178,-0.483,0.007,0.548, 1.782,10.627,,1.031,3.96,0.5972,,-0.0013,µs,-7.971668515551914,165.9774162929065
TDOP,0.63,0.64,0.72,1.04,10.39, 18.54,50.74,,9.67,17.9,4.6986,,2.7077, ,4.231752439202604,40.66338412105824
Temp ZONE0,47.95,48.5,49.6,52.9,55.65, 56.2,57.3,,6.05,7.7,1.6879,,52.735,°C,27751.170282563733,841991.6576670561
nSats,10.0,11.0,12.0,14.0,16.0, 16.0,16.0,,4.0,5.0,1.137,,14.125,nSat,1524.2079635093944,17781.68128492999
