Name,Min,1%,5%,50%,95%,99%,Max,,90% Range,98% Range,StdDev,,Mean,Units,Skewness,Kurtosis
Local Clock Frequency Offset,8.125,8.2101,8.3434,8.5209,8.6047, 8.6318,8.6729,,0.2613,0.4217,0.0939,,8.4898,ppm,714031.5146153525,63835731.0905299
Local Clock Time Offset,-13.49,-2.172,-0.367,0.001,0.556, 1.732,7.802,,0.923,3.904,0.5834,,0.0001,µs,-6.593363667866619,78.35197198266167
Local RMS Frequency Jitter,0.261,0.486,0.636,1.406,8.683, 19.132,37.273,,8.047,18.646,3.5599,,2.8503,ppb,2.721338891227702,14.952324435649018
Local RMS Time Jitter,0.046,0.076,0.102,0.226,1.2, 2.282,5.652,,1.098,2.206,0.4403,,0.3967,µs,3.108748362766093,18.861460340840335
Server Jitter SHM(0),0.1416,0.3954,0.6234,1.487,3.4749, 5.3613,7.9174,,2.8515,4.9658,0.9457,,1.6987,ms,4.789664606376844,18.90029167514949
Server Jitter SHM(1),0.01,0.039,0.06,0.169,1.737, 3.859,13.49,,1.677,3.82,0.7233,,0.4084,µs,3.3280845301298094,28.362367001820168
Server Offset SHM(0),10.2564,12.6809,13.8152,19.1732,23.7703, 25.0642,27.4796,,9.9551,12.3833,3.2367,,18.7457,ms,124.34154928347793,666.033920874193
Server Offset SHM(1),-13.491,-2.173,-0.368,0.002,0.557, 1.733,7.803,,0.925,3.906,0.5837,,0.0001,µs,-6.589082956915531,78.21820185527797
TDOP,0.63,0.67,0.72,1.27,5.64, 16.78,60.42,,4.92,16.11,4.4819,,2.3284, ,8.268813387064274,102.96157282835847
Temp ZONE0,49.6,50.15,51.25,53.45,56.2, 56.75,57.3,,4.95,6.6,1.6785,,53.539,°C,29585.107968580294,916918.561322457
nSats,5.0,5.0,5.0,13.0,16.0, 16.0,16.0,,11.0,11.0,3.0512,,12.5519,nSat,38.188045246291196,139.2889599511743
