Name,Min,1%,5%,50%,95%,99%,Max,,90% Range,98% Range,StdDev,,Mean,Units,Skewness,Kurtosis
Local Clock Frequency Offset,7.7644,7.8754,7.8991,8.0034,8.0965, 8.1147,8.1749,,0.1974,0.2393,0.0613,,8.0062,ppm,2179380.2922309535,282593557.78351635
Local Clock Time Offset,-11.676,-2.179,-0.394,0.001,0.47, 1.775,7.005,,0.864,3.954,0.543,,0.0001,µs,-6.154218211156959,73.1328711928419
Local RMS Frequency Jitter,0.249,0.486,0.639,1.546,8.612, 16.611,35.769,,7.973,16.125,3.217,,2.7694,ppb,2.9040033350088224,16.789128091355682
Local RMS Time Jitter,0.039,0.077,0.101,0.236,1.045, 1.898,5.324,,0.944,1.821,0.3792,,0.3717,µs,3.5933194921422844,25.016670074621924
Server Jitter SHM(0),0.2253,0.3692,0.5431,1.5129,7.1838, 11.7842,17.3519,,6.6407,11.415,2.3838,,2.4845,ms,2.264324164258142,8.561959829598734
Server Jitter SHM(1),0.011,0.035,0.054,0.17,1.637, 3.274,11.385,,1.583,3.239,0.6657,,0.4001,µs,3.3600469582920613,29.36963025252708
Server Offset SHM(0),2.858,6.1502,12.4049,18.2608,23.4265, 24.4012,26.5893,,11.0215,18.251,3.6979,,18.2256,ms,71.7641081748556,324.25893734559907
Server Offset SHM(1),-11.677,-2.18,-0.395,0.002,0.471, 1.776,7.006,,0.866,3.956,0.5434,,0.0002,µs,-6.150291294595717,72.9960125968725
TDOP,0.73,0.78,0.82,1.12,6.64, 10.66,28.98,,5.82,9.88,2.8583,,1.9559, ,6.007247002504993,53.7633389476279
Temp ZONE0,50.7,50.7,51.8,53.45,55.65, 55.65,56.75,,3.85,4.95,1.2166,,53.615,°C,80012.70369216807,3451524.5288449186
nSats,10.0,10.0,11.0,13.0,15.0, 15.0,15.0,,4.0,5.0,1.1573,,13.2375,nSat,1167.7924695465042,12496.731146751503
