Name,Min,1%,5%,50%,95%,99%,Max,,90% Range,98% Range,StdDev,,Mean,Units,Skewness,Kurtosis
Local Clock Frequency Offset,7.515,7.6303,7.6588,7.7817,7.8927, 7.9112,8.007,,0.2339,0.2809,0.073,,7.7771,ppm,1175690.1448535868,124108551.90983544
Local Clock Time Offset,-15.047,-2.254,-0.408,0.004,0.582, 1.638,6.912,,0.99,3.892,0.5754,,-0.0007,µs,-7.125518344810909,89.34361605373584
Local RMS Frequency Jitter,0.35,0.588,0.769,1.727,8.869, 17.642,41.61,,8.1,17.054,3.3565,,2.9956,ppb,3.121592558802179,18.829798879564507
Local RMS Time Jitter,0.059,0.093,0.122,0.271,1.227, 2.068,6.246,,1.105,1.975,0.4163,,0.4261,µs,3.3934588986187864,22.283848181288427
Server Jitter SHM(0),0.1889,0.4159,0.6174,1.5001,3.5385, 5.0628,9.238,,2.9211,4.6469,0.9312,,1.7102,ms,4.6968359632664995,17.187916712534413
Server Jitter SHM(1),0.017,0.047,0.075,0.212,1.676, 3.467,14.97,,1.601,3.42,0.6963,,0.438,µs,3.8240105515400344,36.34541267949283
Server Offset SHM(0),-25.5455,-22.1365,-19.3329,-11.6757,4.184, 7.1881,11.151,,23.5169,29.3246,6.8468,,-10.1105,ms,-21.906766838702996,70.32647873132737
Server Offset SHM(1),-15.048,-2.255,-0.409,0.005,0.583, 1.639,6.913,,0.992,3.894,0.5758,,-0.0006,µs,-7.119645214193217,89.16222693344811
Temp ZONE0,50.15,50.7,51.25,54.0,58.4, 61.15,62.8,,7.15,10.45,2.2237,,54.3045,°C,12918.47142682235,304264.5457784488
