Name,Min,1%,5%,50%,95%,99%,Max,,90% Range,98% Range,StdDev,,Mean,Units,Skewness,Kurtosis
Local Clock Frequency Offset,8.3362,8.491,8.524,8.5503,8.5795, 8.5834,8.6169,,0.0556,0.0925,0.0204,,8.5496,ppm,72969365.81622837,30492454261.529636
Local Clock Time Offset,-14.932,-2.22,-0.407,0.01,0.57, 1.557,7.547,,0.977,3.777,0.5921,,-0.0002,µs,-7.998862494565028,105.72530417754199
Local RMS Frequency Jitter,0.306,0.58,0.749,1.557,8.505, 19.178,41.245,,7.756,18.598,3.5621,,2.9555,ppb,3.1613993563612457,19.385746425155055
Local RMS Time Jitter,0.047,0.088,0.119,0.247,1.184, 2.469,6.202,,1.065,2.381,0.4587,,0.4169,µs,3.583109713600702,23.753768152127005
Server Jitter SHM(0),0.2002,0.4022,0.6113,1.4989,3.9018, 5.6405,8.4665,,3.2905,5.2383,1.0459,,1.7594,ms,4.176563951999791,15.36173615265564
Server Jitter SHM(1),0.016,0.045,0.07,0.192,1.693, 3.855,14.914,,1.623,3.81,0.7367,,0.431,µs,3.9604831337074686,38.57559240896512
Server Offset SHM(0),11.179,12.2298,13.1414,18.3847,23.9915, 25.2609,26.943,,10.8501,13.0311,3.3694,,18.5009,ms,104.10958512860061,531.0868601041417
Server Offset SHM(1),-14.933,-2.221,-0.408,0.011,0.571, 1.558,7.548,,0.979,3.779,0.5925,,-0.0001,µs,-7.991853050906296,105.52243075045286
TDOP,0.65,0.68,0.72,1.12,8.63, 31.65,65.91,,7.91,30.97,6.2505,,2.7773, ,4.821603501409839,43.233654877481676
Temp ZONE0,54.55,55.65,56.75,57.85,60.05, 60.6,67.2,,3.3,4.95,1.1994,,58.1823,°C,107371.83387710019,5108059.004488738
nSats,5.0,5.0,5.0,13.0,15.0, 16.0,16.0,,10.0,11.0,2.9396,,11.9833,nSat,37.11904543369032,134.96857344342385
