Name,Min,1%,5%,50%,95%,99%,Max,,90% Range,98% Range,StdDev,,Mean,Units,Skewness,Kurtosis
Local Clock Frequency Offset,8.4308,8.5211,8.5571,8.6949,8.7507, 8.7907,8.8578,,0.1936,0.2696,0.059,,8.6806,ppm,3121806.2144668982,456297689.9746475
Local Clock Time Offset,-10.342,-1.92,-0.507,0.004,0.592, 1.758,8.376,,1.099,3.678,0.5682,,-0.0001,µs,-5.542470109992219,60.61275873841236
Local RMS Frequency Jitter,0.305,0.651,0.847,1.802,8.084, 18.032,38.962,,7.237,17.381,3.2564,,3.0218,ppb,3.2965695667789365,19.056309235015494
Local RMS Time Jitter,0.053,0.103,0.136,0.273,1.0, 2.049,5.897,,0.864,1.946,0.3766,,0.4002,µs,4.302388245054151,31.478182325271007
Server Jitter SHM(0),0.1657,0.3555,0.5458,1.4032,3.5309, 5.2578,8.2759,,2.9851,4.9022,0.9822,,1.6282,ms,4.211771427871708,16.602071108455938
Server Jitter SHM(1),0.014,0.056,0.084,0.234,1.639, 3.394,11.724,,1.555,3.338,0.6692,,0.4583,µs,3.808691797359302,33.03837913124107
Server Offset SHM(0),8.197,11.1538,13.0279,18.174,23.4707, 24.7765,27.2452,,10.4429,13.6226,3.3814,,18.0623,ms,94.87059708817822,470.7307719056501
Server Offset SHM(1),-10.343,-1.921,-0.508,0.005,0.593, 1.759,8.377,,1.101,3.68,0.5687,,-0.0,µs,-5.539259313416944,60.48995034818622
TDOP,0.63,0.67,0.74,1.76,13.28, 41.06,84.63,,12.54,40.39,8.1009,,3.8097, ,4.85880371580422,44.07693841979061
Temp ZONE0,50.15,51.25,51.8,53.45,55.1, 56.2,58.4,,3.3,4.95,1.1157,,53.6098,°C,104305.54304519149,4914383.901835455
nSats,10.0,10.0,11.0,14.0,16.0, 16.0,16.0,,5.0,6.0,1.4085,,13.5228,nSat,661.8943974286713,5913.688648048009
