Name,Min,1%,5%,50%,95%,99%,Max,,90% Range,98% Range,StdDev,,Mean,Units,Skewness,Kurtosis
Local Clock Frequency Offset,8.7685,8.9077,8.9383,9.0651,9.1414, 9.1583,9.2081,,0.2032,0.2506,0.0565,,9.0583,ppm,4037025.59851732,642859470.421512
Local Clock Time Offset,-17.102,-2.042,-0.521,0.011,0.571, 1.808,8.829,,1.092,3.85,0.5996,,-0.0002,µs,-6.862015844503603,100.28718991852962
Local RMS Frequency Jitter,0.472,0.753,0.964,1.938,8.541, 18.679,50.276,,7.577,17.926,3.4644,,3.1579,ppb,3.840082635154946,26.89205828822886
Local RMS Time Jitter,0.076,0.12,0.155,0.303,1.089, 2.184,7.633,,0.934,2.064,0.4144,,0.4361,µs,4.883579195524257,42.09051483673176
Server Jitter SHM(0),0.1753,0.3184,0.5168,1.4626,3.3162, 4.9551,9.5447,,2.7994,4.6367,0.931,,1.6331,ms,4.542753394604439,18.75593724675863
Server Jitter SHM(1),0.017,0.064,0.097,0.261,1.617, 3.644,16.317,,1.52,3.58,0.714,,0.4826,µs,4.683251884957698,49.71250478925446
Server Offset SHM(0),10.8842,12.646,13.6942,18.0158,23.4873, 24.6924,26.4948,,9.7931,12.0464,3.06,,18.1801,ms,135.64939292204954,748.363860846011
Server Offset SHM(1),-17.103,-2.043,-0.522,0.012,0.572, 1.809,8.83,,1.094,3.852,0.6,,-0.0002,µs,-6.856233404305171,100.06739695435472
TDOP,0.69,0.72,0.75,1.04,14.07, 25.97,93.05,,13.32,25.25,7.3341,,3.2947, ,6.424117539390716,78.76483358084843
Temp ZONE0,52.35,52.35,52.9,55.1,57.3, 58.4,58.95,,4.4,6.05,1.3255,,55.194,°C,67240.09302309273,2737559.501017568
nSats,8.0,9.0,11.0,13.0,15.0, 15.0,15.0,,4.0,6.0,1.375,,13.1333,nSat,650.3789608024581,5767.790101938405
