Name,Min,1%,5%,50%,95%,99%,Max,,90% Range,98% Range,StdDev,,Mean,Units,Skewness,Kurtosis
Local Clock Frequency Offset,7.1936,7.3303,7.5153,7.6779,7.8, 7.8603,7.9545,,0.2847,0.5301,0.0973,,7.6656,ppm,470369.4937980472,36592604.283270374
Local Clock Time Offset,-14.042,-2.292,-0.413,0.002,0.64, 1.71,7.034,,1.053,4.002,0.6019,,-0.0006,µs,-7.623990878223981,97.74187289386353
Local RMS Frequency Jitter,0.291,0.54,0.752,1.77,9.099, 18.415,41.762,,8.347,17.875,3.5436,,3.096,ppb,3.2402789255315274,20.243109755661838
Local RMS Time Jitter,0.049,0.086,0.12,0.285,1.268, 2.164,5.845,,1.148,2.078,0.4403,,0.4429,µs,3.448044548345581,22.17503573590214
Server Jitter SHM(0),0.1501,0.4262,0.6237,1.4599,3.4408, 4.9305,8.3355,,2.8172,4.5042,0.9152,,1.6777,ms,4.765656629579313,18.04114832980929
Server Jitter SHM(1),0.01,0.047,0.074,0.214,1.697, 3.594,14.025,,1.623,3.547,0.7301,,0.4487,µs,4.075305001098679,39.70770302086479
Server Offset SHM(0),-23.2558,-20.5924,-18.2069,-10.0478,-0.8522, 5.8465,8.9416,,17.3546,26.439,5.2806,,-9.9537,ms,-32.23814829834709,117.67247522982849
Server Offset SHM(1),-14.043,-2.293,-0.414,0.003,0.641, 1.711,7.035,,1.055,4.004,0.6023,,-0.0005,µs,-7.617566083836123,97.55160845634182
Temp ZONE0,48.5,48.5,49.6,51.8,54.0, 56.75,56.75,,4.4,8.25,1.5182,,51.8091,°C,36448.26805052171,1210711.2580127444
