Name,Min,1%,5%,50%,95%,99%,Max,,90% Range,98% Range,StdDev,,Mean,Units,Skewness,Kurtosis
Local Clock Frequency Offset,7.0825,7.1773,7.2393,7.4509,7.5546, 7.6082,7.6698,,0.3152,0.4308,0.0891,,7.4374,ppm,561779.1182252973,46367412.41584622
Local Clock Time Offset,-17.483,-2.136,-0.384,0.001,0.521, 1.767,7.864,,0.905,3.903,0.6012,,-0.0008,µs,-7.732815473226606,121.88330919119988
Local RMS Frequency Jitter,0.326,0.582,0.75,1.65,8.847, 19.197,48.334,,8.097,18.615,3.6413,,2.9723,ppb,3.4449374940137547,23.339201161318442
Local RMS Time Jitter,0.055,0.092,0.122,0.258,1.229, 2.254,9.152,,1.107,2.162,0.463,,0.4225,µs,4.393632538349924,41.87904955170213
Server Jitter SHM(0),0.4217,0.8874,1.2641,3.3107,9.4172, 16.9608,24.9353,,8.1531,16.0734,2.9863,,4.143,ms,3.4993106389457105,15.34975004261217
Server Jitter SHM(1),0.014,0.049,0.075,0.2,1.642, 3.693,17.42,,1.567,3.644,0.7444,,0.4292,µs,4.512613426458895,50.06341136567139
Server Offset SHM(0),-20.4408,-9.3316,-1.7695,9.4619,20.3335, 24.4458,31.5452,,22.103,33.7774,6.8848,,9.4091,ms,0.8953648261909382,3.834310478506992
Server Offset SHM(1),-17.484,-2.137,-0.385,0.002,0.522, 1.768,7.865,,0.907,3.905,0.6016,,-0.0008,µs,-7.726465500702319,121.64959870056299
Temp ZONE0,47.4,47.95,49.05,51.8,54.0, 56.75,57.85,,4.95,8.8,1.5497,,51.7156,°C,34019.1774817564,1104403.1706529972
