Name,Min,1%,5%,50%,95%,99%,Max,,90% Range,98% Range,StdDev,,Mean,Units,Skewness,Kurtosis
Local Clock Frequency Offset,8.705,8.8701,8.9127,9.0309,9.1034, 9.12,9.1581,,0.1907,0.25,0.0579,,9.0221,ppm,3715947.58003514,575610596.536168
Local Clock Time Offset,-28.019,-2.099,-0.502,0.011,0.536, 1.776,12.419,,1.038,3.875,0.6054,,0.0002,µs,-8.238582961247708,199.19596434836507
Local RMS Frequency Jitter,0.395,0.718,0.921,1.9,8.472, 18.688,77.407,,7.551,17.97,3.5564,,3.1234,ppb,4.651611813670573,49.15337542147168
Local RMS Time Jitter,0.043,0.114,0.149,0.295,1.092, 2.15,14.26,,0.943,2.036,0.4527,,0.4312,µs,7.818243263933213,137.8905664449823
Server Jitter SHM(0),0.2173,0.3818,0.5528,1.4398,3.2895, 5.1019,7.7487,,2.7366,4.7201,0.922,,1.6262,ms,4.596778410873393,18.371622103654992
Server Jitter SHM(1),0.018,0.057,0.09,0.25,1.625, 3.678,28.042,,1.535,3.621,0.7312,,0.4722,µs,5.895412247400553,102.3680716242499
Server Offset SHM(0),12.213,13.7102,14.4263,19.4698,24.2365, 25.664,26.7547,,9.8103,11.9538,3.1675,,19.1405,ms,143.43999250566847,802.6732014799712
Server Offset SHM(1),-28.02,-2.1,-0.503,0.012,0.537, 1.777,12.42,,1.04,3.877,0.6059,,0.0002,µs,-8.230185379776742,198.72269164095508
TDOP,0.64,0.67,0.71,1.05,11.84, 21.86,58.89,,11.13,21.19,5.2507,,2.7256, ,4.79960269780321,47.82400500667605
Temp ZONE0,52.35,52.35,52.9,56.2,58.95, 60.6,62.25,,6.05,8.25,1.8604,,56.0579,°C,24811.66870347652,725384.0645789695
nSats,8.0,10.0,11.0,13.0,16.0, 16.0,16.0,,5.0,6.0,1.3376,,13.3958,nSat,759.5175549748132,7090.038208965558
