Name,Min,1%,5%,50%,95%,99%,Max,,90% Range,98% Range,StdDev,,Mean,Units,Skewness,Kurtosis
Local Clock Frequency Offset,7.5681,7.6682,7.7188,7.7788,7.8618, 7.9103,7.9961,,0.1431,0.2422,0.0463,,7.7839,ppm,4655469.7614324,777408398.8731724
Local Clock Time Offset,-14.416,-2.233,-0.406,0.005,0.552, 1.671,8.017,,0.958,3.904,0.5924,,-0.0001,µs,-7.3930223001984885,95.52103213323244
Local RMS Frequency Jitter,0.307,0.565,0.762,1.748,8.972, 18.623,44.404,,8.21,18.058,3.5015,,3.0308,ppb,3.2825680954606185,20.5328097376885
Local RMS Time Jitter,0.047,0.087,0.119,0.281,1.263, 2.197,7.09,,1.144,2.11,0.4407,,0.4368,µs,3.603790358213264,25.05685722235476
Server Jitter SHM(0),0.2731,0.4426,0.6627,1.573,3.517, 4.9419,8.0707,,2.8543,4.4992,0.9082,,1.7641,ms,5.19405903893182,18.653087692680494
Server Jitter SHM(1),0.016,0.048,0.074,0.215,1.663, 3.656,14.405,,1.589,3.608,0.725,,0.4426,µs,4.094158786572079,39.127500296756544
Server Offset SHM(0),-20.6561,-18.6042,-16.3994,-9.4879,-1.0218, 2.9614,6.8928,,15.3776,21.5657,4.7908,,-9.2409,ms,-33.5650478113953,123.78218333336213
Server Offset SHM(1),-14.417,-2.234,-0.407,0.006,0.553, 1.672,8.018,,0.96,3.906,0.5928,,-0.0001,µs,-7.386987163954014,95.33765466518157
Temp ZONE0,50.7,51.25,51.8,53.45,56.2, 58.4,58.95,,4.4,7.15,1.3823,,53.7946,°C,54620.98513876429,2075393.7941983459
