Name,Min,1%,5%,50%,95%,99%,Max,,90% Range,98% Range,StdDev,,Mean,Units,Skewness,Kurtosis
Local Clock Frequency Offset,7.3371,7.5055,7.568,7.712,7.7972, 7.8584,7.9504,,0.2292,0.3529,0.0723,,7.7038,ppm,1176467.8994583501,124217891.60027018
Local Clock Time Offset,-18.655,-2.323,-0.409,0.003,0.619, 1.682,6.602,,1.028,4.005,0.5995,,-0.0002,µs,-7.79892448476127,111.44330152233829
Local RMS Frequency Jitter,0.315,0.581,0.764,1.742,9.019, 18.737,51.541,,8.255,18.156,3.5274,,3.0864,ppb,3.228661759240852,20.66967324206949
Local RMS Time Jitter,0.048,0.089,0.123,0.279,1.251, 2.191,8.176,,1.128,2.102,0.4458,,0.44,µs,3.8394540594872875,30.490627414224434
Server Jitter SHM(0),0.1002,0.4259,0.6795,1.6522,3.9691, 5.3918,8.2474,,3.2896,4.9659,1.042,,1.9058,ms,4.492913513127502,15.211170579724092
Server Jitter SHM(1),0.017,0.048,0.076,0.214,1.713, 3.62,18.698,,1.637,3.572,0.7314,,0.4482,µs,4.155149462895291,44.2375083056365
Server Offset SHM(0),-28.2102,-23.2103,-20.4818,-11.7303,-3.7456, -1.5199,5.3432,,16.7362,21.6904,5.2247,,-11.972,ms,-45.59352615721776,185.54092860166503
Server Offset SHM(1),-18.656,-2.324,-0.41,0.004,0.62, 1.683,6.603,,1.03,4.007,0.5999,,-0.0002,µs,-7.792107532407738,111.2186936631743
Temp ZONE0,49.05,50.15,50.7,52.9,55.1, 55.65,56.2,,4.4,5.5,1.3637,,52.8452,°C,53914.30747754203,2039605.671332949
