Name,Min,1%,5%,50%,95%,99%,Max,,90% Range,98% Range,StdDev,,Mean,Units,Skewness,Kurtosis
Local Clock Frequency Offset,8.3454,8.4045,8.5078,8.7469,8.8319, 8.8524,8.902,,0.3241,0.4479,0.1038,,8.7111,ppm,570742.4096303681,47356294.68014774
Local Clock Time Offset,-13.715,-1.928,-0.519,0.007,0.605, 1.736,11.034,,1.124,3.664,0.5837,,0.0,µs,-5.7190748972176335,73.13944978764025
Local RMS Frequency Jitter,0.396,0.752,0.959,1.897,8.142, 18.432,44.489,,7.183,17.68,3.3314,,3.1191,ppb,3.584197080196684,22.260638537800013
Local RMS Time Jitter,0.065,0.114,0.147,0.282,1.0, 2.128,5.699,,0.853,2.014,0.3823,,0.409,µs,4.441941548820565,32.36615366417699
Server Jitter SHM(0),0.1937,0.4058,0.6012,1.4444,3.3824, 5.2773,9.4776,,2.7812,4.8715,0.9369,,1.652,ms,4.830536439602397,20.501212796969565
Server Jitter SHM(1),0.018,0.06,0.09,0.246,1.628, 3.484,14.465,,1.538,3.424,0.6868,,0.4686,µs,4.188285497658237,40.35861062356001
Server Offset SHM(0),10.0766,12.5093,13.5382,18.7146,24.2456, 25.5435,29.367,,10.7075,13.0342,3.3202,,18.6855,ms,113.09831096064269,591.3304179481185
Server Offset SHM(1),-13.716,-1.929,-0.52,0.008,0.606, 1.737,11.035,,1.126,3.666,0.5841,,0.0001,µs,-5.715444991343208,72.98094384314838
TDOP,0.62,0.67,0.76,1.12,9.21, 27.14,64.81,,8.45,26.47,5.7093,,2.4695, ,5.3343905529950595,53.10363400581659
Temp ZONE0,48.5,49.05,50.15,52.9,55.65, 56.2,56.2,,5.5,7.15,1.5928,,52.9981,°C,33709.42728153471,1090994.286310738
nSats,6.0,7.0,11.0,13.0,15.0, 16.0,16.0,,4.0,9.0,1.5677,,12.9461,nSat,403.2245020674398,3070.5258298638014
