Name,Min,1%,5%,50%,95%,99%,Max,,90% Range,98% Range,StdDev,,Mean,Units,Skewness,Kurtosis
Local Clock Frequency Offset,-0.5797,9.1112,9.1568,9.2479,9.2913, 9.3214,9.3855,,0.1345,0.2103,0.1784,,9.2391,ppm,131194.40616959622,6668176.827697688
Local Clock Time Offset,-116939.999,-2.569,-0.502,0.007,0.599, 2.041,81.939,,1.101,4.61,3585.9132,,-165.0604,µs,-28.972920677402225,763.0426773277107
Local RMS Frequency Jitter,0.0,0.623,0.841,1.833,9.161, 19.793,1882.182,,8.32,19.17,28.9559,,3.937,ppb,42.547413062843276,2220.2324245564246
Local RMS Time Jitter,0.059,0.109,0.14,0.288,1.179, 2.673,41344.533,,1.039,2.564,564.6809,,16.8207,µs,46.230681538909856,2647.6218198826846
Server Jitter SHM(0),0.0,0.3073,0.4675,1.3855,3.3659, 5.5554,37.9073,,2.8984,5.2482,1.8601,,1.6727,ms,12.09895292657026,204.46216884716978
Server Jitter SHM(1),0.0,0.055,0.083,0.232,1.801, 4.536,4474.453,,1.718,4.481,223.8199,,12.5815,µs,15.626766988907093,311.81124898373196
Server Offset SHM(0),-102.4156,13.0801,13.9813,19.0946,23.7996, 25.3939,27.3598,,9.8183,12.3139,5.0475,,18.6094,ms,15.86281746475009,204.0542976392885
Server Offset SHM(1),-116939.999,-2.571,-0.503,0.008,0.6, 2.042,81.94,,1.103,4.613,3585.9136,,-165.0737,µs,-28.97292328599979,763.0423170056355
TDOP,0.75,0.76,0.82,1.14,2.17, 5.98,9.32,,1.35,5.22,0.9736,,1.3674, ,6.413918293659808,44.17480239057267
Temp ZONE0,52.35,52.9,54.0,55.1,56.75, 57.3,57.3,,2.75,4.4,0.8974,,55.2141,°C,221905.92732509642,13441903.756124256
nSats,10.0,10.0,12.0,14.0,15.0, 16.0,16.0,,3.0,6.0,1.2351,,13.6888,nSat,1054.8938352889725,10931.758067226761
