Name,Min,1%,5%,50%,95%,99%,Max,,90% Range,98% Range,StdDev,,Mean,Units,Skewness,Kurtosis
Local Clock Frequency Offset,8.5976,8.7435,8.8282,9.1702,9.225, 9.2569,9.3127,,0.3968,0.5134,0.1194,,9.1219,ppm,429359.6530993004,32402348.869750943
Local Clock Time Offset,-20.654,-2.369,-0.57,0.012,0.604, 1.976,12.736,,1.174,4.345,0.6602,,0.0011,µs,-6.60864361107229,114.95396413532653
Local RMS Frequency Jitter,0.645,0.95,1.156,2.188,9.863, 19.85,66.98,,8.707,18.9,3.7835,,3.5104,ppb,4.484317786123438,39.62917753436516
Local RMS Time Jitter,0.105,0.149,0.182,0.334,1.235, 2.253,9.33,,1.053,2.104,0.4506,,0.4789,µs,5.587296156443882,58.80760790667521
Server Jitter SHM(0),0.1113,0.329,0.522,1.3599,3.1251, 5.025,7.9328,,2.6031,4.696,0.8771,,1.5397,ms,4.7099189213326795,19.70678777027309
Server Jitter SHM(1),0.03,0.076,0.114,0.298,1.857, 3.741,19.19,,1.743,3.665,0.785,,0.5368,µs,5.225013523478128,66.3520749700107
Server Offset SHM(0),9.4928,11.9951,13.5149,18.8105,23.3115, 24.5338,27.8649,,9.7967,12.5387,3.1718,,18.3637,ms,124.2011384465373,665.0057999496994
Server Offset SHM(1),-20.655,-2.37,-0.571,0.013,0.605, 1.977,12.737,,1.176,4.347,0.6606,,0.0012,µs,-6.603827698992051,114.71746922256102
TDOP,0.65,0.67,0.75,1.56,11.11, 35.44,128.41,,10.36,34.77,9.2344,,3.6611, ,8.700963556327556,116.65289410709009
Temp ZONE0,47.95,48.5,49.6,54.0,55.65, 56.2,56.75,,6.05,7.7,1.7897,,53.4637,°C,24155.264153540982,699846.1416840758
nSats,4.0,4.0,11.0,13.0,16.0, 16.0,16.0,,5.0,12.0,1.8695,,13.3042,nSat,244.70118462034068,1577.1171119948629
