Name,Min,1%,5%,50%,95%,99%,Max,,90% Range,98% Range,StdDev,,Mean,Units,Skewness,Kurtosis
Local Clock Frequency Offset,8.5818,8.6791,8.7468,8.8253,8.9123, 8.9367,9.0234,,0.1655,0.2576,0.0549,,8.8318,ppm,4086087.105384962,653297130.2580202
Local Clock Time Offset,-12.629,-1.868,-0.538,0.01,0.592, 1.724,5.828,,1.13,3.592,0.5509,,0.0002,µs,-5.4976665399684,53.5156987846393
Local RMS Frequency Jitter,0.475,0.754,0.957,1.906,8.096, 17.273,36.105,,7.139,16.519,3.0493,,3.0427,ppb,3.27532295937437,17.102730258692013
Local RMS Time Jitter,0.07,0.123,0.153,0.291,0.989, 1.942,5.23,,0.836,1.819,0.3392,,0.4052,µs,4.015668139351143,23.404444367012996
Server Jitter SHM(0),0.1494,0.3364,0.5055,1.3617,3.2077, 5.2097,9.1346,,2.7023,4.8733,0.9256,,1.5692,ms,4.364013256019061,17.678094116325244
Server Jitter SHM(1),0.024,0.065,0.097,0.259,1.579, 3.249,12.157,,1.482,3.184,0.6316,,0.4665,µs,3.7289775675023247,29.132847718810975
Server Offset SHM(0),11.1502,13.4092,14.3616,19.1217,23.6099, 24.8386,26.7919,,9.2483,11.4294,3.0934,,18.8304,ms,146.95162492390764,827.6200681475153
Server Offset SHM(1),-12.63,-1.869,-0.539,0.011,0.593, 1.725,5.829,,1.132,3.594,0.5514,,0.0003,µs,-5.494160132130031,53.40002192794645
TDOP,0.64,0.66,0.71,1.5,21.82, 82.37,129.03,,21.11,81.71,15.8042,,5.6926, ,3.162090863431642,23.739119890226732
Temp ZONE0,50.7,51.25,51.8,53.45,55.65, 56.2,58.4,,3.85,4.95,1.1961,,53.6508,°C,84467.15177365574,3709987.832425109
nSats,9.0,10.0,11.0,13.0,16.0, 16.0,16.0,,5.0,6.0,1.3939,,13.5104,nSat,682.49314107714,6150.929144925007
