Name,Min,1%,5%,50%,95%,99%,Max,,90% Range,98% Range,StdDev,,Mean,Units,Skewness,Kurtosis
Local Clock Frequency Offset,-0.5797,9.1234,9.1599,9.2468,9.3021, 9.3326,9.3961,,0.1422,0.2092,0.1791,,9.2403,ppm,129592.27652572625,6559864.861060022
Local Clock Time Offset,-116939.999,-2.944,-0.526,0.009,0.616, 2.133,81.939,,1.142,5.077,3585.9132,,-165.0606,µs,-28.97292093426598,763.0426812893397
Local RMS Frequency Jitter,0.0,0.729,0.956,1.958,9.843, 20.085,1882.182,,8.887,19.356,28.9605,,4.0978,ppb,42.53856153855806,2218.789469060013
Local RMS Time Jitter,0.08,0.124,0.158,0.304,1.275, 2.672,41344.533,,1.117,2.548,564.6803,,16.8433,µs,46.23096731593939,2647.6340506339434
Server Jitter SHM(0),0.0,0.3143,0.507,1.3487,3.2711, 5.5463,37.9073,,2.7641,5.2319,1.8432,,1.6307,ms,12.444260095993087,212.47020288519337
Server Jitter SHM(1),0.0,0.06,0.092,0.253,1.934, 4.451,4474.453,,1.842,4.391,223.8185,,12.6081,µs,15.62744005228907,311.8187791269497
Server Offset SHM(0),-102.4156,13.1554,14.063,18.9069,23.7778, 25.1853,26.7682,,9.7149,12.0299,5.0288,,18.6134,ms,16.097807876933388,207.15053097302618
Server Offset SHM(1),-116939.999,-2.966,-0.527,0.01,0.617, 2.134,81.94,,1.144,5.1,3585.9136,,-165.0739,µs,-28.972923543286267,763.042320974915
TDOP,0.69,0.73,0.78,1.13,7.25, 15.38,63.01,,6.47,14.65,4.8942,,2.2025, ,7.47207350108382,87.7894427681243
Temp ZONE0,52.35,52.35,53.45,55.1,56.75, 57.3,58.4,,3.3,4.95,0.9934,,55.0633,°C,161416.5923536888,8794712.368632
nSats,10.0,10.0,11.0,14.0,15.0, 16.0,16.0,,4.0,6.0,1.2458,,13.6208,nSat,1009.2387940909807,10304.51542055509
