Name,Min,1%,5%,50%,95%,99%,Max,,90% Range,98% Range,StdDev,,Mean,Units,Skewness,Kurtosis
Local Clock Frequency Offset,7.7182,7.8277,7.8544,8.2318,8.3731, 8.4588,8.5343,,0.5187,0.6311,0.1402,,8.201,ppm,190173.23896066067,10942605.331284024
Local Clock Time Offset,-16.106,-2.13,-0.488,0.008,0.541, 1.785,12.911,,1.029,3.915,0.58,,0.0002,µs,-5.938677554586963,93.49904095771397
Local RMS Frequency Jitter,0.482,0.733,0.924,1.887,8.626, 17.192,65.316,,7.702,16.459,3.3284,,3.0801,ppb,4.077712491711886,34.68441924834234
Local RMS Time Jitter,0.071,0.114,0.144,0.282,1.047, 1.93,8.062,,0.903,1.816,0.3892,,0.4125,µs,5.164574775992856,53.314758954673465
Server Jitter SHM(0),0.1424,0.3259,0.5283,1.3397,3.396, 5.2987,7.973,,2.8677,4.9728,0.9457,,1.5656,ms,4.217559943617964,16.615857999544904
Server Jitter SHM(1),0.008,0.057,0.085,0.243,1.662, 3.317,17.711,,1.577,3.26,0.6892,,0.4611,µs,4.7300935785163905,57.86142814068195
Server Offset SHM(0),10.886,12.1354,13.2989,18.2261,23.1539, 24.5402,28.0758,,9.8551,12.4048,3.1702,,18.0767,ms,118.12114081811261,624.4851160817365
Server Offset SHM(1),-16.107,-2.131,-0.489,0.009,0.542, 1.786,12.912,,1.031,3.917,0.5805,,0.0003,µs,-5.934757822544786,93.29317963861911
TDOP,0.68,0.69,0.74,1.99,14.14, 47.95,67.56,,13.4,47.26,8.2724,,4.362, ,3.3236991309751067,21.983492373009472
Temp ZONE0,46.85,47.95,49.05,51.8,54.55, 56.2,57.3,,5.5,8.25,1.6291,,51.9894,°C,29633.06752586393,918900.273708276
nSats,8.0,10.0,12.0,14.0,15.0, 16.0,16.0,,3.0,6.0,1.2673,,13.751,nSat,984.4036007081521,9963.481736105487
