Name,Min,1%,5%,50%,95%,99%,Max,,90% Range,98% Range,StdDev,,Mean,Units,Skewness,Kurtosis
Local Clock Frequency Offset,7.515,7.6304,7.6592,7.7905,7.8944, 7.9121,8.007,,0.2353,0.2817,0.0732,,7.7807,ppm,1166309.0788790383,122790029.7977311
Local Clock Time Offset,-15.047,-2.265,-0.407,0.004,0.586, 1.628,6.912,,0.993,3.893,0.5757,,-0.0002,µs,-7.118906236178268,89.15007597302584
Local RMS Frequency Jitter,0.35,0.588,0.767,1.724,8.857, 17.607,41.61,,8.09,17.019,3.3596,,2.9949,ppb,3.1124609526693483,18.754996593781637
Local RMS Time Jitter,0.059,0.093,0.122,0.271,1.226, 2.067,6.246,,1.104,1.974,0.4165,,0.4263,µs,3.3879256402905518,22.228920230594067
Server Jitter SHM(0),0.1889,0.4149,0.6124,1.4932,3.5146, 4.9223,9.238,,2.9022,4.5074,0.9248,,1.7023,ms,4.67889108140441,16.931636547461874
Server Jitter SHM(1),0.017,0.047,0.075,0.212,1.678, 3.462,14.97,,1.603,3.415,0.6969,,0.438,µs,3.817916453403109,36.24179639854425
Server Offset SHM(0),-25.5455,-22.1365,-19.3329,-11.7518,4.1153, 7.1881,11.151,,23.4482,29.3246,6.7698,,-10.2791,ms,-22.744941616035817,73.54300184916478
Server Offset SHM(1),-15.048,-2.266,-0.408,0.005,0.587, 1.629,6.913,,0.995,3.895,0.5761,,-0.0002,µs,-7.1130299636675485,88.96917734408426
Temp ZONE0,50.15,50.7,51.25,54.0,58.4, 61.15,62.8,,7.15,10.45,2.2096,,54.3341,°C,13199.90595289333,313116.88901227847
