Name,Min,1%,5%,50%,95%,99%,Max,,90% Range,98% Range,StdDev,,Mean,Units,Skewness,Kurtosis
Local Clock Frequency Offset,7.608,7.7153,7.7391,7.8758,7.9597, 7.9862,8.0888,,0.2206,0.2709,0.068,,7.8619,ppm,1505728.6116788336,172608167.43682483
Local Clock Time Offset,-11.351,-2.214,-0.475,0.001,0.579, 1.795,6.194,,1.054,4.009,0.5637,,0.0,µs,-5.832589163861576,57.55902846132987
Local RMS Frequency Jitter,0.298,0.554,0.726,1.742,8.972, 17.072,32.438,,8.246,16.518,3.2328,,2.9948,ppb,2.7804973324892455,14.4516571479449
Local RMS Time Jitter,0.047,0.086,0.113,0.255,1.067, 1.893,4.815,,0.954,1.807,0.3708,,0.3923,µs,3.286120371135233,18.907493776346556
Server Jitter SHM(0),0.1551,0.3803,0.6111,1.5698,3.8832, 5.7508,18.2174,,3.2721,5.3705,1.125,,1.8394,ms,4.822998847096704,30.179413568276736
Server Jitter SHM(1),0.009,0.039,0.059,0.198,1.744, 3.38,11.074,,1.685,3.341,0.679,,0.4381,µs,3.01774714867109,22.54439454959221
Server Offset SHM(0),-5.712,-3.3157,-1.2293,13.1217,22.1903, 24.222,26.1965,,23.4197,27.5377,8.1331,,11.0237,ms,1.0151135177527406,2.239449980177239
Server Offset SHM(1),-11.352,-2.215,-0.476,0.002,0.58, 1.796,6.195,,1.056,4.011,0.5641,,0.0,µs,-5.829192775689355,57.455801471176564
TDOP,0.61,0.65,0.73,1.27,14.02, 48.59,208.87,,13.29,47.94,16.523,,4.2753, ,7.447841488378742,88.0456530606057
Temp ZONE0,50.15,50.7,51.25,54.0,55.65, 56.2,57.3,,4.4,5.5,1.3778,,53.6554,°C,54738.26270289059,2081221.8035113136
nSats,7.0,10.0,12.0,14.0,16.0, 16.0,16.0,,4.0,6.0,1.2939,,13.7303,nSat,915.9171603648758,9060.636288633317
