Name,Min,1%,5%,50%,95%,99%,Max,,90% Range,98% Range,StdDev,,Mean,Units,Skewness,Kurtosis
Local Clock Frequency Offset,8.9288,9.073,9.1541,9.2988,9.3587, 9.3886,9.4419,,0.2046,0.3156,0.068,,9.2796,ppm,2484909.647794089,336610500.5154384
Local Clock Time Offset,-17.886,-2.371,-0.489,0.007,0.544, 1.981,8.488,,1.033,4.352,0.6154,,-0.0,µs,-6.090829954456767,77.29257998660844
Local RMS Frequency Jitter,0.474,0.773,0.954,1.937,9.68, 19.035,50.989,,8.726,18.262,3.5481,,3.2492,ppb,3.3535563003641027,20.842274374248117
Local RMS Time Jitter,0.073,0.126,0.159,0.303,1.255, 2.092,7.279,,1.096,1.966,0.4121,,0.4479,µs,4.046681340194469,29.153154943367404
Server Jitter SHM(0),0.1239,0.3358,0.5043,1.2642,3.1251, 5.1176,7.5218,,2.6209,4.7818,0.8951,,1.4688,ms,4.365583654089999,18.286654443701753
Server Jitter SHM(1),0.013,0.059,0.091,0.245,1.817, 3.727,17.23,,1.726,3.668,0.7366,,0.4836,µs,3.896598455645479,36.78745123716766
Server Offset SHM(0),10.6636,12.676,13.6809,18.1866,22.847, 24.5874,27.8174,,9.1661,11.9113,3.0494,,18.1371,ms,136.06073644536687,750.0826645953598
Server Offset SHM(1),-17.887,-2.372,-0.49,0.008,0.545, 1.982,8.489,,1.035,4.354,0.6158,,0.0,µs,-6.087016163456665,77.14634118633887
TDOP,0.61,0.64,0.72,1.08,3.64, 9.49,48.35,,2.92,8.85,3.3983,,1.7802, ,9.725259285726736,129.08053040633177
Temp ZONE0,49.05,50.7,51.8,54.0,55.65, 56.2,56.75,,3.85,5.5,1.2525,,53.9106,°C,74435.69876805319,3134672.133388443
nSats,6.0,10.0,11.0,14.0,15.0, 16.0,16.0,,4.0,6.0,1.326,,13.4917,nSat,798.7254523176163,7557.063089364254
