Name,Min,1%,5%,50%,95%,99%,Max,,90% Range,98% Range,StdDev,,Mean,Units,Skewness,Kurtosis
Local Clock Frequency Offset,8.8609,8.9677,9.0314,9.1685,9.2674, 9.3068,9.3703,,0.236,0.3391,0.0684,,9.1632,ppm,2349503.892915371,312380382.6373981
Local Clock Time Offset,-14.609,-2.32,-0.502,0.004,0.591, 1.996,7.629,,1.093,4.316,0.627,,0.0004,µs,-6.487969322019274,82.65864886760261
Local RMS Frequency Jitter,0.355,0.755,0.948,1.969,9.748, 18.893,44.153,,8.8,18.138,3.625,,3.2992,ppb,3.485860818166706,22.38229077410144
Local RMS Time Jitter,0.063,0.116,0.153,0.301,1.243, 2.146,5.746,,1.09,2.03,0.4224,,0.4466,µs,4.101389938557368,28.718504125580022
Server Jitter SHM(0),0.1334,0.3182,0.4962,1.3265,3.2402, 5.0827,7.6888,,2.744,4.7645,0.9136,,1.5345,ms,4.303734950578047,17.30372789688323
Server Jitter SHM(1),0.012,0.054,0.084,0.242,1.838, 3.729,13.847,,1.754,3.675,0.7543,,0.4875,µs,4.019052525898786,38.66757977728469
Server Offset SHM(0),9.7948,11.9849,13.0198,18.4384,22.759, 24.1909,26.6309,,9.7392,12.206,3.2205,,17.828,ms,106.92075584611213,548.4983481684421
Server Offset SHM(1),-14.61,-2.321,-0.503,0.005,0.592, 1.997,7.63,,1.095,4.318,0.6274,,0.0004,µs,-6.483549455330918,82.50388119295154
TDOP,0.65,0.66,0.7,1.07,4.32, 33.21,60.01,,3.62,32.55,5.8569,,2.273, ,6.2648018798567,59.40087522481587
Temp ZONE0,49.05,49.6,51.25,52.9,56.75, 58.95,59.5,,5.5,9.35,1.6957,,53.2071,°C,28127.252795743483,857347.5327854046
nSats,9.0,10.0,11.0,13.0,15.0, 16.0,16.0,,4.0,6.0,1.3057,,13.2875,nSat,800.109412654201,7592.954251146493
