Name,Min,1%,5%,50%,95%,99%,Max,,90% Range,98% Range,StdDev,,Mean,Units,Skewness,Kurtosis
Local Clock Frequency Offset,8.9963,9.1546,9.1708,9.2117,9.2349, 9.246,9.304,,0.0641,0.0913,0.0196,,9.2088,ppm,103315621.86658521,48479551173.39634
Local Clock Time Offset,-14.603,-2.055,-0.582,0.019,0.574, 1.714,8.317,,1.156,3.769,0.5925,,-0.0001,µs,-6.3107034614443975,79.44489824297109
Local RMS Frequency Jitter,0.569,0.931,1.186,2.207,8.291, 18.178,45.133,,7.105,17.247,3.2542,,3.2974,ppb,4.127348387162512,27.19025863431644
Local RMS Time Jitter,0.094,0.152,0.194,0.351,1.09, 2.142,7.932,,0.896,1.99,0.3925,,0.4686,µs,5.406584983949403,46.774670277145376
Server Jitter SHM(0),0.1407,0.3678,0.5411,1.4347,3.554, 5.5366,8.5392,,3.0129,5.1688,0.9957,,1.6618,ms,4.234315843875593,16.68998747313219
Server Jitter SHM(1),0.026,0.085,0.127,0.316,1.567, 3.609,14.593,,1.44,3.524,0.6799,,0.5164,µs,4.80726951072482,47.103790525595954
Server Offset SHM(0),8.1779,11.9123,13.456,18.8121,23.6441, 25.1099,27.2968,,10.1881,13.1976,3.2735,,18.4883,ms,114.28606747529413,597.3498069459166
Server Offset SHM(1),-14.604,-2.056,-0.583,0.02,0.575, 1.715,8.318,,1.158,3.771,0.593,,0.0,µs,-6.305472284032346,79.2578673042116
TDOP,0.66,0.69,0.74,1.05,9.4, 36.7,136.94,,8.66,36.01,10.156,,3.1337, ,7.888244718052904,103.03799538237546
Temp ZONE0,54.55,55.1,55.65,57.85,60.05, 61.15,62.8,,4.4,6.05,1.2849,,57.5658,°C,84162.78230335895,3692222.211018412
nSats,3.0,5.0,11.0,13.0,16.0, 16.0,16.0,,5.0,11.0,1.6031,,13.3042,nSat,408.07577101552636,3098.1649572946053
