Name,Min,1%,5%,50%,95%,99%,Max,,90% Range,98% Range,StdDev,,Mean,Units,Skewness,Kurtosis
Local Clock Frequency Offset,7.3188,7.406,7.5058,7.782,7.8695, 7.9125,8.0079,,0.3637,0.5065,0.1035,,7.7597,ppm,404943.8785176219,29969528.545941055
Local Clock Time Offset,-14.416,-2.213,-0.411,0.004,0.562, 1.658,8.017,,0.973,3.871,0.597,,0.0003,µs,-7.388237153401896,99.25434156095909
Local RMS Frequency Jitter,0.307,0.571,0.782,1.768,8.907, 18.975,44.404,,8.125,18.404,3.5339,,3.0487,ppb,3.3653638627999967,21.21985981442673
Local RMS Time Jitter,0.042,0.088,0.121,0.282,1.237, 2.255,7.09,,1.116,2.167,0.4447,,0.4356,µs,3.802207073304048,27.310805990923235
Server Jitter SHM(0),0.2731,0.4619,0.6847,1.6016,3.6157, 4.9938,8.0707,,2.931,4.5319,0.9321,,1.8062,ms,5.161134437905717,18.34840794137867
Server Jitter SHM(1),0.017,0.047,0.074,0.217,1.656, 3.677,14.405,,1.582,3.63,0.7306,,0.4439,µs,4.224479088795523,41.27485467703948
Server Offset SHM(0),-20.6561,-18.2327,-15.8525,-8.3583,1.537, 4.2271,9.0346,,17.3895,22.4598,5.2306,,-8.0905,ms,-23.865586629146026,80.57557031053541
Server Offset SHM(1),-14.417,-2.214,-0.412,0.005,0.563, 1.659,8.018,,0.975,3.873,0.5974,,0.0003,µs,-7.382188084019238,99.06170348008182
Temp ZONE0,47.95,48.5,49.6,53.45,56.2, 58.4,58.95,,6.6,9.9,1.8846,,53.523,°C,20651.800675617884,568079.0314655969
