Name,Min,1%,5%,50%,95%,99%,Max,,90% Range,98% Range,StdDev,,Mean,Units,Skewness,Kurtosis
Local Clock Frequency Offset,8.9018,9.0118,9.0706,9.1266,9.1732, 9.1827,9.2277,,0.1025,0.1709,0.0339,,9.1263,ppm,19372964.881968927,5203235093.59344
Local Clock Time Offset,-16.309,-2.094,-0.528,0.015,0.547, 1.79,8.835,,1.075,3.884,0.6059,,0.0001,µs,-6.824952709701324,100.34709082281901
Local RMS Frequency Jitter,0.352,0.79,1.01,1.974,8.427, 19.026,48.9,,7.417,18.236,3.5155,,3.1755,ppb,4.00782759765561,28.294237504934095
Local RMS Time Jitter,0.059,0.128,0.163,0.311,1.085, 2.256,7.726,,0.922,2.128,0.4151,,0.4417,µs,5.043076640178606,44.25883182348454
Server Jitter SHM(0),0.1662,0.3648,0.577,1.486,3.5076, 5.4949,8.8114,,2.9306,5.13,0.974,,1.6975,ms,4.599406318577067,18.501757588082885
Server Jitter SHM(1),0.012,0.067,0.103,0.273,1.622, 3.723,15.184,,1.519,3.656,0.7241,,0.4888,µs,4.865005949614243,50.4407185962597
Server Offset SHM(0),11.5347,13.1057,13.8344,18.709,23.91, 25.1179,27.4853,,10.0756,12.0123,3.1116,,18.557,ms,137.32499583944855,759.6476537878793
Server Offset SHM(1),-16.31,-2.095,-0.529,0.016,0.548, 1.791,8.836,,1.077,3.886,0.6064,,0.0002,µs,-6.819241537938143,100.13009741324244
TDOP,0.65,0.68,0.71,1.11,3.09, 20.13,123.63,,2.38,19.45,8.1651,,2.1421, ,11.183848449065326,166.50439435515372
Temp ZONE0,53.45,54.0,54.55,56.2,57.85, 59.5,59.5,,3.3,5.5,1.1281,,56.0996,°C,115841.09396553022,5651775.848823442
nSats,11.0,11.0,12.0,14.0,16.0, 16.0,16.0,,4.0,5.0,1.3184,,13.9793,nSat,914.0715995842955,9046.464735505395
