Name,Min,1%,5%,50%,95%,99%,Max,,90% Range,98% Range,StdDev,,Mean,Units,Skewness,Kurtosis
Local Clock Frequency Offset,8.4526,8.6196,8.699,8.7918,8.81, 8.8287,8.8733,,0.111,0.2091,0.0401,,8.7752,ppm,10366175.701023497,2260352361.088138
Local Clock Time Offset,-13.875,-2.063,-0.511,0.009,0.587, 1.714,7.7,,1.098,3.777,0.5702,,0.0002,µs,-6.07172294155892,68.65824204102596
Local RMS Frequency Jitter,0.368,0.66,0.849,1.79,8.171, 17.841,38.982,,7.322,17.181,3.268,,3.0317,ppb,3.301744310592968,19.54962748574713
Local RMS Time Jitter,0.063,0.107,0.139,0.274,1.007, 2.075,5.627,,0.868,1.968,0.3766,,0.4031,µs,4.144555302401149,28.1722505608957
Server Jitter SHM(0),0.1747,0.3686,0.5861,1.4191,3.5719, 5.7127,8.572,,2.9858,5.344,0.9979,,1.6534,ms,4.348424025902109,17.67638658868626
Server Jitter SHM(1),0.018,0.056,0.083,0.233,1.67, 3.396,13.508,,1.587,3.34,0.6789,,0.4593,µs,3.852845008360977,34.27757887284579
Server Offset SHM(0),12.2877,13.5134,14.7264,19.4558,24.0376, 25.1163,27.5139,,9.3112,11.6029,3.0692,,19.3229,ms,164.3839246295283,956.2816277996579
Server Offset SHM(1),-13.876,-2.064,-0.512,0.01,0.588, 1.715,7.701,,1.1,3.779,0.5706,,0.0003,µs,-6.067389884067787,68.51533088074075
TDOP,0.69,0.69,0.74,0.95,6.16, 15.93,17.37,,5.42,15.24,2.7189,,1.8007, ,2.9685142485522715,14.89000924339809
Temp ZONE0,50.7,51.8,54.0,56.2,57.3, 57.85,57.85,,3.3,6.05,1.2038,,55.8068,°C,93455.46511262897,4245053.927614658
nSats,11.0,11.0,12.0,14.0,16.0, 16.0,16.0,,4.0,5.0,1.0745,,13.9504,nSat,1756.1486929363132,21460.43099919616
