Name,Min,1%,5%,50%,95%,99%,Max,,90% Range,98% Range,StdDev,,Mean,Units,Skewness,Kurtosis
Local Clock Frequency Offset,8.2978,8.4248,8.4815,8.57,8.5963, 8.645,8.6714,,0.1147,0.2202,0.0354,,8.5622,ppm,13971904.194201937,3365288337.0642223
Local Clock Time Offset,-13.431,-2.17,-0.391,0.01,0.521, 1.57,7.276,,0.912,3.74,0.5627,,-0.0001,µs,-7.00204424876555,79.22104477353146
Local RMS Frequency Jitter,0.334,0.57,0.733,1.505,8.341, 18.324,38.402,,7.608,17.754,3.3586,,2.8413,ppb,3.0059448044150368,17.44007041455885
Local RMS Time Jitter,0.043,0.085,0.116,0.24,1.16, 2.172,5.556,,1.044,2.087,0.4159,,0.3983,µs,3.2995220229840485,20.16654888530527
Server Jitter SHM(0),0.1479,0.3983,0.6144,1.5627,3.8058, 5.7044,7.8772,,3.1914,5.3061,1.0226,,1.7925,ms,4.442586557525735,16.371751468830954
Server Jitter SHM(1),0.015,0.046,0.07,0.189,1.655, 3.603,13.498,,1.585,3.557,0.6938,,0.4143,µs,3.6058812700758076,31.291096163314045
Server Offset SHM(0),11.2149,13.3133,14.2891,18.9243,23.8423, 24.8756,26.3821,,9.5532,11.5623,3.074,,18.8513,ms,150.6427669819196,854.9045225443269
Server Offset SHM(1),-13.432,-2.171,-0.392,0.011,0.522, 1.571,7.277,,0.914,3.742,0.5631,,-0.0,µs,-6.996444051288939,79.06983069417957
TDOP,0.59,0.59,0.71,1.4,21.61, 42.16,50.13,,20.9,41.57,7.0993,,3.647, ,2.5184613544159093,14.511896099886354
Temp ZONE0,51.8,52.35,54.0,57.85,59.5, 60.6,60.6,,5.5,8.25,1.6395,,57.6713,°C,40017.63742581708,1371005.2674122504
nSats,5.0,5.0,5.0,13.0,15.0, 15.0,16.0,,10.0,10.0,3.1304,,11.975,nSat,29.69713681656265,100.02459887362778
