Name,Min,1%,5%,50%,95%,99%,Max,,90% Range,98% Range,StdDev,,Mean,Units,Skewness,Kurtosis
Local Clock Frequency Offset,8.8902,9.0419,9.0732,9.172,9.2418, 9.2846,9.3479,,0.1686,0.2427,0.0528,,9.1693,ppm,5134965.627254546,885956686.3756566
Local Clock Time Offset,-16.581,-2.335,-0.449,0.004,0.53, 1.933,8.596,,0.979,4.268,0.6109,,0.0,µs,-6.666876102635822,90.28406646909221
Local RMS Frequency Jitter,0.345,0.653,0.819,1.781,9.937, 18.061,47.987,,9.118,17.408,3.6028,,3.135,ppb,3.2416476336237685,21.106976163455208
Local RMS Time Jitter,0.056,0.104,0.131,0.269,1.237, 2.042,7.021,,1.106,1.938,0.4245,,0.4203,µs,4.008194038798835,31.1553419775611
Server Jitter SHM(0),0.1753,0.3386,0.5157,1.3049,3.1837, 5.2228,7.487,,2.6679,4.8841,0.8915,,1.5006,ms,4.507736500002336,18.93001705154601
Server Jitter SHM(1),0.013,0.046,0.07,0.211,1.796, 3.71,15.912,,1.726,3.664,0.7502,,0.455,µs,3.8502088182033294,37.2702407989153
Server Offset SHM(0),10.7239,12.0469,13.3369,17.9963,22.9766, 24.5659,26.3475,,9.6397,12.519,3.1726,,17.9909,ms,115.99205976225007,610.2952167525157
Server Offset SHM(1),-16.582,-2.336,-0.45,0.005,0.531, 1.934,8.597,,0.981,4.27,0.6113,,0.0,µs,-6.662298121682807,90.11829728660261
TDOP,0.67,0.7,0.76,1.05,3.14, 8.79,20.92,,2.38,8.09,1.8995,,1.4989, ,6.83956370169884,62.629893789905424
Temp ZONE0,50.15,51.25,51.8,53.45,55.65, 56.2,56.2,,3.85,4.95,1.1427,,53.6029,°C,96885.87512528167,4454091.436170923
nSats,4.0,4.0,11.0,14.0,15.0, 16.0,16.0,,4.0,12.0,1.7803,,13.4606,nSat,299.1131828057789,2049.257076987505
