Name,Min,1%,5%,50%,95%,99%,Max,,90% Range,98% Range,StdDev,,Mean,Units,Skewness,Kurtosis
Local Clock Frequency Offset,8.1731,8.3032,8.3291,8.5159,8.6171, 8.6421,8.7029,,0.2879,0.3389,0.1032,,8.4853,ppm,535449.7567276012,43493343.113821454
Local Clock Time Offset,-13.436,-2.107,-0.376,0.002,0.56, 1.73,8.613,,0.936,3.837,0.583,,-0.0001,µs,-6.69851019416521,88.29129312801805
Local RMS Frequency Jitter,0.251,0.506,0.668,1.481,8.338, 19.208,43.302,,7.67,18.702,3.5305,,2.8828,ppb,3.099691118154564,19.085174611620538
Local RMS Time Jitter,0.036,0.081,0.11,0.239,1.118, 2.258,5.465,,1.008,2.177,0.4259,,0.3991,µs,3.5082641527497156,22.791983146069477
Server Jitter SHM(0),0.1815,0.4025,0.5937,1.4176,3.4114, 5.187,7.9564,,2.8177,4.7845,0.9344,,1.6418,ms,4.59541222979709,18.04404378531463
Server Jitter SHM(1),0.01,0.043,0.066,0.179,1.686, 3.636,13.412,,1.62,3.593,0.7204,,0.4147,µs,3.861159444793502,37.08991887124501
Server Offset SHM(0),8.941,11.762,13.0326,18.3927,23.6683, 25.1102,27.8369,,10.6357,13.3483,3.3311,,18.238,ms,103.05852521430056,523.7157817553089
Server Offset SHM(1),-13.437,-2.108,-0.377,0.003,0.561, 1.731,8.614,,0.938,3.839,0.5834,,-0.0,µs,-6.693835138268125,88.1300144393851
TDOP,0.66,0.67,0.73,1.35,3.99, 23.6,66.58,,3.26,22.93,5.0858,,2.0436, ,8.03422722319411,95.1423910442782
Temp ZONE0,49.05,49.6,50.15,52.9,55.1, 55.65,56.2,,4.95,6.05,1.6222,,52.6983,°C,31310.026378516497,988817.9457894575
nSats,5.0,5.0,5.0,14.0,16.0, 16.0,16.0,,11.0,11.0,3.0003,,12.7375,nSat,42.24244932666343,157.22655200028652
