Name,Min,1%,5%,50%,95%,99%,Max,,90% Range,98% Range,StdDev,,Mean,Units,Skewness,Kurtosis
Local Clock Frequency Offset,8.8325,8.9338,8.9639,9.0366,9.0894, 9.1106,9.1671,,0.1256,0.1768,0.0367,,9.0363,ppm,14754877.985255376,3619055283.2471113
Local Clock Time Offset,-15.376,-2.099,-0.524,0.013,0.559, 1.727,9.258,,1.083,3.826,0.5983,,-0.0002,µs,-6.135063373097329,81.74532831183464
Local RMS Frequency Jitter,0.471,0.779,0.984,1.96,8.414, 18.848,51.039,,7.43,18.069,3.4219,,3.189,ppb,3.6990988712011856,24.43898838083207
Local RMS Time Jitter,0.067,0.126,0.161,0.307,1.099, 2.084,7.046,,0.938,1.958,0.3949,,0.438,µs,4.584877219087283,35.95537352243248
Server Jitter SHM(0),0.1506,0.3127,0.4711,1.3605,3.3562, 5.1597,7.9455,,2.8851,4.847,0.9443,,1.5698,ms,3.9942009014622037,14.99384408556144
Server Jitter SHM(1),0.023,0.066,0.1,0.265,1.677, 3.685,14.105,,1.577,3.619,0.7123,,0.4887,µs,4.30791912748437,41.03185593925497
Server Offset SHM(0),11.3016,12.8934,13.8843,18.7062,23.4981, 25.0411,27.7696,,9.6138,12.1477,3.1113,,18.4984,ms,135.84864217500214,748.0410995903322
Server Offset SHM(1),-15.377,-2.1,-0.525,0.014,0.56, 1.728,9.259,,1.085,3.828,0.5987,,-0.0001,µs,-6.130658147816972,81.57242746052069
TDOP,0.67,0.7,0.74,1.18,10.89, 65.08,127.53,,10.15,64.38,11.1869,,3.8312, ,5.44868861471776,55.904325708281675
Temp ZONE0,52.9,53.45,54.0,56.2,58.4, 58.95,59.5,,4.4,5.5,1.3072,,56.2274,°C,74283.20297377894,3126159.339355163
nSats,10.0,10.0,11.0,14.0,16.0, 16.0,16.0,,5.0,6.0,1.4524,,13.6266,nSat,613.604305927923,5345.2787724166365
