Name,Min,1%,5%,50%,95%,99%,Max,,90% Range,98% Range,StdDev,,Mean,Units,Skewness,Kurtosis
Local Clock Frequency Offset,8.3136,8.4332,8.512,8.5622,8.5997, 8.6308,8.6858,,0.0876,0.1976,0.03,,8.5608,ppm,23034632.927458473,6554189979.872717
Local Clock Time Offset,-11.741,-2.207,-0.441,0.011,0.565, 1.588,6.813,,1.006,3.795,0.571,,-0.0,µs,-7.0575981629481745,76.20870219646581
Local RMS Frequency Jitter,0.313,0.621,0.813,1.651,8.428, 18.414,42.802,,7.615,17.793,3.3462,,2.9547,ppb,3.103025426694812,17.93307558608603
Local RMS Time Jitter,0.053,0.098,0.13,0.264,1.139, 2.266,5.553,,1.009,2.168,0.4146,,0.4165,µs,3.4060940457503257,19.726535465887636
Server Jitter SHM(0),0.1511,0.3909,0.6172,1.5104,3.9746, 5.7932,8.4665,,3.3574,5.4023,1.0722,,1.7886,ms,4.1065537510204315,15.07590803316192
Server Jitter SHM(1),0.012,0.052,0.079,0.212,1.691, 3.602,11.661,,1.612,3.55,0.6937,,0.4388,µs,3.637182480652486,30.625620335908614
Server Offset SHM(0),9.9866,11.6427,12.6978,18.1035,23.2935, 24.5028,26.9106,,10.5957,12.8601,3.2814,,17.9835,ms,103.38749282924122,525.6862841548021
Server Offset SHM(1),-11.742,-2.208,-0.442,0.012,0.566, 1.589,6.814,,1.008,3.797,0.5714,,0.0,µs,-7.05173995413321,76.05982770026846
TDOP,0.65,0.67,0.71,0.93,3.01, 10.85,23.66,,2.3,10.18,1.9208,,1.3535, ,7.295189452744745,75.36729698603365
Temp ZONE0,51.8,52.9,55.1,58.4,60.05, 60.6,61.15,,4.95,7.7,1.4684,,57.9692,°C,57080.114709412985,2200557.217550034
nSats,5.0,5.0,5.0,13.0,15.0, 16.0,16.0,,10.0,11.0,2.6264,,12.7625,nSat,67.04801969072533,286.7009185699695
