Name,Min,1%,5%,50%,95%,99%,Max,,90% Range,98% Range,StdDev,,Mean,Units,Skewness,Kurtosis
Local Clock Frequency Offset,8.873,8.9972,9.0417,9.1584,9.2167, 9.2376,9.2911,,0.175,0.2404,0.0511,,9.1496,ppm,5639442.418170801,1003865209.2574481
Local Clock Time Offset,-15.882,-2.09,-0.544,0.016,0.568, 1.779,9.763,,1.112,3.869,0.6155,,0.0001,µs,-7.062102493800874,101.51195770685028
Local RMS Frequency Jitter,0.438,0.872,1.101,2.067,8.415, 19.167,54.459,,7.314,18.295,3.5256,,3.2756,ppb,4.181954372141199,30.727608456046372
Local RMS Time Jitter,0.062,0.141,0.178,0.33,1.104, 2.242,7.535,,0.926,2.101,0.4153,,0.4598,µs,5.034085588200274,41.66099257115074
Server Jitter SHM(0),0.1173,0.3128,0.4952,1.3839,3.3484, 5.1938,7.5627,,2.8531,4.881,0.9483,,1.5912,ms,4.150792065815808,15.970367441787811
Server Jitter SHM(1),0.018,0.076,0.115,0.29,1.649, 3.753,15.033,,1.534,3.677,0.7284,,0.5067,µs,4.946679640767886,51.896761465471684
Server Offset SHM(0),11.2452,12.7779,13.9318,18.6838,23.6859, 25.1111,26.5279,,9.7541,12.3332,3.1647,,18.4047,ms,126.22084711054539,680.8728711490438
Server Offset SHM(1),-15.883,-2.091,-0.545,0.017,0.569, 1.78,9.764,,1.114,3.871,0.616,,0.0001,µs,-7.05587146952874,101.28908198302736
TDOP,0.65,0.69,0.73,1.1,4.77, 32.53,59.63,,4.04,31.84,5.1227,,2.1743, ,6.386298263025681,64.10565344103728
Temp ZONE0,51.25,52.35,53.45,56.2,58.4, 60.05,60.6,,4.95,7.7,1.4986,,56.1224,°C,48536.85689920552,1773136.9073080623
nSats,9.0,10.0,11.0,14.0,15.0, 16.0,16.0,,4.0,6.0,1.3156,,13.6141,nSat,844.372324535686,8140.871456072755
