Name,Min,1%,5%,50%,95%,99%,Max,,90% Range,98% Range,StdDev,,Mean,Units,Skewness,Kurtosis
Local Clock Frequency Offset,8.8873,9.1166,9.1589,9.2028,9.2337, 9.2472,9.2994,,0.0748,0.1305,0.0264,,9.1999,ppm,42153984.81213297,14670964214.476883
Local Clock Time Offset,-36.546,-2.078,-0.578,0.019,0.565, 1.776,16.543,,1.143,3.854,0.6808,,0.0001,µs,-11.42359363690233,405.49221473758234
Local RMS Frequency Jitter,0.444,0.884,1.112,2.134,8.403, 19.684,102.238,,7.291,18.8,4.1312,,3.3554,ppb,6.9326317892933975,97.56889065542087
Local RMS Time Jitter,0.067,0.14,0.178,0.334,1.124, 2.376,17.495,,0.946,2.236,0.5459,,0.4756,µs,9.55191339108777,173.91496573461876
Server Jitter SHM(0),0.1475,0.3251,0.4992,1.2866,3.4072, 5.7035,10.6907,,2.908,5.3784,1.0319,,1.548,ms,4.106535367145853,19.292556561150892
Server Jitter SHM(1),0.027,0.073,0.113,0.296,1.631, 3.707,35.686,,1.518,3.634,0.8368,,0.517,µs,9.249957079032663,204.14607332121307
Server Offset SHM(0),4.097,12.3651,14.0597,18.8189,23.4478, 24.65,26.3918,,9.3881,12.2849,3.1773,,18.4432,ms,125.29499578776087,672.861059840484
Server Offset SHM(1),-36.547,-2.079,-0.579,0.02,0.566, 1.777,16.544,,1.145,3.856,0.6812,,0.0002,µs,-11.410695029885686,404.6154774577655
TDOP,0.64,0.65,0.7,1.0,9.61, 92.57,145.44,,8.91,91.92,12.8988,,3.6754, ,6.0308287878365,60.801227892808434
Temp ZONE0,54.0,54.55,55.1,56.75,58.95, 61.15,61.7,,3.85,6.6,1.193,,56.6496,°C,100578.19632615981,4681899.029122805
nSats,10.0,10.0,11.0,13.0,15.0, 16.0,16.0,,4.0,6.0,1.4181,,13.3776,nSat,624.6170023406429,5470.565129986678
