Name,Min,1%,5%,50%,95%,99%,Max,,90% Range,98% Range,StdDev,,Mean,Units,Skewness,Kurtosis
Local Clock Frequency Offset,8.854,9.006,9.0508,9.1561,9.2161, 9.2398,9.2856,,0.1653,0.2338,0.0498,,9.1492,ppm,6117193.908837399,1118824847.2005687
Local Clock Time Offset,-15.206,-2.28,-0.526,0.008,0.586, 1.962,8.814,,1.112,4.242,0.6166,,-0.0001,µs,-6.825277556022691,87.47896486693944
Local RMS Frequency Jitter,0.505,0.786,0.974,2.008,9.678, 17.988,49.818,,8.704,17.202,3.514,,3.3004,ppb,3.5325727939056604,23.636914548674813
Local RMS Time Jitter,0.071,0.124,0.155,0.302,1.226, 2.062,7.619,,1.071,1.938,0.4227,,0.4461,µs,4.441835693926251,36.42653257222532
Server Jitter SHM(0),0.138,0.3126,0.4858,1.408,3.3928, 5.1379,7.382,,2.907,4.8252,0.9609,,1.6122,ms,4.034966564133509,14.965812688895817
Server Jitter SHM(1),0.019,0.058,0.087,0.247,1.813, 3.658,14.153,,1.726,3.6,0.7397,,0.4909,µs,3.961469311593717,38.56725663786186
Server Offset SHM(0),10.0902,11.9313,13.1443,18.4537,23.3997, 24.7075,26.3385,,10.2554,12.7761,3.1766,,18.1285,ms,118.39298441077352,625.8038712342334
Server Offset SHM(1),-15.207,-2.281,-0.527,0.009,0.587, 1.963,8.815,,1.114,4.244,0.6171,,-0.0,µs,-6.820048136982427,87.30695486205525
TDOP,0.69,0.71,0.77,1.04,18.93, 40.78,64.87,,18.16,40.07,7.7272,,3.6061, ,3.046501252199707,21.69081329823088
Temp ZONE0,51.8,52.35,52.9,55.1,58.4, 59.5,60.05,,5.5,7.15,1.6787,,55.4277,°C,32920.51372713267,1057175.6641518886
nSats,9.0,9.0,11.0,13.0,15.0, 16.0,16.0,,4.0,7.0,1.3693,,13.2583,nSat,680.1578185924889,6122.672148234262
