Name,Min,1%,5%,50%,95%,99%,Max,,90% Range,98% Range,StdDev,,Mean,Units,Skewness,Kurtosis
Local Clock Frequency Offset,8.8061,8.9303,8.9973,9.0519,9.1124, 9.135,9.1691,,0.1151,0.2048,0.0355,,9.0517,ppm,16441344.395641001,4180836219.8860903
Local Clock Time Offset,-15.933,-2.089,-0.508,0.011,0.558, 1.776,8.294,,1.066,3.865,0.5966,,-0.0004,µs,-6.4157748679622815,83.1891610387474
Local RMS Frequency Jitter,0.414,0.717,0.927,1.908,8.491, 18.92,46.137,,7.564,18.203,3.4521,,3.1366,ppb,3.609213295304871,23.16926500780934
Local RMS Time Jitter,0.058,0.117,0.149,0.297,1.1, 2.219,7.084,,0.951,2.102,0.4081,,0.432,µs,4.47957068968297,35.23052858859185
Server Jitter SHM(0),0.2235,0.4128,0.6248,1.4975,3.2955, 5.0691,8.194,,2.6707,4.6563,0.8902,,1.6734,ms,5.212608797614147,21.102494872541644
Server Jitter SHM(1),0.021,0.064,0.096,0.253,1.646, 3.711,14.97,,1.55,3.647,0.7124,,0.4775,µs,4.314088532034164,40.69931014904662
Server Offset SHM(0),12.0358,13.4483,14.2286,19.3588,24.1076, 25.4452,27.622,,9.879,11.9969,3.178,,19.0369,ms,139.28316099907488,772.4642878362424
Server Offset SHM(1),-15.934,-2.09,-0.509,0.012,0.559, 1.777,8.295,,1.068,3.867,0.597,,-0.0003,µs,-6.410935420954835,83.01685436772442
TDOP,0.59,0.64,0.76,1.06,10.96, 55.02,89.82,,10.2,54.38,8.5942,,3.1633, ,4.731205953934189,42.46708051500931
Temp ZONE0,52.9,53.45,54.0,55.65,57.85, 58.95,59.5,,3.85,5.5,1.1173,,55.776,°C,117230.58898093013,5742336.959996384
nSats,9.0,10.0,11.0,14.0,15.0, 16.0,16.0,,4.0,6.0,1.2443,,13.7083,nSat,1034.3656220971568,10642.759273966736
