Name,Min,1%,5%,50%,95%,99%,Max,,90% Range,98% Range,StdDev,,Mean,Units,Skewness,Kurtosis
Local Clock Frequency Offset,8.8829,9.1073,9.1309,9.1623,9.1933, 9.2075,9.2624,,0.0624,0.1002,0.0199,,9.1626,ppm,97223701.00678669,44706118420.757935
Local Clock Time Offset,-21.949,-2.104,-0.521,0.016,0.535, 1.737,12.155,,1.056,3.841,0.6117,,-0.0,µs,-7.641294961279019,145.34556147103976
Local RMS Frequency Jitter,0.375,0.793,1.003,1.959,8.346, 18.675,69.02,,7.343,17.882,3.5943,,3.1552,ppb,4.74487298855906,45.275881421333125
Local RMS Time Jitter,0.066,0.131,0.164,0.315,1.097, 2.174,10.371,,0.933,2.043,0.4302,,0.4463,µs,5.960416185991867,68.75388798416077
Server Jitter SHM(0),0.1173,0.3128,0.4935,1.376,3.5054, 5.2706,7.061,,3.0119,4.9578,0.9833,,1.5979,ms,3.831143195708655,13.976895544229892
Server Jitter SHM(1),0.027,0.068,0.105,0.271,1.617, 3.657,20.357,,1.512,3.589,0.7365,,0.4866,µs,5.72042608234764,77.07676748914025
Server Offset SHM(0),10.2522,12.1648,13.7089,18.3529,23.1859, 24.6495,26.123,,9.477,12.4846,3.0845,,18.1288,ms,130.72127211514572,711.8569835130388
Server Offset SHM(1),-21.95,-2.105,-0.522,0.017,0.536, 1.738,12.156,,1.058,3.843,0.6122,,0.0,µs,-7.6340607106240865,145.01616008867487
TDOP,0.67,0.69,0.73,1.05,19.64, 64.47,93.91,,18.91,63.78,11.2918,,4.0193, ,2.816144079837629,20.321084310155648
Temp ZONE0,54.0,54.55,55.1,56.75,59.5, 60.6,60.6,,4.4,6.05,1.1975,,56.7249,°C,99835.61038868879,4635835.222382942
nSats,9.0,10.0,11.0,14.0,15.0, 16.0,16.0,,4.0,6.0,1.3019,,13.4149,nSat,832.6261804480706,7992.007067278135
