Name,Min,1%,5%,50%,95%,99%,Max,,90% Range,98% Range,StdDev,,Mean,Units,Skewness,Kurtosis
Local Clock Frequency Offset,8.514,8.6872,8.7203,8.7934,8.8554, 8.8891,8.9406,,0.1351,0.2019,0.04,,8.7926,ppm,10448255.117694696,2284247553.8657026
Local Clock Time Offset,-11.782,-1.914,-0.514,0.004,0.574, 1.776,7.072,,1.088,3.69,0.5673,,-0.0,µs,-5.6290165190607455,63.8925002794868
Local RMS Frequency Jitter,0.324,0.661,0.856,1.787,8.211, 18.142,37.612,,7.355,17.481,3.2526,,3.0154,ppb,3.2513533011557434,18.426263264553878
Local RMS Time Jitter,0.057,0.105,0.135,0.271,0.992, 2.058,4.89,,0.857,1.953,0.3673,,0.3958,µs,3.998877473497356,25.270847973102292
Server Jitter SHM(0),0.187,0.3392,0.5184,1.3962,3.4148, 5.1948,7.3245,,2.8964,4.8556,0.944,,1.594,ms,4.262660485691651,16.513802257209257
Server Jitter SHM(1),0.015,0.054,0.082,0.234,1.638, 3.46,11.312,,1.556,3.406,0.6694,,0.4559,µs,3.7936754043065766,32.46352335680234
Server Offset SHM(0),11.6944,13.2716,14.2195,19.2435,23.5721, 25.0052,27.5147,,9.3525,11.7337,3.0946,,18.8172,ms,146.3964057021807,823.3323726810572
Server Offset SHM(1),-11.783,-1.915,-0.515,0.005,0.575, 1.777,7.073,,1.09,3.692,0.5677,,-0.0,µs,-5.625571689488149,63.760309578040136
TDOP,0.62,0.62,0.75,1.05,2.47, 5.53,9.96,,1.72,4.91,0.9279,,1.2801, ,6.396770540175024,48.08557649727245
Temp ZONE0,50.7,50.7,51.8,53.45,54.55, 55.1,55.1,,2.75,4.4,0.8479,,53.2583,°C,236382.56734233713,14623340.917350031
nSats,10.0,11.0,12.0,14.0,16.0, 16.0,16.0,,4.0,5.0,1.2107,,13.7137,nSat,1132.2831752778504,12012.4583406037
