Name,Min,1%,5%,50%,95%,99%,Max,,90% Range,98% Range,StdDev,,Mean,Units,Skewness,Kurtosis
Local Clock Frequency Offset,8.8866,9.0412,9.0862,9.1602,9.2279, 9.2501,9.3044,,0.1417,0.2088,0.0431,,9.1586,ppm,9487275.585288452,2008513252.451575
Local Clock Time Offset,-17.298,-2.279,-0.479,0.004,0.508, 2.016,8.695,,0.987,4.295,0.6164,,0.0,µs,-6.368416962698896,86.07848862008453
Local RMS Frequency Jitter,0.345,0.659,0.83,1.8,9.91, 18.803,52.954,,9.08,18.144,3.6441,,3.153,ppb,3.3222990280587803,22.402371443393587
Local RMS Time Jitter,0.056,0.105,0.132,0.271,1.243, 2.134,7.568,,1.111,2.029,0.4247,,0.4202,µs,3.962386996016105,30.47981559225516
Server Jitter SHM(0),0.1487,0.3362,0.4906,1.2957,3.2675, 5.3187,8.1902,,2.7769,4.9824,0.941,,1.506,ms,4.140239918494012,17.266192439537395
Server Jitter SHM(1),0.019,0.049,0.072,0.214,1.803, 3.742,16.268,,1.731,3.693,0.7577,,0.4613,µs,3.863092274538912,37.49826026642148
Server Offset SHM(0),11.0261,12.8306,13.9044,18.8462,23.7965, 25.2813,27.0902,,9.8921,12.4507,3.1797,,18.6494,ms,129.83677390758209,706.0160732124591
Server Offset SHM(1),-17.299,-2.28,-0.48,0.005,0.509, 2.017,8.696,,0.989,4.297,0.6168,,0.0001,µs,-6.364337550735552,85.923398438121
TDOP,0.62,0.65,0.74,1.16,9.9, 26.17,67.01,,9.16,25.52,5.5517,,2.7668, ,6.065084735757436,65.95477818595597
Temp ZONE0,51.8,52.35,52.9,54.55,56.2, 57.3,57.3,,3.3,4.95,1.0811,,54.6348,°C,121702.83513709652,6036088.512974946
nSats,9.0,10.0,11.0,14.0,16.0, 16.0,16.0,,5.0,6.0,1.367,,13.6208,nSat,746.5914411954564,6921.617074738236
