Name,Min,1%,5%,50%,95%,99%,Max,,90% Range,98% Range,StdDev,,Mean,Units,Skewness,Kurtosis
Local Clock Frequency Offset,8.8638,9.0548,9.0739,9.1297,9.1734, 9.1883,9.2302,,0.0995,0.1334,0.0313,,9.1278,ppm,24458991.562305935,7100054546.04993
Local Clock Time Offset,-17.416,-2.122,-0.539,0.015,0.568, 1.794,9.641,,1.107,3.916,0.6144,,-0.0,µs,-6.747384014338271,102.09044871516116
Local RMS Frequency Jitter,0.445,0.773,0.992,1.981,8.502, 18.939,52.232,,7.51,18.166,3.5669,,3.2173,ppb,4.101930227969994,30.846700494509907
Local RMS Time Jitter,0.066,0.128,0.161,0.309,1.096, 2.213,7.931,,0.935,2.085,0.4336,,0.4463,µs,5.3842615299009875,51.322627263995564
Server Jitter SHM(0),0.1301,0.3093,0.4891,1.4095,3.4708, 5.5275,9.0566,,2.9817,5.2182,0.9761,,1.6082,ms,4.21065106583817,17.238997991862508
Server Jitter SHM(1),0.023,0.067,0.101,0.265,1.65, 3.759,16.262,,1.549,3.692,0.7361,,0.4917,µs,4.826756957927352,51.862037727834
Server Offset SHM(0),11.5876,13.0553,13.9197,18.8839,23.4279, 24.6394,26.8047,,9.5082,11.5841,3.1412,,18.6394,ms,134.90719939469224,740.5684067851677
Server Offset SHM(1),-17.417,-2.123,-0.54,0.016,0.569, 1.795,9.642,,1.109,3.918,0.6148,,0.0,µs,-6.741972508360631,101.87383477331069
TDOP,0.63,0.65,0.69,1.05,6.66, 16.11,29.8,,5.97,15.46,3.0313,,2.0717, ,4.269555890646317,33.069396414274145
Temp ZONE0,53.45,54.0,54.55,56.2,58.95, 59.5,60.05,,4.4,5.5,1.273,,56.4567,°C,81588.33967270503,3542439.9695900665
nSats,12.0,12.0,12.0,14.0,15.0, 16.0,16.0,,3.0,4.0,1.0205,,13.8167,nSat,2009.1333736497668,25663.64931130005
