Name,Min,1%,5%,50%,95%,99%,Max,,90% Range,98% Range,StdDev,,Mean,Units,Skewness,Kurtosis
Local Clock Frequency Offset,7.7892,7.9034,7.9286,8.0955,8.3165, 8.3374,8.3936,,0.3879,0.4341,0.115,,8.1066,ppm,336238.5223372887,23390722.1119685
Local Clock Time Offset,-13.276,-2.236,-0.447,0.004,0.519, 1.826,7.007,,0.966,4.062,0.567,,-0.0008,µs,-6.281621222789942,72.41885502961411
Local RMS Frequency Jitter,0.343,0.647,0.828,1.773,8.802, 17.02,36.69,,7.974,16.373,3.2507,,3.0139,ppb,3.080065397455876,17.515311513233982
Local RMS Time Jitter,0.058,0.098,0.127,0.26,1.071, 1.962,6.922,,0.944,1.864,0.3846,,0.3986,µs,3.862619119161244,28.0335593070701
Server Jitter SHM(0),0.1011,0.3295,0.5193,1.396,3.8062, 6.0437,12.0661,,3.2868,5.7142,1.1028,,1.6557,ms,4.110070772082224,19.825030511220014
Server Jitter SHM(1),0.016,0.045,0.068,0.208,1.72, 3.363,13.257,,1.652,3.318,0.6823,,0.4391,µs,3.463391826360614,30.0206974204419
Server Offset SHM(0),4.2232,12.0254,12.9751,17.9859,23.2427, 25.1269,27.4177,,10.2676,13.1014,3.2831,,17.8737,ms,101.19245448228935,512.437481718798
Server Offset SHM(1),-13.277,-2.237,-0.448,0.005,0.52, 1.827,7.008,,0.968,4.064,0.5674,,-0.0008,µs,-6.277251432692585,72.27730558509046
TDOP,0.7,0.76,0.8,1.2,12.5, 43.33,95.46,,11.7,42.57,8.2894,,3.371, ,5.370832345355156,55.77857271936193
Temp ZONE0,49.05,49.6,50.15,52.35,58.4, 60.05,60.6,,8.25,10.45,2.6438,,53.049,°C,6988.644725268763,134399.01158650554
nSats,9.0,10.0,12.0,14.0,15.0, 16.0,16.0,,3.0,6.0,1.2536,,13.8083,nSat,1033.4267415274624,10624.016906821616
