Name,Min,1%,5%,50%,95%,99%,Max,,90% Range,98% Range,StdDev,,Mean,Units,Skewness,Kurtosis
Local Clock Frequency Offset,8.4747,8.5638,8.609,8.9111,9.0054, 9.0176,9.079,,0.3964,0.4538,0.116,,8.8756,ppm,430907.0534538363,32558176.505159646
Local Clock Time Offset,-10.115,-2.179,-0.435,0.007,0.503, 1.658,9.082,,0.938,3.837,0.5464,,0.0001,µs,-6.0251173761231485,63.15601162350742
Local RMS Frequency Jitter,0.316,0.565,0.756,1.698,8.05, 17.417,42.992,,7.294,16.852,3.1596,,2.8749,ppb,3.130330781834718,17.84954789753697
Local RMS Time Jitter,0.041,0.087,0.118,0.26,1.064, 1.925,5.497,,0.946,1.838,0.3671,,0.3905,µs,3.5510708923263516,22.056908666021645
Server Jitter SHM(0),0.1093,0.3134,0.5139,1.3613,3.5366, 5.4686,8.1085,,3.0227,5.1551,0.9923,,1.594,ms,3.965286859150512,15.280939192533902
Server Jitter SHM(1),0.006,0.041,0.065,0.202,1.569, 3.365,12.817,,1.504,3.324,0.6572,,0.4205,µs,3.5324192806745494,29.611727406091934
Server Offset SHM(0),9.011,12.0123,13.6077,18.5604,23.6607, 24.8914,27.8034,,10.0529,12.8791,3.2902,,18.3424,ms,109.52512151166036,566.5258628601927
Server Offset SHM(1),-10.116,-2.18,-0.436,0.008,0.504, 1.659,9.083,,0.94,3.839,0.5468,,0.0001,µs,-6.021051803117233,63.032360134337125
TDOP,0.69,0.71,0.76,1.03,8.67, 50.62,124.37,,7.91,49.91,11.9896,,3.9861, ,6.012367583347425,60.03856890549522
Temp ZONE0,49.05,49.05,50.15,57.3,60.05, 62.25,62.8,,9.9,13.2,3.19,,56.1977,°C,4637.677600811825,77864.4631848623
nSats,9.0,10.0,12.0,14.0,16.0, 16.0,16.0,,4.0,6.0,1.2449,,13.7303,nSat,1038.454144183155,10704.436182601285
