Name,Min,1%,5%,50%,95%,99%,Max,,90% Range,98% Range,StdDev,,Mean,Units,Skewness,Kurtosis
Local Clock Frequency Offset,8.8325,8.9343,8.9659,9.0434,9.0895, 9.1107,9.1671,,0.1236,0.1764,0.0357,,9.0405,ppm,16023191.263107056,4039667546.6420155
Local Clock Time Offset,-15.376,-2.098,-0.526,0.014,0.555, 1.71,9.258,,1.081,3.808,0.5979,,-0.0001,µs,-6.033613146214602,81.29862149540656
Local RMS Frequency Jitter,0.436,0.775,0.998,1.971,8.355, 18.95,51.039,,7.357,18.175,3.4191,,3.1874,ppb,3.775558068729189,25.325407772699464
Local RMS Time Jitter,0.066,0.125,0.162,0.308,1.094, 2.075,7.046,,0.932,1.95,0.3932,,0.4384,µs,4.609869886904845,36.2153908396268
Server Jitter SHM(0),0.1506,0.3327,0.4824,1.3507,3.3168, 5.1159,7.9455,,2.8344,4.7831,0.9297,,1.5595,ms,4.100732572004616,15.750184033217304
Server Jitter SHM(1),0.023,0.065,0.101,0.268,1.657, 3.69,14.105,,1.556,3.625,0.7128,,0.4894,µs,4.389890607018397,42.171998325401866
Server Offset SHM(0),12.0041,13.1896,13.9395,18.9309,23.5275, 25.0275,27.7696,,9.588,11.8379,3.104,,18.6326,ms,140.22126143959522,778.7083175508521
Server Offset SHM(1),-15.377,-2.099,-0.527,0.015,0.556, 1.711,9.259,,1.083,3.81,0.5983,,-0.0001,µs,-6.029391227115029,81.12613013587232
TDOP,0.63,0.72,0.8,1.27,10.89, 65.08,127.53,,10.09,64.36,11.1767,,3.8737, ,5.476912302627075,56.11968970807053
Temp ZONE0,52.9,53.45,54.0,56.2,58.4, 58.95,61.15,,4.4,5.5,1.2917,,56.2981,°C,77347.72534245538,3299203.297638101
nSats,10.0,10.0,11.0,14.0,16.0, 16.0,16.0,,5.0,6.0,1.4085,,13.6307,nSat,679.0156806457138,6110.7819648389
