Name,Min,1%,5%,50%,95%,99%,Max,,90% Range,98% Range,StdDev,,Mean,Units,Skewness,Kurtosis
Local Clock Frequency Offset,8.699,8.9085,8.9485,9.057,9.1409, 9.1579,9.2081,,0.1924,0.2494,0.0545,,9.054,ppm,4505352.972874917,744166574.9814368
Local Clock Time Offset,-27.051,-2.132,-0.518,0.011,0.582, 1.833,14.331,,1.1,3.965,0.6169,,-0.0001,µs,-7.989693514728139,183.5184248092482
Local RMS Frequency Jitter,0.403,0.73,0.952,1.951,8.669, 18.466,77.814,,7.717,17.736,3.6125,,3.1949,ppb,4.760771737430675,51.15541645763933
Local RMS Time Jitter,0.075,0.116,0.152,0.305,1.11, 2.125,12.565,,0.958,2.009,0.4383,,0.4401,µs,6.576393495913631,95.15294783399158
Server Jitter SHM(0),0.1753,0.3265,0.5296,1.4569,3.329, 5.0591,9.5447,,2.7995,4.7326,0.9419,,1.6446,ms,4.568879488413657,19.032671344205806
Server Jitter SHM(1),0.024,0.061,0.095,0.26,1.652, 3.659,25.653,,1.557,3.598,0.7425,,0.4867,µs,5.879225848925907,94.97318604234052
Server Offset SHM(0),10.8842,12.1938,13.3247,17.8726,22.6554, 24.2477,26.4948,,9.3307,12.0539,3.0133,,17.8489,ms,134.1862854216766,736.5817746668799
Server Offset SHM(1),-27.052,-2.133,-0.519,0.012,0.583, 1.834,14.332,,1.102,3.967,0.6173,,-0.0,µs,-7.981912654935916,183.09125122453847
TDOP,0.69,0.72,0.75,1.1,18.06, 32.15,93.05,,17.31,31.43,8.1314,,4.0265, ,4.731858902329906,51.23986964141515
Temp ZONE0,52.35,52.35,52.9,55.1,57.3, 58.4,58.95,,4.4,6.05,1.2787,,55.1779,°C,75025.53536253718,3167893.552537076
nSats,8.0,9.0,11.0,13.0,16.0, 16.0,16.0,,5.0,7.0,1.5403,,13.3958,nSat,478.5432642395785,3851.9459985424596
