Name,Min,1%,5%,50%,95%,99%,Max,,90% Range,98% Range,StdDev,,Mean,Units,Skewness,Kurtosis
Local Clock Frequency Offset,7.711,7.8246,7.8535,7.9707,8.0934, 8.1181,8.1666,,0.2399,0.2935,0.0774,,7.9727,ppm,1061879.7517290204,108355383.19362119
Local Clock Time Offset,-11.446,-2.153,-0.404,0.003,0.48, 1.777,7.953,,0.884,3.93,0.5459,,0.0001,µs,-6.115404127063154,68.54571094701528
Local RMS Frequency Jitter,0.256,0.535,0.687,1.542,8.668, 16.664,34.976,,7.981,16.129,3.2247,,2.7956,ppb,2.8909603038429137,16.426231298575427
Local RMS Time Jitter,0.038,0.081,0.106,0.232,1.055, 1.89,4.991,,0.949,1.809,0.3737,,0.3729,µs,3.2959798662289415,20.120316892968116
Server Jitter SHM(0),0.2202,0.3885,0.5598,1.4216,3.5887, 5.4179,9.193,,3.0288,5.0294,0.9856,,1.6609,ms,4.256080228314541,16.56894758013507
Server Jitter SHM(1),0.013,0.036,0.055,0.175,1.645, 3.265,10.898,,1.59,3.229,0.6684,,0.4038,µs,3.290237916700166,27.643281476582445
Server Offset SHM(0),9.6803,11.9039,12.8437,17.8799,22.3199, 23.9288,26.5465,,9.4763,12.0249,3.074,,17.5496,ms,118.57908378308314,627.2994848511942
Server Offset SHM(1),-11.447,-2.154,-0.405,0.004,0.481, 1.778,7.954,,0.886,3.932,0.5463,,0.0002,µs,-6.111503270636764,68.41993764755179
TDOP,0.64,0.64,0.7,1.0,5.19, 12.73,17.92,,4.49,12.09,2.1246,,1.6732, ,3.6492237660325717,21.6032155438064
Temp ZONE0,50.15,50.7,51.25,53.45,56.75, 58.4,60.05,,5.5,7.7,1.7578,,53.6212,°C,25773.99185330826,763123.8948578312
nSats,10.0,10.0,11.0,13.0,15.0, 16.0,16.0,,4.0,6.0,1.4658,,13.3361,nSat,555.0553039277393,4685.314350999075
