Name,Min,1%,5%,50%,95%,99%,Max,,90% Range,98% Range,StdDev,,Mean,Units,Skewness,Kurtosis
Local Clock Frequency Offset,8.8178,8.8943,9.0041,9.1923,9.2468, 9.2701,9.3327,,0.2427,0.3758,0.0764,,9.1664,ppm,1686947.5016130963,200845574.3295958
Local Clock Time Offset,-21.773,-2.23,-0.589,0.017,0.591, 1.923,10.404,,1.18,4.153,0.6587,,-0.0004,µs,-7.8288678956023094,146.5523688313996
Local RMS Frequency Jitter,0.685,0.974,1.197,2.26,9.563, 19.314,60.55,,8.366,18.34,3.767,,3.5114,ppb,4.861541357789354,43.51928541615714
Local RMS Time Jitter,0.088,0.153,0.185,0.336,1.228, 2.22,9.808,,1.043,2.067,0.463,,0.4785,µs,6.226299485251259,70.78741684649245
Server Jitter SHM(0),0.1798,0.3694,0.5556,1.4133,3.4577, 5.4539,8.6298,,2.9022,5.0844,0.9664,,1.6316,ms,4.335861133879186,17.351211897312762
Server Jitter SHM(1),0.029,0.079,0.117,0.315,1.783, 3.664,21.4,,1.666,3.585,0.7815,,0.5425,µs,5.762891208114262,77.01033061670474
Server Offset SHM(0),11.7047,12.9447,13.9911,19.2384,24.0337, 25.3146,28.197,,10.0427,12.3699,3.1701,,19.0375,ms,140.40400412309234,779.9235343271206
Server Offset SHM(1),-21.774,-2.231,-0.59,0.018,0.592, 1.924,10.405,,1.182,4.155,0.6592,,-0.0004,µs,-7.8215931329598645,146.2336333624222
TDOP,0.62,0.63,0.69,0.99,5.11, 29.6,200.29,,4.42,28.97,13.4219,,2.7878, ,10.5638835108235,157.27849478736744
Temp ZONE0,49.6,50.7,51.8,54.55,58.95, 59.5,60.05,,7.15,8.8,2.2969,,54.9396,°C,12108.606934568197,279121.601902149
nSats,10.0,10.0,11.0,13.0,15.0, 16.0,16.0,,4.0,6.0,1.3228,,12.9917,nSat,712.6827973865483,6518.881748028713
