Name,Min,1%,5%,50%,95%,99%,Max,,90% Range,98% Range,StdDev,,Mean,Units,Skewness,Kurtosis
Local Clock Frequency Offset,7.9106,8.0001,8.0202,8.345,8.4377, 8.4555,8.51,,0.4175,0.4554,0.1354,,8.2955,ppm,218997.2575055377,13207420.82325645
Local Clock Time Offset,-20.142,-2.213,-0.485,0.006,0.553, 1.783,10.584,,1.038,3.996,0.5781,,-0.0007,µs,-6.730652350093502,102.52889049235871
Local RMS Frequency Jitter,0.413,0.651,0.854,1.871,8.802, 17.027,60.658,,7.948,16.376,3.3022,,3.0864,ppb,3.7212706959281423,29.97645413499062
Local RMS Time Jitter,0.051,0.099,0.131,0.28,1.056, 2.004,8.658,,0.925,1.905,0.3914,,0.4126,µs,4.623959208737396,44.29362387821696
Server Jitter SHM(0),0.1941,0.3796,0.5534,1.422,3.6577, 5.4458,9.0922,,3.1043,5.0662,1.0143,,1.672,ms,4.112497901480567,15.886711564311298
Server Jitter SHM(1),0.016,0.047,0.074,0.232,1.731, 3.313,18.993,,1.657,3.266,0.689,,0.459,µs,4.2540664135476485,51.069501066638104
Server Offset SHM(0),9.1049,10.698,12.2478,17.2289,22.2169, 24.2303,26.1091,,9.9692,13.5323,3.2639,,17.2711,ms,91.9489915143848,452.34145452811526
Server Offset SHM(1),-20.143,-2.214,-0.486,0.007,0.554, 1.784,10.585,,1.04,3.998,0.5786,,-0.0007,µs,-6.725236941111176,102.30138991832399
TDOP,0.65,0.7,0.76,1.2,15.31, 73.69,122.04,,14.55,72.99,11.9345,,4.1551, ,4.559950544535858,41.475847605765125
Temp ZONE0,48.5,49.05,49.6,54.0,57.3, 58.95,64.45,,7.7,9.9,2.4287,,53.8763,°C,9568.988512671624,204047.55218174585
nSats,10.0,11.0,11.0,13.0,15.0, 16.0,16.0,,4.0,5.0,1.2359,,13.35,nSat,971.0252017110921,9807.008293591656
