Name,Min,1%,5%,50%,95%,99%,Max,,90% Range,98% Range,StdDev,,Mean,Units,Skewness,Kurtosis
Local Clock Frequency Offset,7.5097,7.6401,7.6755,7.8063,7.8977, 7.9608,8.0218,,0.2222,0.3207,0.062,,7.8063,ppm,1948814.2791061276,243453542.44841737
Local Clock Time Offset,-20.526,-2.225,-0.422,0.004,0.61, 1.714,5.949,,1.032,3.939,0.6014,,0.0001,µs,-8.142037910306954,129.10771853883733
Local RMS Frequency Jitter,0.328,0.613,0.819,1.805,9.104, 18.42,56.705,,8.285,17.807,3.5303,,3.1056,ppb,3.4986656178619553,24.817238042921026
Local RMS Time Jitter,0.043,0.098,0.132,0.284,1.268, 2.166,8.781,,1.136,2.068,0.4512,,0.4436,µs,4.331385169029941,40.64662889528912
Server Jitter SHM(0),0.1972,0.4144,0.6271,1.5138,3.4065, 4.737,7.7004,,2.7794,4.3226,0.8843,,1.7069,ms,5.082272616979721,18.028844561949445
Server Jitter SHM(1),0.017,0.054,0.083,0.226,1.718, 3.554,20.558,,1.635,3.5,0.7291,,0.4567,µs,4.540380068509832,54.60250397173705
Server Offset SHM(0),-29.3297,-24.7261,-19.6208,-10.4306,0.3593, 3.5294,7.8657,,19.9801,28.2555,5.7996,,-10.2039,ms,-29.250712585845825,106.40985704723496
Server Offset SHM(1),-20.527,-2.226,-0.423,0.005,0.611, 1.715,5.95,,1.034,3.941,0.6018,,0.0001,µs,-8.134444772041821,128.83465735417678
Temp ZONE0,50.15,50.7,51.25,52.9,55.1, 56.2,57.85,,3.85,5.5,1.1941,,53.0415,°C,81981.29083270188,3565224.1271941885
