Name,Min,1%,5%,50%,95%,99%,Max,,90% Range,98% Range,StdDev,,Mean,Units,Skewness,Kurtosis
Local Clock Frequency Offset,8.4058,8.4723,8.5768,8.9698,9.0249, 9.0397,9.1039,,0.448,0.5674,0.1461,,8.8919,ppm,214869.81176324817,12876647.385419114
Local Clock Time Offset,-12.854,-2.099,-0.411,0.004,0.5, 1.764,7.836,,0.911,3.863,0.5518,,-0.0003,µs,-5.81910381199657,65.46229979332973
Local RMS Frequency Jitter,0.382,0.589,0.765,1.636,8.251, 17.732,43.123,,7.486,17.143,3.2262,,2.8648,ppb,3.1130001849938846,18.147961763182472
Local RMS Time Jitter,0.057,0.094,0.122,0.253,1.056, 1.946,5.556,,0.934,1.852,0.3654,,0.386,µs,3.5648040150022275,22.479125665776674
Server Jitter SHM(0),0.1194,0.3343,0.4854,1.3162,3.3339, 5.2791,7.6712,,2.8486,4.9448,0.9423,,1.5288,ms,4.088185109747142,16.253118663912847
Server Jitter SHM(1),0.016,0.048,0.074,0.201,1.583, 3.443,11.992,,1.509,3.395,0.6641,,0.4193,µs,3.646655954038446,31.13505079371384
Server Offset SHM(0),11.768,13.4054,14.0869,19.4508,24.1995, 25.4289,26.9493,,10.1126,12.0235,3.2502,,19.2299,ms,133.55240733067978,730.5114533314761
Server Offset SHM(1),-12.855,-2.1,-0.412,0.005,0.501, 1.765,7.837,,0.913,3.865,0.5523,,-0.0003,µs,-5.81550107848524,65.33402764420724
TDOP,0.7,0.71,0.73,1.09,6.62, 16.68,39.53,,5.89,15.97,3.4016,,2.083, ,5.696567249137796,56.77809527687865
Temp ZONE0,47.95,48.5,49.6,54.55,56.75, 57.3,57.3,,7.15,8.8,2.4197,,53.6975,°C,9579.678828677874,204325.67554647304
nSats,10.0,11.0,12.0,14.0,15.0, 16.0,16.0,,3.0,5.0,1.195,,13.7167,nSat,1181.417062096385,12696.945684920443
