Name,Min,1%,5%,50%,95%,99%,Max,,90% Range,98% Range,StdDev,,Mean,Units,Skewness,Kurtosis
Local Clock Frequency Offset,8.8002,9.0362,9.0622,9.1713,9.2229, 9.2483,9.3077,,0.1607,0.2121,0.0476,,9.1616,ppm,7008129.669909942,1341198575.4423952
Local Clock Time Offset,-30.157,-2.119,-0.549,0.018,0.547, 1.786,15.645,,1.096,3.905,0.6358,,0.0005,µs,-8.470399314088422,236.6706917853879
Local RMS Frequency Jitter,0.502,0.868,1.102,2.093,8.382, 19.045,90.729,,7.28,18.177,3.7444,,3.2689,ppb,5.850884583923463,74.73712694049345
Local RMS Time Jitter,0.085,0.138,0.177,0.328,1.103, 2.229,13.534,,0.926,2.091,0.4538,,0.4582,µs,7.772572578633816,126.51353022692507
Server Jitter SHM(0),0.1024,0.3245,0.5105,1.3339,3.2572, 4.994,8.3582,,2.7466,4.6695,0.9174,,1.5341,ms,4.308201623919182,17.51763586320699
Server Jitter SHM(1),0.021,0.078,0.116,0.294,1.609, 3.728,28.685,,1.493,3.65,0.7621,,0.5063,µs,7.342391330097964,139.24130893469402
Server Offset SHM(0),10.9483,13.4277,14.2454,19.1096,23.2842, 24.6089,27.5844,,9.0388,11.1813,2.9849,,18.7177,ms,162.21976490867343,939.9892429210396
Server Offset SHM(1),-30.158,-2.12,-0.55,0.019,0.548, 1.787,15.646,,1.098,3.907,0.6362,,0.0006,µs,-8.46164624429732,236.11169367164402
TDOP,0.67,0.7,0.77,1.07,4.9, 35.17,49.67,,4.13,34.47,5.2038,,2.2502, ,5.219947949116618,42.55132745211146
Temp ZONE0,50.7,51.8,53.45,55.65,58.4, 59.5,60.05,,4.95,7.7,1.579,,55.4971,°C,39917.97469982888,1366599.9467669397
nSats,10.0,11.0,12.0,14.0,15.0, 16.0,16.0,,3.0,5.0,1.1315,,13.7552,nSat,1421.784946506907,16228.237525596658
