Name,Min,1%,5%,50%,95%,99%,Max,,90% Range,98% Range,StdDev,,Mean,Units,Skewness,Kurtosis
Local Clock Frequency Offset,8.4526,8.6182,8.6625,8.79,8.8099, 8.8282,8.8733,,0.1473,0.21,0.0496,,8.764,ppm,5411436.837214035,950119089.5105896
Local Clock Time Offset,-13.875,-2.04,-0.515,0.009,0.589, 1.678,7.7,,1.104,3.718,0.5681,,0.0002,µs,-6.047764342908061,69.13419325923954
Local RMS Frequency Jitter,0.368,0.673,0.86,1.799,8.094, 17.76,38.982,,7.234,17.087,3.2474,,3.0307,ppb,3.3435076727337094,19.949882540704653
Local RMS Time Jitter,0.067,0.108,0.14,0.276,1.004, 2.059,5.839,,0.864,1.951,0.3794,,0.4044,µs,4.343787623169465,31.419060116135793
Server Jitter SHM(0),0.1747,0.3747,0.5927,1.421,3.6062, 5.6164,8.572,,3.0135,5.2417,0.9878,,1.6584,ms,4.367198943942458,17.42092299290626
Server Jitter SHM(1),0.018,0.057,0.085,0.236,1.654, 3.404,13.508,,1.569,3.347,0.6738,,0.4605,µs,3.911807014019802,35.28547664761664
Server Offset SHM(0),12.2877,13.4922,14.7469,19.3865,24.0263, 25.1197,27.5139,,9.2794,11.6275,3.0358,,19.3215,ms,170.4655949513462,1002.6425295294591
Server Offset SHM(1),-13.876,-2.041,-0.516,0.01,0.59, 1.679,7.701,,1.106,3.72,0.5686,,0.0002,µs,-6.0434277875419,68.98764958016245
TDOP,0.69,0.69,0.75,0.96,15.32, 63.6,141.39,,14.57,62.91,12.4519,,4.0269, ,5.527976101159483,57.68200341704684
Temp ZONE0,50.7,51.8,53.45,55.65,57.3, 57.85,58.4,,3.85,6.05,1.3477,,55.5795,°C,65280.983389649075,2631721.4590237495
nSats,11.0,11.0,12.0,14.0,16.0, 16.0,16.0,,4.0,5.0,1.056,,13.9752,nSat,1867.554551193641,23286.292321258028
