Name,Min,1%,5%,50%,95%,99%,Max,,90% Range,98% Range,StdDev,,Mean,Units,Skewness,Kurtosis
Local Clock Frequency Offset,8.7039,8.7807,8.8376,8.9091,8.9688, 9.0107,9.0628,,0.1311,0.23,0.0423,,8.9098,ppm,9217544.20370038,1932739580.0297568
Local Clock Time Offset,-12.876,-2.024,-0.459,0.006,0.508, 1.848,7.453,,0.967,3.872,0.5611,,-0.0003,µs,-5.87075466969774,70.46579694411304
Local RMS Frequency Jitter,0.302,0.633,0.825,1.759,8.213, 18.022,37.917,,7.388,17.389,3.2672,,2.9278,ppb,3.3015892249668575,19.051881220979116
Local RMS Time Jitter,0.053,0.101,0.132,0.272,1.061, 1.983,5.063,,0.929,1.882,0.3711,,0.3988,µs,3.9009505996562237,25.386363360327593
Server Jitter SHM(0),0.1617,0.3303,0.482,1.3061,3.0553, 5.1966,7.8549,,2.5733,4.8663,0.9007,,1.4899,ms,4.4467274206123895,19.564393661788642
Server Jitter SHM(1),0.013,0.048,0.078,0.224,1.572, 3.509,12.48,,1.494,3.461,0.6674,,0.4371,µs,3.902301702795157,34.167054059514726
Server Offset SHM(0),12.0512,13.3744,14.3836,19.2525,23.9059, 25.0896,26.8776,,9.5223,11.7152,3.0825,,19.0492,ms,154.5517233433915,883.6382245992809
Server Offset SHM(1),-12.877,-2.025,-0.46,0.007,0.509, 1.849,7.454,,0.969,3.874,0.5615,,-0.0003,µs,-5.866949841427852,70.32250033542297
TDOP,0.67,0.68,0.74,1.24,8.18, 17.75,41.06,,7.44,17.07,3.8942,,2.4597, ,4.852417525587741,43.28442905718124
Temp ZONE0,50.7,51.25,51.8,53.45,55.65, 57.3,58.95,,3.85,6.05,1.1771,,53.5732,°C,88328.58629168573,3937770.0501896655
nSats,9.0,10.0,11.0,14.0,15.0, 16.0,16.0,,4.0,6.0,1.1767,,13.4523,nSat,1166.0847647335145,12478.781705150093
