Name,Min,1%,5%,50%,95%,99%,Max,,90% Range,98% Range,StdDev,,Mean,Units,Skewness,Kurtosis
Local Clock Frequency Offset,8.9337,9.0312,9.0877,9.1412,9.1763, 9.1906,9.243,,0.0886,0.1594,0.0295,,9.1385,ppm,29465194.7037597,9100979493.368061
Local Clock Time Offset,-12.45,-2.154,-0.468,0.011,0.514, 1.75,6.852,,0.982,3.904,0.5613,,0.0,µs,-6.196625443978339,65.94086110081093
Local RMS Frequency Jitter,0.405,0.623,0.826,1.797,8.134, 17.828,35.516,,7.308,17.205,3.2303,,2.9709,ppb,3.232134061318123,18.04265030464316
Local RMS Time Jitter,0.049,0.099,0.133,0.278,1.086, 1.979,5.198,,0.953,1.88,0.3783,,0.4093,µs,3.7425845636149933,23.364869067804918
Server Jitter SHM(0),0.1801,0.349,0.5475,1.4396,3.4981, 5.5671,7.8711,,2.9506,5.2181,0.967,,1.6566,ms,4.489629973738251,18.045834587160805
Server Jitter SHM(1),0.017,0.047,0.074,0.217,1.614, 3.582,11.99,,1.54,3.535,0.6754,,0.4402,µs,3.5839514202459943,29.21676346137633
Server Offset SHM(0),11.5536,13.2352,14.0369,18.988,23.3411, 24.6049,26.3266,,9.3042,11.3698,3.0336,,18.5921,ms,150.31644637173895,852.0123105944149
Server Offset SHM(1),-12.451,-2.155,-0.469,0.012,0.515, 1.751,6.853,,0.984,3.906,0.5618,,0.0001,µs,-6.192104777888664,65.80892112199969
TDOP,0.63,0.65,0.79,1.1,11.03, 36.8,57.8,,10.24,36.15,6.4944,,3.1172, ,4.275237739615813,34.50692884728296
Temp ZONE0,54.0,54.0,55.1,57.3,59.5, 59.5,61.15,,4.4,5.5,1.3782,,57.229,°C,66671.33881115184,2706716.181263564
nSats,9.0,10.0,11.0,14.0,16.0, 16.0,16.0,,5.0,6.0,1.3621,,13.8208,nSat,791.8749744948987,7477.102413200051
