Name,Min,1%,5%,50%,95%,99%,Max,,90% Range,98% Range,StdDev,,Mean,Units,Skewness,Kurtosis
Local Clock Frequency Offset,7.0825,7.1706,7.2225,7.4385,7.5505, 7.6328,7.6789,,0.328,0.4622,0.0983,,7.4172,ppm,412633.2447873181,30730788.890524846
Local Clock Time Offset,-17.483,-2.13,-0.385,0.002,0.521, 1.76,7.864,,0.906,3.89,0.6013,,0.0004,µs,-7.2729071954637785,110.56724385290927
Local RMS Frequency Jitter,0.326,0.588,0.762,1.66,8.847, 19.293,48.334,,8.085,18.705,3.6318,,2.9844,ppb,3.387081245878994,22.29202179643988
Local RMS Time Jitter,0.055,0.092,0.123,0.26,1.236, 2.294,9.152,,1.113,2.202,0.4596,,0.4246,µs,4.256843372649661,39.80370300464093
Server Jitter SHM(0),0.4217,0.876,1.267,3.2983,9.378, 17.1093,24.9353,,8.111,16.2333,2.9733,,4.1295,ms,3.5257101816256573,15.554270583255853
Server Jitter SHM(1),0.014,0.051,0.076,0.202,1.635, 3.758,17.42,,1.559,3.707,0.7418,,0.4309,µs,4.396972985612237,46.84053700897393
Server Offset SHM(0),-20.4408,-6.645,-0.6513,10.1556,20.3374, 24.4458,31.5452,,20.9887,31.0908,6.5486,,9.9444,ms,1.419838298561323,4.655414150827872
Server Offset SHM(1),-17.484,-2.131,-0.386,0.003,0.522, 1.761,7.865,,0.908,3.892,0.6017,,0.0004,µs,-7.267282280675879,110.3578156653656
Temp ZONE0,47.4,47.95,48.5,51.8,53.45, 54.0,54.55,,4.95,6.05,1.4936,,51.3004,°C,37179.66393996872,1243094.6771078538
