Name,Min,1%,5%,50%,95%,99%,Max,,90% Range,98% Range,StdDev,,Mean,Units,Skewness,Kurtosis
Local Clock Frequency Offset,8.7288,8.9084,8.924,9.0138,9.0775, 9.1058,9.151,,0.1534,0.1974,0.0477,,9.0107,ppm,6633890.843235542,1246567038.2070673
Local Clock Time Offset,-16.938,-2.142,-0.53,0.012,0.572, 1.812,10.43,,1.102,3.954,0.6073,,0.0,µs,-6.496237030223405,102.28217235598294
Local RMS Frequency Jitter,0.467,0.79,1.003,1.988,8.314, 18.668,58.452,,7.311,17.878,3.5083,,3.1997,ppb,4.308134879695712,35.92096318286264
Local RMS Time Jitter,0.068,0.125,0.158,0.306,1.102, 2.101,9.1,,0.944,1.976,0.4147,,0.4396,µs,5.4905457942207905,58.64471748745212
Server Jitter SHM(0),0.1314,0.3442,0.5445,1.4381,3.3226, 4.9624,7.4722,,2.7781,4.6182,0.905,,1.6306,ms,4.565220947455457,16.960839450544952
Server Jitter SHM(1),0.027,0.065,0.1,0.266,1.653, 3.66,15.904,,1.553,3.595,0.7221,,0.488,µs,5.011097865307003,58.85675415418207
Server Offset SHM(0),9.7634,11.2779,12.9637,18.1396,23.1553, 24.8535,26.7252,,10.1916,13.5756,3.262,,17.8246,ms,102.41581942731844,519.8092711725918
Server Offset SHM(1),-16.939,-2.143,-0.531,0.013,0.573, 1.813,10.431,,1.104,3.956,0.6078,,0.0001,µs,-6.491212707649236,102.0585288750603
TDOP,0.66,0.66,0.73,1.05,12.36, 35.95,62.45,,11.63,35.29,6.3419,,3.0643, ,4.104594870756073,34.92114018964302
Temp ZONE0,52.35,52.35,53.45,55.1,57.85, 58.95,60.05,,4.4,6.6,1.3107,,55.2375,°C,69770.54722873527,2875761.5302053937
nSats,11.0,11.0,12.0,14.0,16.0, 16.0,16.0,,4.0,5.0,1.135,,14.1417,nSat,1538.9173189227815,18021.85627910356
