Name,Min,1%,5%,50%,95%,99%,Max,,90% Range,98% Range,StdDev,,Mean,Units,Skewness,Kurtosis
Local Clock Frequency Offset,8.884,9.0167,9.0758,9.2162,9.3451, 9.3721,9.4505,,0.2694,0.3554,0.0874,,9.2101,ppm,1138671.572979368,118926178.8848635
Local Clock Time Offset,-17.357,-2.265,-0.531,0.004,0.579, 2.006,9.047,,1.11,4.271,0.6125,,-0.0004,µs,-6.197016440037958,72.88455392533328
Local RMS Frequency Jitter,0.47,0.84,1.041,2.075,9.712, 18.135,48.897,,8.671,17.295,3.4391,,3.3321,ppb,3.4474382621491158,21.276131418155057
Local RMS Time Jitter,0.081,0.134,0.17,0.319,1.23, 1.963,7.187,,1.06,1.829,0.3916,,0.4527,µs,4.265497640726696,31.411826787846213
Server Jitter SHM(0),0.1613,0.3639,0.5299,1.3343,3.1381, 4.9348,7.8692,,2.6082,4.5708,0.8762,,1.5123,ms,4.64508251455226,19.623369979625107
Server Jitter SHM(1),0.023,0.062,0.097,0.263,1.811, 3.656,16.891,,1.714,3.594,0.7192,,0.4982,µs,3.843098754863145,35.34319635572879
Server Offset SHM(0),11.3118,12.9758,13.9489,18.581,22.7988, 24.2595,26.4687,,8.8498,11.2838,3.0078,,18.223,ms,144.6701532319512,811.27813936106
Server Offset SHM(1),-17.358,-2.266,-0.532,0.005,0.58, 2.007,9.048,,1.112,4.273,0.6129,,-0.0004,µs,-6.192868223978567,72.7405135922953
TDOP,0.69,0.75,0.79,1.03,12.01, 75.05,121.07,,11.22,74.3,12.2076,,3.786, ,5.4842832238234545,51.826094702628275
Temp ZONE0,49.6,50.15,50.7,52.9,54.55, 55.65,55.65,,3.85,5.5,1.3058,,52.7562,°C,61282.60766759542,2419208.9137723157
nSats,10.0,10.0,11.0,14.0,15.0, 16.0,16.0,,4.0,6.0,1.318,,13.4191,nSat,800.9310060706397,7595.292769496212
