Name,Min,1%,5%,50%,95%,99%,Max,,90% Range,98% Range,StdDev,,Mean,Units,Skewness,Kurtosis
Local Clock Frequency Offset,8.7838,9.0844,9.1039,9.1343,9.1536, 9.1658,9.2059,,0.0497,0.0814,0.0169,,9.132,ppm,155541754.49342647,83649943110.33444
Local Clock Time Offset,-28.581,-2.108,-0.528,0.015,0.553, 1.689,16.5,,1.081,3.797,0.6095,,-0.0001,µs,-7.707026110734746,205.8743074857656
Local RMS Frequency Jitter,0.445,0.766,0.995,1.961,8.406, 18.619,89.884,,7.411,17.853,3.5518,,3.1765,ppb,5.35187176803086,69.36414137980489
Local RMS Time Jitter,0.068,0.123,0.161,0.309,1.118, 2.149,12.854,,0.957,2.026,0.4341,,0.4433,µs,6.837462381342872,107.28449843447187
Server Jitter SHM(0),0.1964,0.3737,0.5503,1.4112,3.4487, 5.2941,7.8612,,2.8983,4.9205,0.9528,,1.6255,ms,4.351711075561757,16.696304004552836
Server Jitter SHM(1),0.018,0.062,0.098,0.266,1.634, 3.659,26.943,,1.536,3.597,0.7331,,0.4855,µs,6.477710602843791,123.81026410357354
Server Offset SHM(0),11.0422,12.7285,13.659,18.6036,23.6054, 24.6765,26.6198,,9.9465,11.948,3.1838,,18.5641,ms,127.26207111323725,687.1627676431989
Server Offset SHM(1),-28.582,-2.109,-0.529,0.016,0.554, 1.69,16.501,,1.083,3.799,0.6099,,-0.0,µs,-7.699578447459957,205.37320926342457
TDOP,0.67,0.71,0.77,1.28,27.69, 61.05,232.46,,26.92,60.34,17.409,,5.4753, ,7.4349364100880475,98.139550671764
Temp ZONE0,54.55,55.1,55.65,57.3,58.4, 58.95,59.5,,2.75,3.85,0.8848,,57.0594,°C,256135.22153705778,16274502.81324258
nSats,10.0,11.0,12.0,14.0,15.0, 16.0,16.0,,3.0,5.0,1.1529,,13.6708,nSat,1312.1483547373043,14587.344037820407
