Name,Min,1%,5%,50%,95%,99%,Max,,90% Range,98% Range,StdDev,,Mean,Units,Skewness,Kurtosis
Local Clock Frequency Offset,7.7251,7.8329,7.8681,8.024,8.1948, 8.274,8.3251,,0.3267,0.4411,0.0945,,8.0208,ppm,591073.0480674172,49618712.45222148
Local Clock Time Offset,-10.453,-2.208,-0.39,0.001,0.462, 1.842,7.979,,0.852,4.05,0.5428,,0.0009,µs,-5.601252223976767,57.15011290402087
Local RMS Frequency Jitter,0.3,0.524,0.678,1.584,8.628, 17.233,30.875,,7.95,16.709,3.1834,,2.8064,ppb,2.748560965513544,14.061516105382804
Local RMS Time Jitter,0.042,0.08,0.103,0.234,1.051, 1.91,4.8,,0.948,1.83,0.3721,,0.3716,µs,3.2107738373088357,18.868549404747124
Server Jitter SHM(0),0.203,0.3805,0.562,1.4352,3.5598, 5.4372,8.7958,,2.9978,5.0567,0.9955,,1.6593,ms,4.177475141804123,16.19162346099726
Server Jitter SHM(1),0.009,0.036,0.055,0.173,1.638, 3.346,10.533,,1.583,3.31,0.6604,,0.3992,µs,3.0946966475423823,24.047892204677535
Server Offset SHM(0),11.8089,12.8661,13.7605,18.9969,23.7976, 25.2067,27.0287,,10.0371,12.3406,3.1936,,18.6839,ms,128.67831808184744,696.9122146249243
Server Offset SHM(1),-10.454,-2.209,-0.391,0.002,0.463, 1.843,7.98,,0.854,4.052,0.5432,,0.0009,µs,-5.598243493461988,57.049724957327875
TDOP,0.65,0.67,0.69,0.93,5.18, 12.75,25.91,,4.49,12.08,2.434,,1.6657, ,5.186648630591886,44.264817370768505
Temp ZONE0,49.05,49.6,50.15,51.8,56.75, 58.95,60.05,,6.6,9.35,1.8895,,52.1606,°C,18913.988889030505,505495.27940127836
nSats,9.0,9.0,11.0,14.0,15.0, 16.0,16.0,,4.0,7.0,1.3644,,13.3776,nSat,708.2856231001647,6453.726547002648
