Name,Min,1%,5%,50%,95%,99%,Max,,90% Range,98% Range,StdDev,,Mean,Units,Skewness,Kurtosis
Local Clock Frequency Offset,8.9208,9.0134,9.0854,9.1393,9.1733, 9.1831,9.2277,,0.0879,0.1697,0.0313,,9.1345,ppm,24643694.53930694,7171631223.249602
Local Clock Time Offset,-16.309,-2.109,-0.534,0.015,0.558, 1.789,8.835,,1.092,3.898,0.6127,,0.0,µs,-6.949737571114761,104.28316567202425
Local RMS Frequency Jitter,0.352,0.805,1.027,1.995,8.438, 19.079,48.9,,7.411,18.274,3.551,,3.2153,ppb,4.083046051607543,29.487628777023065
Local RMS Time Jitter,0.059,0.129,0.166,0.314,1.091, 2.303,7.726,,0.925,2.174,0.4261,,0.4475,µs,5.231382068068253,47.69827958087578
Server Jitter SHM(0),0.1662,0.3742,0.6033,1.5241,3.4851, 5.6685,8.8114,,2.8818,5.2943,0.9747,,1.7325,ms,4.770380308114586,19.320815264852413
Server Jitter SHM(1),0.012,0.067,0.105,0.276,1.65, 3.728,15.184,,1.545,3.661,0.7327,,0.4953,µs,4.9222842404578335,51.97766649457631
Server Offset SHM(0),11.3127,13.034,13.7257,18.7011,23.9547, 25.1406,27.4853,,10.229,12.1065,3.1499,,18.5091,ms,130.70138721426642,712.8626818144799
Server Offset SHM(1),-16.31,-2.11,-0.535,0.016,0.559, 1.79,8.836,,1.094,3.9,0.6132,,0.0001,µs,-6.943830679153201,104.05753205146782
TDOP,0.68,0.7,0.73,1.16,2.95, 20.13,123.63,,2.22,19.43,8.1608,,2.1452, ,11.207105554158467,166.87421293234254
Temp ZONE0,53.45,54.0,54.55,56.2,57.85, 58.4,58.95,,3.3,4.4,1.1082,,56.3757,°C,124193.05154228499,6201213.872598931
nSats,8.0,11.0,11.0,14.0,16.0, 16.0,16.0,,5.0,5.0,1.4366,,13.834,nSat,667.935012669895,5974.416426702791
