Name,Min,1%,5%,50%,95%,99%,Max,,90% Range,98% Range,StdDev,,Mean,Units,Skewness,Kurtosis
Local Clock Frequency Offset,8.6779,8.8552,8.9061,9.0805,9.2863, 9.3491,9.4061,,0.3802,0.4939,0.121,,9.083,ppm,406654.31109221553,30138808.900878303
Local Clock Time Offset,-19.798,-2.226,-0.563,0.011,0.601, 1.935,10.411,,1.164,4.161,0.6331,,0.0001,µs,-6.3174475957099165,95.46549918052474
Local RMS Frequency Jitter,0.585,0.89,1.109,2.173,9.576, 18.634,61.768,,8.467,17.744,3.5755,,3.4224,ppb,4.1760834307242085,32.91791029156129
Local RMS Time Jitter,0.085,0.141,0.176,0.33,1.229, 2.135,9.056,,1.053,1.994,0.4334,,0.4695,µs,5.339296110455303,53.63806728690624
Server Jitter SHM(0),0.1673,0.3314,0.5304,1.3795,3.0704, 4.7767,7.926,,2.54,4.4452,0.8527,,1.5447,ms,4.82035959913641,19.443884800610814
Server Jitter SHM(1),0.024,0.072,0.105,0.291,1.779, 3.638,18.507,,1.674,3.566,0.7427,,0.5215,µs,4.751853048181218,53.70175205320349
Server Offset SHM(0),11.6483,13.1448,14.0895,18.9018,23.712, 24.8985,27.4646,,9.6226,11.7537,3.1417,,18.8341,ms,139.63899573637647,774.7588550780187
Server Offset SHM(1),-19.799,-2.227,-0.564,0.012,0.602, 1.936,10.412,,1.166,4.163,0.6335,,0.0002,µs,-6.312955328858128,95.26535804849532
TDOP,0.67,0.68,0.73,1.14,7.34, 31.99,109.62,,6.61,31.31,7.8637,,2.6228, ,8.807255984793361,118.2930620767367
Temp ZONE0,48.5,49.05,49.6,52.35,56.75, 58.95,60.05,,7.15,9.9,2.1036,,52.586,°C,13893.96728549275,335227.6973841572
nSats,7.0,9.0,12.0,14.0,15.0, 16.0,16.0,,3.0,7.0,1.1937,,13.4875,nSat,1122.2027889954331,11847.05720705463
