Name,Min,1%,5%,50%,95%,99%,Max,,90% Range,98% Range,StdDev,,Mean,Units,Skewness,Kurtosis
Local Clock Frequency Offset,8.8213,8.9293,8.9684,9.1646,9.2303, 9.2573,9.3132,,0.2619,0.328,0.0778,,9.1427,ppm,1582790.7131865656,184485039.441479
Local Clock Time Offset,-20.654,-2.325,-0.568,0.013,0.603, 1.955,12.736,,1.171,4.28,0.6385,,-0.0,µs,-6.22931086384258,95.89312293549136
Local RMS Frequency Jitter,0.653,0.956,1.158,2.177,9.733, 18.798,66.98,,8.575,17.842,3.596,,3.4618,ppb,4.236848147901212,35.54896256141738
Local RMS Time Jitter,0.104,0.149,0.183,0.333,1.215, 2.103,9.33,,1.032,1.954,0.4192,,0.4709,µs,5.277375776331565,53.32563826643405
Server Jitter SHM(0),0.1113,0.3052,0.4893,1.3274,3.185, 5.0669,7.9328,,2.6958,4.7617,0.8927,,1.5115,ms,4.4048902238301055,18.155841322364527
Server Jitter SHM(1),0.029,0.08,0.118,0.3,1.841, 3.664,19.19,,1.723,3.584,0.7496,,0.5327,µs,4.872834503486092,58.76624618670214
Server Offset SHM(0),11.9855,13.0001,13.9191,19.0498,23.8444, 25.235,27.8649,,9.9253,12.2348,3.1583,,18.8344,ms,137.21151485924855,757.5336055757265
Server Offset SHM(1),-20.655,-2.326,-0.569,0.014,0.604, 1.956,12.737,,1.173,4.282,0.6389,,0.0,µs,-6.224956733961161,95.68893039524764
TDOP,0.68,0.7,0.75,1.18,3.99, 5.09,5.97,,3.24,4.39,1.0294,,1.6298, ,3.6211418921704888,11.534519896273988
Temp ZONE0,50.15,50.7,51.25,54.0,55.65, 56.2,56.75,,4.4,5.5,1.3123,,53.7421,°C,63891.949762137265,2557389.263978059
nSats,10.0,11.0,11.0,14.0,16.0, 16.0,16.0,,5.0,5.0,1.2326,,13.5934,nSat,1038.4054496041042,10712.957474960102
