Name,Min,1%,5%,50%,95%,99%,Max,,90% Range,98% Range,StdDev,,Mean,Units,Skewness,Kurtosis
Local Clock Frequency Offset,8.4545,8.6096,8.6297,8.7106,8.7823, 8.8072,8.8608,,0.1527,0.1976,0.0463,,8.7077,ppm,6544114.577384526,1224125609.1389832
Local Clock Time Offset,-12.026,-1.977,-0.503,0.007,0.594, 1.721,7.435,,1.097,3.698,0.5677,,-0.0,µs,-5.921421752147304,64.84362706216147
Local RMS Frequency Jitter,0.305,0.666,0.846,1.79,8.091, 17.913,36.099,,7.245,17.247,3.25,,3.0228,ppb,3.3006832574848843,19.10731088714792
Local RMS Time Jitter,0.045,0.106,0.136,0.272,0.996, 2.062,5.062,,0.86,1.956,0.3686,,0.3984,µs,4.090734965242615,27.09962359336852
Server Jitter SHM(0),0.2213,0.3615,0.5656,1.4021,3.4085, 5.3267,7.7256,,2.8429,4.9652,0.9478,,1.6263,ms,4.390053669888686,16.89308268106614
Server Jitter SHM(1),0.011,0.054,0.084,0.234,1.637, 3.407,11.661,,1.553,3.353,0.6734,,0.458,µs,3.830069306034679,33.07788547526394
Server Offset SHM(0),11.9609,13.0807,14.2789,19.4369,24.0281, 25.3506,28.0925,,9.7492,12.2699,3.1683,,19.2033,ms,144.7923213020116,811.1895968883047
Server Offset SHM(1),-12.027,-1.978,-0.504,0.008,0.595, 1.722,7.436,,1.099,3.7,0.5681,,0.0,µs,-5.917397876692317,64.70993868115484
TDOP,0.71,0.74,0.79,0.97,4.04, 7.13,12.44,,3.25,6.39,1.3272,,1.5446, ,4.088769884334366,25.740529146433087
Temp ZONE0,51.25,51.8,52.9,54.55,56.75, 58.4,58.4,,3.85,6.6,1.2638,,54.7081,°C,75755.52949878626,3209022.846243406
nSats,11.0,12.0,12.0,14.0,16.0, 16.0,16.0,,4.0,4.0,1.0066,,14.1083,nSat,2243.841739431296,29709.626829954577
