Name,Min,1%,5%,50%,95%,99%,Max,,90% Range,98% Range,StdDev,,Mean,Units,Skewness,Kurtosis
Local Clock Frequency Offset,7.7554,7.8896,7.9517,8.0495,8.1233, 8.1555,8.2229,,0.1716,0.266,0.0577,,8.046,ppm,2651532.137522014,367035153.2728952
Local Clock Time Offset,-10.453,-2.223,-0.394,0.0,0.47, 1.848,6.481,,0.864,4.071,0.5456,,0.0,µs,-5.740542659204123,58.315875336727956
Local RMS Frequency Jitter,0.3,0.521,0.67,1.587,8.676, 17.091,31.128,,8.006,16.57,3.1925,,2.8295,ppb,2.6815237243275916,13.52431517451002
Local RMS Time Jitter,0.042,0.08,0.104,0.237,1.055, 1.915,4.8,,0.951,1.835,0.3723,,0.3763,µs,3.1719258716727197,18.42531946343935
Server Jitter SHM(0),0.1631,0.3759,0.5628,1.4132,3.5187, 5.5263,8.7958,,2.956,5.1503,0.9929,,1.641,ms,4.1996163551726955,16.663049946244236
Server Jitter SHM(1),0.009,0.036,0.056,0.173,1.676, 3.34,10.533,,1.62,3.304,0.6645,,0.4034,µs,3.0080019173070363,22.843551410982432
Server Offset SHM(0),11.8768,13.0123,13.9152,19.3747,24.0845, 25.2046,27.0287,,10.1694,12.1923,3.1778,,18.9868,ms,137.99946194040913,762.053890750489
Server Offset SHM(1),-10.454,-2.224,-0.395,-0.0,0.471, 1.849,6.482,,0.866,4.073,0.546,,0.0,µs,-5.737426192143219,58.21445619751912
TDOP,0.67,0.67,0.76,1.16,14.5, 42.2,120.67,,13.74,41.53,10.4514,,4.2499, ,5.693741931911338,59.58503732252085
Temp ZONE0,49.6,50.15,50.7,51.8,54.0, 54.55,54.55,,3.3,4.4,0.9425,,52.1827,°C,160844.86147164897,8753285.955689207
nSats,9.0,9.0,10.0,13.0,15.0, 15.0,16.0,,5.0,6.0,1.4644,,13.0375,nSat,516.7444943603278,4260.5472102710855
