Name,Min,1%,5%,50%,95%,99%,Max,,90% Range,98% Range,StdDev,,Mean,Units,Skewness,Kurtosis
Local Clock Frequency Offset,8.2036,8.319,8.3581,8.5257,8.6203, 8.6533,8.7029,,0.2622,0.3343,0.0738,,8.5266,ppm,1505820.7133033597,172622130.12342
Local Clock Time Offset,-13.436,-2.12,-0.375,0.004,0.557, 1.705,7.213,,0.932,3.825,0.5827,,0.0009,µs,-6.749957798340792,85.0470872382302
Local RMS Frequency Jitter,0.251,0.501,0.662,1.484,8.361, 19.412,41.425,,7.699,18.911,3.5247,,2.8855,ppb,2.995414080355179,17.774585356683563
Local RMS Time Jitter,0.036,0.081,0.109,0.241,1.131, 2.265,5.465,,1.022,2.184,0.425,,0.4,µs,3.4054423259313262,21.428537187262762
Server Jitter SHM(0),0.1815,0.3727,0.5922,1.3934,3.3604, 5.4467,7.9564,,2.7682,5.0739,0.9348,,1.6142,ms,4.619462638418565,18.88584966772825
Server Jitter SHM(1),0.016,0.042,0.064,0.178,1.689, 3.778,13.412,,1.625,3.736,0.7208,,0.4141,µs,3.707955601288004,33.826867993976876
Server Offset SHM(0),10.7614,11.9258,13.117,18.6083,24.4073, 25.6387,28.4396,,11.2904,13.7129,3.4439,,18.6764,ms,99.82716912600894,502.8027331847402
Server Offset SHM(1),-13.437,-2.121,-0.376,0.005,0.558, 1.706,7.214,,0.934,3.827,0.5831,,0.0009,µs,-6.745198983904021,84.89473683022305
TDOP,0.69,0.7,0.76,1.18,5.21, 35.02,125.39,,4.45,34.32,9.5324,,2.8155, ,7.845632706782704,96.62658271659777
Temp ZONE0,49.05,50.15,51.25,52.9,55.1, 55.65,56.2,,3.85,5.5,1.3129,,53.1145,°C,61536.994857329395,2432583.3002267657
nSats,5.0,5.0,5.0,14.0,15.0, 16.0,16.0,,10.0,11.0,3.0005,,12.9668,nSat,44.78380182329489,168.90079597973653
