Name,Min,1%,5%,50%,95%,99%,Max,,90% Range,98% Range,StdDev,,Mean,Units,Skewness,Kurtosis
Local Clock Frequency Offset,8.236,8.3589,8.3926,8.457,8.4863, 8.5114,8.5615,,0.0937,0.1525,0.0317,,8.4495,ppm,18813411.27520082,5003827006.139222
Local Clock Time Offset,-11.958,-2.129,-0.38,0.004,0.561, 1.643,6.21,,0.941,3.772,0.5683,,-0.0001,µs,-6.752355679195034,74.5225250088351
Local RMS Frequency Jitter,0.182,0.515,0.671,1.479,8.446, 18.259,35.974,,7.775,17.744,3.3979,,2.8627,ppb,2.7953694750231173,15.569038828239355
Local RMS Time Jitter,0.028,0.08,0.11,0.233,1.166, 2.217,5.069,,1.056,2.137,0.4204,,0.3989,µs,3.075830622269196,17.484146111432295
Server Jitter SHM(0),0.22,0.4117,0.6106,1.4981,3.6348, 5.485,7.8357,,3.0242,5.0732,0.9839,,1.7297,ms,4.4896965735117895,16.73341804946736
Server Jitter SHM(1),0.011,0.042,0.065,0.177,1.71, 3.636,11.95,,1.645,3.594,0.7006,,0.4134,µs,3.331482935772696,27.570804328695854
Server Offset SHM(0),10.3042,11.8609,13.4213,18.2036,23.2553, 24.3745,25.8182,,9.8341,12.5136,3.1295,,18.0915,ms,123.66297580136374,662.4473109192735
Server Offset SHM(1),-11.959,-2.13,-0.381,0.005,0.562, 1.644,6.211,,0.943,3.774,0.5687,,-0.0001,µs,-6.747523984890724,74.38914278525363
TDOP,0.67,0.69,0.72,0.95,19.11, 56.8,111.05,,18.39,56.11,10.2289,,3.4668, ,4.687319024039064,45.92975751744497
Temp ZONE0,51.8,52.9,53.45,55.1,58.4, 59.5,59.5,,4.95,6.6,1.5018,,55.3498,°C,46201.76647679407,1660480.1374792892
nSats,5.0,5.0,5.0,13.0,15.0, 16.0,16.0,,10.0,11.0,2.3727,,12.6917,nSat,93.29502155833359,443.5604725025963
