Name,Min,1%,5%,50%,95%,99%,Max,,90% Range,98% Range,StdDev,,Mean,Units,Skewness,Kurtosis
Local Clock Frequency Offset,8.3362,8.4923,8.525,8.5542,8.5805, 8.5845,8.6169,,0.0555,0.0922,0.0208,,8.5535,ppm,68845492.62889935,28216674415.881004
Local Clock Time Offset,-13.15,-2.216,-0.42,0.011,0.563, 1.58,6.813,,0.983,3.796,0.5946,,-0.0001,µs,-7.969361394306635,102.95415437643906
Local RMS Frequency Jitter,0.306,0.597,0.777,1.612,8.517, 19.298,42.802,,7.74,18.701,3.5616,,2.987,ppb,3.2114861862281607,19.62784950138567
Local RMS Time Jitter,0.047,0.093,0.126,0.254,1.173, 2.46,5.601,,1.047,2.367,0.4553,,0.4207,µs,3.6447297710296978,23.704131273693708
Server Jitter SHM(0),0.1511,0.3925,0.5992,1.4916,3.9881, 5.6734,8.4665,,3.3889,5.2809,1.0713,,1.7648,ms,4.028007445802819,14.726397225869416
Server Jitter SHM(1),0.016,0.047,0.074,0.202,1.703, 3.879,13.114,,1.629,3.832,0.7363,,0.4383,µs,3.996473267213665,38.06772050433956
Server Offset SHM(0),9.9866,11.764,12.9077,18.1962,23.803, 25.1472,26.943,,10.8953,13.3832,3.3918,,18.2527,ms,97.31857885408489,487.0158971909588
Server Offset SHM(1),-13.151,-2.217,-0.421,0.012,0.564, 1.581,6.814,,0.985,3.798,0.595,,-0.0,µs,-7.962317834766784,102.75570345259591
TDOP,0.65,0.68,0.7,0.99,6.66, 31.65,65.91,,5.96,30.97,5.8613,,2.3387, ,5.726223456015894,56.21869718861783
Temp ZONE0,55.65,55.65,56.75,58.4,60.05, 60.6,67.2,,3.3,4.95,1.1771,,58.2167,°C,113926.24512948374,5527800.483583794
nSats,5.0,5.0,7.0,13.0,15.0, 16.0,16.0,,8.0,11.0,2.521,,12.4458,nSat,71.30282521721544,314.25543895752475
