Name,Min,1%,5%,50%,95%,99%,Max,,90% Range,98% Range,StdDev,,Mean,Units,Skewness,Kurtosis
Local Clock Frequency Offset,8.6758,8.7961,8.9169,8.9987,9.0586, 9.0844,9.1375,,0.1416,0.2884,0.0465,,8.9938,ppm,7139725.946855293,1374881409.9163883
Local Clock Time Offset,-10.985,-2.072,-0.503,0.009,0.544, 1.818,9.578,,1.047,3.89,0.583,,0.0002,µs,-5.840079230856665,67.05100382768569
Local RMS Frequency Jitter,0.464,0.778,0.974,1.922,8.405, 18.751,38.356,,7.431,17.973,3.3379,,3.1037,ppb,3.4788417449329385,19.838080634720946
Local RMS Time Jitter,0.068,0.123,0.155,0.296,1.078, 2.084,4.654,,0.923,1.961,0.3786,,0.4229,µs,4.038866465884833,24.77458440123167
Server Jitter SHM(0),0.1478,0.3286,0.5301,1.4407,3.3153, 5.3024,7.7898,,2.7852,4.9738,0.9254,,1.6303,ms,4.569635426460128,18.142737398965362
Server Jitter SHM(1),0.019,0.066,0.099,0.259,1.609, 3.673,12.264,,1.51,3.607,0.6876,,0.4726,µs,4.102708782558061,35.02782064814199
Server Offset SHM(0),9.7005,11.9095,13.5462,18.3932,23.9056, 25.1587,28.3753,,10.3594,13.2492,3.2429,,18.5213,ms,118.75305850106322,628.9299425418092
Server Offset SHM(1),-10.986,-2.073,-0.504,0.01,0.545, 1.819,9.579,,1.049,3.892,0.5834,,0.0003,µs,-5.836254481212951,66.91458255187318
TDOP,0.63,0.66,0.72,1.2,8.28, 29.49,58.49,,7.56,28.83,5.2928,,2.7491, ,5.077367599842928,47.779307930881586
Temp ZONE0,50.7,52.35,52.9,54.55,56.75, 57.85,57.85,,3.85,5.5,1.1239,,54.5203,°C,107389.67200337467,5109019.109627598
nSats,11.0,11.0,12.0,14.0,15.0, 16.0,16.0,,3.0,5.0,1.2109,,13.5602,nSat,1091.2244228757816,11441.272280635865
