Name,Min,1%,5%,50%,95%,99%,Max,,90% Range,98% Range,StdDev,,Mean,Units,Skewness,Kurtosis
Local Clock Frequency Offset,7.5814,7.7408,7.7594,7.8209,7.9239, 7.9664,8.0243,,0.1645,0.2256,0.0508,,7.8292,ppm,3597759.2274513114,551332144.2712873
Local Clock Time Offset,-20.526,-2.27,-0.416,0.004,0.616, 1.68,6.327,,1.032,3.95,0.6018,,0.0001,µs,-7.896165968739053,119.59802712097975
Local RMS Frequency Jitter,0.206,0.615,0.81,1.78,9.088, 18.57,56.705,,8.278,17.955,3.5356,,3.1037,ppb,3.408016257161696,23.343190603065946
Local RMS Time Jitter,0.035,0.099,0.131,0.28,1.263, 2.147,8.781,,1.132,2.048,0.4461,,0.4412,µs,4.0782655347792165,35.52765643044994
Server Jitter SHM(0),0.1972,0.4144,0.6384,1.5136,3.3706, 4.7342,7.7004,,2.7322,4.3198,0.8793,,1.702,ms,5.171675375456181,18.674987283645816
Server Jitter SHM(1),0.015,0.053,0.081,0.221,1.717, 3.597,20.558,,1.636,3.544,0.7329,,0.4546,µs,4.375483688862756,49.615534528014436
Server Offset SHM(0),-29.152,-22.9308,-17.4307,-8.1013,0.1432, 4.3838,10.6674,,17.5739,27.3146,5.3801,,-8.509,ms,-25.180593148307523,90.25876664529376
Server Offset SHM(1),-20.527,-2.271,-0.417,0.005,0.617, 1.681,6.328,,1.034,3.952,0.6022,,0.0001,µs,-7.889134716229769,119.35191016006895
Temp ZONE0,50.7,51.25,51.8,53.45,55.65, 56.75,57.85,,3.85,5.5,1.1625,,53.3861,°C,90785.0721724828,4084355.186348315
