Name,Min,1%,5%,50%,95%,99%,Max,,90% Range,98% Range,StdDev,,Mean,Units,Skewness,Kurtosis
Local Clock Frequency Offset,8.8822,9.0163,9.0585,9.1084,9.1423, 9.1581,9.2134,,0.0838,0.1418,0.0281,,9.1051,ppm,33881479.40378385,10963723793.038036
Local Clock Time Offset,-13.354,-2.088,-0.513,0.012,0.548, 1.744,7.982,,1.061,3.832,0.5958,,0.0002,µs,-6.654453585631987,85.49454709635224
Local RMS Frequency Jitter,0.307,0.705,0.916,1.919,8.333, 18.781,46.362,,7.417,18.076,3.4574,,3.1217,ppb,3.704176529047426,24.48907965999447
Local RMS Time Jitter,0.053,0.115,0.148,0.299,1.097, 2.172,6.89,,0.949,2.057,0.4088,,0.4326,µs,4.516333736927451,35.31476031075236
Server Jitter SHM(0),0.1208,0.328,0.5001,1.3586,3.2191, 5.2911,7.5475,,2.719,4.9631,0.9219,,1.5595,ms,4.47409517662432,18.684681561454994
Server Jitter SHM(1),0.017,0.059,0.091,0.252,1.634, 3.702,12.899,,1.543,3.643,0.7139,,0.4758,µs,4.394531793712724,42.63649936824257
Server Offset SHM(0),10.7555,12.5339,14.0839,18.9213,23.733, 25.0651,27.2424,,9.6491,12.5313,3.2132,,18.8757,ms,130.41426185103734,708.6379305893613
Server Offset SHM(1),-13.355,-2.089,-0.514,0.013,0.549, 1.745,7.983,,1.063,3.834,0.5962,,0.0002,µs,-6.649163657572441,85.31778645000166
TDOP,0.71,0.73,0.78,1.51,9.72, 24.18,64.79,,8.94,23.45,6.201,,2.9263, ,5.6417825336271745,52.79632341835071
Temp ZONE0,52.9,53.45,54.0,56.2,57.85, 58.4,59.5,,3.85,4.95,1.0643,,56.0808,°C,138276.66386910787,7155764.602793523
nSats,9.0,10.0,11.0,14.0,15.0, 16.0,16.0,,4.0,6.0,1.3601,,13.5125,nSat,739.4831333763096,6832.855780012631
