Name,Min,1%,5%,50%,95%,99%,Max,,90% Range,98% Range,StdDev,,Mean,Units,Skewness,Kurtosis
Local Clock Frequency Offset,7.8878,7.9749,7.999,8.381,8.4811, 8.5092,16.5363,,0.4821,0.5343,0.2188,,8.318,ppm,50818.11010881963,1886477.311494243
Local Clock Time Offset,-67.269,-2.309,-0.441,0.002,0.543, 1.895,43004.3,,0.984,4.204,837.0998,,25.417,µs,35.5542411374551,1523.7980479149878
Local RMS Frequency Jitter,0.0,0.57,0.739,1.707,8.33, 19.929,1555.621,,7.591,19.359,23.9812,,3.6089,ppb,42.313947592481,2203.2434372119233
Local RMS Time Jitter,0.048,0.093,0.118,0.256,1.108, 2.503,15203.888,,0.99,2.41,208.8144,,6.1227,µs,45.802266157017186,2601.707467138264
Server Jitter SHM(0),0.0,0.3553,0.5614,1.3714,3.3952, 5.3686,25.5973,,2.8338,5.0133,1.1493,,1.6095,ms,8.274379770489872,123.08455435099687
Server Jitter SHM(1),0.0,0.043,0.065,0.196,1.663, 4.08,4473.064,,1.598,4.037,126.454,,4.8853,µs,28.337912790193744,957.5047027869681
Server Offset SHM(0),10.1779,11.4517,13.5326,19.2354,24.268, 25.8464,59.3964,,10.7354,14.3947,3.5507,,19.0243,ms,96.33897219448912,491.79330248333974
Server Offset SHM(1),-67.27,-2.31,-0.442,0.003,0.544, 1.901,43004.3,,0.986,4.211,837.1026,,25.428,µs,35.55388502862426,1523.7770962035856
TDOP,0.67,0.7,0.76,1.13,6.03, 28.56,268.93,,5.27,27.86,17.9604,,3.4483, ,10.678514953016666,159.16618605617572
Temp ZONE0,47.4,47.95,49.05,53.45,55.1, 55.65,56.2,,6.05,7.7,2.1509,,52.6992,°C,13048.961803792965,308270.80258359853
nSats,10.0,10.0,11.0,14.0,15.0, 16.0,16.0,,4.0,6.0,1.2918,,13.4066,nSat,852.5938161593626,8250.250470017867
