Name,Min,1%,5%,50%,95%,99%,Max,,90% Range,98% Range,StdDev,,Mean,Units,Skewness,Kurtosis
Local Clock Frequency Offset,7.324,7.4852,7.5141,7.5774,7.6787, 7.7185,7.7997,,0.1646,0.2333,0.0495,,7.5822,ppm,3527741.350156555,537072998.0853195
Local Clock Time Offset,-13.898,-2.245,-0.399,0.002,0.587, 1.686,7.532,,0.986,3.931,0.5888,,-0.0002,µs,-7.2741824176871255,91.56980225437493
Local RMS Frequency Jitter,0.27,0.555,0.757,1.695,8.972, 18.858,48.728,,8.215,18.303,3.5172,,3.0303,ppb,3.158822386737839,19.23580868273759
Local RMS Time Jitter,0.042,0.089,0.12,0.27,1.244, 2.214,6.961,,1.124,2.125,0.4349,,0.4313,µs,3.3911005812845896,21.676205203849147
Server Jitter SHM(0),0.3103,0.6154,0.9134,2.1432,7.5656, 14.4323,49.6075,,6.6521,13.8169,2.9141,,2.9366,ms,5.359182613813928,50.71070024557293
Server Jitter SHM(1),0.0,0.049,0.077,0.209,1.661, 3.621,13.973,,1.584,3.572,0.7183,,0.4385,µs,3.953953115916439,36.567240802827286
Server Offset SHM(0),-67.2028,-59.2826,-53.7908,-35.752,-20.9476, -17.6729,24.4059,,32.8431,41.6098,10.2449,,-35.9466,ms,-105.30426754662165,540.476282069405
Server Offset SHM(1),-13.899,-2.246,-0.4,0.003,0.588, 1.687,7.533,,0.988,3.933,0.5892,,-0.0002,µs,-7.268347486614956,91.39402424115639
Temp ZONE0,50.7,50.7,51.8,52.9,55.65, 56.75,56.75,,3.85,6.05,1.1533,,53.2,°C,92054.61662039545,4160651.318108634
