Name,Min,1%,5%,50%,95%,99%,Max,,90% Range,98% Range,StdDev,,Mean,Units,Skewness,Kurtosis
Local Clock Frequency Offset,8.9076,9.0568,9.078,9.1203,9.1508, 9.1766,9.222,,0.0727,0.1198,0.0222,,9.1192,ppm,68762018.68201584,28171068676.16064
Local Clock Time Offset,-17.547,-2.098,-0.475,0.011,0.521, 1.753,8.334,,0.996,3.851,0.5756,,-0.0003,µs,-6.308905726705846,83.42913205171072
Local RMS Frequency Jitter,0.419,0.701,0.889,1.795,8.2, 18.492,51.993,,7.311,17.791,3.3389,,3.0173,ppb,3.5621348794384375,23.85479641682302
Local RMS Time Jitter,0.062,0.112,0.144,0.282,1.089, 2.089,7.494,,0.945,1.977,0.3921,,0.4176,µs,4.262067491601664,33.51050237126254
Server Jitter SHM(0),0.139,0.3406,0.5312,1.3551,3.4198, 5.2746,7.7607,,2.8886,4.934,0.9605,,1.583,ms,4.095659837902533,15.617427883090738
Server Jitter SHM(1),0.021,0.057,0.088,0.236,1.621, 3.576,16.51,,1.533,3.519,0.691,,0.4558,µs,4.192419450657275,41.585807177225746
Server Offset SHM(0),9.2672,11.4348,13.0803,18.6097,24.2004, 25.5621,28.3171,,11.1201,14.1273,3.4625,,18.4682,ms,94.43211485660346,468.33818039073435
Server Offset SHM(1),-17.548,-2.099,-0.476,0.012,0.522, 1.754,8.335,,0.998,3.853,0.576,,-0.0002,µs,-6.304176167487538,83.25127863747662
TDOP,0.67,0.69,0.74,1.03,5.03, 17.1,31.37,,4.29,16.41,3.0128,,1.8153, ,5.622011534164284,48.639496594309904
Temp ZONE0,53.45,54.0,54.55,56.2,57.85, 58.4,59.5,,3.3,4.4,1.0271,,56.271,°C,155756.93631397528,8386144.6825198
nSats,11.0,11.0,11.0,14.0,15.0, 16.0,16.0,,4.0,5.0,1.2354,,13.6792,nSat,1051.8254613572901,10891.544288553387
