Name,Min,1%,5%,50%,95%,99%,Max,,90% Range,98% Range,StdDev,,Mean,Units,Skewness,Kurtosis
Local Clock Frequency Offset,7.8617,7.9459,7.9834,8.1939,8.3068, 8.3444,8.3949,,0.3234,0.3985,0.0889,,8.1941,ppm,759012.9867129358,69252460.01744446
Local Clock Time Offset,-20.883,-2.247,-0.486,0.005,0.55, 1.809,11.555,,1.036,4.056,0.5857,,0.0,µs,-6.545692613902795,110.05073967896898
Local RMS Frequency Jitter,0.427,0.665,0.843,1.807,8.953, 17.109,64.034,,8.11,16.444,3.3999,,3.0674,ppb,3.847035127407147,32.89157288694977
Local RMS Time Jitter,0.059,0.103,0.131,0.27,1.079, 1.916,9.609,,0.948,1.813,0.399,,0.4079,µs,5.05912094488449,58.58725189018746
Server Jitter SHM(0),0.1545,0.3161,0.4755,1.3989,3.4344, 5.5865,8.4726,,2.9589,5.2705,0.9973,,1.6103,ms,4.0876021028961045,16.73417712561964
Server Jitter SHM(1),0.016,0.046,0.072,0.221,1.725, 3.342,19.744,,1.653,3.296,0.7073,,0.454,µs,4.467226367978513,56.35454267435545
Server Offset SHM(0),11.7824,13.0297,14.1609,18.7775,23.2996, 24.5767,26.0992,,9.1387,11.547,2.981,,18.5965,ms,159.4603685438256,919.693656498718
Server Offset SHM(1),-20.884,-2.248,-0.487,0.006,0.551, 1.81,11.556,,1.038,4.058,0.5861,,0.0,µs,-6.54081372555111,109.81257308941639
TDOP,0.71,0.71,0.77,1.06,9.68, 51.16,98.18,,8.91,50.45,9.0778,,3.1999, ,4.7707683308735565,45.2302566876947
Temp ZONE0,48.5,49.05,50.15,52.35,55.65, 56.2,56.75,,5.5,7.15,1.6103,,52.7151,°C,32062.254621193762,1020604.0063285844
nSats,9.0,10.0,11.0,14.0,15.0, 16.0,16.0,,4.0,6.0,1.3938,,13.5145,nSat,683.0531280736743,6153.297074251603
