Name,Min,1%,5%,50%,95%,99%,Max,,90% Range,98% Range,StdDev,,Mean,Units,Skewness,Kurtosis
Local Clock Frequency Offset,8.0111,8.1361,8.1607,8.2508,8.355, 8.4112,8.4451,,0.1943,0.2751,0.0589,,8.2572,ppm,2691478.048535664,374426100.8367096
Local Clock Time Offset,-22.671,-2.201,-0.482,0.005,0.555, 1.789,10.626,,1.037,3.99,0.592,,-0.0001,µs,-7.6346143227210765,158.05675912198276
Local RMS Frequency Jitter,0.408,0.656,0.832,1.859,8.775, 16.958,63.178,,7.943,16.302,3.4526,,3.0826,ppb,4.400462213553289,43.70910353500764
Local RMS Time Jitter,0.061,0.103,0.13,0.273,1.062, 1.964,10.108,,0.932,1.861,0.4201,,0.4097,µs,5.973718627140281,76.6443624451011
Server Jitter SHM(0),0.2252,0.3938,0.5869,1.4622,3.5757, 5.552,7.9664,,2.9888,5.1583,0.995,,1.7026,ms,4.388398548911507,16.971134895508126
Server Jitter SHM(1),0.015,0.044,0.07,0.222,1.715, 3.372,22.221,,1.645,3.328,0.7173,,0.4545,µs,5.191834676519521,78.5717485847804
Server Offset SHM(0),9.2403,10.6777,12.6009,17.5271,22.5128, 23.9123,26.7459,,9.9118,13.2347,3.1806,,17.5913,ms,106.56969829474089,546.0539268011141
Server Offset SHM(1),-22.672,-2.202,-0.483,0.006,0.556, 1.79,10.627,,1.039,3.992,0.5924,,-0.0,µs,-7.6276584570901536,157.6998183178498
TDOP,0.65,0.69,0.75,1.15,13.03, 35.9,50.74,,12.28,35.21,5.9222,,3.3857, ,2.9870802369328757,21.134585892579747
Temp ZONE0,49.6,50.7,51.25,52.9,55.65, 56.2,57.3,,4.4,5.5,1.2345,,53.1784,°C,74614.02980479345,3144762.7741265628
nSats,10.0,10.0,12.0,14.0,16.0, 16.0,16.0,,4.0,6.0,1.2751,,13.9751,nSat,1017.2589590802793,10414.222627902162
