Name,Min,1%,5%,50%,95%,99%,Max,,90% Range,98% Range,StdDev,,Mean,Units,Skewness,Kurtosis
Local Clock Frequency Offset,7.1459,7.2804,7.362,7.4825,7.6289, 7.6688,7.7378,,0.2669,0.3884,0.075,,7.4876,ppm,966660.6340267544,95599213.49919939
Local Clock Time Offset,-17.483,-2.11,-0.392,0.003,0.555, 1.753,7.864,,0.947,3.863,0.5738,,0.0004,µs,-7.268766862217531,104.56521356398208
Local RMS Frequency Jitter,0.359,0.589,0.758,1.641,9.085, 17.764,48.334,,8.327,17.175,3.3996,,2.9269,ppb,3.2281035955512705,20.955042406708102
Local RMS Time Jitter,0.031,0.091,0.122,0.264,1.228, 2.108,9.152,,1.106,2.017,0.4314,,0.4197,µs,4.02936810984431,36.29270219210538
Server Jitter SHM(0),0.4217,0.9201,1.3004,3.4372,9.418, 15.5604,26.3543,,8.1176,14.6403,2.863,,4.1846,ms,3.5961273723890277,15.198157783582586
Server Jitter SHM(1),0.015,0.048,0.075,0.203,1.646, 3.48,17.42,,1.571,3.432,0.6962,,0.427,µs,4.093348514509215,43.39458045761121
Server Offset SHM(0),-24.9188,-9.1986,-3.6446,7.9189,20.4332, 25.5737,33.7462,,24.0778,34.7724,7.3162,,8.1954,ms,0.40652431326129373,3.3979050087476823
Server Offset SHM(1),-17.484,-2.111,-0.393,0.004,0.556, 1.754,7.865,,0.949,3.865,0.5742,,0.0004,µs,-7.262605507373693,104.34834726019024
Temp ZONE0,49.05,49.6,50.15,52.35,56.75, 57.85,58.95,,6.6,8.25,1.8174,,52.8156,°C,22182.522941466712,624922.45768343
