Name,Min,1%,5%,50%,95%,99%,Max,,90% Range,98% Range,StdDev,,Mean,Units,Skewness,Kurtosis
Local Clock Frequency Offset,8.5098,8.6117,8.6427,8.7168,8.7713, 8.7962,8.8536,,0.1285,0.1846,0.04,,8.7177,ppm,10195556.23632979,2210885826.4368973
Local Clock Time Offset,-14.018,-1.944,-0.507,0.007,0.59, 1.729,7.148,,1.097,3.673,0.5664,,0.0002,µs,-6.011245641842025,66.1835445124256
Local RMS Frequency Jitter,0.305,0.657,0.841,1.796,8.14, 17.84,42.755,,7.299,17.183,3.2331,,3.0265,ppb,3.2678709461774758,19.17602469552006
Local RMS Time Jitter,0.045,0.106,0.137,0.275,1.002, 2.022,5.672,,0.865,1.916,0.3625,,0.3993,µs,4.000612245554361,25.987719818155366
Server Jitter SHM(0),0.2004,0.3385,0.5463,1.3967,3.4155, 5.3832,8.9549,,2.8693,5.0447,0.9602,,1.6141,ms,4.386334873279331,17.901377275570336
Server Jitter SHM(1),0.023,0.056,0.085,0.234,1.645, 3.394,13.228,,1.56,3.338,0.6713,,0.4589,µs,3.7710529598145,32.445606934058254
Server Offset SHM(0),11.6813,12.789,13.9124,18.914,23.5213, 24.7746,27.2839,,9.609,11.9855,3.1119,,18.6923,ms,140.51220293099183,780.3925078031565
Server Offset SHM(1),-14.019,-1.945,-0.508,0.008,0.591, 1.73,7.149,,1.099,3.675,0.5668,,0.0002,µs,-6.0070417518304,66.04557666219017
TDOP,0.66,0.69,0.75,0.96,12.17, 28.4,33.35,,11.42,27.71,5.0813,,2.5684, ,2.4893093288345014,13.366962678635423
Temp ZONE0,51.25,51.8,52.9,54.55,56.2, 56.75,56.75,,3.3,4.95,1.1031,,54.5935,°C,114151.83073681463,5542108.717195713
nSats,11.0,12.0,12.0,14.0,15.0, 16.0,16.0,,3.0,4.0,0.9647,,13.8333,nSat,2413.6494553271054,32718.691559874933
