Name,Min,1%,5%,50%,95%,99%,Max,,90% Range,98% Range,StdDev,,Mean,Units,Skewness,Kurtosis
Local Clock Frequency Offset,8.7609,8.8704,8.8996,9.0845,9.235, 9.2517,9.3324,,0.3354,0.3813,0.0986,,9.0821,ppm,757247.8333005181,69037998.62988406
Local Clock Time Offset,-21.929,-2.261,-0.597,0.018,0.609, 2.0,12.39,,1.206,4.261,0.6741,,0.0003,µs,-7.11430789586127,138.85271326497502
Local RMS Frequency Jitter,0.616,1.011,1.227,2.277,9.861, 19.698,64.138,,8.634,18.687,3.8682,,3.5785,ppb,4.94730574412406,46.85276281380693
Local RMS Time Jitter,0.103,0.16,0.194,0.347,1.254, 2.259,10.435,,1.06,2.099,0.4692,,0.4904,µs,6.353133875103541,74.396033915042
Server Jitter SHM(0),0.1698,0.3174,0.5106,1.3573,3.1459, 4.9357,9.4232,,2.6353,4.6183,0.8867,,1.5385,ms,4.5833648519460715,19.488486084899236
Server Jitter SHM(1),0.012,0.085,0.125,0.316,1.834, 3.735,20.67,,1.709,3.65,0.7973,,0.552,µs,5.915527501332425,81.73300366287317
Server Offset SHM(0),11.087,12.1777,13.3989,18.8555,23.7581, 24.9267,26.4537,,10.3592,12.749,3.413,,18.4424,ms,98.60069211139992,494.267174949232
Server Offset SHM(1),-21.93,-2.262,-0.598,0.019,0.61, 2.0,12.391,,1.208,4.262,0.6745,,0.0003,µs,-7.1084698579337315,138.55984964858226
TDOP,0.69,0.7,0.78,1.19,4.25, 11.27,36.38,,3.47,10.57,2.9222,,1.9199, ,7.467894151668542,80.11569470599957
Temp ZONE0,48.5,49.05,50.15,52.35,55.1, 55.65,56.2,,4.95,6.6,1.5901,,52.5379,°C,32990.00580101784,1060114.2991792369
nSats,9.0,10.0,11.0,14.0,16.0, 16.0,16.0,,5.0,6.0,1.4244,,13.6125,nSat,651.5984019245333,5785.443363681428
