Name,Min,1%,5%,50%,95%,99%,Max,,90% Range,98% Range,StdDev,,Mean,Units,Skewness,Kurtosis
Local Clock Frequency Offset,8.8425,9.0819,9.1129,9.1973,9.2435, 9.2563,9.3047,,0.1306,0.1744,0.0438,,9.1884,ppm,9109010.078215929,1902456536.3635008
Local Clock Time Offset,-23.026,-2.07,-0.549,0.018,0.543, 1.74,13.529,,1.092,3.81,0.6443,,-0.0002,µs,-8.635154287387774,196.98153454707244
Local RMS Frequency Jitter,0.53,0.873,1.083,2.073,8.417, 19.955,72.563,,7.334,19.082,3.8278,,3.2742,ppb,5.375620662039604,55.901171161294194
Local RMS Time Jitter,0.076,0.138,0.173,0.323,1.091, 2.416,11.03,,0.918,2.278,0.4764,,0.4591,µs,6.793917777706155,84.63478836178439
Server Jitter SHM(0),0.2083,0.3125,0.4579,1.2707,3.2702, 5.1165,7.7178,,2.8122,4.804,0.9414,,1.4928,ms,3.89277602974719,15.112380977449222
Server Jitter SHM(1),0.024,0.074,0.113,0.288,1.601, 3.752,21.48,,1.488,3.678,0.7803,,0.5038,µs,6.774344862066785,102.72394262794373
Server Offset SHM(0),11.807,13.0564,14.2045,18.8408,23.3317, 24.7074,26.4409,,9.1272,11.6509,3.0497,,18.5323,ms,146.15090131988612,822.2787124878382
Server Offset SHM(1),-23.027,-2.071,-0.55,0.019,0.544, 1.741,13.53,,1.094,3.812,0.6447,,-0.0001,µs,-8.62651449434629,196.5482233063005
TDOP,0.68,0.69,0.78,1.26,12.42, 98.12,145.44,,11.64,97.43,14.2336,,4.3901, ,5.673508180887735,53.160508317732855
Temp ZONE0,52.9,53.45,54.0,56.75,60.05, 61.7,62.8,,6.05,8.25,1.7855,,56.7683,°C,29296.347376966594,905063.5541918725
nSats,10.0,10.0,11.0,14.0,15.0, 16.0,16.0,,4.0,6.0,1.3966,,13.473,nSat,671.8746487822995,6021.334172559173
