Name,Min,1%,5%,50%,95%,99%,Max,,90% Range,98% Range,StdDev,,Mean,Units,Skewness,Kurtosis
Local Clock Frequency Offset,8.705,8.8701,8.9152,9.0401,9.1034, 9.12,9.1581,,0.1882,0.2499,0.0564,,9.0262,ppm,4019232.1101323655,639084448.6177136
Local Clock Time Offset,-28.019,-2.093,-0.5,0.01,0.535, 1.759,12.419,,1.035,3.852,0.6009,,0.0001,µs,-8.316933626848767,202.39807521448986
Local RMS Frequency Jitter,0.395,0.716,0.92,1.896,8.472, 18.426,77.407,,7.552,17.71,3.5213,,3.1103,ppb,4.683514233462457,50.3845360599765
Local RMS Time Jitter,0.043,0.114,0.149,0.295,1.09, 2.078,14.26,,0.941,1.964,0.4468,,0.4294,µs,7.971087354483784,144.2081489808049
Server Jitter SHM(0),0.2173,0.3818,0.5468,1.4365,3.2952, 5.1246,7.7487,,2.7485,4.7429,0.9303,,1.6264,ms,4.5241331660878625,18.029380739904337
Server Jitter SHM(1),0.018,0.057,0.09,0.249,1.624, 3.607,28.042,,1.534,3.55,0.725,,0.4702,µs,5.937318499817499,104.8360927513229
Server Offset SHM(0),12.213,13.7102,14.4261,19.4927,24.2249, 25.6299,26.7547,,9.7988,11.9197,3.1848,,19.1173,ms,140.2740519516678,779.8569732714361
Server Offset SHM(1),-28.02,-2.094,-0.5,0.011,0.536, 1.76,12.42,,1.036,3.854,0.6014,,0.0002,µs,-8.308312619549824,201.91057541776567
TDOP,0.64,0.67,0.71,1.05,11.84, 21.86,58.89,,11.13,21.19,5.2463,,2.6225, ,4.801328275722822,48.00979539463594
Temp ZONE0,52.35,52.35,53.45,56.2,59.5, 60.6,62.25,,6.05,8.25,1.8759,,56.2504,°C,24439.636854546334,710926.411201162
nSats,8.0,10.0,11.0,13.0,16.0, 16.0,16.0,,5.0,6.0,1.3554,,13.4333,nSat,734.0840077802849,6778.575754841673
