Name,Min,1%,5%,50%,95%,99%,Max,,90% Range,98% Range,StdDev,,Mean,Units,Skewness,Kurtosis
Local Clock Frequency Offset,8.2952,8.4213,8.4762,8.6361,8.7135, 8.734,8.7746,,0.2373,0.3127,0.0746,,8.6134,ppm,1502141.7825167985,172060162.25670758
Local Clock Time Offset,-15.284,-1.857,-0.488,0.006,0.577, 1.673,6.829,,1.065,3.53,0.5539,,0.0004,µs,-6.336054999785591,78.58320598757201
Local RMS Frequency Jitter,0.397,0.676,0.845,1.737,7.911, 17.477,43.002,,7.066,16.801,3.1758,,2.9443,ppb,3.368572073821059,20.66727517541355
Local RMS Time Jitter,0.065,0.108,0.135,0.266,0.97, 1.972,6.535,,0.835,1.864,0.3565,,0.3879,µs,4.337198773126262,33.7856254210159
Server Jitter SHM(0),0.2057,0.4016,0.5775,1.4789,3.6072, 5.7164,7.8497,,3.0297,5.3147,0.9966,,1.7103,ms,4.451018133458423,17.45902770136969
Server Jitter SHM(1),0.011,0.056,0.083,0.227,1.609, 3.247,14.834,,1.526,3.191,0.6569,,0.4465,µs,3.96609713001769,37.33058205863102
Server Offset SHM(0),9.8305,12.0858,13.159,18.6193,24.2278, 25.5647,27.6986,,11.0689,13.4788,3.4213,,18.5908,ms,100.48513834081497,506.88546948707335
Server Offset SHM(1),-15.285,-1.858,-0.489,0.007,0.578, 1.674,6.83,,1.067,3.532,0.5543,,0.0004,µs,-6.330963388753081,78.40535748721693
TDOP,0.69,0.71,0.77,1.38,9.05, 29.82,121.27,,8.28,29.11,8.6852,,3.3641, ,8.77228556734759,118.13337598976916
Temp ZONE0,50.7,51.25,51.8,54.0,58.4, 58.95,59.5,,6.6,7.7,1.9773,,54.534,°C,18859.56328944302,503460.24181315216
nSats,10.0,10.0,10.0,13.0,15.0, 16.0,16.0,,5.0,6.0,1.3526,,13.3029,nSat,715.6182885399849,6543.965378515391
