Name,Min,1%,5%,50%,95%,99%,Max,,90% Range,98% Range,StdDev,,Mean,Units,Skewness,Kurtosis
Local Clock Frequency Offset,8.9933,9.0807,9.1231,9.1902,9.2303, 9.2449,9.3099,,0.1073,0.1643,0.0354,,9.1834,ppm,17219036.60953157,4446566342.122467
Local Clock Time Offset,-13.426,-2.094,-0.452,0.009,0.504, 1.744,8.817,,0.956,3.838,0.5612,,0.0,µs,-6.077202203566561,75.25213642178916
Local RMS Frequency Jitter,0.423,0.685,0.867,1.764,8.115, 17.818,37.706,,7.248,17.133,3.2504,,2.9478,ppb,3.42055306287745,20.423616736302495
Local RMS Time Jitter,0.065,0.11,0.141,0.278,1.053, 1.948,5.282,,0.912,1.838,0.3731,,0.406,µs,4.153314873376173,28.94424959998987
Server Jitter SHM(0),0.1211,0.362,0.5094,1.284,3.2463, 5.0952,7.2249,,2.7369,4.7332,0.9112,,1.4973,ms,4.145458361341429,16.092599546827753
Server Jitter SHM(1),0.021,0.055,0.086,0.228,1.572, 3.492,12.992,,1.486,3.437,0.6733,,0.4426,µs,4.012020198205637,35.95242533639577
Server Offset SHM(0),11.744,13.1535,14.1502,19.1894,23.8223, 25.0442,27.5198,,9.672,11.8907,3.1711,,18.8093,ms,134.7556475193995,739.8523093474323
Server Offset SHM(1),-13.427,-2.095,-0.453,0.01,0.505, 1.745,8.818,,0.958,3.84,0.5617,,0.0001,µs,-6.07288512052184,75.09397334547953
TDOP,0.64,0.66,0.75,0.93,3.69, 17.27,126.96,,2.94,16.61,8.3241,,1.9029, ,11.402263202614213,171.82206536291199
Temp ZONE0,52.9,52.9,54.55,56.2,58.4, 60.6,60.6,,3.85,7.7,1.2682,,56.3689,°C,82155.4754003316,3575323.080721988
nSats,9.0,10.0,11.0,14.0,15.0, 16.0,16.0,,4.0,6.0,1.4603,,13.4025,nSat,570.887555907978,4859.387517035007
