Name,Min,1%,5%,50%,95%,99%,Max,,90% Range,98% Range,StdDev,,Mean,Units,Skewness,Kurtosis
Local Clock Frequency Offset,7.7676,7.8867,7.9133,8.05,8.1295, 8.182,8.2156,,0.2162,0.2952,0.066,,8.0331,ppm,1758218.6229215101,212238029.4900744
Local Clock Time Offset,-11.752,-2.216,-0.436,0.0,0.537, 1.821,7.806,,0.973,4.037,0.5683,,0.0,µs,-6.243747636638254,70.76932343286003
Local RMS Frequency Jitter,0.258,0.526,0.689,1.711,8.773, 17.277,35.301,,8.084,16.751,3.3108,,2.9631,ppb,2.9612927691638746,17.026423275304946
Local RMS Time Jitter,0.039,0.082,0.108,0.248,1.058, 1.937,4.74,,0.95,1.855,0.3834,,0.3872,µs,3.4678597568625165,22.076478541389935
Server Jitter SHM(0),0.1996,0.3445,0.5197,1.4307,3.6759, 5.5536,8.0309,,3.1562,5.2092,1.0197,,1.658,ms,3.979251705680286,15.147053679582395
Server Jitter SHM(1),0.014,0.037,0.056,0.18,1.74, 3.395,11.363,,1.684,3.358,0.6946,,0.425,µs,3.316686043207734,28.70848139730058
Server Offset SHM(0),11.0373,12.2846,13.2831,18.3286,23.2218, 24.58,25.9044,,9.9387,12.2955,3.1682,,18.0676,ms,118.17710373794581,625.0295093495481
Server Offset SHM(1),-11.753,-2.217,-0.437,0.0,0.538, 1.822,7.807,,0.975,4.039,0.5687,,0.0,µs,-6.239831905349342,70.6406934193641
TDOP,0.65,0.69,0.77,1.09,7.53, 27.93,65.38,,6.76,27.24,6.0648,,2.4613, ,6.208022864217838,60.593902840667695
Temp ZONE0,50.15,51.25,51.8,54.0,57.3, 58.95,60.05,,5.5,7.7,1.593,,53.9015,°C,35506.16708278493,1169259.0406431237
nSats,10.0,10.0,11.0,13.0,16.0, 16.0,16.0,,5.0,6.0,1.3723,,13.4958,nSat,715.8482002359923,6558.103848693834
