Name,Min,1%,5%,50%,95%,99%,Max,,90% Range,98% Range,StdDev,,Mean,Units,Skewness,Kurtosis
Local Clock Frequency Offset,8.539,8.6262,8.6685,8.7891,8.8577, 8.8851,8.9775,,0.1892,0.2589,0.0573,,8.7774,ppm,3523234.96719239,536157975.5719711
Local Clock Time Offset,-14.441,-1.846,-0.526,0.007,0.579, 1.785,8.491,,1.105,3.631,0.58,,-0.0002,µs,-6.2701820926558565,83.34079163029567
Local RMS Frequency Jitter,0.412,0.698,0.918,1.872,8.269, 17.945,41.595,,7.351,17.247,3.3229,,3.0856,ppb,3.608873123391646,23.14839834294952
Local RMS Time Jitter,0.054,0.105,0.142,0.285,1.005, 2.033,5.569,,0.863,1.928,0.3775,,0.407,µs,4.564283040581749,34.43158987507787
Server Jitter SHM(0),0.134,0.3699,0.5714,1.4132,3.4035, 5.6719,7.638,,2.8321,5.302,0.9562,,1.6372,ms,4.484103132058748,17.79600273872911
Server Jitter SHM(1),0.022,0.06,0.093,0.253,1.62, 3.414,14.086,,1.527,3.354,0.6817,,0.4697,µs,4.394276223011382,43.82286981233729
Server Offset SHM(0),11.5751,12.5906,13.41,18.7536,23.5239, 24.6303,26.3462,,10.1138,12.0398,3.1649,,18.5136,ms,128.54688715342394,695.0914406505647
Server Offset SHM(1),-14.442,-1.847,-0.527,0.008,0.58, 1.786,8.492,,1.107,3.633,0.5804,,-0.0002,µs,-6.265282994731398,83.15398400431711
TDOP,0.66,0.67,0.76,1.4,8.85, 25.64,136.55,,8.09,24.97,9.4585,,3.2907, ,9.61423139209205,135.3294566645034
Temp ZONE0,50.15,50.7,51.8,53.45,55.1, 55.65,56.2,,3.3,4.95,1.1054,,53.4932,°C,106591.59898271054,5058398.489034424
nSats,11.0,11.0,12.0,14.0,15.0, 16.0,16.0,,3.0,5.0,0.992,,13.5372,nSat,2060.1615818860028,26534.654229260435
