Name,Min,1%,5%,50%,95%,99%,Max,,90% Range,98% Range,StdDev,,Mean,Units,Skewness,Kurtosis
Local Clock Frequency Offset,7.8796,7.9805,7.9991,8.4078,8.4859, 8.5583,8.636,,0.4868,0.5778,0.17,,8.3283,ppm,110602.06027567216,5313535.415482008
Local Clock Time Offset,-17.205,-2.05,-0.368,0.003,0.535, 1.651,7.23,,0.903,3.701,0.5758,,-0.0,µs,-7.385931710408401,101.86879811926411
Local RMS Frequency Jitter,0.2,0.468,0.637,1.422,8.365, 19.083,47.568,,7.728,18.615,3.5241,,2.8005,ppb,2.986292915744831,17.99526120980865
Local RMS Time Jitter,0.029,0.071,0.102,0.229,1.132, 2.282,7.428,,1.03,2.211,0.438,,0.3888,µs,3.591964584867513,26.081719452611463
Server Jitter SHM(0),0.2528,0.3851,0.6035,1.4454,3.7083, 5.705,9.2968,,3.1048,5.3199,1.0201,,1.6909,ms,4.277455095089295,16.97283880960955
Server Jitter SHM(1),0.011,0.04,0.059,0.172,1.659, 3.813,17.184,,1.6,3.773,0.7145,,0.4007,µs,3.8136226584483905,37.4389140682678
Server Offset SHM(0),9.252,11.9135,13.0834,18.2965,23.4704, 24.7647,26.8211,,10.387,12.8512,3.2521,,18.2437,ms,111.78954185237293,581.2224035222089
Server Offset SHM(1),-17.206,-2.051,-0.369,0.004,0.536, 1.652,7.231,,0.905,3.703,0.5762,,-0.0,µs,-7.380082410553686,101.67757440741597
TDOP,0.64,0.68,0.74,1.09,6.33, 10.57,139.9,,5.59,9.89,9.0868,,2.4963, ,11.822329112034968,178.7065001771184
Temp ZONE0,47.4,47.95,48.5,53.45,56.75, 59.5,60.6,,8.25,11.55,2.649,,53.0529,°C,6946.142533038676,133250.0657461852
nSats,5.0,5.0,5.0,13.0,15.0, 16.0,16.0,,10.0,11.0,2.7922,,12.6183,nSat,52.57106696941649,210.30032463974828
