Name,Min,1%,5%,50%,95%,99%,Max,,90% Range,98% Range,StdDev,,Mean,Units,Skewness,Kurtosis
Local Clock Frequency Offset,8.9097,9.0854,9.0997,9.1444,9.1782, 9.1933,9.2371,,0.0785,0.1078,0.0254,,9.1426,ppm,46485503.42448258,16714629585.789885
Local Clock Time Offset,-18.359,-2.053,-0.526,0.014,0.553, 1.71,9.975,,1.079,3.763,0.6041,,-0.0001,µs,-7.413001543190141,117.17489095083415
Local RMS Frequency Jitter,0.347,0.748,0.98,1.944,8.387, 18.528,56.274,,7.407,17.78,3.5118,,3.1579,ppb,4.223826283938999,32.869130994386964
Local RMS Time Jitter,0.056,0.121,0.159,0.306,1.087, 2.144,7.954,,0.928,2.023,0.4217,,0.4378,µs,5.251899640351162,48.615239753301054
Server Jitter SHM(0),0.1658,0.3775,0.5604,1.4112,3.4705, 5.1124,8.1984,,2.9101,4.7349,0.9405,,1.6339,ms,4.424681696804863,16.702529154734155
Server Jitter SHM(1),0.018,0.064,0.099,0.265,1.597, 3.611,17.236,,1.498,3.547,0.7247,,0.4836,µs,5.104952075153558,58.02052817171082
Server Offset SHM(0),11.6292,12.9553,13.9772,18.8474,23.8029, 25.0398,27.5212,,9.8256,12.0845,3.1027,,18.7323,ms,143.0093857457956,799.5416704373752
Server Offset SHM(1),-18.36,-2.054,-0.527,0.015,0.554, 1.711,9.976,,1.081,3.765,0.6045,,-0.0001,µs,-7.4061539457698125,116.91428275962397
TDOP,0.64,0.66,0.69,1.28,6.15, 18.3,138.38,,5.46,17.64,9.1277,,2.7249, ,11.253659018134947,167.32210742533917
Temp ZONE0,54.0,54.0,55.1,56.2,58.4, 60.6,62.8,,3.3,6.6,1.1409,,56.556,°C,114735.36087298425,5580104.727533035
nSats,9.0,10.0,10.0,13.0,15.0, 15.0,16.0,,5.0,5.0,1.3685,,12.834,nSat,612.8588307007095,5339.618902340042
