Name,Min,1%,5%,50%,95%,99%,Max,,90% Range,98% Range,StdDev,,Mean,Units,Skewness,Kurtosis
Local Clock Frequency Offset,7.616,7.7211,7.761,7.9223,8.0037, 8.0238,8.1021,,0.2427,0.3027,0.0711,,7.9106,ppm,1340985.2263572963,147900403.55849782
Local Clock Time Offset,-11.134,-2.172,-0.411,0.001,0.497, 1.82,6.004,,0.908,3.992,0.5533,,0.0001,µs,-5.964450970356243,62.47796879877624
Local RMS Frequency Jitter,0.296,0.522,0.679,1.583,8.86, 17.08,34.338,,8.181,16.558,3.2447,,2.8603,ppb,2.7302792522816888,14.332204757125886
Local RMS Time Jitter,0.047,0.082,0.107,0.239,1.082, 1.933,5.176,,0.975,1.851,0.3785,,0.3836,µs,3.132584920593406,18.072333739011757
Server Jitter SHM(0),0.1925,0.3952,0.5713,1.5612,4.3366, 6.5084,12.9133,,3.7653,6.1131,1.3292,,1.8875,ms,4.131011823156888,21.749725722889302
Server Jitter SHM(1),0.012,0.036,0.055,0.179,1.685, 3.388,10.837,,1.63,3.352,0.6755,,0.4113,µs,3.1053528395639565,24.16504721568804
Server Offset SHM(0),3.1624,11.4005,12.4998,17.9576,22.7883, 24.6076,26.2457,,10.2885,13.2071,3.3526,,17.5621,ms,88.75440650632085,431.2944636519128
Server Offset SHM(1),-11.135,-2.173,-0.412,0.002,0.498, 1.821,6.005,,0.91,3.994,0.5537,,0.0001,µs,-5.960944035760451,62.369025163359176
TDOP,0.56,0.58,0.76,1.18,6.7, 23.42,32.41,,5.94,22.84,3.6777,,2.4212, ,4.5703179955240945,34.697630354115795
Temp ZONE0,49.6,50.15,50.7,53.45,55.1, 55.65,55.65,,4.4,5.5,1.3249,,53.1932,°C,60121.23694357805,2358279.7864218866
nSats,10.0,10.0,12.0,14.0,16.0, 16.0,16.0,,4.0,6.0,1.3175,,13.8306,nSat,884.9076230763507,8668.096766209752
