Name,Min,1%,5%,50%,95%,99%,Max,,90% Range,98% Range,StdDev,,Mean,Units,Skewness,Kurtosis
Local Clock Frequency Offset,6.9737,7.1243,7.2849,7.5605,7.6696, 7.7274,7.8028,,0.3847,0.603,0.1229,,7.5239,ppm,218699.89888056924,13183520.467739418
Local Clock Time Offset,-18.0,-2.289,-0.404,0.0,0.63, 1.765,8.033,,1.034,4.054,0.6171,,-0.0003,µs,-8.582031130284946,135.66383195199433
Local RMS Frequency Jitter,0.355,0.57,0.744,1.738,9.111, 19.34,49.735,,8.367,18.77,3.6975,,3.0981,ppb,3.4177075963330528,23.56710593998711
Local RMS Time Jitter,0.047,0.09,0.118,0.272,1.258, 2.33,9.338,,1.14,2.24,0.4805,,0.4396,µs,4.421052721330523,42.07662723664696
Server Jitter SHM(0),0.2364,0.6994,1.0162,2.1037,4.8443, 7.0814,14.969,,3.8281,6.382,1.3214,,2.4084,ms,5.57336999517493,28.315827198479298
Server Jitter SHM(1),0.011,0.049,0.074,0.203,1.708, 3.683,18.0,,1.634,3.634,0.7587,,0.4448,µs,4.541166564219409,52.576081989718716
Server Offset SHM(0),-42.8844,-39.2062,-36.1945,-23.9031,3.5657, 7.6621,12.3734,,39.7602,46.8683,14.2648,,-18.698,ms,-18.97411445180941,59.346254573401346
Server Offset SHM(1),-18.0,-2.29,-0.405,0.001,0.631, 1.766,8.034,,1.036,4.056,0.6175,,-0.0003,µs,-8.574237877389802,135.39531217891914
Temp ZONE0,47.4,47.4,48.5,52.35,54.55, 55.65,56.2,,6.05,8.25,1.8876,,51.8411,°C,18612.944661622645,494652.63792831736
