Name,Min,1%,5%,50%,95%,99%,Max,,90% Range,98% Range,StdDev,,Mean,Units,Skewness,Kurtosis
Local Clock Frequency Offset,0.1853,7.8759,7.9062,8.3582,8.42, 8.4483,8.5724,,0.5139,0.5724,0.2249,,8.2705,ppm,45905.42836507329,1645538.8469820868
Local Clock Time Offset,-100105.547,-2.454,-0.445,0.001,0.549, 1.903,68.67,,0.994,4.357,2722.1425,,-103.7278,µs,-33.44507808491395,1022.309638364578
Local RMS Frequency Jitter,0.0,0.492,0.673,1.65,8.53, 18.511,1577.603,,7.857,18.019,24.3137,,3.5627,ppb,42.336496929065504,2204.5957756385747
Local RMS Time Jitter,0.047,0.081,0.106,0.247,1.089, 2.454,35392.656,,0.983,2.373,499.15,,16.3293,µs,42.5085534516945,2333.827208133731
Server Jitter SHM(0),0.0,0.3591,0.5771,1.3545,3.4288, 5.7334,28.113,,2.8517,5.3742,1.1743,,1.6083,ms,7.878326694100321,119.20835015911747
Server Jitter SHM(1),0.0,0.038,0.058,0.182,1.709, 4.01,4474.947,,1.651,3.972,173.6875,,8.1663,µs,20.482013786994774,515.8616564453054
Server Offset SHM(0),-79.1723,11.6303,13.1064,17.9391,23.083, 24.3594,25.7618,,9.9766,12.729,4.2869,,17.7955,ms,32.557178010615786,217.25670966287717
Server Offset SHM(1),-100105.547,-2.457,-0.446,0.002,0.55, 1.904,68.671,,0.996,4.361,2722.1431,,-103.739,µs,-33.44507301739876,1022.308830880862
TDOP,0.57,0.58,0.68,0.99,6.39, 9.69,21.23,,5.71,9.11,2.1894,,1.7904, ,3.871143775539175,28.131007637820094
Temp ZONE0,47.95,47.95,48.5,53.45,55.65, 56.2,58.95,,7.15,8.25,2.1927,,52.7969,°C,12360.472850425986,286812.0341868693
nSats,10.0,11.0,12.0,14.0,16.0, 16.0,16.0,,4.0,5.0,1.2425,,13.7542,nSat,1051.222734895598,10888.487571833719
