Name,Min,1%,5%,50%,95%,99%,Max,,90% Range,98% Range,StdDev,,Mean,Units,Skewness,Kurtosis
Local Clock Frequency Offset,8.9966,9.1127,9.1513,9.2326,9.2795, 9.3065,9.3638,,0.1282,0.1938,0.0408,,9.2266,ppm,11402518.082982754,2566560073.478532
Local Clock Time Offset,-19.937,-2.107,-0.769,0.024,0.655, 1.808,12.233,,1.424,3.915,0.6623,,-0.0001,µs,-6.8113198921505855,102.4773058451126
Local RMS Frequency Jitter,0.414,0.738,0.989,2.813,8.709, 19.519,62.998,,7.72,18.781,3.6183,,3.7044,ppb,4.803877846888717,38.403866998026665
Local RMS Time Jitter,0.063,0.122,0.162,0.424,1.134, 2.373,11.001,,0.972,2.251,0.4588,,0.5227,µs,6.590991043100155,74.74105833454014
Server Jitter SHM(0),0.1373,0.3219,0.5222,1.3835,3.436, 5.2382,8.2436,,2.9139,4.9163,0.9514,,1.5955,ms,4.157848368975984,15.886265858909125
Server Jitter SHM(1),0.017,0.069,0.109,0.385,1.654, 3.774,20.623,,1.545,3.705,0.7541,,0.5858,µs,5.550050761187055,65.70475891491304
Server Offset SHM(0),11.6541,12.9497,13.7175,18.5892,23.4142, 24.6712,26.6145,,9.6966,11.7215,3.08,,18.3447,ms,136.66102659657597,753.8820213193341
Server Offset SHM(1),-19.938,-2.108,-0.77,0.025,0.656, 1.809,12.234,,1.426,3.917,0.6628,,-0.0,µs,-6.805475160910028,102.24622472571718
TDOP,0.67,0.69,0.75,1.01,4.87, 10.05,31.57,,4.12,9.36,2.6983,,1.9692, ,6.215392491753486,62.127868866265906
Temp ZONE0,52.35,52.35,53.45,55.65,58.4, 60.05,60.6,,4.95,7.7,1.4256,,55.5131,°C,54732.52311705096,2081058.8202105619
nSats,9.0,10.0,11.0,14.0,16.0, 16.0,16.0,,5.0,6.0,1.5683,,13.3485,nSat,446.15760460250186,3517.6857291931065
