Name,Min,1%,5%,50%,95%,99%,Max,,90% Range,98% Range,StdDev,,Mean,Units,Skewness,Kurtosis
Local Clock Frequency Offset,8.1509,8.2646,8.3038,8.4816,8.5962, 8.6286,8.6729,,0.2924,0.364,0.0852,,8.4716,ppm,952534.2318101226,93741113.46357399
Local Clock Time Offset,-14.443,-2.206,-0.37,0.001,0.574, 1.769,6.474,,0.944,3.975,0.608,,-0.0001,µs,-7.166933864389084,92.05585839419788
Local RMS Frequency Jitter,0.287,0.513,0.665,1.417,8.763, 20.335,39.907,,8.098,19.822,3.7499,,2.9205,ppb,2.9442596381803057,17.48526757391312
Local RMS Time Jitter,0.047,0.082,0.11,0.229,1.185, 2.47,5.91,,1.075,2.388,0.4661,,0.4064,µs,3.4379923086434747,22.417470337414
Server Jitter SHM(0),0.1978,0.3771,0.5639,1.3874,3.4959, 5.5548,8.3615,,2.932,5.1777,0.9763,,1.6123,ms,4.3454791695746025,17.88111325161671
Server Jitter SHM(1),0.01,0.042,0.063,0.171,1.739, 4.009,14.397,,1.676,3.967,0.7592,,0.4195,µs,3.7083666322112623,34.09731543344817
Server Offset SHM(0),10.2564,12.0244,13.4822,19.0313,24.4105, 25.7087,27.4659,,10.9284,13.6842,3.4145,,18.9717,ms,108.21808484485588,557.076369847605
Server Offset SHM(1),-14.444,-2.207,-0.371,0.002,0.575, 1.77,6.475,,0.946,3.977,0.6084,,-0.0001,µs,-7.161939196529064,91.90106863763434
TDOP,0.63,0.67,0.73,1.32,6.13, 20.58,65.74,,5.4,19.91,5.015,,2.3519, ,7.749634550617624,92.80655739135946
Temp ZONE0,50.15,50.15,51.25,53.45,56.2, 56.75,57.3,,4.95,6.6,1.5216,,53.5253,°C,40026.24819378622,1371522.9893480232
nSats,5.0,5.0,5.0,14.0,15.0, 16.0,16.0,,10.0,11.0,2.9808,,12.6432,nSat,42.21807917858353,157.57541326163454
