Name,Min,1%,5%,50%,95%,99%,Max,,90% Range,98% Range,StdDev,,Mean,Units,Skewness,Kurtosis
Local Clock Frequency Offset,8.8866,9.0399,9.0755,9.1616,9.2297, 9.2568,9.3259,,0.1541,0.2169,0.047,,9.1595,ppm,7307287.396093713,1418070840.3953066
Local Clock Time Offset,-14.344,-2.322,-0.449,0.002,0.485, 1.98,8.596,,0.934,4.302,0.6042,,0.0001,µs,-6.169254414007952,78.53095242717113
Local RMS Frequency Jitter,0.345,0.639,0.808,1.739,9.875, 18.345,46.816,,9.067,17.706,3.5834,,3.0769,ppb,3.161408537870012,19.916476082437153
Local RMS Time Jitter,0.056,0.104,0.13,0.263,1.226, 2.057,6.331,,1.096,1.953,0.4146,,0.4101,µs,3.8288735602448893,27.836599705071002
Server Jitter SHM(0),0.1555,0.3218,0.4784,1.2742,3.2048, 5.287,7.9877,,2.7264,4.9653,0.9206,,1.4772,ms,4.191834010117637,17.777224851814026
Server Jitter SHM(1),0.013,0.047,0.071,0.209,1.765, 3.705,13.548,,1.694,3.658,0.7432,,0.4485,µs,3.7379560365332476,33.66991963023813
Server Offset SHM(0),11.0261,12.7761,13.8912,18.6073,22.96, 24.5598,26.1727,,9.0688,11.7837,3.0688,,18.3198,ms,137.67934489628277,760.5721991633378
Server Offset SHM(1),-14.345,-2.323,-0.45,0.003,0.486, 1.981,8.597,,0.936,4.304,0.6046,,0.0002,µs,-6.165503898602724,78.39167269791054
TDOP,0.62,0.65,0.74,1.1,2.7, 4.07,5.48,,1.96,3.42,0.7154,,1.361, ,5.810966490115907,24.80907445116643
Temp ZONE0,51.25,51.8,52.35,54.0,55.65, 56.2,57.3,,3.3,4.4,1.044,,54.0894,°C,131343.1561273993,6681599.035581542
nSats,9.0,10.0,11.0,14.0,16.0, 16.0,16.0,,5.0,6.0,1.3023,,13.5625,nSat,861.9691562650726,8368.22125527985
