Name,Min,1%,5%,50%,95%,99%,Max,,90% Range,98% Range,StdDev,,Mean,Units,Skewness,Kurtosis
Local Clock Frequency Offset,7.6244,7.7834,7.8822,7.9914,8.201, 8.2226,8.2856,,0.3189,0.4392,0.0964,,8.0161,ppm,555465.8694840064,45674303.458794646
Local Clock Time Offset,-10.462,-2.196,-0.396,0.0,0.481, 1.812,6.909,,0.877,4.008,0.5474,,-0.0005,µs,-5.860718872828134,61.19456079971614
Local RMS Frequency Jitter,0.305,0.52,0.673,1.588,8.707, 17.038,33.49,,8.034,16.518,3.2076,,2.8332,ppb,2.7497417303990614,14.346376230237007
Local RMS Time Jitter,0.044,0.081,0.104,0.238,1.052, 1.877,4.57,,0.948,1.796,0.3658,,0.3759,µs,3.122054866515357,17.6083092637702
Server Jitter SHM(0),0.1606,0.3396,0.5322,1.3252,3.3373, 5.3541,8.3939,,2.8051,5.0145,0.9407,,1.548,ms,4.336797141148811,17.99254700064806
Server Jitter SHM(1),0.009,0.036,0.054,0.173,1.678, 3.345,10.453,,1.624,3.309,0.6666,,0.4051,µs,3.0494930256577457,23.60811860566592
Server Offset SHM(0),11.8768,13.0559,13.9509,19.2388,24.0476, 25.2461,26.3217,,10.0966,12.1902,3.1536,,18.9962,ms,141.8380691256499,790.0680296381329
Server Offset SHM(1),-10.463,-2.197,-0.397,0.0,0.482, 1.813,6.91,,0.879,4.01,0.5478,,-0.0005,µs,-5.857407312397231,61.086194323570716
TDOP,0.67,0.7,0.8,1.5,14.5, 77.29,120.67,,13.7,76.59,12.0956,,4.9381, ,4.250056637804974,36.296553974245846
Temp ZONE0,49.05,49.6,50.15,51.8,55.1, 57.3,57.85,,4.95,7.7,1.5698,,52.2907,°C,33830.83026681629,1096347.6170658525
nSats,5.0,9.0,11.0,13.0,15.0, 16.0,16.0,,4.0,7.0,1.5951,,13.1079,nSat,396.85107408526807,3008.4256769497147
