Name,Min,1%,5%,50%,95%,99%,Max,,90% Range,98% Range,StdDev,,Mean,Units,Skewness,Kurtosis
Local Clock Frequency Offset,8.7626,8.9203,9.0326,9.1691,9.2751, 9.2915,9.3578,,0.2425,0.3712,0.0739,,9.1638,ppm,1862481.9453890785,229181484.61160776
Local Clock Time Offset,-21.075,-2.23,-0.575,0.016,0.6, 1.99,11.099,,1.175,4.22,0.6552,,0.0001,µs,-6.8649350734405745,120.55828772663904
Local RMS Frequency Jitter,0.618,0.981,1.201,2.25,9.567, 18.92,60.282,,8.366,17.939,3.7323,,3.5082,ppb,4.7164108815895505,41.25791369674081
Local RMS Time Jitter,0.104,0.158,0.192,0.346,1.234, 2.206,9.808,,1.042,2.048,0.4568,,0.4881,µs,6.00247613148476,64.81787477911446
Server Jitter SHM(0),0.158,0.3925,0.558,1.4263,3.2585, 5.0717,8.6298,,2.7006,4.6792,0.8937,,1.6042,ms,4.687222946495318,18.437451054031584
Server Jitter SHM(1),0.029,0.083,0.123,0.313,1.776, 3.744,19.848,,1.653,3.661,0.7715,,0.5429,µs,5.442697161928528,68.53764511476804
Server Offset SHM(0),11.2406,12.646,13.6805,18.6749,23.2267, 24.6075,27.6514,,9.5461,11.9615,3.1249,,18.3668,ms,130.67738562183035,710.7862570251178
Server Offset SHM(1),-21.076,-2.231,-0.576,0.017,0.601, 1.991,11.1,,1.177,4.222,0.6557,,0.0002,µs,-6.859419173550246,120.29923254521573
TDOP,0.63,0.64,0.73,0.94,5.11, 29.6,200.29,,4.38,28.96,13.5408,,2.7359, ,10.418639208364615,154.0403276066867
Temp ZONE0,49.05,50.15,51.25,54.0,55.65, 57.3,57.3,,4.4,7.15,1.3293,,53.7112,°C,61313.82142254798,2420820.626792551
nSats,4.0,9.0,11.0,14.0,15.0, 16.0,16.0,,4.0,7.0,1.4545,,13.4153,nSat,579.2578039262809,4940.750201985874
