Name,Min,1%,5%,50%,95%,99%,Max,,90% Range,98% Range,StdDev,,Mean,Units,Skewness,Kurtosis
Local Clock Frequency Offset,8.6574,8.8717,8.9548,9.1705,9.2251, 9.2569,9.3127,,0.2704,0.3852,0.0838,,9.1427,ppm,1263605.5471043587,136632787.25812936
Local Clock Time Offset,-20.654,-2.354,-0.563,0.013,0.601, 1.977,12.736,,1.164,4.331,0.6554,,0.0009,µs,-6.64038417649221,116.30396495375743
Local RMS Frequency Jitter,0.645,0.949,1.149,2.168,9.842, 19.526,66.98,,8.693,18.577,3.7523,,3.4886,ppb,4.494190696594565,40.25316185904167
Local RMS Time Jitter,0.105,0.148,0.181,0.332,1.23, 2.206,9.33,,1.049,2.058,0.4473,,0.4756,µs,5.6369366328005945,60.133451846694136
Server Jitter SHM(0),0.1113,0.3081,0.4876,1.3337,3.1616, 5.0699,7.9328,,2.6739,4.7618,0.8902,,1.5157,ms,4.499466529691248,18.799278827805907
Server Jitter SHM(1),0.03,0.076,0.114,0.296,1.855, 3.74,19.19,,1.741,3.664,0.7792,,0.5341,µs,5.226223295357757,67.13438183246912
Server Offset SHM(0),9.9967,12.3062,13.4231,18.8553,23.3115, 24.5338,27.8649,,9.8884,12.2276,3.1552,,18.3733,ms,126.62253118807506,681.8578917229711
Server Offset SHM(1),-20.655,-2.355,-0.564,0.014,0.602, 1.978,12.737,,1.166,4.333,0.6558,,0.0009,µs,-6.6354587822110265,116.06169317948606
TDOP,0.68,0.72,0.77,1.36,10.94, 35.44,128.41,,10.17,34.72,9.1958,,3.5231, ,8.77569736626108,118.29500116960998
Temp ZONE0,48.5,49.6,51.25,54.0,55.65, 56.2,56.75,,4.4,6.6,1.4128,,53.7147,°C,50847.54525472987,1886426.5580755712
nSats,10.0,10.0,12.0,13.0,16.0, 16.0,16.0,,4.0,6.0,1.2523,,13.5353,nSat,972.9420841256567,9832.518985474906
