Name,Min,1%,5%,50%,95%,99%,Max,,90% Range,98% Range,StdDev,,Mean,Units,Skewness,Kurtosis
Local Clock Frequency Offset,8.7486,8.8997,8.9456,9.0001,9.0661, 9.0857,9.1395,,0.1205,0.1859,0.0368,,9.0024,ppm,14456774.972042704,3521895990.352332
Local Clock Time Offset,-22.299,-2.094,-0.502,0.009,0.552, 1.773,11.114,,1.054,3.867,0.5989,,0.0001,µs,-7.0235763790485315,123.18403289100881
Local RMS Frequency Jitter,0.425,0.714,0.93,1.908,8.405, 18.67,64.999,,7.475,17.956,3.4947,,3.1165,ppb,4.065155127607457,33.261054461415135
Local RMS Time Jitter,0.066,0.113,0.149,0.297,1.091, 2.126,10.269,,0.942,2.013,0.4153,,0.4291,µs,5.278245383404889,58.64379178922281
Server Jitter SHM(0),0.1802,0.341,0.4964,1.3715,3.3344, 5.3049,8.3353,,2.838,4.9639,0.9526,,1.569,ms,4.179410825540921,16.944595219765983
Server Jitter SHM(1),0.019,0.06,0.094,0.254,1.607, 3.705,21.452,,1.513,3.645,0.7173,,0.4725,µs,5.038164820014732,63.468129493299685
Server Offset SHM(0),10.5614,12.0401,13.7335,18.7369,23.7226, 25.2172,28.3753,,9.989,13.1772,3.1722,,18.577,ms,129.12190232263546,700.3831362113842
Server Offset SHM(1),-22.3,-2.095,-0.503,0.01,0.553, 1.774,11.115,,1.056,3.869,0.5994,,0.0002,µs,-7.017580127152544,122.90753573457307
TDOP,0.62,0.64,0.71,1.01,6.65, 21.9,58.49,,5.94,21.26,4.8091,,2.2164, ,6.289486883081289,68.66464470648573
Temp ZONE0,52.35,52.35,52.9,54.55,56.75, 59.5,59.5,,3.85,7.15,1.2293,,54.7508,°C,82670.26295854885,3605290.528778255
nSats,10.0,11.0,11.0,13.0,16.0, 16.0,16.0,,5.0,5.0,1.3074,,13.4647,nSat,831.9013491095556,7996.768380116253
