Name,Min,1%,5%,50%,95%,99%,Max,,90% Range,98% Range,StdDev,,Mean,Units,Skewness,Kurtosis
Local Clock Frequency Offset,7.6063,7.6963,7.7231,7.8531,7.9455, 7.9814,8.0083,,0.2225,0.2851,0.063,,7.8473,ppm,1883281.6735385216,232600347.22624657
Local Clock Time Offset,-9.906,-2.323,-0.434,0.006,0.586, 1.804,6.551,,1.02,4.127,0.5736,,0.0002,µs,-6.697424748883316,63.965071163428014
Local RMS Frequency Jitter,0.382,0.618,0.783,1.753,9.354, 17.125,32.681,,8.571,16.507,3.2666,,3.0627,ppb,2.688760095435035,13.257671347830167
Local RMS Time Jitter,0.06,0.099,0.128,0.279,1.272, 2.009,5.165,,1.144,1.91,0.4095,,0.4388,µs,2.9478773145818105,15.01430862161914
Server Jitter SHM(0),0.0,0.3136,0.5069,1.3394,6.4435, 10.6939,13.8263,,5.9366,10.3803,1.9089,,1.8644,ms,3.1711521737220836,13.793157352779124
Server Jitter SHM(1),0.0,0.048,0.072,0.207,1.731, 3.611,9.875,,1.659,3.563,0.6876,,0.4474,µs,3.054810281847166,22.632597243004845
Server Offset SHM(0),-90.2272,-88.9729,-87.9361,190.358,545.5939, 547.3929,551.131,,633.53,636.3657,252.9467,,184.9907,ms,-0.5591240810308312,1.6977103902644965
Server Offset SHM(1),-9.907,-2.324,-0.435,0.007,0.587, 1.805,6.552,,1.022,4.129,0.574,,0.0002,µs,-6.6924120224195836,63.84922354311005
TDOP,0.68,0.69,0.74,1.04,2.97, 12.67,135.09,,2.23,11.98,8.8322,,2.036, ,11.525023390669352,173.89790674995228
Temp ZONE0,50.7,51.25,51.8,54.0,56.75, 57.85,59.5,,4.95,6.6,1.5139,,54.0091,°C,41798.0335404456,1453020.330975032
nSats,11.0,11.0,12.0,14.0,16.0, 16.0,16.0,,4.0,5.0,1.3642,,14.0456,nSat,830.8200167348664,7973.8668889172695
