Name,Min,1%,5%,50%,95%,99%,Max,,90% Range,98% Range,StdDev,,Mean,Units,Skewness,Kurtosis
Local Clock Frequency Offset,8.9983,9.1031,9.127,9.2971,9.3978, 9.4296,9.4902,,0.2708,0.3265,0.0876,,9.286,ppm,1159168.1347276575,121788638.06911181
Local Clock Time Offset,-15.809,-2.291,-0.513,0.009,0.52, 1.921,8.795,,1.033,4.212,0.6192,,-0.0002,µs,-6.613657280729616,87.94442158599396
Local RMS Frequency Jitter,0.446,0.76,0.969,1.94,9.674, 19.001,47.328,,8.705,18.241,3.5993,,3.2367,ppb,3.557035182579702,23.11796005180527
Local RMS Time Jitter,0.064,0.123,0.159,0.308,1.261, 2.144,6.131,,1.102,2.021,0.4246,,0.4512,µs,4.154247877995955,28.949548991236426
Server Jitter SHM(0),0.181,0.371,0.5512,1.3517,3.1311, 4.8657,7.5998,,2.5799,4.4947,0.8655,,1.5364,ms,4.751797498907305,19.30873673858942
Server Jitter SHM(1),0.016,0.055,0.088,0.25,1.769, 3.784,15.313,,1.681,3.729,0.7465,,0.4816,µs,4.202067528733252,40.64459947594624
Server Offset SHM(0),11.4073,13.1244,13.9729,18.8586,23.7039, 24.9517,26.984,,9.731,11.8273,3.2051,,18.7047,ms,127.66638429092116,690.3026325694658
Server Offset SHM(1),-15.81,-2.292,-0.514,0.01,0.521, 1.922,8.796,,1.035,4.214,0.6196,,-0.0001,µs,-6.608923240354826,87.77753266175648
TDOP,0.76,0.77,0.82,1.08,11.97, 86.81,158.68,,11.15,86.04,14.1961,,4.2115, ,5.286951531283842,52.96958562288161
Temp ZONE0,49.6,50.15,50.7,53.45,55.1, 55.65,56.2,,4.4,5.5,1.3056,,53.3564,°C,63485.442141860105,2535713.2041295357
nSats,10.0,11.0,12.0,14.0,16.0, 16.0,16.0,,4.0,5.0,1.2875,,13.7303,nSat,931.6191204943582,9283.611053639514
