Name,Min,1%,5%,50%,95%,99%,Max,,90% Range,98% Range,StdDev,,Mean,Units,Skewness,Kurtosis
Local Clock Frequency Offset,9.0188,9.1415,9.1846,9.2277,9.2662, 9.2794,9.3191,,0.0816,0.138,0.026,,9.2281,ppm,44324493.32194262,15686713111.65886
Local Clock Time Offset,-15.321,-2.123,-0.699,0.025,0.622, 1.756,7.053,,1.321,3.879,0.621,,-0.0001,µs,-6.4463340518519265,77.4690000659208
Local RMS Frequency Jitter,0.657,1.152,1.407,2.55,8.643, 18.579,46.577,,7.236,17.427,3.2656,,3.593,ppb,4.416661717297889,29.30412828740491
Local RMS Time Jitter,0.103,0.177,0.219,0.397,1.128, 2.159,6.475,,0.909,1.982,0.3898,,0.5095,µs,5.512068927031341,43.89367054283214
Server Jitter SHM(0),0.082,0.3151,0.4657,1.3498,3.5037, 5.2182,8.4263,,3.0379,4.9031,0.9888,,1.5664,ms,3.703782333325262,13.914386828370768
Server Jitter SHM(1),0.022,0.098,0.146,0.369,1.68, 3.566,14.89,,1.534,3.468,0.69,,0.5699,µs,4.850900580800909,46.94442635780884
Server Offset SHM(0),11.2581,12.6522,13.5879,18.3798,22.6871, 24.2292,25.8579,,9.0992,11.577,3.0033,,18.0728,ms,141.42270691294954,787.6418910231298
Server Offset SHM(1),-15.322,-2.124,-0.7,0.026,0.623, 1.757,7.054,,1.323,3.881,0.6215,,-0.0,µs,-6.440753785953611,77.28499851757155
TDOP,0.68,0.7,0.75,1.07,7.47, 16.78,118.02,,6.72,16.08,7.9271,,2.4802, ,10.667285465078916,155.55756768119483
Temp ZONE0,54.0,54.55,55.65,56.75,59.5, 61.15,62.8,,3.85,6.6,1.3256,,57.0937,°C,74578.96795319872,3142865.590177019
nSats,9.0,9.0,11.0,14.0,15.0, 16.0,16.0,,4.0,7.0,1.3521,,13.6167,nSat,772.8137549164954,7239.050112047554
