Name,Min,1%,5%,50%,95%,99%,Max,,90% Range,98% Range,StdDev,,Mean,Units,Skewness,Kurtosis
Local Clock Frequency Offset,8.3909,8.4947,8.5395,8.681,8.7133, 8.7416,8.7924,,0.1738,0.2469,0.0565,,8.6557,ppm,3533320.1813602736,538204999.071567
Local Clock Time Offset,-11.322,-1.776,-0.479,0.006,0.536, 1.713,6.606,,1.015,3.489,0.5524,,0.0002,µs,-5.609260433327188,64.11388844038554
Local RMS Frequency Jitter,0.396,0.61,0.799,1.675,7.824, 18.021,33.915,,7.025,17.411,3.2224,,2.8762,ppb,3.3132160228240277,19.088230064362495
Local RMS Time Jitter,0.053,0.096,0.127,0.258,0.942, 2.117,5.056,,0.815,2.021,0.368,,0.3808,µs,4.098191293103184,26.30329681665108
Server Jitter SHM(0),0.1416,0.3572,0.5223,1.4486,3.5569, 5.3438,7.9832,,3.0346,4.9866,0.9828,,1.6639,ms,4.172594414724093,15.872977847991908
Server Jitter SHM(1),0.014,0.051,0.079,0.222,1.556, 3.415,10.932,,1.477,3.364,0.6601,,0.4356,µs,3.9115583205164866,33.244814887315805
Server Offset SHM(0),11.6391,12.8701,13.7011,18.9028,24.2383, 25.3525,30.2253,,10.5372,12.4824,3.3309,,18.8435,ms,115.06331852282813,604.137578326038
Server Offset SHM(1),-11.323,-1.777,-0.48,0.007,0.537, 1.714,6.607,,1.017,3.491,0.5529,,0.0002,µs,-5.605788612394382,63.98175269930939
TDOP,0.59,0.63,0.71,0.93,3.56, 7.85,10.41,,2.85,7.22,1.2543,,1.3583, ,4.2923017252327496,24.032724650594453
Temp ZONE0,50.7,51.25,52.35,54.55,56.2, 56.75,56.75,,3.85,5.5,1.3041,,54.375,°C,67521.22663697085,2752768.211233961
nSats,9.0,10.0,11.0,13.0,16.0, 16.0,16.0,,5.0,6.0,1.3983,,13.4256,nSat,661.9710659299211,5913.103812026432
