Name,Min,1%,5%,50%,95%,99%,Max,,90% Range,98% Range,StdDev,,Mean,Units,Skewness,Kurtosis
Local Clock Frequency Offset,7.6872,7.7875,7.8101,7.856,7.9459, 7.9816,8.0083,,0.1358,0.194,0.042,,7.8635,ppm,6439486.542556108,1198101286.7958982
Local Clock Time Offset,-13.872,-2.447,-0.424,0.005,0.589, 1.832,6.551,,1.013,4.279,0.588,,-0.0004,µs,-7.0389301282227725,70.32476434986334
Local RMS Frequency Jitter,0.0,0.595,0.765,1.748,9.642, 17.612,38.336,,8.877,17.017,3.3777,,3.1105,ppb,2.6365731242856207,13.237074545045285
Local RMS Time Jitter,0.052,0.096,0.125,0.277,1.319, 2.072,5.944,,1.194,1.976,0.4281,,0.4455,µs,2.9425411828702726,16.10690124606094
Server Jitter SHM(0),0.0,0.3202,0.5069,1.3351,6.4274, 10.6511,13.0474,,5.9205,10.3309,1.9088,,1.8641,ms,3.167549225413633,13.703480608595697
Server Jitter SHM(1),0.0,0.045,0.069,0.202,1.787, 3.676,13.87,,1.718,3.631,0.7109,,0.4506,µs,3.061578296455303,23.851387517645023
Server Offset SHM(0),-94.0089,-90.1826,-88.5189,-73.4817,545.6032, 547.4311,551.131,,634.1221,637.6137,266.4673,,162.8222,ms,-0.8466708235853407,1.7830316829021953
Server Offset SHM(1),-0.0139,-0.0024,-0.0004,0.0,0.0006, 0.0018,353.5009,,0.001,0.0043,1.8938,,0.0122,ms,164.2697922658963,29057.33203024396
TDOP,0.68,0.69,0.74,1.05,3.69, 12.67,135.09,,2.95,11.98,8.8327,,2.1257, ,11.54086834300669,173.84296816620906
Temp ZONE0,51.25,52.35,52.35,54.0,56.75, 57.85,59.5,,4.4,5.5,1.2637,,54.2761,°C,73953.29702899122,3107768.5311092706
nSats,11.0,11.0,12.0,14.0,16.0, 16.0,16.0,,4.0,5.0,1.3985,,13.8465,nSat,731.8162705552915,6749.764823695648
