Name,Min,1%,5%,50%,95%,99%,Max,,90% Range,98% Range,StdDev,,Mean,Units,Skewness,Kurtosis
Local Clock Frequency Offset,8.5854,8.7038,8.7292,8.7875,8.8459, 8.8588,8.9016,,0.1167,0.155,0.0342,,8.7844,ppm,16771585.336132163,4293176453.069601
Local Clock Time Offset,-14.118,-1.86,-0.542,0.014,0.585, 1.674,7.41,,1.127,3.534,0.5586,,0.0001,µs,-6.014827247430222,65.75357138497877
Local RMS Frequency Jitter,0.437,0.753,0.958,1.935,8.072, 17.301,42.068,,7.114,16.548,3.1103,,3.0667,ppb,3.5410611227044604,21.380763909852803
Local RMS Time Jitter,0.072,0.12,0.153,0.296,0.989, 1.995,6.095,,0.836,1.875,0.3511,,0.4101,µs,4.39452997602314,30.598571929567125
Server Jitter SHM(0),0.1265,0.3739,0.5583,1.389,3.4048, 5.3262,10.5389,,2.8464,4.9523,0.9664,,1.6107,ms,4.500094500104382,19.530126729383216
Server Jitter SHM(1),0.013,0.065,0.098,0.263,1.602, 3.372,13.312,,1.504,3.307,0.6488,,0.4741,µs,3.955269754496953,34.07583569683845
Server Offset SHM(0),9.6704,12.9878,14.0885,19.044,23.8176, 24.9882,27.134,,9.7291,12.0004,3.1719,,18.906,ms,136.94487366917394,755.0781500203498
Server Offset SHM(1),-14.119,-1.861,-0.543,0.015,0.586, 1.675,7.411,,1.129,3.536,0.5591,,0.0001,µs,-6.010184195700111,65.60438504608116
TDOP,0.6,0.63,0.75,1.04,7.54, 20.72,137.81,,6.79,20.09,10.6002,,3.0304, ,7.987675744972284,96.57671321983419
Temp ZONE0,52.9,53.45,54.0,56.2,58.95, 60.05,61.15,,4.95,6.6,1.5875,,56.5012,°C,41497.49609129358,1439095.2004401728
nSats,9.0,9.0,12.0,14.0,15.0, 15.0,16.0,,3.0,6.0,1.1986,,13.5062,nSat,1112.2252078821423,11704.838541542635
