Name,Min,1%,5%,50%,95%,99%,Max,,90% Range,98% Range,StdDev,,Mean,Units,Skewness,Kurtosis
Local Clock Frequency Offset,8.6033,8.7217,8.7672,8.8354,8.8821, 8.9278,8.9765,,0.1148,0.2061,0.0373,,8.8317,ppm,13088791.745461546,3084714780.126601
Local Clock Time Offset,-22.056,-1.923,-0.543,0.009,0.598, 1.753,12.968,,1.141,3.676,0.5996,,-0.0002,µs,-6.967010427989465,142.97893605733006
Local RMS Frequency Jitter,0.404,0.794,0.995,1.93,8.247, 18.374,69.726,,7.252,17.58,3.4684,,3.1543,ppb,4.7052771482889995,47.036691154191175
Local RMS Time Jitter,0.067,0.126,0.16,0.298,1.019, 2.074,10.015,,0.859,1.948,0.4014,,0.4237,µs,6.308141563453932,80.65039410498272
Server Jitter SHM(0),0.2088,0.3726,0.6143,1.4507,3.3141, 5.3596,7.686,,2.6998,4.9871,0.9186,,1.6578,ms,4.87775098147951,19.561612783934553
Server Jitter SHM(1),0.025,0.07,0.104,0.268,1.638, 3.428,20.734,,1.534,3.358,0.7074,,0.4863,µs,5.811790868090657,87.62497272373798
Server Offset SHM(0),11.5901,12.765,13.9631,19.1207,23.6939, 24.7853,27.1319,,9.7308,12.0202,3.1493,,18.7425,ms,136.21981065298036,749.7590421457132
Server Offset SHM(1),-22.057,-1.924,-0.544,0.01,0.599, 1.754,12.969,,1.143,3.678,0.6001,,-0.0001,µs,-6.9607551572751065,142.63064900588353
TDOP,0.62,0.65,0.71,0.98,6.84, 14.6,21.4,,6.13,13.95,2.8465,,1.7865, ,3.2837892206133406,18.788325418377752
Temp ZONE0,51.8,51.8,52.35,53.45,55.1, 55.65,56.2,,2.75,3.85,0.866,,53.6326,°C,226422.73491958287,13807893.7931067
nSats,10.0,11.0,12.0,13.0,15.0, 16.0,16.0,,3.0,5.0,1.2334,,13.3776,nSat,983.879253275627,9975.978495436088
