Name,Min,1%,5%,50%,95%,99%,Max,,90% Range,98% Range,StdDev,,Mean,Units,Skewness,Kurtosis
Local Clock Frequency Offset,8.6199,8.7086,8.7386,8.8017,8.8604, 8.8985,8.9618,,0.1218,0.1899,0.0376,,8.8026,ppm,12697700.633664878,2962438867.4817615
Local Clock Time Offset,-9.944,-1.96,-0.507,0.004,0.591, 1.762,7.136,,1.098,3.722,0.5614,,-0.0003,µs,-5.317599714648169,53.7328104772527
Local RMS Frequency Jitter,0.324,0.665,0.861,1.797,8.213, 17.767,33.054,,7.352,17.102,3.1866,,3.0191,ppb,3.1248976256613457,16.597562834568798
Local RMS Time Jitter,0.057,0.105,0.137,0.272,0.983, 2.007,4.374,,0.846,1.902,0.3545,,0.3948,µs,3.8537513029034836,22.628180350607565
Server Jitter SHM(0),0.1563,0.3379,0.5164,1.3869,3.4012, 5.1618,7.3245,,2.8849,4.8239,0.9427,,1.5929,ms,4.25850719832568,16.403736225640454
Server Jitter SHM(1),0.015,0.055,0.083,0.235,1.658, 3.377,9.938,,1.575,3.322,0.6584,,0.4571,µs,3.541334590041805,27.787998416868483
Server Offset SHM(0),12.2635,13.352,14.1157,19.0947,23.3963, 24.7062,27.5147,,9.2806,11.3542,3.0758,,18.7002,ms,146.33970399047345,822.8893326686411
Server Offset SHM(1),-9.945,-1.961,-0.508,0.005,0.592, 1.763,7.137,,1.1,3.724,0.5619,,-0.0002,µs,-5.314788671443863,53.62564355653996
TDOP,0.72,0.74,0.77,1.2,8.97, 12.8,34.17,,8.2,12.06,3.7053,,2.4067, ,4.478901355542389,36.61575577621397
Temp ZONE0,50.7,51.25,51.8,53.45,55.1, 55.65,56.2,,3.3,4.4,0.8597,,53.3975,°C,228425.8766638938,13970957.767097877
nSats,10.0,11.0,11.0,14.0,16.0, 16.0,16.0,,5.0,5.0,1.3588,,13.5726,nSat,753.0269127534345,7009.137802004406
