Name,Min,1%,5%,50%,95%,99%,Max,,90% Range,98% Range,StdDev,,Mean,Units,Skewness,Kurtosis
Local Clock Frequency Offset,8.7353,8.9154,8.9688,9.1315,9.2185, 9.2627,9.3027,,0.2497,0.3473,0.0759,,9.1126,ppm,1689757.0968797843,201291972.9434487
Local Clock Time Offset,-16.123,-2.292,-0.47,0.001,0.517, 2.072,9.148,,0.987,4.364,0.6237,,-0.0004,µs,-6.194519666514393,85.83703477123319
Local RMS Frequency Jitter,0.375,0.648,0.809,1.789,10.182, 19.068,44.678,,9.373,18.42,3.7158,,3.1566,ppb,3.222254355954409,20.553184719056777
Local RMS Time Jitter,0.061,0.101,0.126,0.266,1.25, 2.181,8.265,,1.124,2.08,0.4457,,0.4179,µs,4.266697339940114,35.884847995814354
Server Jitter SHM(0),0.1899,0.3444,0.5077,1.3622,3.3581, 5.1891,7.7852,,2.8504,4.8448,0.9393,,1.5607,ms,4.273636897570426,17.355621905187128
Server Jitter SHM(1),0.013,0.046,0.068,0.208,1.847, 3.786,16.352,,1.779,3.74,0.767,,0.4579,µs,3.837559915509728,37.48076923835198
Server Offset SHM(0),10.8708,12.5908,13.6407,18.7083,23.6441, 24.9604,26.5057,,10.0034,12.3696,3.2586,,18.4301,ms,114.93829860184071,602.8111314472793
Server Offset SHM(1),-16.124,-2.293,-0.471,0.002,0.518, 2.073,9.149,,0.989,4.366,0.6241,,-0.0004,µs,-6.19084975903959,85.68559836504562
TDOP,0.66,0.68,0.73,1.16,18.61, 35.09,80.05,,17.88,34.41,7.9595,,3.787, ,3.5626643278560515,31.44524355116225
Temp ZONE0,49.6,50.7,51.25,54.0,55.65, 56.75,57.3,,4.4,6.05,1.4482,,53.7181,°C,47126.57122151561,1704824.0137379167
nSats,10.0,11.0,12.0,14.0,15.0, 15.0,16.0,,3.0,4.0,1.1205,,13.6667,nSat,1436.5434995510689,16438.560740418998
