Name,Min,1%,5%,50%,95%,99%,Max,,90% Range,98% Range,StdDev,,Mean,Units,Skewness,Kurtosis
Local Clock Frequency Offset,8.1748,8.2637,8.3714,8.8947,9.0201, 9.0338,9.0977,,0.6487,0.7701,0.2055,,8.7993,ppm,73211.33547434385,3066093.6087989514
Local Clock Time Offset,-12.712,-2.147,-0.435,0.001,0.577, 1.838,7.463,,1.012,3.985,0.575,,-0.0006,µs,-5.60414147230395,64.69872103167326
Local RMS Frequency Jitter,0.289,0.54,0.726,1.718,8.489, 18.668,36.041,,7.763,18.128,3.3697,,2.9759,ppb,3.0383095597832668,16.873646792303227
Local RMS Time Jitter,0.05,0.084,0.115,0.255,1.089, 2.068,4.96,,0.974,1.984,0.3891,,0.3944,µs,3.4799956775796637,21.240166118246986
Server Jitter SHM(0),0.069,0.3252,0.5282,1.3763,3.3724, 5.4357,8.8678,,2.8442,5.1105,0.9641,,1.5868,ms,4.265560910056589,17.552498295254672
Server Jitter SHM(1),0.01,0.041,0.065,0.195,1.635, 3.538,12.356,,1.57,3.497,0.6917,,0.4256,µs,3.5546353167481173,30.249528748087762
Server Offset SHM(0),11.5697,13.4582,14.3016,19.1817,24.1521, 25.4033,28.6178,,9.8504,11.9451,3.1775,,19.1326,ms,141.72116747247327,789.9989687420638
Server Offset SHM(1),-12.713,-2.148,-0.436,0.002,0.578, 1.839,7.464,,1.014,3.987,0.5754,,-0.0006,µs,-5.601155061892014,64.57746229005782
TDOP,0.61,0.64,0.71,0.99,2.98, 11.29,34.91,,2.27,10.65,2.4458,,1.4855, ,9.953634078353238,130.8940568177263
Temp ZONE0,46.85,47.4,47.95,54.0,56.75, 57.3,58.4,,8.8,9.9,2.7862,,52.8977,°C,5871.641757693656,106558.6338088831
nSats,9.0,10.0,11.0,14.0,15.0, 16.0,16.0,,4.0,6.0,1.2657,,13.6208,nSat,958.8046962457142,9632.062008743907
