Name,Min,1%,5%,50%,95%,99%,Max,,90% Range,98% Range,StdDev,,Mean,Units,Skewness,Kurtosis
Local Clock Frequency Offset,8.236,8.3832,8.4011,8.4627,8.5433, 8.5587,8.603,,0.1422,0.1755,0.0423,,8.4643,ppm,7895745.1824857965,1572338673.0499222
Local Clock Time Offset,-11.012,-2.218,-0.372,0.003,0.587, 1.621,6.456,,0.959,3.839,0.5687,,0.0003,µs,-6.534493793671286,68.69547313448867
Local RMS Frequency Jitter,0.249,0.471,0.631,1.465,8.48, 18.535,35.737,,7.849,18.064,3.4105,,2.852,ppb,2.690640715289094,14.516647225328528
Local RMS Time Jitter,0.034,0.076,0.106,0.236,1.172, 2.237,5.379,,1.066,2.161,0.4231,,0.4007,µs,2.98970609220921,16.652070161781076
Server Jitter SHM(0),0.1502,0.3704,0.5813,1.4618,3.4861, 5.4036,7.8357,,2.9048,5.0332,0.9618,,1.6901,ms,4.513676095637852,17.1405964614547
Server Jitter SHM(1),0.01,0.04,0.061,0.172,1.706, 3.721,10.996,,1.645,3.681,0.7011,,0.4107,µs,3.2285056710371047,25.944399619494224
Server Offset SHM(0),11.4545,13.1288,13.895,18.8668,23.908, 25.0378,26.6678,,10.013,11.9089,3.1192,,18.7715,ms,141.4554947362867,788.1429450911454
Server Offset SHM(1),-11.013,-2.219,-0.373,0.004,0.588, 1.622,6.457,,0.961,3.841,0.5691,,0.0003,µs,-6.53015699312666,68.57861792912693
TDOP,0.67,0.68,0.72,1.01,9.59, 54.08,56.14,,8.87,53.4,7.6527,,3.1284, ,3.5359072144442285,24.125767290938313
Temp ZONE0,52.35,52.35,52.9,54.55,56.75, 57.85,58.4,,3.85,5.5,1.1494,,54.6755,°C,101143.40277058429,4716896.644316743
nSats,5.0,5.0,5.0,13.0,15.0, 16.0,16.0,,10.0,11.0,3.0906,,12.2739,nSat,33.86495795235626,119.05275754605961
