Name,Min,1%,5%,50%,95%,99%,Max,,90% Range,98% Range,StdDev,,Mean,Units,Skewness,Kurtosis
Local Clock Frequency Offset,8.8765,8.9733,9.0497,9.1627,9.2176, 9.2341,9.287,,0.1679,0.2607,0.0494,,9.155,ppm,6276384.606258091,1157811801.4708412
Local Clock Time Offset,-17.378,-2.339,-0.509,0.009,0.551, 1.981,8.148,,1.06,4.32,0.614,,0.0004,µs,-6.57497654636597,82.52327299580364
Local RMS Frequency Jitter,0.434,0.753,0.931,1.907,9.906, 17.675,49.279,,8.975,16.922,3.5342,,3.2485,ppb,3.3493265365463922,22.009527866074503
Local RMS Time Jitter,0.07,0.118,0.148,0.289,1.247, 2.014,7.196,,1.099,1.896,0.4106,,0.4374,µs,3.9788422376882124,29.36304826069006
Server Jitter SHM(0),0.1039,0.3146,0.4988,1.3646,3.2864, 5.0893,8.7258,,2.7877,4.7747,0.9306,,1.5695,ms,4.31560015265473,17.44423807487693
Server Jitter SHM(1),0.025,0.058,0.084,0.242,1.847, 3.655,16.814,,1.763,3.597,0.74,,0.4864,µs,3.816125555563717,36.65135403065277
Server Offset SHM(0),10.2636,12.4598,13.2916,18.7079,23.8368, 25.0895,27.3374,,10.5453,12.6297,3.3132,,18.4319,ms,108.72246111723912,560.87071798867
Server Offset SHM(1),-17.379,-2.34,-0.51,0.01,0.552, 1.982,8.149,,1.062,4.322,0.6144,,0.0004,µs,-6.5702337354665215,82.36587063185081
TDOP,0.68,0.7,0.74,1.03,5.63, 19.95,138.61,,4.89,19.25,10.0355,,2.5056, ,8.885317775420797,117.00836444578026
Temp ZONE0,50.7,51.8,52.35,54.55,56.2, 57.3,57.85,,3.85,5.5,1.1627,,54.5865,°C,97156.7164232924,4470653.00712008
nSats,9.0,10.0,11.0,13.0,15.0, 15.0,16.0,,4.0,5.0,1.1458,,13.3444,nSat,1238.0298220987938,13507.031444589413
