Name,Min,1%,5%,50%,95%,99%,Max,,90% Range,98% Range,StdDev,,Mean,Units,Skewness,Kurtosis
Local Clock Frequency Offset,8.5822,8.6793,8.706,8.7707,8.8032, 8.81,8.8553,,0.0972,0.1307,0.0254,,8.766,ppm,40804550.958286546,14048137696.863596
Local Clock Time Offset,-10.58,-1.973,-0.516,0.012,0.572, 1.655,7.611,,1.088,3.628,0.5483,,-0.0004,µs,-6.036445002717397,60.859758001189384
Local RMS Frequency Jitter,0.392,0.664,0.874,1.798,8.094, 17.124,38.087,,7.22,16.46,3.0793,,2.9831,ppb,3.1769468048752603,17.405634607729187
Local RMS Time Jitter,0.066,0.109,0.14,0.276,0.993, 1.958,4.908,,0.853,1.849,0.3486,,0.3972,µs,3.843018471951318,22.73728955581818
Server Jitter SHM(0),0.2037,0.3319,0.5578,1.4408,3.7186, 5.6263,9.4692,,3.1607,5.2944,1.0278,,1.6955,ms,4.198896739173482,16.621012648317855
Server Jitter SHM(1),0.012,0.055,0.085,0.238,1.629, 3.266,9.739,,1.544,3.211,0.6459,,0.4548,µs,3.551895196794509,27.940159185705287
Server Offset SHM(0),10.6115,12.7923,13.7304,18.8498,23.7768, 24.9781,27.2237,,10.0464,12.1858,3.2302,,18.6407,ms,122.92560764937157,657.1893786099868
Server Offset SHM(1),-10.581,-1.974,-0.517,0.013,0.573, 1.656,7.612,,1.09,3.63,0.5488,,-0.0003,µs,-6.031941849384611,60.73005615642253
TDOP,0.7,0.71,0.75,1.0,2.28, 7.45,113.39,,1.53,6.74,7.2981,,1.7521, ,12.1602151216902,185.80848455856054
Temp ZONE0,52.9,53.45,55.1,57.85,58.95, 59.5,60.05,,3.85,6.05,1.217,,57.4004,°C,98528.7753578302,4554884.956494403
nSats,9.0,10.0,11.0,13.0,15.0, 16.0,16.0,,4.0,6.0,1.3898,,13.2365,nSat,644.5418122322749,5706.149091432254
