Name,Min,1%,5%,50%,95%,99%,Max,,90% Range,98% Range,StdDev,,Mean,Units,Skewness,Kurtosis
Local Clock Frequency Offset,7.616,7.7209,7.7604,7.9295,8.0047, 8.0279,8.1021,,0.2442,0.3069,0.0764,,7.9102,ppm,1077859.1810869903,110534491.15668416
Local Clock Time Offset,-10.858,-2.264,-0.417,0.001,0.506, 1.86,6.026,,0.923,4.124,0.5617,,-0.0002,µs,-5.792114743974428,58.18802633250146
Local RMS Frequency Jitter,0.302,0.535,0.688,1.62,8.947, 17.512,34.338,,8.259,16.977,3.285,,2.9143,ppb,2.7000961980129983,13.850889693549137
Local RMS Time Jitter,0.044,0.082,0.108,0.242,1.089, 1.969,5.176,,0.981,1.887,0.3823,,0.388,µs,3.1268385299821633,17.91159734936329
Server Jitter SHM(0),0.2107,0.3984,0.5809,1.533,3.6882, 5.4988,7.8443,,3.1073,5.1004,1.0042,,1.7583,ms,4.314089120709963,15.563201068149063
Server Jitter SHM(1),0.012,0.035,0.055,0.182,1.731, 3.466,10.27,,1.676,3.431,0.6852,,0.4187,µs,3.0139912306375676,22.599069432152895
Server Offset SHM(0),10.1377,12.372,13.3332,18.3196,23.2473, 24.6148,26.2188,,9.9141,12.2428,3.0909,,17.9844,ms,126.41173499311502,681.9783073235699
Server Offset SHM(1),-10.859,-2.265,-0.418,0.002,0.507, 1.861,6.027,,0.925,4.126,0.5621,,-0.0002,µs,-5.788985110166474,58.090632546919785
TDOP,0.56,0.58,0.71,0.96,7.01, 23.42,40.16,,6.3,22.84,3.9072,,2.1364, ,4.566926954108109,38.55151529262591
Temp ZONE0,49.6,49.6,50.7,53.45,55.1, 55.65,55.65,,4.4,6.05,1.3318,,53.0545,°C,58697.16196595634,2284151.989491883
nSats,10.0,10.0,12.0,14.0,16.0, 16.0,16.0,,4.0,6.0,1.2494,,13.6901,nSat,1016.9494923848471,10420.625775897159
