Name,Min,1%,5%,50%,95%,99%,Max,,90% Range,98% Range,StdDev,,Mean,Units,Skewness,Kurtosis
Local Clock Frequency Offset,7.1081,7.276,7.3139,7.48,7.6289, 7.6688,7.7378,,0.315,0.3929,0.0896,,7.4742,ppm,560888.1876326859,46269599.831112996
Local Clock Time Offset,-17.483,-2.105,-0.392,0.003,0.561, 1.774,7.864,,0.953,3.879,0.5732,,0.0008,µs,-7.218580373551849,103.82284955892075
Local RMS Frequency Jitter,0.359,0.573,0.75,1.646,9.157, 17.595,48.334,,8.407,17.022,3.3911,,2.9291,ppb,3.217547273558582,20.9486041302754
Local RMS Time Jitter,0.031,0.085,0.118,0.264,1.232, 2.103,9.152,,1.114,2.018,0.4313,,0.4198,µs,3.99731907872733,36.09336083477592
Server Jitter SHM(0),0.5366,0.9308,1.3014,3.5047,9.665, 15.7405,26.3543,,8.3637,14.8097,2.9369,,4.2786,ms,3.5313002255870503,14.595209056648741
Server Jitter SHM(1),0.015,0.047,0.074,0.203,1.649, 3.446,17.42,,1.575,3.399,0.6924,,0.4265,µs,4.081571092227019,43.6410136627107
Server Offset SHM(0),-24.9188,-9.4935,-3.7367,7.8199,20.4619, 25.5737,33.7462,,24.1985,35.0672,7.3617,,8.1257,ms,0.3615529116154893,3.352860622142925
Server Offset SHM(1),-17.484,-2.106,-0.393,0.004,0.562, 1.775,7.865,,0.955,3.881,0.5736,,0.0008,µs,-7.212465607114009,103.60618696901079
Temp ZONE0,47.95,48.5,49.6,52.35,56.75, 57.85,58.95,,7.15,9.35,2.0285,,52.6147,°C,15584.54408423883,390559.2992207849
