Name,Min,1%,5%,50%,95%,99%,Max,,90% Range,98% Range,StdDev,,Mean,Units,Skewness,Kurtosis
Local Clock Frequency Offset,7.8329,7.9279,7.9553,8.1905,8.2723, 8.2841,8.3388,,0.317,0.3562,0.0979,,8.1582,ppm,557997.7730487487,45951827.17619869
Local Clock Time Offset,-10.829,-2.208,-0.418,0.002,0.494, 1.759,6.225,,0.912,3.967,0.543,,0.0002,µs,-5.991743571092714,60.16355478704598
Local RMS Frequency Jitter,0.315,0.533,0.688,1.623,8.753, 16.633,30.424,,8.065,16.1,3.1502,,2.8458,ppb,2.6625912196614117,13.186322848059952
Local RMS Time Jitter,0.04,0.083,0.107,0.241,1.069, 1.879,4.182,,0.962,1.796,0.3649,,0.3779,µs,3.0207297268622617,15.829500107305352
Server Jitter SHM(0),0.1696,0.3483,0.5121,1.3806,3.5133, 5.519,7.7298,,3.0011,5.1706,0.9928,,1.6109,ms,4.078792199726012,15.953721826955253
Server Jitter SHM(1),0.011,0.037,0.056,0.18,1.684, 3.299,10.571,,1.628,3.262,0.66,,0.4121,µs,2.9630069188759,22.1225603928282
Server Offset SHM(0),12.0075,13.1479,14.2145,18.8898,23.4692, 25.0007,27.5092,,9.2547,11.8528,3.0621,,18.6126,ms,146.30014794406162,823.7351456661428
Server Offset SHM(1),-10.83,-2.209,-0.419,0.003,0.495, 1.76,6.226,,0.914,3.969,0.5434,,0.0002,µs,-5.9880283627160305,60.05508270636457
TDOP,0.62,0.68,0.76,1.19,21.85, 30.84,86.21,,21.09,30.16,8.1578,,3.9809, ,3.938156023112559,37.30110316198797
Temp ZONE0,49.6,50.15,50.7,54.55,56.2, 57.3,57.85,,5.5,7.15,1.7156,,54.0023,°C,28398.118283027627,868219.5512358436
nSats,9.0,10.0,11.0,13.0,15.0, 15.0,15.0,,4.0,5.0,1.1881,,13.2116,nSat,1066.1347988066273,11082.345748105638
