Name,Min,1%,5%,50%,95%,99%,Max,,90% Range,98% Range,StdDev,,Mean,Units,Skewness,Kurtosis
Local Clock Frequency Offset,8.8638,9.0546,9.0738,9.1289,9.1652, 9.1879,9.2236,,0.0914,0.1333,0.0286,,9.1248,ppm,32025637.213279072,10170421844.044548
Local Clock Time Offset,-17.416,-2.133,-0.538,0.015,0.566, 1.809,9.641,,1.104,3.942,0.6218,,-0.0001,µs,-6.803252510468836,104.62513356096781
Local RMS Frequency Jitter,0.445,0.767,0.983,1.979,8.571, 19.301,52.232,,7.588,18.534,3.6293,,3.2341,ppb,4.078845137748243,30.430703606523096
Local RMS Time Jitter,0.066,0.126,0.159,0.309,1.112, 2.271,7.931,,0.953,2.145,0.4424,,0.4493,µs,5.271046498124132,49.146795747234655
Server Jitter SHM(0),0.1301,0.3205,0.4932,1.36,3.3463, 5.5296,9.0566,,2.8531,5.2091,0.9634,,1.5664,ms,4.219695694892263,17.712978889978213
Server Jitter SHM(1),0.023,0.067,0.101,0.267,1.672, 3.716,16.262,,1.571,3.649,0.7467,,0.4949,µs,4.864049878119102,52.251230672526184
Server Offset SHM(0),11.5876,12.8984,13.7829,18.7235,23.2975, 24.3611,26.8047,,9.5146,11.4627,3.1326,,18.4753,ms,132.19203476912722,721.3812381444574
Server Offset SHM(1),-17.417,-2.134,-0.539,0.016,0.567, 1.81,9.642,,1.106,3.944,0.6222,,0.0,µs,-6.797808675815445,104.40620610069426
TDOP,0.63,0.64,0.67,1.0,4.95, 14.19,42.91,,4.28,13.55,3.4285,,1.8419, ,6.809052139090762,76.16748500606434
Temp ZONE0,53.45,54.0,54.55,56.2,58.4, 59.5,60.05,,3.85,5.5,1.162,,56.3833,°C,107458.05234526253,5113336.412132963
nSats,11.0,12.0,12.0,14.0,15.0, 16.0,16.0,,3.0,4.0,1.0378,,13.7375,nSat,1869.2991664994265,23321.36797890685
