Name,Min,1%,5%,50%,95%,99%,Max,,90% Range,98% Range,StdDev,,Mean,Units,Skewness,Kurtosis
Local Clock Frequency Offset,8.8365,9.0533,9.0997,9.1522,9.1786, 9.1917,9.2309,,0.0789,0.1384,0.0259,,9.1476,ppm,43475619.71517651,15287437573.911703
Local Clock Time Offset,-21.313,-2.092,-0.468,0.01,0.522, 1.693,11.797,,0.99,3.785,0.5829,,0.0002,µs,-7.043742522230457,130.08973587154924
Local RMS Frequency Jitter,0.332,0.66,0.861,1.811,8.238, 18.124,70.289,,7.377,17.464,3.4264,,3.0047,ppb,4.39572469565928,42.98190671886978
Local RMS Time Jitter,0.053,0.105,0.139,0.282,1.088, 2.038,9.942,,0.949,1.933,0.4047,,0.4151,µs,5.344576059848509,62.339360492133636
Server Jitter SHM(0),0.1812,0.3583,0.5582,1.4325,3.3537, 5.2176,7.6634,,2.7956,4.8593,0.9294,,1.6273,ms,4.515769991341752,17.482125002033364
Server Jitter SHM(1),0.011,0.053,0.082,0.229,1.582, 3.505,19.622,,1.5,3.452,0.7084,,0.4501,µs,5.185678289572383,70.37874146281148
Server Offset SHM(0),9.688,12.2277,13.44,18.7046,23.0539, 24.3353,26.0266,,9.6139,12.1076,3.1141,,18.2151,ms,128.51016635191232,694.8075101361522
Server Offset SHM(1),-21.314,-2.093,-0.469,0.011,0.523, 1.694,11.798,,0.992,3.787,0.5833,,0.0003,µs,-7.037716527175422,129.795328421193
TDOP,0.61,0.63,0.68,1.11,10.41, 64.54,215.28,,9.73,63.91,17.8385,,4.5034, ,6.315797601610809,71.66557282700398
Temp ZONE0,54.0,54.55,55.1,57.3,59.5, 62.25,62.8,,4.4,7.7,1.3225,,57.2019,°C,75569.60113888553,3198613.181957392
nSats,9.0,11.0,12.0,14.0,16.0, 16.0,17.0,,4.0,5.0,1.2523,,13.8174,nSat,1039.7115737444683,10723.782103374597
