Name,Min,1%,5%,50%,95%,99%,Max,,90% Range,98% Range,StdDev,,Mean,Units,Skewness,Kurtosis
Local Clock Frequency Offset,7.8115,7.9423,8.0254,8.3219,8.415, 8.4295,8.4921,,0.3896,0.4872,0.1192,,8.2817,ppm,321220.2850504574,22008211.941511735
Local Clock Time Offset,-17.501,-2.194,-0.492,0.009,0.544, 1.784,12.276,,1.036,3.978,0.5944,,-0.0,µs,-7.5017653689372965,130.31463460496718
Local RMS Frequency Jitter,0.399,0.73,0.911,1.901,8.813, 17.429,66.336,,7.902,16.699,3.4436,,3.1206,ppb,4.312957172602677,39.30771245491256
Local RMS Time Jitter,0.06,0.113,0.142,0.284,1.071, 1.987,8.722,,0.929,1.874,0.4169,,0.421,µs,5.378945867532786,55.77769157355577
Server Jitter SHM(0),0.1483,0.3302,0.5176,1.3829,3.5355, 5.4354,7.9364,,3.0179,5.1052,0.9794,,1.6102,ms,4.111819390660387,15.870405437165186
Server Jitter SHM(1),0.015,0.053,0.083,0.239,1.699, 3.339,18.039,,1.616,3.286,0.7151,,0.4647,µs,5.143982389498771,68.71541077502455
Server Offset SHM(0),10.1984,11.9981,13.826,18.4848,22.9924, 24.3282,25.6529,,9.1664,12.3301,3.0633,,18.2565,ms,136.89204555076452,754.9007798734516
Server Offset SHM(1),-17.502,-2.195,-0.493,0.01,0.545, 1.785,12.277,,1.038,3.98,0.5948,,0.0,µs,-7.494851380876475,130.02446522199153
TDOP,0.64,0.71,0.75,0.99,5.51, 13.0,80.73,,4.76,12.29,6.1616,,2.1369, ,8.359850517928336,100.0700827057869
Temp ZONE0,47.95,49.05,49.6,54.0,56.2, 56.75,56.75,,6.6,7.7,1.977,,53.3377,°C,17610.94321956303,459500.24149775604
nSats,10.0,10.0,11.0,14.0,15.0, 16.0,16.0,,4.0,6.0,1.3954,,13.4458,nSat,669.3359642723881,5990.13896963361
