Name,Min,1%,5%,50%,95%,99%,Max,,90% Range,98% Range,StdDev,,Mean,Units,Skewness,Kurtosis
Local Clock Frequency Offset,8.3372,8.4593,8.4934,8.9521,9.0234, 9.0447,9.1096,,0.53,0.5854,0.1638,,8.8747,ppm,150431.1092287818,8005961.114558071
Local Clock Time Offset,-17.831,-2.065,-0.455,0.006,0.508, 1.766,7.25,,0.963,3.831,0.56,,0.0004,µs,-6.449259380306998,89.5058202945094
Local RMS Frequency Jitter,0.359,0.657,0.832,1.77,8.119, 17.984,50.067,,7.287,17.327,3.2595,,2.9237,ppb,3.486220820642531,22.493419760008877
Local RMS Time Jitter,0.052,0.102,0.131,0.272,1.049, 1.931,7.588,,0.918,1.829,0.3714,,0.396,µs,4.338851717134427,36.672911175581895
Server Jitter SHM(0),0.1733,0.3565,0.5368,1.3576,3.281, 5.1543,7.0339,,2.7442,4.7978,0.9076,,1.5554,ms,4.481485857869562,17.744166693175423
Server Jitter SHM(1),0.014,0.049,0.077,0.222,1.526, 3.503,17.371,,1.449,3.454,0.6669,,0.4324,µs,4.201927585731864,42.76915112310744
Server Offset SHM(0),11.3043,12.7735,13.9973,18.8997,23.5672, 24.6725,26.4169,,9.5699,11.899,3.0759,,18.7887,ms,148.5840626106343,838.7186509492284
Server Offset SHM(1),-17.832,-2.066,-0.456,0.007,0.509, 1.767,7.25,,0.965,3.833,0.5605,,0.0004,µs,-6.444248345685921,89.30921480891126
TDOP,0.65,0.67,0.71,1.17,6.66, 25.63,86.72,,5.95,24.96,6.3643,,2.3866, ,8.28153891465608,107.23012207239329
Temp ZONE0,47.4,47.95,49.05,54.0,56.2, 58.4,58.4,,7.15,10.45,2.3009,,53.3998,°C,11018.503460527665,246138.72883181658
nSats,11.0,11.0,12.0,14.0,16.0, 16.0,16.0,,4.0,5.0,1.1073,,13.9212,nSat,1584.3562973617231,18739.581053189555
