Name,Min,1%,5%,50%,95%,99%,Max,,90% Range,98% Range,StdDev,,Mean,Units,Skewness,Kurtosis
Local Clock Frequency Offset,8.1734,8.2929,8.3218,8.5199,8.6218, 8.6593,8.7146,,0.3,0.3664,0.0929,,8.5054,ppm,742719.2434614535,67277704.57975763
Local Clock Time Offset,-12.452,-2.183,-0.367,0.002,0.588, 1.687,8.364,,0.955,3.87,0.5892,,-0.0002,µs,-6.765566975105311,78.6337944948922
Local RMS Frequency Jitter,0.246,0.485,0.632,1.424,8.581, 19.437,44.712,,7.949,18.952,3.5899,,2.8862,ppb,2.7853303613037927,15.97931285705637
Local RMS Time Jitter,0.043,0.075,0.104,0.231,1.177, 2.348,5.624,,1.073,2.273,0.4409,,0.4015,µs,3.1455783818327485,18.598496709892608
Server Jitter SHM(0),0.1879,0.369,0.5907,1.4477,3.3427, 5.4616,8.0572,,2.752,5.0926,0.9265,,1.6468,ms,4.745300150554595,18.986292523644373
Server Jitter SHM(1),0.015,0.04,0.061,0.169,1.729, 3.94,12.504,,1.668,3.9,0.7306,,0.4135,µs,3.389667884398061,28.668851100568112
Server Offset SHM(0),10.2586,12.3176,13.8525,18.8912,23.4145, 24.7081,26.7358,,9.562,12.3906,3.1181,,18.592,ms,137.06951185211543,755.6299242048588
Server Offset SHM(1),-12.453,-2.184,-0.368,0.003,0.589, 1.688,8.365,,0.957,3.872,0.5896,,-0.0002,µs,-6.7610293245580895,78.50162715331051
TDOP,0.67,0.68,0.78,1.15,12.83, 38.86,107.04,,12.05,38.18,10.5541,,3.7836, ,5.454698266176426,52.89899524653019
Temp ZONE0,49.6,50.15,50.7,53.45,56.2, 56.75,66.65,,5.5,6.6,1.9343,,53.6585,°C,19202.205496837647,515724.5525499289
nSats,5.0,5.0,5.0,13.0,15.0, 16.0,16.0,,10.0,11.0,2.5526,,12.5333,nSat,69.93220511772243,306.0579535890277
