Name,Min,1%,5%,50%,95%,99%,Max,,90% Range,98% Range,StdDev,,Mean,Units,Skewness,Kurtosis
Local Clock Frequency Offset,8.0592,8.1573,8.1779,8.435,8.519, 8.5457,8.5808,,0.3411,0.3883,0.1198,,8.3859,ppm,328459.515514263,22671971.624313977
Local Clock Time Offset,-12.851,-2.213,-0.362,0.001,0.556, 1.703,6.406,,0.918,3.916,0.5793,,-0.0002,µs,-6.693823232240214,73.9156246783514
Local RMS Frequency Jitter,0.28,0.467,0.617,1.432,8.452, 19.174,35.564,,7.835,18.707,3.5236,,2.8458,ppb,2.745569868625757,14.949856862221358
Local RMS Time Jitter,0.037,0.072,0.099,0.229,1.167, 2.304,5.201,,1.068,2.232,0.4294,,0.3935,µs,3.0006099546149865,16.83009948372668
Server Jitter SHM(0),0.1984,0.3826,0.5564,1.4519,3.5326, 5.321,9.0274,,2.9762,4.9383,0.9735,,1.6776,ms,4.402017063345721,17.27467817457891
Server Jitter SHM(1),0.011,0.037,0.057,0.169,1.707, 3.841,12.916,,1.65,3.804,0.7173,,0.4062,µs,3.2996124456801668,27.24047083619281
Server Offset SHM(0),10.924,12.1005,13.3724,18.8785,23.8379, 25.1888,27.6106,,10.4655,13.0882,3.2806,,18.5311,ms,114.38843082121997,598.4823518045004
Server Offset SHM(1),-12.852,-2.214,-0.363,0.002,0.557, 1.704,6.407,,0.92,3.918,0.5797,,-0.0002,µs,-6.689362253623468,73.79170770060983
TDOP,0.59,0.61,0.71,1.25,3.29, 13.66,49.45,,2.58,13.05,3.4667,,1.8313, ,9.751249536928595,129.989900569454
Temp ZONE0,48.5,49.05,49.6,53.45,57.3, 58.95,59.5,,7.7,9.9,2.4882,,53.2277,°C,8541.595641021298,175444.48416740386
nSats,5.0,5.0,5.0,14.0,16.0, 16.0,16.0,,11.0,11.0,3.4373,,12.4,nSat,24.258208577575278,76.75985540000609
