Name,Min,1%,5%,50%,95%,99%,Max,,90% Range,98% Range,StdDev,,Mean,Units,Skewness,Kurtosis
Local Clock Frequency Offset,8.5854,8.7208,8.7488,8.7928,8.8324, 8.8584,8.8991,,0.0836,0.1376,0.0271,,8.7906,ppm,33882898.00083479,10964336371.175983
Local Clock Time Offset,-14.118,-1.9,-0.551,0.015,0.589, 1.669,7.41,,1.14,3.569,0.5592,,-0.0001,µs,-6.117706819396156,68.15896435377915
Local RMS Frequency Jitter,0.473,0.776,0.98,1.985,8.059, 17.108,42.068,,7.079,16.332,3.083,,3.1003,ppb,3.5991679126341825,21.918594489298467
Local RMS Time Jitter,0.085,0.125,0.157,0.302,0.991, 1.97,6.095,,0.834,1.845,0.3506,,0.4167,µs,4.485137944969012,31.577460987660142
Server Jitter SHM(0),0.1265,0.3568,0.5528,1.3642,3.3765, 5.4919,10.5389,,2.8237,5.1351,0.9767,,1.5941,ms,4.453041404578573,19.76320934133957
Server Jitter SHM(1),0.013,0.066,0.099,0.268,1.601, 3.317,13.312,,1.502,3.251,0.6472,,0.479,µs,4.004405423100008,34.9929432272612
Server Offset SHM(0),9.6704,13.0842,14.1949,19.2427,23.9024, 25.0262,27.1877,,9.7075,11.942,3.1847,,19.0523,ms,138.61961411817265,766.7149538663641
Server Offset SHM(1),-14.119,-1.901,-0.552,0.016,0.59, 1.67,7.411,,1.142,3.571,0.5597,,-0.0001,µs,-6.112813873279682,68.00137271324823
TDOP,0.6,0.63,0.72,1.27,6.42, 17.44,137.81,,5.7,16.81,9.1213,,2.53, ,11.13652822802235,165.60943917489075
Temp ZONE0,52.9,52.9,54.55,56.2,58.95, 60.05,61.15,,4.4,7.15,1.4402,,56.6354,°C,56408.08840682674,2166283.7449774593
nSats,10.0,12.0,12.0,14.0,16.0, 16.0,16.0,,4.0,4.0,1.0772,,13.8625,nSat,1707.5853614251996,20683.810580172343
