Name,Min,1%,5%,50%,95%,99%,Max,,90% Range,98% Range,StdDev,,Mean,Units,Skewness,Kurtosis
Local Clock Frequency Offset,8.5587,8.6736,8.6904,8.7448,8.7839, 8.8285,8.8513,,0.0935,0.155,0.0331,,8.743,ppm,18301498.89691431,4823119741.1637745
Local Clock Time Offset,-11.355,-1.94,-0.506,0.009,0.579, 1.716,7.611,,1.085,3.656,0.5541,,-0.0002,µs,-5.970556961018259,61.704515872965146
Local RMS Frequency Jitter,0.392,0.643,0.841,1.793,8.161, 17.193,32.895,,7.32,16.55,3.1295,,2.9964,ppb,3.129606765620048,17.044120178523645
Local RMS Time Jitter,0.066,0.103,0.135,0.276,0.994, 1.985,4.499,,0.859,1.882,0.3554,,0.3984,µs,3.852127542732909,23.079855517709113
Server Jitter SHM(0),0.2053,0.3651,0.5581,1.4316,3.4768, 5.5136,8.358,,2.9187,5.1485,0.986,,1.6621,ms,4.366529178797925,17.617701439641717
Server Jitter SHM(1),0.012,0.054,0.083,0.237,1.635, 3.316,10.961,,1.552,3.262,0.6518,,0.4556,µs,3.5588621286331037,28.72839432874112
Server Offset SHM(0),10.6115,12.9917,13.976,18.8969,24.0041, 25.0278,27.44,,10.0281,12.0361,3.2351,,18.8502,ms,126.99232173697338,685.5489787795067
Server Offset SHM(1),-11.356,-1.941,-0.507,0.01,0.58, 1.717,7.612,,1.087,3.658,0.5546,,-0.0001,µs,-5.966281901822152,61.57435979793986
TDOP,0.65,0.65,0.73,1.09,4.26, 19.5,149.49,,3.53,18.85,9.7669,,2.3083, ,11.537523070504486,174.37002689304106
Temp ZONE0,52.35,52.9,53.45,55.1,58.4, 58.4,59.5,,4.95,5.5,1.5883,,55.577,°C,39378.72114233821,1342058.60911241
nSats,9.0,10.0,11.0,13.0,15.0, 16.0,16.0,,4.0,6.0,1.3261,,12.9295,nSat,696.137678418047,6322.203497029726
