Name,Min,1%,5%,50%,95%,99%,Max,,90% Range,98% Range,StdDev,,Mean,Units,Skewness,Kurtosis
Local Clock Frequency Offset,8.2952,8.4213,8.4762,8.6326,8.7126, 8.7334,8.7688,,0.2364,0.312,0.0733,,8.6121,ppm,1584077.4404882642,184685167.84433264
Local Clock Time Offset,-15.284,-1.865,-0.486,0.007,0.567, 1.657,6.829,,1.053,3.522,0.5508,,-0.0,µs,-6.4309468269389445,78.39894412254898
Local RMS Frequency Jitter,0.364,0.677,0.852,1.732,7.864, 17.604,43.002,,7.012,16.927,3.1535,,2.9332,ppb,3.307768424930753,19.59354874587153
Local RMS Time Jitter,0.056,0.107,0.135,0.263,0.968, 2.029,6.535,,0.833,1.922,0.3629,,0.3873,µs,4.306385811561341,32.77448813117093
Server Jitter SHM(0),0.2057,0.4279,0.6236,1.5365,3.6921, 5.8335,7.8497,,3.0685,5.4056,1.0087,,1.7659,ms,4.5760551935246205,17.783322981310032
Server Jitter SHM(1),0.011,0.056,0.082,0.225,1.606, 3.313,14.834,,1.524,3.257,0.6542,,0.444,µs,3.871272331117445,35.682479039929056
Server Offset SHM(0),9.8305,12.0858,13.1447,18.5656,24.23, 25.7525,27.9617,,11.0853,13.6666,3.4536,,18.5672,ms,96.97802100012117,484.5909555617966
Server Offset SHM(1),-15.285,-1.866,-0.487,0.008,0.568, 1.658,6.83,,1.055,3.524,0.5513,,0.0,µs,-6.425608859277123,78.22041986416922
TDOP,0.69,0.71,0.77,1.27,7.37, 21.98,29.82,,6.6,21.27,3.4503,,2.4254, ,3.916790029756262,26.976720694482974
Temp ZONE0,50.7,51.25,51.8,55.1,58.95, 60.05,60.6,,7.15,8.8,2.3897,,55.3191,°C,10931.960120691212,243611.42743546577
nSats,10.0,10.0,10.0,13.0,15.0, 15.0,15.0,,5.0,5.0,1.3139,,13.2407,nSat,774.4542198180288,7259.734212929952
