Name,Min,1%,5%,50%,95%,99%,Max,,90% Range,98% Range,StdDev,,Mean,Units,Skewness,Kurtosis
Local Clock Frequency Offset,8.6065,8.7271,8.7624,8.8372,8.8982, 8.9328,8.9855,,0.1358,0.2058,0.0407,,8.8344,ppm,10059262.005036816,2171568003.892134
Local Clock Time Offset,-19.349,-1.896,-0.56,0.01,0.598, 1.728,11.672,,1.158,3.624,0.5902,,-0.0001,µs,-6.6108669660201285,112.36354585990136
Local RMS Frequency Jitter,0.524,0.809,1.013,1.954,8.263, 18.029,61.95,,7.25,17.22,3.3641,,3.1589,ppb,4.223378347780607,35.07021109003114
Local RMS Time Jitter,0.08,0.128,0.162,0.299,1.004, 2.065,8.385,,0.842,1.937,0.3879,,0.4221,µs,5.582772914143285,57.4770102590143
Server Jitter SHM(0),0.1895,0.3521,0.5508,1.4009,3.3285, 5.2714,7.7984,,2.7777,4.9193,0.9363,,1.6162,ms,4.458128230367481,17.46967923610569
Server Jitter SHM(1),0.025,0.071,0.105,0.274,1.628, 3.416,18.814,,1.523,3.345,0.6893,,0.4889,µs,5.192290967842117,66.70969748260626
Server Offset SHM(0),11.5901,12.9419,14.1776,19.3895,23.9672, 25.2911,27.8091,,9.7897,12.3492,3.1595,,19.0758,ms,142.9044215394099,797.3399941335186
Server Offset SHM(1),-19.35,-1.897,-0.561,0.011,0.599, 1.729,11.673,,1.16,3.626,0.5907,,-0.0,µs,-6.605170467194507,112.0902123435193
TDOP,0.62,0.65,0.71,1.02,6.81, 14.6,21.4,,6.1,13.95,2.8248,,1.8551, ,3.3937453777045135,19.442289176487446
Temp ZONE0,51.25,51.8,52.35,53.45,55.1, 55.65,56.2,,2.75,3.85,0.8987,,53.5801,°C,201579.06170017697,11826241.360921348
nSats,8.0,11.0,12.0,14.0,15.0, 16.0,16.0,,3.0,5.0,1.2462,,13.5021,nSat,980.2772258466275,9918.879706190806
