Name,Min,1%,5%,50%,95%,99%,Max,,90% Range,98% Range,StdDev,,Mean,Units,Skewness,Kurtosis
Local Clock Frequency Offset,8.841,8.9471,9.0262,9.138,9.2047, 9.2385,9.2642,,0.1785,0.2914,0.059,,9.1222,ppm,3630593.3760835417,558050338.682781
Local Clock Time Offset,-15.413,-2.362,-0.538,0.012,0.58, 1.892,8.476,,1.118,4.254,0.6282,,-0.0002,µs,-6.526512511255961,82.84411949934956
Local RMS Frequency Jitter,0.476,0.817,1.002,2.024,9.725, 18.171,49.534,,8.723,17.354,3.6005,,3.3402,ppb,3.7176130871684863,26.0921440509917
Local RMS Time Jitter,0.089,0.129,0.159,0.307,1.238, 2.07,6.582,,1.079,1.941,0.4246,,0.455,µs,4.265740464124397,31.9152516429999
Server Jitter SHM(0),0.1577,0.3322,0.5209,1.4288,3.5316, 5.6054,8.3884,,3.0108,5.2732,1.0051,,1.6474,ms,4.1761406033788795,16.87462481088482
Server Jitter SHM(1),0.019,0.06,0.089,0.254,1.836, 3.725,14.671,,1.747,3.665,0.7577,,0.5004,µs,4.097683559742316,40.09960691804144
Server Offset SHM(0),11.0013,12.3958,13.313,18.6791,23.3379, 24.5577,26.3817,,10.0248,12.1618,3.1992,,18.2407,ms,118.0123419025911,622.8078867620154
Server Offset SHM(1),-15.414,-2.363,-0.539,0.013,0.581, 1.893,8.477,,1.12,4.256,0.6286,,-0.0001,µs,-6.521928870675402,82.68739227506377
TDOP,0.7,0.75,0.79,1.12,7.08, 22.72,50.9,,6.29,21.97,4.8722,,2.4944, ,5.122840766840759,45.11917796441494
Temp ZONE0,51.25,51.25,52.9,56.75,59.5, 60.05,60.6,,6.6,8.8,2.2496,,56.1519,°C,13827.815965576705,333036.25629153004
nSats,10.0,11.0,12.0,14.0,15.0, 16.0,16.0,,3.0,5.0,1.1471,,13.5958,nSat,1310.618573397766,14576.235574092992
