Name,Min,1%,5%,50%,95%,99%,Max,,90% Range,98% Range,StdDev,,Mean,Units,Skewness,Kurtosis
Local Clock Frequency Offset,8.854,9.0058,9.0522,9.1523,9.2147, 9.2396,9.2856,,0.1626,0.2338,0.0486,,9.1481,ppm,6574711.327217262,1231762063.3847823
Local Clock Time Offset,-15.413,-2.375,-0.524,0.011,0.579, 1.913,8.814,,1.103,4.288,0.6232,,0.0,µs,-6.86036258521091,90.2809479526677
Local RMS Frequency Jitter,0.476,0.801,0.99,2.004,9.74, 18.171,49.818,,8.75,17.37,3.5649,,3.3207,ppb,3.639664527306224,25.5204513742388
Local RMS Time Jitter,0.071,0.128,0.158,0.303,1.238, 2.077,7.619,,1.08,1.949,0.4271,,0.4513,µs,4.468321653851591,37.063136000741665
Server Jitter SHM(0),0.1566,0.3103,0.4796,1.372,3.5032, 5.3651,7.9339,,3.0236,5.0548,0.9971,,1.5982,ms,3.8752368818899656,14.823737204877537
Server Jitter SHM(1),0.019,0.058,0.088,0.248,1.834, 3.686,14.671,,1.746,3.628,0.7518,,0.4947,µs,4.075627154516853,40.843603107307175
Server Offset SHM(0),10.0902,11.9081,12.9497,18.3969,23.4561, 24.7202,26.3385,,10.5065,12.8121,3.249,,18.0674,ms,108.54543511397607,559.4461886017367
Server Offset SHM(1),-15.414,-2.375,-0.525,0.012,0.58, 1.914,8.815,,1.105,4.289,0.6236,,0.0001,µs,-6.855142804847179,90.1058519628828
TDOP,0.7,0.73,0.78,1.05,18.93, 40.78,64.87,,18.15,40.05,7.7265,,3.6076, ,3.0481173629033282,21.698383289136476
Temp ZONE0,51.8,52.35,52.9,56.2,59.5, 60.05,60.6,,6.6,7.7,2.0331,,56.145,°C,18932.607333319655,506017.17693578685
nSats,9.0,9.0,11.0,13.0,15.0, 15.0,16.0,,4.0,6.0,1.2647,,13.1458,nSat,856.5705477117089,8297.122860853397
