Name,Min,1%,5%,50%,95%,99%,Max,,90% Range,98% Range,StdDev,,Mean,Units,Skewness,Kurtosis
Local Clock Frequency Offset,7.3012,7.415,7.4501,7.5716,7.7253, 7.7844,7.872,,0.2752,0.3694,0.0765,,7.5725,ppm,939832.2329532679,92078508.19216661
Local Clock Time Offset,-15.684,-2.067,-0.396,0.001,0.572, 1.713,7.179,,0.968,3.78,0.5956,,0.0005,µs,-7.825019198015028,116.9939556464787
Local RMS Frequency Jitter,0.294,0.568,0.757,1.7,8.821, 19.434,43.328,,8.064,18.866,3.5664,,2.994,ppb,3.3956635009825864,21.459879493426897
Local RMS Time Jitter,0.047,0.087,0.119,0.275,1.222, 2.306,6.904,,1.103,2.219,0.4546,,0.4289,µs,4.015758163800538,30.20658602809095
Server Jitter SHM(0),0.2029,0.5155,0.7574,1.8148,3.9249, 5.1194,11.0291,,3.1676,4.6039,0.9996,,2.0085,ms,5.438407967379476,19.35211361089161
Server Jitter SHM(1),0.017,0.049,0.077,0.213,1.6, 3.619,15.66,,1.523,3.57,0.724,,0.4342,µs,4.588490362169879,48.97435237934188
Server Offset SHM(0),-25.0928,-21.6551,-19.3056,-12.0142,-2.6729, -0.3095,4.669,,16.6327,21.3456,5.0521,,-11.5089,ms,-44.83883601237607,179.53993813859853
Server Offset SHM(1),-15.685,-2.068,-0.397,0.002,0.573, 1.714,7.18,,0.97,3.782,0.596,,0.0005,µs,-7.818092158448564,116.75623745371881
Temp ZONE0,48.5,49.05,49.6,51.25,52.9, 54.0,54.55,,3.3,4.95,1.0192,,51.1386,°C,119049.81873504903,5861369.3461309625
