Name,Min,1%,5%,50%,95%,99%,Max,,90% Range,98% Range,StdDev,,Mean,Units,Skewness,Kurtosis
Local Clock Frequency Offset,8.8997,9.0717,9.118,9.2722,9.3696, 9.3984,9.4502,,0.2515,0.3266,0.0726,,9.2609,ppm,2028295.193749199,256780535.91802382
Local Clock Time Offset,-17.886,-2.379,-0.49,0.006,0.553, 2.007,8.488,,1.043,4.386,0.6227,,0.0005,µs,-6.4654266106113285,89.27427456733962
Local RMS Frequency Jitter,0.465,0.759,0.946,1.94,9.78, 18.747,53.781,,8.834,17.988,3.6017,,3.2748,ppb,3.5295956105283834,24.771333463023346
Local RMS Time Jitter,0.066,0.122,0.157,0.305,1.253, 2.071,7.279,,1.096,1.949,0.4167,,0.4496,µs,4.234044941511739,33.21026784856274
Server Jitter SHM(0),0.1239,0.3158,0.4685,1.2433,3.148, 4.984,8.0522,,2.6796,4.6682,0.9062,,1.4499,ms,4.102392530119358,16.944939008697023
Server Jitter SHM(1),0.013,0.058,0.091,0.244,1.842, 3.736,17.23,,1.751,3.678,0.7475,,0.4861,µs,4.105732582738078,42.412264985007404
Server Offset SHM(0),10.9838,12.5753,13.2862,18.1856,22.7598, 24.7172,27.8174,,9.4736,12.1418,3.1445,,17.9421,ms,118.43159646615891,627.1607774378701
Server Offset SHM(1),-17.887,-2.38,-0.491,0.007,0.554, 2.008,8.489,,1.045,4.388,0.6231,,0.0005,µs,-6.460959582688461,89.10165797508635
TDOP,0.61,0.64,0.75,1.05,3.64, 14.86,48.35,,2.89,14.22,3.5913,,1.8435, ,8.26980519013502,102.139656534106
Temp ZONE0,49.05,50.7,51.25,53.45,55.65, 56.2,56.75,,4.4,5.5,1.279,,53.4979,°C,68186.81180243964,2789010.526802129
nSats,4.0,10.0,11.0,14.0,15.0, 16.0,16.0,,4.0,6.0,1.5386,,13.2988,nSat,467.4491465269575,3713.5866243163046
