Name,Min,1%,5%,50%,95%,99%,Max,,90% Range,98% Range,StdDev,,Mean,Units,Skewness,Kurtosis
Local Clock Frequency Offset,7.1764,7.2913,7.4131,7.7109,7.804, 7.887,7.9879,,0.3909,0.5957,0.1332,,7.6617,ppm,180630.01029238623,10216909.14395671
Local Clock Time Offset,-21.359,-2.19,-0.429,0.0,0.625, 1.774,7.976,,1.054,3.964,0.6151,,0.0009,µs,-7.993865770804762,129.24441165246637
Local RMS Frequency Jitter,0.222,0.587,0.812,1.81,9.155, 19.552,59.001,,8.343,18.965,3.6566,,3.1232,ppb,3.590712621200925,25.614361229664123
Local RMS Time Jitter,0.039,0.086,0.122,0.275,1.236, 2.261,9.331,,1.114,2.175,0.4588,,0.4342,µs,4.322924709214933,39.174171050246514
Server Jitter SHM(0),0.1398,0.4203,0.6422,1.5465,3.6016, 4.7789,7.3568,,2.9594,4.3586,0.9256,,1.752,ms,4.802743713598826,16.412287739158927
Server Jitter SHM(1),0.013,0.046,0.076,0.22,1.661, 3.681,21.339,,1.585,3.635,0.7484,,0.4524,µs,4.693345125499773,55.67631708618458
Server Offset SHM(0),-31.1292,-24.8068,-21.8576,-12.47,1.5268, 3.881,6.9848,,23.3843,28.6879,7.3551,,-10.9157,ms,-22.564484617719774,75.11999910277835
Server Offset SHM(1),-21.36,-2.191,-0.43,0.001,0.626, 1.775,7.977,,1.056,3.966,0.6155,,0.0009,µs,-7.986765725634903,128.97979164241843
Temp ZONE0,47.95,47.95,48.5,51.8,55.65, 56.2,56.75,,7.15,8.25,1.9387,,51.7908,°C,17080.63167651692,441219.1923263422
