Name,Min,1%,5%,50%,95%,99%,Max,,90% Range,98% Range,StdDev,,Mean,Units,Skewness,Kurtosis
Local Clock Frequency Offset,8.9337,9.0312,9.0876,9.1412,9.175, 9.1905,9.243,,0.0874,0.1593,0.0292,,9.1385,ppm,30348426.837818027,9466522005.013939
Local Clock Time Offset,-12.45,-2.159,-0.465,0.011,0.516, 1.747,7.035,,0.981,3.906,0.5647,,-0.0001,µs,-6.16024666391531,66.29317279140658
Local RMS Frequency Jitter,0.316,0.623,0.823,1.789,8.157, 17.918,35.516,,7.334,17.295,3.2605,,2.9771,ppb,3.2419985315204065,18.271442984581938
Local RMS Time Jitter,0.049,0.098,0.132,0.276,1.084, 2.011,5.198,,0.952,1.913,0.3819,,0.4087,µs,3.7441030231342953,23.421457783792302
Server Jitter SHM(0),0.1967,0.3502,0.569,1.4577,3.5124, 5.7261,7.8711,,2.9434,5.3758,0.9751,,1.6798,ms,4.560758303268648,18.443873138754856
Server Jitter SHM(1),0.019,0.048,0.074,0.215,1.629, 3.573,11.99,,1.555,3.525,0.6812,,0.4404,µs,3.5995475346826704,29.634069078126814
Server Offset SHM(0),11.5536,13.2352,14.0142,18.9599,23.3221, 24.5533,26.3266,,9.3078,11.3182,3.0411,,18.5686,ms,148.434404586364,838.1096193016559
Server Offset SHM(1),-12.451,-2.16,-0.466,0.012,0.517, 1.748,7.036,,0.983,3.908,0.5651,,-0.0001,µs,-6.155855213639939,66.16182019510849
TDOP,0.63,0.65,0.79,1.17,11.89, 56.95,158.79,,11.1,56.3,11.7826,,3.8257, ,8.007429181551698,103.37075108600301
Temp ZONE0,54.0,54.0,55.1,57.3,59.5, 60.05,61.15,,4.4,6.05,1.3559,,57.3894,°C,70696.6224398815,2926617.341143772
nSats,9.0,10.0,11.0,14.0,16.0, 16.0,16.0,,5.0,6.0,1.3017,,13.9625,nSat,948.3465293740177,9484.073425389022
