Name,Min,1%,5%,50%,95%,99%,Max,,90% Range,98% Range,StdDev,,Mean,Units,Skewness,Kurtosis
Local Clock Frequency Offset,8.4175,8.6166,8.7702,8.8529,8.9079, 8.9483,9.0002,,0.1377,0.3316,0.0554,,8.8451,ppm,3984137.117765479,631654290.983812
Local Clock Time Offset,-21.414,-1.88,-0.535,0.007,0.597, 1.766,17.088,,1.132,3.646,0.6292,,0.0001,µs,-8.715816680219527,222.21512185631195
Local RMS Frequency Jitter,0.352,0.722,0.946,1.902,8.268, 18.412,87.565,,7.322,17.69,3.7672,,3.1625,ppb,5.5751884840706305,67.36680240020694
Local RMS Time Jitter,0.067,0.115,0.151,0.292,1.002, 2.155,11.273,,0.851,2.04,0.452,,0.4221,µs,7.405138399969013,104.24897103195946
Server Jitter SHM(0),0.1878,0.3427,0.5351,1.3416,3.2663, 5.1911,7.2443,,2.7312,4.8485,0.9196,,1.5536,ms,4.27559719456931,16.428110563799997
Server Jitter SHM(1),0.019,0.063,0.096,0.257,1.64, 3.46,24.439,,1.544,3.397,0.7617,,0.4808,µs,7.243718618595875,129.6453579331294
Server Offset SHM(0),10.7039,12.8876,14.0522,19.1281,23.9179, 25.0114,27.3317,,9.8657,12.1238,3.1857,,18.973,ms,136.55730178364158,752.1551494831018
Server Offset SHM(1),-21.415,-1.881,-0.536,0.008,0.598, 1.767,17.089,,1.134,3.648,0.6296,,0.0002,µs,-8.706899886180883,221.7099313832897
TDOP,0.65,0.66,0.71,1.18,10.85, 19.1,41.56,,10.14,18.44,4.445,,2.7774, ,3.1259215799385083,23.54891160214922
Temp ZONE0,47.95,50.7,51.8,53.45,55.1, 55.65,55.65,,3.3,4.95,1.0243,,53.3427,°C,133419.51254240505,6822637.880075419
nSats,10.0,11.0,12.0,14.0,16.0, 16.0,16.0,,4.0,5.0,1.2806,,13.8921,nSat,984.4482088300546,9978.887618635212
