Name,Min,1%,5%,50%,95%,99%,Max,,90% Range,98% Range,StdDev,,Mean,Units,Skewness,Kurtosis
Local Clock Frequency Offset,8.5976,8.7291,8.7695,9.0624,9.2125, 9.2455,9.3127,,0.4431,0.5164,0.1593,,9.0215,ppm,172506.29425230238,9609145.664060017
Local Clock Time Offset,-23.613,-2.315,-0.658,0.011,0.625, 2.056,13.86,,1.283,4.371,0.6975,,0.0,µs,-7.379591987590919,151.42121844821494
Local RMS Frequency Jitter,0.645,1.01,1.259,2.417,9.965, 20.859,76.132,,8.706,19.849,3.9994,,3.7058,ppb,5.049900732172742,48.31327998908661
Local RMS Time Jitter,0.104,0.156,0.194,0.363,1.266, 2.378,13.684,,1.072,2.222,0.5026,,0.5058,µs,7.231248851362405,99.85808333446906
Server Jitter SHM(0),0.1632,0.3691,0.5461,1.4133,3.0653, 4.5515,7.2448,,2.5192,4.1823,0.8402,,1.5727,ms,4.957832947064795,18.92217953388637
Server Jitter SHM(1),0.031,0.075,0.114,0.33,1.845, 3.803,21.641,,1.731,3.728,0.8266,,0.5675,µs,6.043957661927694,85.18613447290595
Server Offset SHM(0),9.4928,12.1805,13.1439,18.3916,23.1619, 24.4475,26.7543,,10.018,12.267,3.1949,,18.1271,ms,116.1112723894792,610.1266507688858
Server Offset SHM(1),-23.614,-2.316,-0.659,0.012,0.625, 2.057,13.861,,1.284,4.373,0.6979,,0.0001,µs,-7.3736297567789135,151.11183943693413
TDOP,0.65,0.67,0.76,1.29,10.52, 24.02,35.04,,9.76,23.35,4.49,,2.5838, ,3.091230528594147,18.432968485581338
Temp ZONE0,47.95,48.5,49.05,52.35,55.65, 56.2,56.75,,6.6,7.7,2.26,,52.2724,°C,10903.365635389382,242757.9492311447
nSats,4.0,4.0,12.0,13.0,16.0, 16.0,16.0,,4.0,12.0,1.8744,,13.3583,nSat,245.93495163851773,1588.2157700359694
