Name,Min,1%,5%,50%,95%,99%,Max,,90% Range,98% Range,StdDev,,Mean,Units,Skewness,Kurtosis
Local Clock Frequency Offset,8.5846,8.6761,8.7383,8.8953,8.9778, 9.0197,9.0751,,0.2394,0.3436,0.0766,,8.8832,ppm,1521087.3885362255,174959441.78230357
Local Clock Time Offset,-11.908,-2.123,-0.427,0.003,0.52, 1.799,8.012,,0.947,3.922,0.5654,,-0.0001,µs,-5.909388723964504,70.44781127659472
Local RMS Frequency Jitter,0.334,0.592,0.775,1.679,8.308, 18.006,38.377,,7.533,17.414,3.3203,,2.918,ppb,3.2023288137484074,18.738572497546045
Local RMS Time Jitter,0.047,0.095,0.124,0.256,1.07, 2.004,5.049,,0.946,1.909,0.3781,,0.3924,µs,3.6605486102077474,23.062856793079085
Server Jitter SHM(0),0.1311,0.3576,0.5336,1.3509,3.3405, 5.4679,8.7339,,2.8069,5.1103,0.9534,,1.5729,ms,4.372163094388027,18.402961326051845
Server Jitter SHM(1),0.009,0.048,0.073,0.205,1.602, 3.425,11.53,,1.529,3.377,0.6818,,0.4284,µs,3.8430937841707418,34.35510292893703
Server Offset SHM(0),11.9059,13.3123,14.4167,19.3877,24.4905, 25.5898,27.3528,,10.0739,12.2775,3.1716,,19.426,ms,150.00473307399983,849.9696707259612
Server Offset SHM(1),-11.909,-2.124,-0.428,0.004,0.521, 1.8,8.013,,0.949,3.924,0.5658,,-0.0001,µs,-5.905655931517147,70.30988055720827
TDOP,0.62,0.62,0.74,1.22,4.41, 6.75,51.91,,3.67,6.13,3.4276,,1.7803, ,11.543517601687364,166.9845050136791
Temp ZONE0,49.6,50.15,50.7,53.45,55.65, 56.2,56.2,,4.95,6.05,1.3792,,53.3446,°C,53600.98615280628,2023801.081502244
nSats,10.0,11.0,12.0,13.0,15.0, 16.0,16.0,,3.0,5.0,1.0488,,13.3708,nSat,1656.6961637532816,19872.703830508
