Name,Min,1%,5%,50%,95%,99%,Max,,90% Range,98% Range,StdDev,,Mean,Units,Skewness,Kurtosis
Local Clock Frequency Offset,7.8126,7.9149,7.944,8.1783,8.3239, 8.3394,8.3936,,0.38,0.4245,0.1114,,8.1646,ppm,378100.65654888196,27351072.42177555
Local Clock Time Offset,-12.84,-2.259,-0.452,0.006,0.523, 1.823,6.835,,0.975,4.082,0.5572,,0.0004,µs,-5.96950121009319,60.120110988468845
Local RMS Frequency Jitter,0.424,0.642,0.824,1.779,8.802, 16.317,36.614,,7.978,15.675,3.1528,,3.006,ppb,2.9069897104094284,15.314284167871547
Local RMS Time Jitter,0.059,0.098,0.127,0.262,1.072, 1.881,5.138,,0.945,1.783,0.367,,0.3984,µs,3.43060225604219,20.06529803619267
Server Jitter SHM(0),0.1011,0.3278,0.5176,1.4015,3.8907, 6.1648,12.0661,,3.373,5.837,1.1327,,1.6791,ms,3.940390902209636,18.284740393292402
Server Jitter SHM(1),0.016,0.045,0.069,0.21,1.721, 3.348,12.357,,1.652,3.303,0.6675,,0.4398,µs,3.124139224500689,24.014712526564388
Server Offset SHM(0),4.2232,11.0817,12.6991,17.6983,22.7787, 24.5343,27.008,,10.0796,13.4526,3.2479,,17.5664,ms,98.9147226766121,496.84174928961596
Server Offset SHM(1),-12.841,-2.26,-0.453,0.007,0.524, 1.824,6.836,,0.977,4.084,0.5576,,0.0004,µs,-5.965596580383435,60.00623817889096
TDOP,0.7,0.74,0.79,1.02,12.5, 63.78,269.61,,11.71,63.04,19.0807,,4.4266, ,9.038662621632538,125.69893478773568
Temp ZONE0,49.05,49.6,50.7,53.45,58.95, 60.05,60.6,,8.25,10.45,2.8723,,54.2567,°C,5779.119306438923,104365.16645507333
nSats,9.0,10.0,12.0,14.0,15.0, 16.0,16.0,,3.0,6.0,1.2133,,13.8458,nSat,1159.093054367878,12370.594667315641
