Name,Min,1%,5%,50%,95%,99%,Max,,90% Range,98% Range,StdDev,,Mean,Units,Skewness,Kurtosis
Local Clock Frequency Offset,7.8286,7.9659,7.997,8.3791,8.4491, 8.4787,8.5315,,0.4521,0.5128,0.1524,,8.3095,ppm,153603.78369561047,8231832.172914038
Local Clock Time Offset,-22.222,-2.111,-0.428,0.002,0.513, 1.69,9.78,,0.941,3.801,0.5863,,-0.0001,µs,-8.305446232787478,149.50072063206255
Local RMS Frequency Jitter,0.368,0.616,0.777,1.726,8.167, 18.903,62.466,,7.39,18.287,3.506,,2.9518,ppb,3.953720700310365,32.90083024103412
Local RMS Time Jitter,0.058,0.097,0.123,0.257,1.07, 2.227,9.57,,0.947,2.13,0.4372,,0.4047,µs,4.900395276499541,50.140413108183324
Server Jitter SHM(0),0.1162,0.379,0.5606,1.3782,3.3685, 5.3514,8.6999,,2.8079,4.9724,0.948,,1.594,ms,4.466056011943711,18.730546504115004
Server Jitter SHM(1),0.015,0.045,0.067,0.203,1.606, 3.602,22.178,,1.539,3.557,0.7199,,0.4323,µs,5.025938126416785,67.69708326902499
Server Offset SHM(0),10.7979,12.9578,14.0357,19.2221,24.462, 25.8464,28.0183,,10.4263,12.8886,3.2905,,19.0463,ms,124.20844310495441,666.541272746455
Server Offset SHM(1),-22.223,-2.112,-0.429,0.003,0.514, 1.691,9.781,,0.943,3.803,0.5866,,-0.0001,µs,-8.297758643220273,149.1873209858624
TDOP,0.67,0.69,0.73,1.17,6.73, 28.56,268.93,,6.0,27.87,17.8898,,3.5788, ,10.849574469211957,161.83949213282173
Temp ZONE0,47.4,48.5,49.05,53.45,55.65, 56.2,57.85,,6.6,7.7,2.1242,,52.9639,°C,13781.397612488865,331518.76395890245
nSats,9.0,10.0,11.0,13.0,15.0, 16.0,16.0,,4.0,6.0,1.4846,,13.1079,nSat,503.25228910372067,4123.7679033945415
