Name,Min,1%,5%,50%,95%,99%,Max,,90% Range,98% Range,StdDev,,Mean,Units,Skewness,Kurtosis
Local Clock Frequency Offset,8.5235,8.6233,8.7375,8.7982,8.8374, 8.86,8.9053,,0.0999,0.2367,0.0368,,8.7929,ppm,13498107.350312471,3213998352.2995133
Local Clock Time Offset,-12.651,-1.897,-0.548,0.013,0.589, 1.682,6.676,,1.137,3.579,0.5542,,0.0001,µs,-6.131031067982045,64.75105752437327
Local RMS Frequency Jitter,0.422,0.736,0.948,1.953,8.066, 17.041,36.957,,7.118,16.305,3.0527,,3.0756,ppb,3.4108438538880166,19.219900163244276
Local RMS Time Jitter,0.073,0.115,0.15,0.298,0.984, 1.918,5.011,,0.834,1.803,0.3457,,0.4104,µs,4.279277847924491,27.697068840937426
Server Jitter SHM(0),0.1265,0.3686,0.5746,1.4397,3.4373, 5.3262,7.9793,,2.8627,4.9576,0.9582,,1.6508,ms,4.549517520975217,18.38028295000447
Server Jitter SHM(1),0.017,0.062,0.094,0.263,1.609, 3.272,12.217,,1.515,3.21,0.6409,,0.4742,µs,3.827724156996965,32.037656547629716
Server Offset SHM(0),11.753,13.8128,14.6647,19.4467,23.9668, 25.126,27.1877,,9.3021,11.3132,3.0629,,19.2112,ms,162.38679387849746,941.765727278676
Server Offset SHM(1),-12.652,-1.898,-0.549,0.014,0.59, 1.683,6.677,,1.139,3.581,0.5547,,0.0002,µs,-6.126090061365099,64.60269518015242
TDOP,0.65,0.66,0.71,1.14,2.42, 3.22,4.6,,1.71,2.56,0.5681,,1.254, ,7.526837170822525,30.821549487804198
Temp ZONE0,51.8,52.9,54.0,56.2,58.95, 59.5,60.05,,4.95,6.6,1.4606,,56.1106,°C,52489.76347045323,1968136.2668439273
nSats,12.0,12.0,12.0,14.0,16.0, 16.0,16.0,,4.0,4.0,1.0775,,13.8375,nSat,1696.0223620114061,20505.626077537505
