Name,Min,1%,5%,50%,95%,99%,Max,,90% Range,98% Range,StdDev,,Mean,Units,Skewness,Kurtosis
Local Clock Frequency Offset,7.8286,7.9659,7.997,8.3588,8.3914, 8.4083,8.4672,,0.3944,0.4424,0.1373,,8.2874,ppm,209307.14122411393,12434198.841569206
Local Clock Time Offset,-22.222,-2.12,-0.416,0.006,0.5, 1.616,9.78,,0.916,3.736,0.5777,,-0.0001,µs,-7.980467678159804,142.20451535986828
Local RMS Frequency Jitter,0.368,0.602,0.771,1.711,8.147, 18.595,62.466,,7.376,17.993,3.4549,,2.9086,ppb,3.999828723603798,34.24319750599635
Local RMS Time Jitter,0.058,0.095,0.122,0.258,1.097, 2.166,9.57,,0.975,2.071,0.4221,,0.4026,µs,4.705463051753112,49.17689175366277
Server Jitter SHM(0),0.1162,0.4025,0.5934,1.4354,3.5113, 5.3928,8.5839,,2.9179,4.9903,0.958,,1.6655,ms,4.542771926049489,17.874663597738998
Server Jitter SHM(1),0.015,0.045,0.067,0.203,1.575, 3.644,22.178,,1.508,3.599,0.7117,,0.4287,µs,4.977725171512957,66.75942110941016
Server Offset SHM(0),10.7417,12.1524,13.1885,18.1071,22.6534, 24.0594,25.3792,,9.4648,11.907,3.1098,,17.93,ms,122.5341260743213,653.9665189738621
Server Offset SHM(1),-22.223,-2.121,-0.417,0.007,0.501, 1.617,9.781,,0.918,3.738,0.5781,,-0.0,µs,-7.973205730232974,141.90188936517512
TDOP,0.66,0.67,0.73,1.29,6.52, 17.58,35.6,,5.79,16.91,3.1119,,2.1696, ,5.747292748863521,55.296493946331665
Temp ZONE0,47.4,48.5,49.05,55.1,58.95, 60.05,61.15,,9.9,11.55,3.283,,54.5386,°C,3851.9137178464985,60853.00469103515
nSats,9.0,10.0,11.0,14.0,16.0, 16.0,16.0,,5.0,6.0,1.4929,,13.6141,nSat,559.1695068288572,4729.727246325846
