Name,Min,1%,5%,50%,95%,99%,Max,,90% Range,98% Range,StdDev,,Mean,Units,Skewness,Kurtosis
Local Clock Frequency Offset,8.9212,9.0529,9.0978,9.1463,9.1752, 9.1904,9.2309,,0.0774,0.1374,0.025,,9.1415,ppm,48355131.01324822,17616918095.105213
Local Clock Time Offset,-10.492,-2.072,-0.45,0.012,0.51, 1.637,6.728,,0.96,3.709,0.552,,-0.0001,µs,-6.2965514511349205,70.41196833221053
Local RMS Frequency Jitter,0.332,0.66,0.857,1.749,7.957, 17.726,36.148,,7.1,17.066,3.181,,2.9175,ppb,3.3828930375515824,19.788105585303214
Local RMS Time Jitter,0.053,0.107,0.138,0.273,1.061, 1.971,4.715,,0.923,1.864,0.3688,,0.4033,µs,3.7901819018406067,23.111734352752777
Server Jitter SHM(0),0.1086,0.3623,0.5282,1.4035,3.3237, 5.2176,7.8672,,2.7955,4.8554,0.9271,,1.5991,ms,4.403086761574974,17.195846163776917
Server Jitter SHM(1),0.017,0.053,0.083,0.229,1.552, 3.406,10.311,,1.469,3.353,0.6607,,0.4397,µs,3.9366951489075555,33.65399855117396
Server Offset SHM(0),10.8991,12.4033,13.4449,18.887,24.028, 25.2741,27.9231,,10.5831,12.8708,3.2092,,18.6888,ms,126.68554105054511,682.9714449941941
Server Offset SHM(1),-10.493,-2.073,-0.451,0.013,0.511, 1.638,6.729,,0.962,3.711,0.5525,,-0.0,µs,-6.291696036025158,70.26368151807996
TDOP,0.61,0.62,0.67,1.07,6.69, 8.46,9.24,,6.02,7.84,1.8766,,1.8642, ,2.180254480210925,6.9701215669142425
Temp ZONE0,54.0,54.55,55.65,57.85,60.05, 62.25,62.8,,4.4,7.7,1.4011,,57.6025,°C,64667.15073532241,2598926.690350352
nSats,8.0,9.0,10.0,13.0,15.0, 16.0,17.0,,5.0,7.0,1.6492,,13.1167,nSat,356.58509593059233,2617.2484591289226
