Name,Min,1%,5%,50%,95%,99%,Max,,90% Range,98% Range,StdDev,,Mean,Units,Skewness,Kurtosis
Local Clock Frequency Offset,9.0428,9.1336,9.158,9.1999,9.2218, 9.2341,9.2689,,0.0637,0.1006,0.0217,,9.1951,ppm,75532569.9120758,31928893032.394573
Local Clock Time Offset,-15.652,-2.092,-0.697,0.024,0.607, 1.765,6.652,,1.304,3.857,0.6032,,-0.0002,µs,-6.4481039332066485,73.74155830442018
Local RMS Frequency Jitter,0.46,0.894,1.207,2.434,8.642, 17.738,44.406,,7.435,16.844,3.1938,,3.4701,ppb,4.027515200315129,25.04607646849947
Local RMS Time Jitter,0.069,0.144,0.197,0.382,1.137, 2.045,6.312,,0.94,1.901,0.3759,,0.4938,µs,4.872857896284467,34.60224742516902
Server Jitter SHM(0),0.1379,0.3287,0.5095,1.3172,3.3746, 5.3619,7.7469,,2.8651,5.0333,0.9663,,1.5466,ms,4.059908478057387,16.29176991714382
Server Jitter SHM(1),0.017,0.077,0.117,0.342,1.675, 3.51,15.129,,1.558,3.433,0.6786,,0.544,µs,4.477788040104195,41.63897180754726
Server Offset SHM(0),10.9243,12.4089,13.492,18.2192,23.1331, 24.5259,26.3168,,9.6411,12.117,3.1375,,18.2652,ms,126.59147109896034,682.6217694798199
Server Offset SHM(1),-15.653,-2.093,-0.698,0.025,0.608, 1.766,6.653,,1.306,3.859,0.6037,,-0.0001,µs,-6.4425205058366934,73.56994494484726
TDOP,0.69,0.69,0.78,1.3,5.93, 33.2,193.81,,5.15,32.51,12.9382,,3.1135, ,10.741634365234024,159.14397705138987
Temp ZONE0,54.55,55.1,55.65,57.3,59.5, 60.05,62.25,,3.85,4.95,1.154,,57.4666,°C,116358.67065468966,5685455.830118874
nSats,7.0,10.0,11.0,13.0,15.0, 16.0,16.0,,4.0,6.0,1.3544,,13.473,nSat,742.5565897088619,6871.048940878404
