Name,Min,1%,5%,50%,95%,99%,Max,,90% Range,98% Range,StdDev,,Mean,Units,Skewness,Kurtosis
Local Clock Frequency Offset,8.9048,9.0722,9.1008,9.1411,9.1705, 9.1778,9.2159,,0.0696,0.1057,0.0242,,9.1397,ppm,53299690.72600384,20058834200.26289
Local Clock Time Offset,-13.198,-2.11,-0.492,0.014,0.534, 1.724,8.925,,1.026,3.834,0.5745,,-0.0001,µs,-6.328589427692415,74.33082918058884
Local RMS Frequency Jitter,0.316,0.675,0.879,1.844,8.293, 18.266,46.335,,7.414,17.591,3.3055,,3.0419,ppb,3.4642408107477767,21.620250215629774
Local RMS Time Jitter,0.054,0.106,0.14,0.286,1.112, 2.107,6.919,,0.972,2.001,0.3953,,0.421,µs,4.0224755442818,28.426172820172702
Server Jitter SHM(0),0.2061,0.3599,0.5463,1.3712,3.6142, 5.5402,8.3525,,3.0679,5.1804,1.005,,1.6197,ms,4.102793328758423,16.295958219732672
Server Jitter SHM(1),0.011,0.051,0.082,0.234,1.639, 3.564,12.899,,1.557,3.513,0.688,,0.4545,µs,3.9306315939411776,35.612686147403856
Server Offset SHM(0),9.9104,12.1834,13.226,18.304,23.2468, 24.6953,27.5127,,10.0209,12.5119,3.1845,,18.2221,ms,119.47235999796716,633.3116958013838
Server Offset SHM(1),-13.199,-2.111,-0.493,0.015,0.535, 1.725,8.926,,1.028,3.836,0.575,,-0.0,µs,-6.323789315714441,74.17599307449817
TDOP,0.62,0.68,0.71,1.05,5.27, 32.94,158.79,,4.56,32.26,10.7327,,2.5808, ,10.328322035718067,151.06385807176306
Temp ZONE0,55.65,56.2,56.75,57.85,59.5, 60.05,63.35,,2.75,3.85,0.9787,,57.9869,°C,197831.9003495319,11534219.918758342
nSats,9.0,9.0,11.0,14.0,16.0, 16.0,16.0,,5.0,7.0,1.3457,,13.8008,nSat,819.6575677827407,7821.34295293575
