Name,Min,1%,5%,50%,95%,99%,Max,,90% Range,98% Range,StdDev,,Mean,Units,Skewness,Kurtosis
Local Clock Frequency Offset,8.2415,8.3549,8.5123,8.7761,8.9442, 8.9818,9.0759,,0.4319,0.6268,0.145,,8.7443,ppm,208579.21204160206,12376714.67712457
Local Clock Time Offset,-16.506,-2.019,-0.476,0.002,0.563, 1.863,7.351,,1.039,3.882,0.5862,,0.0005,µs,-5.994466467622718,83.5565428727243
Local RMS Frequency Jitter,0.0,0.627,0.816,1.759,8.507, 18.377,51.535,,7.691,17.75,3.4351,,3.0102,ppb,3.4668011076937795,23.216230995559897
Local RMS Time Jitter,0.043,0.098,0.127,0.267,1.066, 2.021,7.144,,0.939,1.923,0.392,,0.3996,µs,4.2961023292107114,34.98208329287888
Server Jitter SHM(0),0.0,0.3366,0.5354,1.4985,3.4618, 5.2955,8.4585,,2.9265,4.9589,0.9481,,1.6897,ms,4.510061555931545,16.981369517580532
Server Jitter SHM(1),0.0,0.047,0.075,0.222,1.629, 3.528,15.511,,1.554,3.481,0.6994,,0.447,µs,4.175346961520207,42.10425304675132
Server Offset SHM(0),8.7442,12.2516,13.706,18.6642,23.4146, 24.7343,27.2558,,9.7086,12.4827,3.1009,,18.5128,ms,137.58782409406768,758.8861818454076
Server Offset SHM(1),-224214.603,-2.027,-0.477,0.003,0.566, 1.865,7.352,,1.043,3.892,1480.816,,-10.0724,µs,-151.18135486803013,22271.50254442413
TDOP,0.7,0.71,0.74,0.95,4.85, 10.05,39.68,,4.11,9.34,3.2058,,1.6969, ,7.416803977669663,80.84805667667895
Temp ZONE0,47.95,47.95,49.05,51.8,55.1, 55.65,56.2,,6.05,7.7,1.9419,,51.7817,°C,16984.432097143723,437913.1443386941
nSats,10.0,11.0,12.0,14.0,16.0, 16.0,16.0,,4.0,5.0,1.2858,,13.9708,nSat,989.307824643712,10041.644701291361
