Name,Min,1%,5%,50%,95%,99%,Max,,90% Range,98% Range,StdDev,,Mean,Units,Skewness,Kurtosis
Local Clock Frequency Offset,8.8866,9.0413,9.0839,9.163,9.2279, 9.2513,9.3073,,0.1439,0.21,0.0446,,9.1599,ppm,8564903.61963545,1752470342.825146
Local Clock Time Offset,-17.298,-2.274,-0.457,0.002,0.493, 2.015,8.695,,0.95,4.289,0.6124,,-0.0001,µs,-6.528315443141864,91.91468985500438
Local RMS Frequency Jitter,0.345,0.64,0.809,1.758,9.881, 18.657,52.954,,9.072,18.017,3.6518,,3.0964,ppb,3.3692791114985683,23.378349100683515
Local RMS Time Jitter,0.056,0.102,0.129,0.265,1.229, 2.138,7.568,,1.1,2.036,0.4249,,0.4118,µs,4.036048887396078,31.85441838545046
Server Jitter SHM(0),0.1555,0.3352,0.4915,1.2863,3.2048, 5.346,8.1902,,2.7133,5.0108,0.9249,,1.4884,ms,4.309795547535046,18.68096804024892
Server Jitter SHM(1),0.013,0.047,0.07,0.205,1.785, 3.686,16.268,,1.715,3.639,0.7561,,0.4501,µs,3.953572292795927,39.3693125189294
Server Offset SHM(0),11.0261,12.8306,14.0064,18.4442,22.9766, 24.592,26.4972,,8.9702,11.7614,3.0186,,18.3506,ms,146.34113454792555,823.688777768302
Server Offset SHM(1),-17.299,-2.275,-0.458,0.003,0.494, 2.016,8.696,,0.952,4.291,0.6128,,-0.0,µs,-6.524021984754107,91.74808341333274
TDOP,0.62,0.65,0.74,1.01,2.33, 3.32,5.48,,1.59,2.67,0.5831,,1.2194, ,7.497905538034288,37.89253019859134
Temp ZONE0,51.8,52.35,52.9,54.55,56.2, 57.3,57.3,,3.3,4.95,1.0787,,54.4446,°C,121232.94373759856,6005054.505964078
nSats,9.0,10.0,11.0,14.0,16.0, 16.0,16.0,,5.0,6.0,1.3323,,13.5,nSat,788.8339763195252,7448.498924140204
