Name,Min,1%,5%,50%,95%,99%,Max,,90% Range,98% Range,StdDev,,Mean,Units,Skewness,Kurtosis
Local Clock Frequency Offset,9.0028,9.1303,9.153,9.2031,9.2332, 9.257,9.289,,0.0803,0.1267,0.0232,,9.2003,ppm,61710032.38737982,24386337415.779972
Local Clock Time Offset,-18.258,-2.14,-0.496,0.009,0.53, 1.731,7.487,,1.026,3.871,0.5714,,-0.0001,µs,-6.386856727027385,83.29427004907359
Local RMS Frequency Jitter,0.346,0.694,0.88,1.876,8.242, 18.152,51.112,,7.362,17.458,3.2679,,3.0455,ppb,3.415170363419031,21.360923588055865
Local RMS Time Jitter,0.06,0.11,0.142,0.292,1.103, 2.018,7.715,,0.961,1.908,0.3803,,0.4234,µs,4.06345676839209,31.752660575404086
Server Jitter SHM(0),0.1153,0.3305,0.4969,1.2874,3.3848, 5.3019,8.3135,,2.8879,4.9715,0.9569,,1.5155,ms,4.1263823169826965,17.18711548546964
Server Jitter SHM(1),0.017,0.052,0.082,0.235,1.654, 3.552,17.781,,1.572,3.5,0.6838,,0.4578,µs,3.9358169182719616,38.11892535446601
Server Offset SHM(0),7.8889,12.2899,13.5329,18.6519,23.4478, 24.7578,28.2867,,9.915,12.4679,3.2118,,18.3935,ms,119.79906612530702,635.4061515208325
Server Offset SHM(1),-18.259,-2.141,-0.497,0.01,0.531, 1.732,7.488,,1.028,3.873,0.5718,,-0.0,µs,-6.381929218093149,83.11287769186214
TDOP,0.63,0.67,0.75,1.29,3.06, 11.32,15.38,,2.31,10.65,1.5081,,1.6529, ,6.159496284450113,47.223695518492185
Temp ZONE0,54.0,54.55,55.1,56.75,58.95, 60.05,60.6,,3.85,5.5,1.0997,,56.7065,°C,129436.90710528573,6552734.825529563
nSats,9.0,10.0,11.0,13.0,16.0, 16.0,16.0,,5.0,6.0,1.3867,,13.5458,nSat,700.1775037933496,6365.189944538472
