Name,Min,1%,5%,50%,95%,99%,Max,,90% Range,98% Range,StdDev,,Mean,Units,Skewness,Kurtosis
Local Clock Frequency Offset,8.5976,8.7293,8.7701,9.1563,9.2232, 9.2532,9.3127,,0.4531,0.5239,0.1681,,9.0564,ppm,148024.0616207623,7835772.714665485
Local Clock Time Offset,-19.884,-2.398,-0.601,0.012,0.628, 2.016,10.927,,1.229,4.414,0.6686,,0.0008,µs,-6.521029879152751,101.42522150861109
Local RMS Frequency Jitter,0.645,0.956,1.18,2.279,9.952, 20.377,63.724,,8.772,19.421,3.8002,,3.5889,ppb,4.24033527338289,33.25500414062236
Local RMS Time Jitter,0.104,0.148,0.184,0.344,1.254, 2.349,9.12,,1.07,2.201,0.4604,,0.4883,µs,5.516948742135198,55.17606406147048
Server Jitter SHM(0),0.1632,0.3321,0.525,1.3657,3.0341, 4.7458,7.3573,,2.5091,4.4137,0.8421,,1.534,ms,4.938498425934665,20.283730217142573
Server Jitter SHM(1),0.03,0.074,0.11,0.306,1.875, 3.797,18.411,,1.765,3.723,0.7892,,0.5476,µs,4.877079625370894,55.82800628579493
Server Offset SHM(0),9.4928,11.9578,13.1089,18.7513,23.1131, 24.3199,26.2143,,10.0042,12.3622,3.214,,18.2524,ms,116.36898324027496,610.5953831604676
Server Offset SHM(1),-19.885,-2.399,-0.602,0.013,0.629, 2.017,10.928,,1.231,4.416,0.6691,,0.0009,µs,-6.51642065819894,101.22326674419472
TDOP,0.65,0.67,0.75,1.24,13.98, 35.44,128.41,,13.23,34.77,9.7777,,3.9915, ,7.217603673159048,91.50414566152082
Temp ZONE0,47.95,48.5,49.05,53.45,55.65, 56.2,56.75,,6.6,7.7,2.321,,52.6467,°C,10258.521136842577,223823.5055619182
nSats,4.0,4.0,11.0,13.0,16.0, 16.0,16.0,,5.0,12.0,1.8249,,13.2208,nSat,259.6521054015765,1704.3143235594034
