Name,Min,1%,5%,50%,95%,99%,Max,,90% Range,98% Range,StdDev,,Mean,Units,Skewness,Kurtosis
Local Clock Frequency Offset,7.3188,7.406,7.5058,7.7718,7.8687, 7.9126,8.0079,,0.3629,0.5066,0.1051,,7.7498,ppm,384831.8078398881,28001901.534564666
Local Clock Time Offset,-21.359,-2.201,-0.398,0.002,0.581, 1.661,8.017,,0.979,3.862,0.5928,,-0.0001,µs,-8.203428405342702,132.97568677937872
Local RMS Frequency Jitter,0.222,0.551,0.759,1.726,8.851, 18.623,59.001,,8.092,18.072,3.525,,3.0091,ppb,3.574740432439485,26.309214771003024
Local RMS Time Jitter,0.039,0.082,0.115,0.265,1.206, 2.159,9.331,,1.091,2.077,0.4432,,0.4202,µs,4.280076557085241,40.26888638813236
Server Jitter SHM(0),0.2574,0.4479,0.6561,1.5368,3.4201, 4.85,7.3313,,2.764,4.4021,0.8887,,1.7261,ms,5.170834784066104,18.380926300585248
Server Jitter SHM(1),0.013,0.043,0.069,0.207,1.631, 3.602,21.339,,1.562,3.559,0.7275,,0.4343,µs,4.60479375586003,55.65626814966373
Server Offset SHM(0),-31.1292,-24.8068,-21.7422,-10.2658,1.537, 4.2271,9.0346,,23.2792,29.0339,6.9997,,-10.1663,ms,-22.140162576377385,74.99980647700602
Server Offset SHM(1),-21.36,-2.202,-0.399,0.003,0.582, 1.662,8.018,,0.981,3.864,0.5932,,-0.0001,µs,-8.195904076390454,132.6989829974704
Temp ZONE0,47.95,48.5,49.6,53.45,56.2, 58.4,58.95,,6.6,9.9,1.9903,,53.3633,°C,17273.63227103695,447853.78085174685
