Name,Min,1%,5%,50%,95%,99%,Max,,90% Range,98% Range,StdDev,,Mean,Units,Skewness,Kurtosis
Local Clock Frequency Offset,8.9048,9.0735,9.1026,9.1444,9.1708, 9.1786,9.2159,,0.0682,0.1051,0.024,,9.1424,ppm,54514923.17867315,20670923553.565155
Local Clock Time Offset,-20.73,-2.079,-0.506,0.015,0.537, 1.688,10.297,,1.043,3.767,0.5834,,-0.0001,µs,-7.000915717382355,113.23332250855584
Local RMS Frequency Jitter,0.304,0.68,0.899,1.883,8.26, 18.244,62.303,,7.361,17.564,3.3773,,3.0656,ppb,4.0705320082353635,33.901820679496204
Local RMS Time Jitter,0.053,0.108,0.142,0.293,1.111, 2.1,9.411,,0.969,1.992,0.4092,,0.4261,µs,5.006598302005608,52.01248598492522
Server Jitter SHM(0),0.2061,0.3525,0.541,1.3341,3.6142, 5.4777,8.3525,,3.0732,5.1251,0.999,,1.5873,ms,4.047427275964351,16.10949007927856
Server Jitter SHM(1),0.011,0.053,0.084,0.241,1.62, 3.559,19.435,,1.536,3.506,0.7004,,0.4601,µs,4.760282436686935,57.944948861396945
Server Offset SHM(0),9.9104,12.4354,13.3404,18.4287,23.1766, 24.6437,27.5127,,9.8362,12.2083,3.1301,,18.237,ms,126.9223588644255,684.8428801570396
Server Offset SHM(1),-20.731,-2.08,-0.507,0.016,0.538, 1.689,10.298,,1.045,3.769,0.5838,,-0.0,µs,-6.994733483358389,112.97295137144884
TDOP,0.62,0.68,0.72,1.03,3.18, 18.26,36.1,,2.46,17.58,3.514,,1.7695, ,5.934283644574076,53.08257582895597
Temp ZONE0,55.65,55.65,56.75,57.85,59.5, 60.05,63.35,,2.75,4.4,0.985,,57.9961,°C,194058.1037446203,11241869.62051548
nSats,9.0,9.0,12.0,14.0,16.0, 16.0,16.0,,4.0,7.0,1.3666,,13.9378,nSat,805.1626683802004,7640.099287504108
