Name,Min,1%,5%,50%,95%,99%,Max,,90% Range,98% Range,StdDev,,Mean,Units,Skewness,Kurtosis
Local Clock Frequency Offset,7.7182,7.8275,7.8542,8.2001,8.3403, 8.3907,8.467,,0.4861,0.5632,0.1452,,8.1634,ppm,168454.593722605,9309411.370648194
Local Clock Time Offset,-16.106,-2.118,-0.489,0.008,0.535, 1.784,12.911,,1.024,3.902,0.5803,,0.0005,µs,-5.892355798888935,94.63182632052911
Local RMS Frequency Jitter,0.482,0.728,0.912,1.869,8.597, 17.334,65.316,,7.685,16.606,3.3475,,3.0623,ppb,4.087585563346219,34.615004981277494
Local RMS Time Jitter,0.071,0.114,0.142,0.28,1.043, 1.924,8.062,,0.901,1.81,0.3896,,0.4102,µs,5.187184561503289,53.52507152584176
Server Jitter SHM(0),0.1805,0.3454,0.5558,1.3688,3.3562, 5.2044,7.973,,2.8004,4.859,0.9244,,1.5858,ms,4.4876109573189416,17.99700900753009
Server Jitter SHM(1),0.008,0.055,0.083,0.24,1.656, 3.292,17.711,,1.573,3.237,0.6902,,0.4581,µs,4.784866766169629,58.71650901371997
Server Offset SHM(0),10.886,12.5786,13.5644,18.5714,23.4444, 24.7093,28.0758,,9.88,12.1307,3.1488,,18.4097,ms,128.4141132329747,695.3054851337347
Server Offset SHM(1),-16.107,-2.119,-0.49,0.009,0.536, 1.785,12.912,,1.026,3.904,0.5807,,0.0006,µs,-5.888530905051921,94.4245056300132
TDOP,0.68,0.69,0.74,1.81,14.14, 47.95,67.56,,13.4,47.26,8.271,,4.1505, ,3.287224250421341,21.930668647487437
Temp ZONE0,46.85,47.95,48.5,51.8,54.0, 55.1,55.65,,5.5,7.15,1.5891,,51.5045,°C,31086.721285984433,979416.5168297951
nSats,8.0,10.0,11.0,14.0,15.0, 16.0,16.0,,4.0,6.0,1.3775,,13.6736,nSat,737.0264144359238,6796.152504027001
