Name,Min,1%,5%,50%,95%,99%,Max,,90% Range,98% Range,StdDev,,Mean,Units,Skewness,Kurtosis
Local Clock Frequency Offset,7.8809,8.0295,8.0482,8.1413,8.2427, 8.2618,8.3226,,0.1944,0.2323,0.0582,,8.1451,ppm,2676837.060374559,371712886.57574236
Local Clock Time Offset,-13.086,-2.223,-0.431,0.001,0.516, 1.85,9.002,,0.947,4.073,0.5627,,0.0002,µs,-6.053149572482949,68.78107471100778
Local RMS Frequency Jitter,0.335,0.551,0.711,1.667,8.788, 17.09,40.378,,8.077,16.539,3.2864,,2.9249,ppb,2.969235239911827,17.24689465511294
Local RMS Time Jitter,0.046,0.086,0.112,0.247,1.044, 1.91,6.434,,0.932,1.824,0.3837,,0.3845,µs,3.834666212779436,28.335486891629376
Server Jitter SHM(0),0.1915,0.3498,0.5132,1.4262,3.5544, 5.6197,8.7804,,3.0412,5.2699,1.0085,,1.6499,ms,4.067774614587769,15.743744696566658
Server Jitter SHM(1),0.013,0.04,0.06,0.189,1.709, 3.453,12.815,,1.649,3.413,0.6846,,0.4246,µs,3.3882421435479047,29.455206174654453
Server Offset SHM(0),11.1299,12.3841,13.6117,18.5566,23.4282, 25.1116,27.5599,,9.8165,12.7275,3.2324,,18.3378,ms,116.14668707901076,611.3843285188708
Server Offset SHM(1),-13.087,-2.224,-0.432,0.002,0.517, 1.851,9.003,,0.949,4.075,0.5631,,0.0002,µs,-6.049388326677109,68.65353585810874
TDOP,0.73,0.76,0.8,1.31,4.68, 22.0,162.06,,3.88,21.24,10.7888,,2.6085, ,10.873193014690365,161.08594917005362
Temp ZONE0,50.7,50.7,51.8,53.45,55.65, 56.2,56.75,,3.85,5.5,1.2316,,53.6029,°C,77025.90784849481,3280913.2608659742
nSats,7.0,10.0,11.0,14.0,16.0, 16.0,16.0,,5.0,6.0,1.4893,,13.7552,nSat,582.6084397934037,4987.940486253478
