Name,Min,1%,5%,50%,95%,99%,Max,,90% Range,98% Range,StdDev,,Mean,Units,Skewness,Kurtosis
Local Clock Frequency Offset,7.3188,7.406,7.5058,7.7701,7.8681, 7.9127,8.0079,,0.3623,0.5067,0.105,,7.749,ppm,385737.53277794196,28089795.448288064
Local Clock Time Offset,-21.359,-2.213,-0.399,0.002,0.577, 1.652,8.017,,0.976,3.865,0.5941,,-0.0002,µs,-8.10411032086976,131.77499081019735
Local RMS Frequency Jitter,0.222,0.556,0.762,1.727,8.828, 18.618,59.001,,8.066,18.062,3.5365,,3.011,ppb,3.594751656328467,26.437437022607785
Local RMS Time Jitter,0.039,0.084,0.116,0.265,1.205, 2.164,9.331,,1.089,2.08,0.4437,,0.4211,µs,4.2808140253426075,40.17133037150011
Server Jitter SHM(0),0.2574,0.4522,0.6621,1.5562,3.4526, 4.85,7.3313,,2.7905,4.3978,0.892,,1.7477,ms,5.24097507568566,18.496444994088147
Server Jitter SHM(1),0.013,0.043,0.07,0.207,1.627, 3.607,21.339,,1.557,3.564,0.7298,,0.4345,µs,4.619404498550531,55.57790772765954
Server Offset SHM(0),-31.1292,-24.8068,-21.7239,-9.128,1.537, 4.2271,9.0346,,23.2609,29.0339,6.8287,,-9.5453,ms,-21.188074370278358,72.1533386522517
Server Offset SHM(1),-21.36,-2.214,-0.4,0.003,0.578, 1.653,8.018,,0.978,3.867,0.5945,,-0.0002,µs,-8.096774910094222,131.50215311129259
Temp ZONE0,47.95,48.5,49.6,53.45,56.2, 58.4,58.95,,6.6,9.9,1.9806,,53.3587,°C,17532.793099487237,456821.4444045683
