Name,Min,1%,5%,50%,95%,99%,Max,,90% Range,98% Range,StdDev,,Mean,Units,Skewness,Kurtosis
Local Clock Frequency Offset,8.2077,8.3125,8.3652,8.4544,8.502, 8.5279,8.5762,,0.1369,0.2153,0.0409,,8.4488,ppm,8677180.863239773,1783166679.885453
Local Clock Time Offset,-12.316,-2.216,-0.363,0.002,0.591, 1.63,6.83,,0.954,3.846,0.5771,,-0.0001,µs,-6.706315250066297,75.60468144639005
Local RMS Frequency Jitter,0.251,0.472,0.628,1.439,8.396, 18.891,36.751,,7.768,18.419,3.4791,,2.8722,ppb,2.7668446386857624,15.448927399178102
Local RMS Time Jitter,0.043,0.077,0.103,0.233,1.157, 2.259,5.072,,1.054,2.182,0.4249,,0.3992,µs,3.0472638015550912,17.3640475166064
Server Jitter SHM(0),0.1996,0.398,0.6142,1.5095,3.6169, 5.5683,7.8846,,3.0027,5.1704,1.0121,,1.7455,ms,4.416043304903658,16.904482091865695
Server Jitter SHM(1),0.014,0.039,0.061,0.17,1.717, 3.653,12.305,,1.656,3.614,0.7164,,0.4125,µs,3.3767954817816075,28.693369272195778
Server Offset SHM(0),8.3829,10.7968,12.234,18.2833,24.4676, 25.8864,28.6566,,12.2336,15.0895,3.6809,,18.4991,ms,77.28699469724116,361.7298559911896
Server Offset SHM(1),-12.317,-2.217,-0.364,0.003,0.592, 1.631,6.831,,0.956,3.848,0.5775,,-0.0,µs,-6.70176404698169,75.47516033583436
TDOP,0.7,0.72,0.79,1.03,8.42, 25.33,58.4,,7.63,24.61,5.1007,,2.4864, ,5.710298181595209,57.07122764325025
Temp ZONE0,51.25,51.8,52.9,55.1,56.2, 57.3,57.85,,3.3,5.5,1.0518,,54.8456,°C,133946.74340833552,6858642.111237074
nSats,5.0,5.0,5.0,13.0,16.0, 16.0,16.0,,11.0,11.0,3.0231,,12.6375,nSat,40.110360950412876,147.31540160114116
