Name,Min,1%,5%,50%,95%,99%,Max,,90% Range,98% Range,StdDev,,Mean,Units,Skewness,Kurtosis
Local Clock Frequency Offset,7.285,7.3896,7.3999,7.4651,7.5874, 7.6151,7.6932,,0.1875,0.2254,0.0558,,7.4724,ppm,2347531.2095920774,312031238.0284903
Local Clock Time Offset,-11.695,-2.016,-0.436,0.0,0.652, 1.884,6.113,,1.088,3.9,0.5882,,0.0,µs,-6.240388737028826,69.33799798315138
Local RMS Frequency Jitter,0.412,0.627,0.825,1.692,9.895, 17.4,35.271,,9.07,16.773,3.4177,,3.0681,ppb,2.828990558343994,15.07545519804152
Local RMS Time Jitter,0.056,0.1,0.133,0.28,1.276, 2.145,4.722,,1.143,2.045,0.4231,,0.4377,µs,3.260765567403141,18.561746012099483
Server Jitter SHM(0),0.652,1.0274,1.4071,3.6715,9.4557, 15.7897,26.3543,,8.0485,14.7623,2.8367,,4.3346,ms,4.034816514699191,18.45474940488904
Server Jitter SHM(1),0.021,0.054,0.081,0.217,1.708, 3.529,11.754,,1.627,3.475,0.6953,,0.4535,µs,3.4699094626746407,28.61153139870544
Server Offset SHM(0),-24.9188,-13.2632,-2.9064,4.2119,11.4677, 15.7046,21.3188,,14.3741,28.9678,4.7807,,4.1597,ms,-1.0205443985392328,6.740843338936239
Server Offset SHM(1),-11.696,-2.017,-0.437,0.0,0.653, 1.885,6.114,,1.09,3.902,0.5887,,0.0,µs,-6.236128211644128,69.20470656536405
Temp ZONE0,50.15,50.15,50.15,52.35,57.3, 58.95,58.95,,7.15,8.8,1.8772,,52.9092,°C,20172.047742510054,550687.4562599425
