Name,Min,1%,5%,50%,95%,99%,Max,,90% Range,98% Range,StdDev,,Mean,Units,Skewness,Kurtosis
Local Clock Frequency Offset,8.6112,8.7445,8.7985,9.121,9.204, 9.2325,9.2959,,0.4055,0.488,0.1413,,9.0533,ppm,251163.5259465074,15854662.326606655
Local Clock Time Offset,-23.613,-2.289,-0.67,0.014,0.613, 2.031,13.86,,1.283,4.32,0.6771,,-0.0009,µs,-7.2265554413571556,142.56329775743365
Local RMS Frequency Jitter,0.562,1.03,1.276,2.424,9.903, 19.267,76.132,,8.627,18.237,3.8147,,3.6706,ppb,5.013792586781012,48.75874949416005
Local RMS Time Jitter,0.085,0.16,0.198,0.365,1.253, 2.225,13.684,,1.055,2.065,0.4847,,0.5032,µs,7.473074343391605,108.24923821616282
Server Jitter SHM(0),0.1632,0.3668,0.5548,1.3849,3.0623, 4.7476,7.0513,,2.5074,4.3808,0.8464,,1.558,ms,4.957356129492702,19.6801603531088
Server Jitter SHM(1),0.023,0.073,0.112,0.335,1.845, 3.747,21.641,,1.733,3.674,0.7943,,0.5645,µs,5.849592246769031,83.1095570965325
Server Offset SHM(0),11.424,12.747,13.5611,18.4937,23.4174, 24.7095,26.7543,,9.8563,11.9624,3.1914,,18.4491,ms,123.64908475547435,662.0978110711218
Server Offset SHM(1),-23.614,-2.29,-0.671,0.015,0.614, 2.032,13.861,,1.285,4.322,0.6776,,-0.0009,µs,-7.22057619251283,142.25780691308245
TDOP,0.74,0.77,0.83,1.32,7.56, 24.02,35.04,,6.73,23.25,4.2448,,2.4376, ,3.6252585861331337,22.967818691586313
Temp ZONE0,48.5,48.5,49.6,53.45,55.65, 56.2,56.75,,6.05,7.7,2.0973,,52.8247,°C,14221.3919851354,345705.9152917982
nSats,10.0,11.0,11.0,13.0,16.0, 16.0,16.0,,5.0,5.0,1.3354,,13.4564,nSat,775.0300633733927,7285.595130344791
