Name,Min,1%,5%,50%,95%,99%,Max,,90% Range,98% Range,StdDev,,Mean,Units,Skewness,Kurtosis
Local Clock Frequency Offset,7.1764,7.2913,7.422,7.7451,7.8587, 7.908,8.0079,,0.4368,0.6168,0.1316,,7.7024,ppm,190736.40757305824,10985823.47774066
Local Clock Time Offset,-21.359,-2.195,-0.423,0.002,0.607, 1.752,7.976,,1.03,3.947,0.6047,,0.0011,µs,-7.807844896772014,124.97231936543868
Local RMS Frequency Jitter,0.222,0.578,0.806,1.776,9.058, 19.197,59.001,,8.252,18.619,3.5894,,3.077,ppb,3.554740508980464,25.29587058514333
Local RMS Time Jitter,0.039,0.086,0.122,0.269,1.22, 2.21,9.331,,1.098,2.124,0.449,,0.4267,µs,4.273239476722624,39.12352004645217
Server Jitter SHM(0),0.1398,0.4319,0.6478,1.535,3.5733, 4.8738,7.3568,,2.9255,4.4419,0.9207,,1.74,ms,4.865774944658014,16.97989944006913
Server Jitter SHM(1),0.013,0.046,0.074,0.216,1.641, 3.681,21.339,,1.567,3.635,0.737,,0.4457,µs,4.595109840153313,54.01717273666515
Server Offset SHM(0),-31.1292,-24.8068,-21.8576,-12.7111,1.1358, 4.1249,9.0346,,22.9933,28.9317,6.7269,,-11.7203,ms,-28.500839464172742,100.58791624718805
Server Offset SHM(1),-21.36,-2.196,-0.424,0.003,0.608, 1.753,7.977,,1.032,3.949,0.6051,,0.0011,µs,-7.800944577462024,124.71320442097264
Temp ZONE0,47.95,48.5,49.05,52.35,55.65, 56.75,58.4,,6.6,8.25,1.9667,,52.4142,°C,16954.481437468374,436876.34179097734
