Name,Min,1%,5%,50%,95%,99%,Max,,90% Range,98% Range,StdDev,,Mean,Units,Skewness,Kurtosis
Local Clock Frequency Offset,8.8251,8.9297,8.9885,9.0461,9.0797, 9.0903,9.1383,,0.0911,0.1606,0.0299,,9.0411,ppm,27504244.037812904,8302503805.2927065
Local Clock Time Offset,-18.562,-2.108,-0.515,0.013,0.558, 1.736,8.609,,1.073,3.844,0.586,,-0.0004,µs,-6.743942676980732,92.03836609977056
Local RMS Frequency Jitter,0.427,0.751,0.958,1.933,8.384, 18.323,52.318,,7.426,17.572,3.3431,,3.1331,ppb,3.7018922344362966,24.53956705513745
Local RMS Time Jitter,0.075,0.121,0.154,0.3,1.075, 2.099,7.848,,0.921,1.978,0.395,,0.4295,µs,4.748393414882773,40.76161632901251
Server Jitter SHM(0),0.1657,0.352,0.5241,1.4532,3.5187, 5.4453,12.1115,,2.9947,5.0934,0.992,,1.6588,ms,4.491871455520896,20.753911428633423
Server Jitter SHM(1),0.023,0.062,0.096,0.257,1.642, 3.589,18.024,,1.546,3.527,0.6959,,0.4777,µs,4.327191338525067,43.765695188909916
Server Offset SHM(0),3.139,11.0128,13.0725,18.2187,23.6825, 25.085,27.1258,,10.61,14.0722,3.3319,,18.0362,ms,99.25128996565408,499.63604439736855
Server Offset SHM(1),-18.563,-2.109,-0.516,0.014,0.559, 1.737,8.61,,1.075,3.846,0.5864,,-0.0003,µs,-6.738255510090026,91.83328129799366
TDOP,0.64,0.67,0.79,1.28,8.81, 29.3,74.8,,8.02,28.63,6.4967,,2.847, ,6.002191967354215,61.04386923357815
Temp ZONE0,52.9,53.45,54.0,56.2,58.4, 58.95,59.5,,4.4,5.5,1.3868,,56.4658,°C,62763.68556914273,2497426.2740424336
nSats,9.0,10.0,11.0,14.0,16.0, 16.0,16.0,,5.0,6.0,1.4127,,13.6708,nSat,678.5949651117837,6099.0685231043635
