Name,Min,1%,5%,50%,95%,99%,Max,,90% Range,98% Range,StdDev,,Mean,Units,Skewness,Kurtosis
Local Clock Frequency Offset,8.6267,8.7672,8.8013,8.8771,8.9225, 8.9619,9.0193,,0.1213,0.1947,0.0401,,8.8711,ppm,10675506.48038333,2350728759.1540833
Local Clock Time Offset,-22.867,-1.965,-0.533,0.009,0.587, 1.742,11.599,,1.12,3.707,0.5955,,0.0002,µs,-6.967170896372966,138.58386171460043
Local RMS Frequency Jitter,0.352,0.736,0.968,1.923,8.189, 18.023,68.536,,7.221,17.287,3.4363,,3.1415,ppb,4.464957249981118,42.210283237836535
Local RMS Time Jitter,0.064,0.119,0.155,0.298,1.014, 2.079,10.422,,0.859,1.96,0.4024,,0.4221,µs,6.193315866883682,79.29852890883872
Server Jitter SHM(0),0.1172,0.3129,0.5001,1.3755,3.3728, 5.2098,7.4473,,2.8727,4.8969,0.9374,,1.5827,ms,4.219692008027818,16.014551718038618
Server Jitter SHM(1),0.02,0.065,0.098,0.264,1.641, 3.428,21.628,,1.543,3.363,0.7037,,0.4827,µs,5.511143669393934,79.3627188102756
Server Offset SHM(0),11.7451,13.0395,13.7842,18.952,23.6267, 24.9809,26.5365,,9.8425,11.9414,3.1855,,18.6352,ms,128.64007697500824,696.5419360733915
Server Offset SHM(1),-22.868,-1.966,-0.534,0.01,0.588, 1.743,11.6,,1.122,3.709,0.5959,,0.0002,µs,-6.960868861315153,138.2469857303024
TDOP,0.68,0.69,0.74,1.0,5.96, 16.51,60.89,,5.22,15.82,4.5251,,2.038, ,8.019331945603096,101.30397605080795
Temp ZONE0,51.25,51.8,52.35,54.0,55.1, 56.2,56.2,,2.75,4.4,0.9135,,53.9475,°C,195860.19446086467,11381130.262045542
nSats,9.0,10.0,12.0,14.0,16.0, 16.0,16.0,,4.0,6.0,1.3407,,13.8589,nSat,841.5676452796432,8110.52443468634
