Name,Min,1%,5%,50%,95%,99%,Max,,90% Range,98% Range,StdDev,,Mean,Units,Skewness,Kurtosis
Local Clock Frequency Offset,8.4058,8.4723,8.5759,8.9696,9.0249, 9.0397,9.1039,,0.449,0.5674,0.1519,,8.8842,ppm,190222.84395360653,10946443.490991559
Local Clock Time Offset,-12.854,-2.121,-0.411,0.004,0.501, 1.769,7.836,,0.912,3.89,0.5519,,0.0001,µs,-5.773531150778265,64.22327257308586
Local RMS Frequency Jitter,0.382,0.596,0.781,1.644,8.265, 17.635,43.123,,7.484,17.039,3.2193,,2.8734,ppb,3.1175906935675646,18.16754256250773
Local RMS Time Jitter,0.057,0.095,0.123,0.254,1.062, 1.924,5.556,,0.939,1.829,0.3638,,0.3873,µs,3.545546783862134,22.218575364085872
Server Jitter SHM(0),0.1194,0.3336,0.4885,1.3097,3.356, 5.2791,7.6712,,2.8674,4.9455,0.9424,,1.5222,ms,4.039423913606268,15.852778171737382
Server Jitter SHM(1),0.016,0.048,0.074,0.203,1.585, 3.439,11.992,,1.511,3.391,0.663,,0.4205,µs,3.636223662876752,30.969917604545923
Server Offset SHM(0),11.768,13.4042,14.0864,19.2254,23.9664, 25.0604,26.9493,,9.88,11.6562,3.1887,,19.0288,ms,137.4852474654272,758.8075843189657
Server Offset SHM(1),-12.855,-2.122,-0.412,0.005,0.502, 1.77,7.837,,0.914,3.892,0.5523,,0.0001,µs,-5.7699982525290885,64.09771120023477
TDOP,0.7,0.71,0.73,1.28,6.78, 16.68,39.53,,6.05,15.97,3.4338,,2.2108, ,5.565923011932998,54.50513920936413
Temp ZONE0,47.95,48.5,49.6,54.55,56.75, 57.3,57.3,,7.15,8.8,2.4647,,53.6356,°C,9010.830528066614,188346.04137780255
nSats,10.0,11.0,12.0,14.0,15.0, 16.0,16.0,,3.0,5.0,1.1583,,13.5917,nSat,1268.7387106436674,13956.094276063475
