Name,Min,1%,5%,50%,95%,99%,Max,,90% Range,98% Range,StdDev,,Mean,Units,Skewness,Kurtosis
Local Clock Frequency Offset,8.8425,9.0873,9.1256,9.2096,9.244, 9.257,9.3047,,0.1185,0.1697,0.0353,,9.2017,ppm,17572206.8803614,4568579426.587018
Local Clock Time Offset,-23.026,-2.064,-0.55,0.017,0.549, 1.731,13.529,,1.099,3.795,0.6478,,0.0002,µs,-8.866753335743464,206.78452267892254
Local RMS Frequency Jitter,0.571,0.872,1.086,2.078,8.336, 19.976,72.563,,7.25,19.104,3.8649,,3.2731,ppb,5.464377763872602,56.84357917288259
Local RMS Time Jitter,0.076,0.138,0.172,0.323,1.096, 2.44,11.03,,0.924,2.302,0.4867,,0.4605,µs,6.786279705093708,82.95306507994259
Server Jitter SHM(0),0.2083,0.3125,0.4573,1.2806,3.571, 5.7447,10.6907,,3.1136,5.4322,1.0479,,1.5381,ms,3.866948651287098,17.489051226859484
Server Jitter SHM(1),0.024,0.075,0.112,0.288,1.586, 3.737,21.48,,1.474,3.662,0.7869,,0.5042,µs,6.910722903836201,105.35158191408185
Server Offset SHM(0),4.097,12.2293,14.0475,18.9362,23.2972, 24.6634,26.3918,,9.2497,12.434,3.1118,,18.4657,ms,134.8327719328143,739.2194928987335
Server Offset SHM(1),-23.027,-2.065,-0.551,0.018,0.55, 1.732,13.53,,1.101,3.797,0.6483,,0.0003,µs,-8.857778144232409,206.3322424498422
TDOP,0.68,0.69,0.76,1.1,10.08, 31.15,145.44,,9.32,30.46,11.7327,,3.6468, ,7.226674958574351,82.77521452587112
Temp ZONE0,53.45,53.45,54.55,56.75,60.05, 61.7,62.8,,5.5,8.25,1.5763,,57.0535,°C,43698.91149016601,1541726.5497669422
nSats,10.0,10.0,11.0,13.0,15.0, 16.0,16.0,,4.0,6.0,1.3765,,13.3776,nSat,688.3261407141167,6217.811109301187
