Name,Min,1%,5%,50%,95%,99%,Max,,90% Range,98% Range,StdDev,,Mean,Units,Skewness,Kurtosis
Local Clock Frequency Offset,7.9969,8.0907,8.2159,8.3864,8.4861, 8.5236,8.5545,,0.2701,0.4329,0.0705,,8.3811,ppm,1639948.7630697014,193419949.76579967
Local Clock Time Offset,-16.821,-2.217,-0.421,0.009,0.502, 1.572,6.293,,0.923,3.789,0.564,,0.0008,µs,-8.16288445819058,115.83444578797163
Local RMS Frequency Jitter,0.336,0.586,0.745,1.678,8.006, 17.95,46.476,,7.261,17.364,3.3208,,2.9004,ppb,3.4235205432681592,22.407308313035188
Local RMS Time Jitter,0.054,0.092,0.117,0.253,1.096, 2.153,7.149,,0.979,2.061,0.4198,,0.4051,µs,3.974084769377113,31.25777202186307
Server Jitter SHM(0),0.0972,0.3541,0.5451,1.4045,3.8765, 5.9119,7.5728,,3.3314,5.5578,1.0729,,1.6825,ms,3.8540666468424583,14.483279098221365
Server Jitter SHM(1),0.013,0.042,0.065,0.194,1.604, 3.493,16.82,,1.539,3.451,0.6964,,0.426,µs,4.16329230600658,44.14627424263642
Server Offset SHM(0),10.6809,12.8942,13.8504,18.5503,23.2974, 24.6707,27.0219,,9.4469,11.7765,3.1207,,18.4113,ms,132.38556818881366,723.5068459083515
Server Offset SHM(1),-16.822,-2.218,-0.422,0.01,0.503, 1.573,6.294,,0.925,3.791,0.5644,,0.0008,µs,-8.155052138394966,115.59240045632035
TDOP,0.65,0.68,0.71,0.96,5.42, 16.09,57.58,,4.71,15.41,4.5085,,1.8889, ,7.72452333358412,88.93445529496468
Temp ZONE0,47.95,49.05,51.8,57.85,60.05, 61.15,61.7,,8.25,12.1,2.2044,,57.5452,°C,15895.822491498722,400802.1675106992
nSats,10.0,10.0,11.0,14.0,15.0, 16.0,16.0,,4.0,6.0,1.2261,,13.4292,nSat,1015.4110990012002,10395.856475807224
