Name,Min,1%,5%,50%,95%,99%,Max,,90% Range,98% Range,StdDev,,Mean,Units,Skewness,Kurtosis
Local Clock Frequency Offset,8.9018,9.0109,9.0698,9.1233,9.1724, 9.1823,9.2277,,0.1026,0.1714,0.0342,,9.123,ppm,18751339.159249913,4981827091.510908
Local Clock Time Offset,-16.309,-2.096,-0.526,0.014,0.544, 1.82,8.835,,1.07,3.916,0.6056,,0.0002,µs,-6.821290106637752,100.19256886916313
Local RMS Frequency Jitter,0.352,0.79,1.009,1.97,8.432, 19.008,48.9,,7.423,18.218,3.5129,,3.1749,ppb,3.9963198530129826,28.222739760374047
Local RMS Time Jitter,0.059,0.127,0.163,0.311,1.086, 2.238,7.726,,0.923,2.111,0.4148,,0.4421,µs,5.039707893570922,44.28991740455122
Server Jitter SHM(0),0.1662,0.36,0.5528,1.474,3.4851, 5.5104,8.8114,,2.9323,5.1504,0.9777,,1.6818,ms,4.482918672130119,18.004873221951858
Server Jitter SHM(1),0.012,0.067,0.103,0.273,1.626, 3.715,15.184,,1.523,3.648,0.7233,,0.4888,µs,4.85250175292421,50.3581211222139
Server Offset SHM(0),11.5347,13.0617,13.7612,18.7413,23.9308, 25.1179,27.4853,,10.1696,12.0562,3.1352,,18.5689,ms,134.17732350580368,737.0853669816206
Server Offset SHM(1),-16.31,-2.097,-0.527,0.015,0.545, 1.821,8.836,,1.072,3.918,0.6061,,0.0003,µs,-6.8155850033779695,99.9759241853731
TDOP,0.65,0.68,0.73,1.12,3.09, 20.13,123.63,,2.36,19.45,8.1625,,2.174, ,11.2041118077659,166.7259202794564
Temp ZONE0,53.45,54.0,54.0,56.2,57.85, 59.5,59.5,,3.85,5.5,1.103,,56.0311,°C,123644.64546560854,6164815.297955433
nSats,11.0,11.0,12.0,14.0,16.0, 16.0,16.0,,4.0,5.0,1.3027,,13.9959,nSat,953.8805668737909,9570.595292633716
