Name,Min,1%,5%,50%,95%,99%,Max,,90% Range,98% Range,StdDev,,Mean,Units,Skewness,Kurtosis
Local Clock Frequency Offset,8.864,8.988,9.0422,9.1884,9.2636, 9.3061,9.3703,,0.2214,0.3181,0.0644,,9.171,ppm,2833357.936956453,400969801.62041914
Local Clock Time Offset,-14.609,-2.346,-0.492,0.006,0.562, 1.934,7.629,,1.054,4.28,0.616,,-0.0,µs,-6.843196284215386,85.06425846972196
Local RMS Frequency Jitter,0.355,0.695,0.881,1.908,9.829, 18.741,44.153,,8.948,18.046,3.5636,,3.2393,ppb,3.295541299829343,20.464979527571543
Local RMS Time Jitter,0.06,0.109,0.141,0.294,1.249, 2.137,5.746,,1.108,2.028,0.4221,,0.4404,µs,3.86972185958095,26.144805800913957
Server Jitter SHM(0),0.1962,0.3519,0.5127,1.3564,3.3013, 5.2539,7.4051,,2.7885,4.9019,0.9368,,1.5629,ms,4.190894580762658,16.17969171767085
Server Jitter SHM(1),0.012,0.051,0.078,0.235,1.822, 3.773,13.847,,1.744,3.722,0.7458,,0.4776,µs,3.850392675617197,36.274113795468345
Server Offset SHM(0),10.4763,12.5841,13.3989,18.5086,23.2633, 24.6513,26.6309,,9.8643,12.0673,3.2157,,18.0667,ms,112.43310510749443,586.2268093808203
Server Offset SHM(1),-14.61,-2.347,-0.493,0.007,0.563, 1.935,7.63,,1.056,4.282,0.6164,,0.0,µs,-6.838153268730295,84.90411120391117
TDOP,0.7,0.71,0.79,1.31,7.46, 8.64,60.01,,6.67,7.93,4.145,,2.1986, ,9.956229673694278,137.752885587405
Temp ZONE0,49.6,50.7,51.25,54.0,58.95, 59.5,60.6,,7.7,8.8,2.6434,,54.6508,°C,7674.944143274429,152187.93279888897
nSats,9.0,9.0,11.0,14.0,16.0, 16.0,16.0,,5.0,7.0,1.3979,,13.6125,nSat,692.7276348220349,6267.802553874847
