Name,Min,1%,5%,50%,95%,99%,Max,,90% Range,98% Range,StdDev,,Mean,Units,Skewness,Kurtosis
Local Clock Frequency Offset,9.0109,9.1291,9.1627,9.3129,9.3736, 9.399,9.465,,0.2109,0.2699,0.0612,,9.2967,ppm,3444347.8419930595,520212055.31609285
Local Clock Time Offset,-15.689,-2.25,-0.52,0.007,0.586, 1.879,8.49,,1.106,4.129,0.6027,,-0.0003,µs,-6.176314385774257,72.52548911616347
Local RMS Frequency Jitter,0.437,0.807,1.012,2.015,9.602, 17.751,45.715,,8.59,16.944,3.3854,,3.2778,ppb,3.4133215109203294,21.15592933674266
Local RMS Time Jitter,0.064,0.13,0.165,0.311,1.207, 1.93,6.255,,1.042,1.8,0.3836,,0.4454,µs,4.082818373450132,27.590006964209916
Server Jitter SHM(0),0.1782,0.3364,0.5177,1.3365,3.2716, 5.0504,9.1756,,2.7539,4.7139,0.9262,,1.5317,ms,4.27902073963285,18.327800872110853
Server Jitter SHM(1),0.023,0.063,0.099,0.261,1.786, 3.635,15.062,,1.687,3.572,0.7094,,0.4942,µs,3.917728691567143,36.21799164382353
Server Offset SHM(0),8.9995,11.9609,13.3037,18.2929,22.9974, 24.4886,26.8283,,9.6937,12.5277,3.1688,,18.0727,ms,118.17653810638534,624.4996778449221
Server Offset SHM(1),-15.69,-2.251,-0.521,0.008,0.587, 1.88,8.491,,1.108,4.131,0.6032,,-0.0002,µs,-6.172109582701316,72.37985852286283
TDOP,0.65,0.66,0.76,1.09,7.85, 40.93,127.43,,7.09,40.27,11.7622,,3.2663, ,6.356731433198922,65.84704444539442
Temp ZONE0,50.15,50.7,51.8,54.0,55.65, 56.75,57.3,,3.85,6.05,1.2659,,54.0205,°C,72502.35396507115,3026645.7374688257
nSats,10.0,10.0,11.0,13.0,16.0, 16.0,16.0,,5.0,6.0,1.4236,,13.3444,nSat,612.2766665879227,5339.966157841202
