Name,Min,1%,5%,50%,95%,99%,Max,,90% Range,98% Range,StdDev,,Mean,Units,Skewness,Kurtosis
Local Clock Frequency Offset,8.7838,9.0074,9.0652,9.1057,9.1467, 9.1635,9.2072,,0.0815,0.1562,0.0275,,9.1044,ppm,35948340.27435089,11864417155.939419
Local Clock Time Offset,-28.581,-2.147,-0.527,0.013,0.557, 1.835,16.5,,1.084,3.982,0.632,,-0.0,µs,-7.787656776416394,216.4089830075489
Local RMS Frequency Jitter,0.352,0.737,0.964,1.963,8.512, 19.023,89.884,,7.548,18.286,3.7698,,3.1941,ppb,5.503540448569616,68.41876443204335
Local RMS Time Jitter,0.059,0.118,0.155,0.306,1.101, 2.189,12.854,,0.946,2.071,0.4546,,0.4423,µs,7.1446401844571215,109.21019975893404
Server Jitter SHM(0),0.1662,0.3597,0.5239,1.4256,3.4493, 5.3524,8.8114,,2.9254,4.9926,0.9599,,1.6279,ms,4.350285511222111,17.34459691798228
Server Jitter SHM(1),0.012,0.061,0.097,0.266,1.646, 3.696,26.943,,1.549,3.635,0.7674,,0.489,µs,6.91120980969545,127.22632906314843
Server Offset SHM(0),11.7307,13.0938,13.7933,18.8358,23.7266, 24.9202,27.0279,,9.9333,11.8264,3.1036,,18.6632,ms,141.08485968702317,785.276628143131
Server Offset SHM(1),-28.582,-2.148,-0.528,0.014,0.558, 1.836,16.501,,1.086,3.984,0.6325,,0.0,µs,-7.780495295964577,215.91839489422608
TDOP,0.6,0.65,0.71,1.01,4.66, 16.65,31.71,,3.95,16.0,2.9872,,1.7826, ,5.314368549672496,45.2537987085936
Temp ZONE0,53.45,54.0,54.0,55.65,57.85, 59.5,59.5,,3.85,5.5,1.0653,,55.8531,°C,136186.9093639016,7012079.567533873
nSats,10.0,10.0,11.0,14.0,16.0, 16.0,16.0,,5.0,6.0,1.3816,,13.8423,nSat,760.3090888367915,7092.3535195022705
