Name,Min,1%,5%,50%,95%,99%,Max,,90% Range,98% Range,StdDev,,Mean,Units,Skewness,Kurtosis
Local Clock Frequency Offset,7.5814,7.7372,7.757,7.8165,7.9315, 7.9635,8.0243,,0.1745,0.2262,0.0545,,7.8267,ppm,2908278.2998756827,415168278.8365507
Local Clock Time Offset,-20.526,-2.315,-0.44,0.009,0.657, 1.746,6.538,,1.097,4.061,0.6201,,0.0042,µs,-7.493653669342838,105.5739542392437
Local RMS Frequency Jitter,0.0,0.61,0.792,1.801,9.895, 20.781,86.031,,9.103,20.171,4.4204,,3.3372,ppb,5.068345055148533,57.114930269587475
Local RMS Time Jitter,0.035,0.093,0.124,0.275,1.26, 2.247,8.781,,1.136,2.154,0.45,,0.44,µs,3.883662944606239,33.187382677006866
Server Jitter SHM(0),0.0,0.3602,0.6048,1.484,3.6232, 7.8345,12.6025,,3.0185,7.4743,1.2788,,1.7665,ms,4.977125209761624,30.831993942524882
Server Jitter SHM(1),0.0,0.047,0.075,0.216,1.752, 3.804,20.558,,1.677,3.757,0.7507,,0.4634,µs,4.038436553292788,43.654664225803046
Server Offset SHM(0),-84.118,-16.7223,-13.4753,-4.5924,274.8146, 277.3791,615.7274,,288.2898,294.1014,125.6444,,76.5908,ms,-0.30361634991658254,1.7127747899515644
Server Offset SHM(1),-0.0205,-0.0023,-0.0004,0.0,0.0007, 0.0018,166.1578,,0.0011,0.0041,0.8194,,0.004,ms,198.80757672376976,40319.76623550955
TDOP,0.76,0.76,0.81,2.11,11.36, 22.66,22.66,,10.55,21.9,3.7464,,3.2294, ,2.3729142455771957,10.824189222500815
Temp ZONE0,50.7,51.25,51.8,53.45,56.2, 57.3,58.95,,4.4,6.05,1.3363,,53.5322,°C,59713.14667746267,2337088.842289822
nSats,11.0,11.0,12.0,14.0,15.0, 15.0,15.0,,3.0,4.0,0.9307,,13.8701,nSat,2728.158537520173,38485.604858798906
