Name,Min,1%,5%,50%,95%,99%,Max,,90% Range,98% Range,StdDev,,Mean,Units,Skewness,Kurtosis
Local Clock Frequency Offset,8.8876,8.9952,9.0729,9.166,9.2179, 9.2344,9.287,,0.1451,0.2392,0.0437,,9.1603,ppm,9080389.745422155,1894490392.861547
Local Clock Time Offset,-17.378,-2.349,-0.509,0.01,0.555, 1.972,8.148,,1.064,4.321,0.614,,-0.0,µs,-6.64246837519337,83.38021283816896
Local RMS Frequency Jitter,0.434,0.753,0.935,1.92,9.873, 17.671,49.279,,8.938,16.918,3.5281,,3.2551,ppb,3.3889904911661826,22.488103878342983
Local RMS Time Jitter,0.07,0.119,0.149,0.292,1.25, 2.029,7.196,,1.101,1.91,0.4156,,0.4404,µs,4.064569823346944,30.465526727127894
Server Jitter SHM(0),0.1039,0.3146,0.4916,1.3694,3.3091, 5.0802,8.7258,,2.8175,4.7656,0.9358,,1.568,ms,4.2633897720169935,17.156800893540744
Server Jitter SHM(1),0.025,0.058,0.086,0.244,1.846, 3.646,16.814,,1.76,3.588,0.7391,,0.4884,µs,3.868026155006394,37.668629442410236
Server Offset SHM(0),10.0022,12.014,13.17,18.5477,23.7258, 25.0787,27.3374,,10.5557,13.0646,3.3629,,18.2536,ms,100.11554970924233,504.4216233335025
Server Offset SHM(1),-17.379,-2.35,-0.51,0.011,0.556, 1.973,8.149,,1.066,4.323,0.6144,,0.0,µs,-6.637602673775395,83.2201211226292
TDOP,0.68,0.7,0.74,1.05,4.83, 19.95,138.61,,4.09,19.25,9.9817,,2.4009, ,9.045480489367883,119.75123521974875
Temp ZONE0,50.7,51.8,52.9,54.55,56.2, 57.3,57.85,,3.3,5.5,1.1092,,54.7737,°C,113400.44800443912,5493555.081902047
nSats,9.0,10.0,11.0,13.0,15.0, 15.0,15.0,,4.0,5.0,1.1479,,13.2531,nSat,1203.794433859189,13012.967149017008
