Name,Min,1%,5%,50%,95%,99%,Max,,90% Range,98% Range,StdDev,,Mean,Units,Skewness,Kurtosis
Local Clock Frequency Offset,7.8961,8.0992,8.1377,8.3236,8.415, 8.4295,8.4921,,0.2773,0.3303,0.0854,,8.2985,ppm,889744.325715705,85594670.77975754
Local Clock Time Offset,-19.986,-2.182,-0.513,0.01,0.565, 1.745,12.276,,1.078,3.927,0.5975,,0.0002,µs,-7.278760607034979,141.8141100849399
Local RMS Frequency Jitter,0.399,0.745,0.932,1.947,8.732, 17.026,66.336,,7.8,16.281,3.452,,3.1473,ppb,4.78156958959278,49.51975733520312
Local RMS Time Jitter,0.06,0.115,0.146,0.29,1.068, 1.932,9.355,,0.922,1.817,0.4117,,0.4228,µs,5.979477385831197,72.45077044667823
Server Jitter SHM(0),0.1483,0.3286,0.5257,1.3669,3.5319, 5.4194,7.9364,,3.0063,5.0909,0.9728,,1.6066,ms,4.217247481564135,16.580808127763742
Server Jitter SHM(1),0.015,0.055,0.086,0.25,1.687, 3.319,18.605,,1.601,3.264,0.7165,,0.4736,µs,5.628867291865439,82.33384630037278
Server Offset SHM(0),10.1984,11.9764,13.8553,18.626,23.0808, 24.3863,26.0584,,9.2254,12.4099,3.1018,,18.3299,ms,133.04886198598385,727.342400326997
Server Offset SHM(1),-19.987,-2.183,-0.514,0.011,0.566, 1.746,12.277,,1.08,3.929,0.5979,,0.0002,µs,-7.272199459417001,141.4884778997104
TDOP,0.59,0.66,0.74,1.05,5.53, 13.0,80.73,,4.79,12.34,6.1689,,2.3147, ,8.317065658720946,99.12080061983458
Temp ZONE0,50.15,50.15,51.25,53.45,56.2, 56.75,56.75,,4.95,6.6,1.5415,,53.6081,°C,38638.925396857514,1308550.3656222506
nSats,8.0,10.0,11.0,14.0,15.0, 16.0,16.0,,4.0,6.0,1.3841,,13.4523,nSat,688.2547432724479,6212.92711864658
