Name,Min,1%,5%,50%,95%,99%,Max,,90% Range,98% Range,StdDev,,Mean,Units,Skewness,Kurtosis
Local Clock Frequency Offset,6.9737,7.2715,7.307,7.5336,7.6439, 7.7177,7.8159,,0.3369,0.4462,0.1029,,7.5064,ppm,372947.4338627566,26855268.952060554
Local Clock Time Offset,-18.0,-2.316,-0.409,0.0,0.657, 1.815,8.033,,1.066,4.131,0.6311,,0.0014,µs,-7.839746025749547,119.43461445587513
Local RMS Frequency Jitter,0.355,0.597,0.782,1.736,9.346, 19.668,49.735,,8.564,19.071,3.7816,,3.1685,ppb,3.358527118342533,22.738664079659756
Local RMS Time Jitter,0.047,0.092,0.122,0.272,1.284, 2.29,9.338,,1.162,2.198,0.4755,,0.4436,µs,4.30952938486576,41.39595478720617
Server Jitter SHM(0),0.1946,0.4962,0.7942,1.8141,3.9629, 5.5814,14.969,,3.1687,5.0852,1.0582,,2.0337,ms,5.60234996967892,27.661834840332
Server Jitter SHM(1),0.011,0.051,0.077,0.207,1.753, 3.764,18.0,,1.676,3.713,0.7763,,0.4535,µs,4.38871647999273,48.54112151618897
Server Offset SHM(0),-28.2696,-24.5158,-22.0009,-10.2338,3.6675, 7.6621,12.3734,,25.6684,32.1779,8.1564,,-9.8193,ms,-17.172912263241216,53.54354497863773
Server Offset SHM(1),-18.0,-2.317,-0.41,0.001,0.658, 1.816,8.034,,1.068,4.133,0.6315,,0.0014,µs,-7.833311658896448,119.20653913053062
Temp ZONE0,47.4,47.4,49.05,50.7,52.9, 55.65,56.2,,3.85,8.25,1.3958,,50.8856,°C,44683.32299213881,1588167.0886342903
