Name,Min,1%,5%,50%,95%,99%,Max,,90% Range,98% Range,StdDev,,Mean,Units,Skewness,Kurtosis
Local Clock Frequency Offset,7.8961,8.0991,8.1377,8.2845,8.3777, 8.3983,8.4835,,0.24,0.2992,0.0754,,8.2761,ppm,1285422.8948049266,139787310.03090465
Local Clock Time Offset,-19.986,-2.205,-0.513,0.01,0.58, 1.76,11.516,,1.093,3.965,0.5799,,0.0001,µs,-6.6594719583537945,105.79460069736633
Local RMS Frequency Jitter,0.399,0.721,0.928,1.973,8.695, 16.69,63.608,,7.767,15.969,3.2679,,3.1422,ppb,4.093631083571966,36.29317579950562
Local RMS Time Jitter,0.06,0.114,0.147,0.293,1.069, 1.863,9.355,,0.922,1.749,0.3825,,0.4219,µs,5.23644029235572,59.45404439842722
Server Jitter SHM(0),0.1483,0.324,0.505,1.372,3.4701, 5.2587,9.2423,,2.9651,4.9347,0.9645,,1.5945,ms,4.226256844047387,17.045993199076143
Server Jitter SHM(1),0.019,0.056,0.088,0.252,1.693, 3.297,18.605,,1.605,3.241,0.6831,,0.4747,µs,4.66231443547387,59.22825525871242
Server Offset SHM(0),10.1984,12.7921,14.1558,18.8365,23.1211, 24.6324,27.0125,,8.9653,11.8403,3.0466,,18.4745,ms,145.0631948221882,813.6299915519608
Server Offset SHM(1),-19.987,-2.206,-0.514,0.011,0.581, 1.761,11.517,,1.095,3.967,0.5803,,0.0002,µs,-6.653918576339841,105.5490806664022
TDOP,0.59,0.66,0.73,0.97,5.23, 14.67,80.73,,4.5,14.01,6.2352,,2.1549, ,7.983339575038469,94.68464150837502
Temp ZONE0,50.15,50.15,51.25,53.45,56.2, 57.3,57.3,,4.95,7.15,1.6121,,53.5595,°C,33557.609861700905,1084486.7825907539
nSats,8.0,10.0,11.0,14.0,15.0, 16.0,16.0,,4.0,6.0,1.4145,,13.4896,nSat,646.9949309479734,5728.0212471840805
