Name,Min,1%,5%,50%,95%,99%,Max,,90% Range,98% Range,StdDev,,Mean,Units,Skewness,Kurtosis
Local Clock Frequency Offset,8.5751,8.707,8.734,8.7719,8.8191, 8.8358,8.8841,,0.085,0.1288,0.0276,,8.7758,ppm,31992545.521608245,10156412813.056026
Local Clock Time Offset,-11.664,-1.887,-0.529,0.011,0.583, 1.722,9.522,,1.112,3.609,0.5589,,0.0001,µs,-5.646881665100623,63.36573143219325
Local RMS Frequency Jitter,0.326,0.711,0.906,1.852,8.094, 17.452,39.803,,7.188,16.741,3.1495,,3.0295,ppb,3.4114695898475347,20.05005449412209
Local RMS Time Jitter,0.046,0.115,0.146,0.285,0.972, 2.015,5.486,,0.826,1.9,0.3581,,0.404,µs,4.400902453825317,30.92947362384774
Server Jitter SHM(0),0.1974,0.3798,0.5711,1.4086,3.5116, 5.4624,8.9766,,2.9404,5.0826,0.9739,,1.6264,ms,4.406177375588643,18.05114742567368
Server Jitter SHM(1),0.019,0.06,0.092,0.246,1.611, 3.308,12.513,,1.519,3.248,0.6549,,0.4644,µs,3.9370516692695925,35.08127390683213
Server Offset SHM(0),11.0924,13.3468,14.2886,18.8214,23.7814, 24.9286,28.643,,9.4929,11.5818,3.108,,18.9306,ms,147.28734154973012,830.5445556558124
Server Offset SHM(1),-11.665,-1.888,-0.53,0.012,0.584, 1.723,9.523,,1.114,3.611,0.5594,,0.0001,µs,-5.643160304200342,63.22722143938633
TDOP,0.6,0.64,0.72,1.15,11.77, 71.25,103.86,,11.05,70.61,10.2787,,3.7124, ,4.9708699199067174,44.487049221058356
Temp ZONE0,52.35,53.45,54.0,55.65,56.75, 57.3,57.85,,2.75,3.85,0.8571,,55.336,°C,257017.79680590398,16349290.894937813
nSats,9.0,10.0,11.0,14.0,15.0, 16.0,16.0,,4.0,6.0,1.3491,,13.5708,nSat,770.1497635884452,7211.243179536532
