Name,Min,1%,5%,50%,95%,99%,Max,,90% Range,98% Range,StdDev,,Mean,Units,Skewness,Kurtosis
Local Clock Frequency Offset,8.9023,9.0181,9.1007,9.1484,9.1705, 9.1785,9.2222,,0.0699,0.1604,0.0276,,9.1417,ppm,36175427.57080174,11964450221.135033
Local Clock Time Offset,-12.719,-2.081,-0.528,0.017,0.562, 1.702,7.503,,1.09,3.783,0.5788,,-0.0002,µs,-6.658688173802088,79.98186195886689
Local RMS Frequency Jitter,0.48,0.792,0.987,1.967,8.264, 17.812,43.512,,7.277,17.02,3.2624,,3.1357,ppb,3.7142429504798464,23.932360588002894
Local RMS Time Jitter,0.085,0.124,0.158,0.306,1.087, 2.003,6.833,,0.929,1.879,0.3844,,0.4328,µs,4.56660458991155,35.48340921710207
Server Jitter SHM(0),0.1576,0.3404,0.515,1.3969,3.6538, 5.7033,8.6666,,3.1388,5.3629,1.0221,,1.6364,ms,3.973880835926204,15.308885755573769
Server Jitter SHM(1),0.014,0.067,0.101,0.262,1.613, 3.518,12.931,,1.512,3.451,0.6824,,0.4787,µs,4.268675247014507,39.6576288377923
Server Offset SHM(0),11.073,12.9217,14.2976,19.2821,23.5509, 25.1353,26.9023,,9.2533,12.2136,3.1092,,18.8054,ms,143.7845047008995,803.9976871976862
Server Offset SHM(1),-12.72,-2.082,-0.529,0.018,0.563, 1.703,7.504,,1.092,3.785,0.5792,,-0.0001,µs,-6.652932604141968,79.80413845298506
TDOP,0.64,0.65,0.72,0.93,6.47, 20.88,40.74,,5.75,20.23,3.7479,,1.962, ,5.284628184519852,48.427466846558644
Temp ZONE0,52.9,54.0,55.65,57.85,59.5, 59.5,59.5,,3.85,5.5,1.1729,,57.5498,°C,111188.46910801329,5351166.453517243
nSats,10.0,10.0,11.0,14.0,16.0, 16.0,16.0,,5.0,6.0,1.3452,,13.6792,nSat,797.8751979943532,7558.507121980932
