Name,Min,1%,5%,50%,95%,99%,Max,,90% Range,98% Range,StdDev,,Mean,Units,Skewness,Kurtosis
Local Clock Frequency Offset,8.3737,8.4749,8.4967,8.6056,8.7227, 8.7519,8.8106,,0.226,0.2771,0.0628,,8.6021,ppm,2509967.556926411,341144158.7504556
Local Clock Time Offset,-11.685,-1.807,-0.487,0.004,0.559, 1.718,6.803,,1.046,3.525,0.5561,,-0.0001,µs,-5.627668935890036,61.40497681426635
Local RMS Frequency Jitter,0.364,0.649,0.839,1.738,8.039, 18.08,34.802,,7.2,17.431,3.2043,,2.9392,ppb,3.2234089628534823,17.841003314139588
Local RMS Time Jitter,0.056,0.103,0.133,0.264,0.967, 2.031,4.937,,0.834,1.928,0.3552,,0.3854,µs,3.943297076480577,24.38265342133311
Server Jitter SHM(0),0.2281,0.3843,0.6032,1.52,3.4143, 5.3227,8.0814,,2.8111,4.9385,0.9326,,1.704,ms,4.894943861917181,19.440340471052597
Server Jitter SHM(1),0.013,0.054,0.082,0.229,1.578, 3.31,11.198,,1.496,3.256,0.6563,,0.4433,µs,3.822901384550689,31.733167749827114
Server Offset SHM(0),9.697,12.1166,13.4147,18.1691,23.3726, 24.7369,27.1227,,9.9579,12.6203,3.134,,18.1699,ms,124.90207069026968,671.6133065397659
Server Offset SHM(1),-11.686,-1.808,-0.488,0.005,0.56, 1.719,6.804,,1.048,3.527,0.5566,,-0.0001,µs,-5.624181675798991,61.278801552030785
TDOP,0.7,0.73,0.77,1.22,3.48, 14.11,32.0,,2.71,13.38,2.6246,,1.7576, ,7.154016358295947,73.21066290317643
Temp ZONE0,50.7,50.7,51.25,53.45,55.65, 57.3,57.3,,4.4,6.6,1.279,,53.329,°C,67515.10595701444,2752546.322107163
nSats,8.0,10.0,11.0,14.0,16.0, 16.0,16.0,,5.0,6.0,1.5929,,13.7303,nSat,464.68161258630323,3704.1834786036047
