Name,Min,1%,5%,50%,95%,99%,Max,,90% Range,98% Range,StdDev,,Mean,Units,Skewness,Kurtosis
Local Clock Frequency Offset,8.3609,8.4513,8.5322,8.6006,8.695, 8.7119,8.7661,,0.1628,0.2606,0.0576,,8.6113,ppm,3280548.4950149716,487492458.80967826
Local Clock Time Offset,-12.307,-1.855,-0.476,0.007,0.54, 1.696,8.917,,1.016,3.551,0.5462,,0.0001,µs,-5.94010598925046,70.7188398101459
Local RMS Frequency Jitter,0.307,0.612,0.818,1.718,7.725, 17.474,36.808,,6.907,16.862,3.1433,,2.891,ppb,3.346537961209397,19.681977584452863
Local RMS Time Jitter,0.058,0.096,0.128,0.262,0.961, 1.967,4.82,,0.833,1.871,0.3542,,0.3822,µs,4.037539478915048,26.18444372838167
Server Jitter SHM(0),0.1697,0.4189,0.6161,1.4878,3.5061, 5.2495,8.3293,,2.89,4.8307,0.9481,,1.6934,ms,4.6759645341045,18.130696596220183
Server Jitter SHM(1),0.013,0.05,0.078,0.223,1.571, 3.249,12.031,,1.493,3.199,0.6474,,0.4354,µs,3.9164337178842947,34.98082413769495
Server Offset SHM(0),9.9951,12.8326,14.0128,18.8864,24.0072, 25.326,27.6559,,9.9943,12.4934,3.178,,18.8098,ms,133.83391193986478,734.1331704129893
Server Offset SHM(1),-12.308,-1.856,-0.477,0.008,0.541, 1.697,8.918,,1.018,3.553,0.5466,,0.0001,µs,-5.935847813500853,70.56442432392474
TDOP,0.65,0.68,0.73,0.97,3.96, 12.99,229.0,,3.23,12.31,14.72,,2.5237, ,12.062506480182345,187.0067705325065
Temp ZONE0,51.25,51.25,51.8,53.45,56.2, 56.75,56.75,,4.4,5.5,1.2968,,53.6691,°C,65993.82748999546,2670196.1802216903
nSats,10.0,10.0,11.0,14.0,15.0, 16.0,16.0,,4.0,6.0,1.2658,,13.5228,nSat,936.5158089759539,9337.296829657153
