Name,Min,1%,5%,50%,95%,99%,Max,,90% Range,98% Range,StdDev,,Mean,Units,Skewness,Kurtosis
Local Clock Frequency Offset,8.786,8.8602,8.9526,9.254,9.3945, 9.4169,9.4902,,0.4419,0.5567,0.1345,,9.2256,ppm,309027.62945500045,20901767.7956037
Local Clock Time Offset,-13.756,-2.288,-0.498,0.006,0.53, 1.928,7.927,,1.028,4.216,0.6126,,-0.001,µs,-6.444710666759112,78.4491738755893
Local RMS Frequency Jitter,0.446,0.753,0.959,1.939,9.612, 18.696,42.925,,8.653,17.943,3.5411,,3.2247,ppb,3.458989645152904,21.639729482752553
Local RMS Time Jitter,0.064,0.121,0.157,0.306,1.248, 2.036,5.628,,1.091,1.915,0.4123,,0.4469,µs,4.047603168120059,27.60534128605787
Server Jitter SHM(0),0.1544,0.3301,0.5007,1.3318,3.1329, 4.9815,7.5998,,2.6322,4.6514,0.8944,,1.5215,ms,4.38020005226014,17.643474759710603
Server Jitter SHM(1),0.016,0.054,0.087,0.245,1.775, 3.721,13.363,,1.688,3.667,0.7358,,0.4779,µs,3.9849420797122628,36.23354185016224
Server Offset SHM(0),11.8049,12.6695,13.7554,18.9842,23.4212, 24.7352,27.0393,,9.6658,12.0657,3.1833,,18.5019,ms,125.87696748381867,677.0618653650139
Server Offset SHM(1),-13.757,-2.289,-0.499,0.007,0.531, 1.929,7.928,,1.03,4.218,0.613,,-0.0009,µs,-6.440273723715351,78.30212117979906
TDOP,0.68,0.69,0.77,1.06,5.4, 19.17,158.68,,4.63,18.48,11.177,,2.8285, ,9.496195199725584,129.50675565225265
Temp ZONE0,48.5,49.05,49.6,52.9,55.1, 55.1,55.65,,5.5,6.05,1.6745,,52.7927,°C,28541.40305825279,874047.6673189978
nSats,10.0,11.0,12.0,14.0,16.0, 16.0,16.0,,4.0,5.0,1.2502,,13.8382,nSat,1050.6872645757908,10878.067411660166
