Name,Min,1%,5%,50%,95%,99%,Max,,90% Range,98% Range,StdDev,,Mean,Units,Skewness,Kurtosis
Local Clock Frequency Offset,8.8325,9.0321,9.0446,9.1023,9.1426, 9.1539,9.2041,,0.098,0.1218,0.0313,,9.1005,ppm,24399775.62608727,7077144742.840821
Local Clock Time Offset,-16.628,-2.073,-0.533,0.014,0.551, 1.727,11.399,,1.084,3.8,0.6105,,0.0,µs,-6.849817715590542,107.83556314434357
Local RMS Frequency Jitter,0.494,0.771,0.988,1.968,8.44, 18.914,60.09,,7.452,18.143,3.5721,,3.166,ppb,4.363037479672509,35.43596423643323
Local RMS Time Jitter,0.081,0.125,0.16,0.307,1.101, 2.268,8.305,,0.941,2.143,0.4321,,0.4408,µs,5.298574816911305,49.05774636027801
Server Jitter SHM(0),0.1459,0.3771,0.5587,1.4142,3.4025, 5.2091,8.7486,,2.8438,4.832,0.9321,,1.6166,ms,4.499145769619148,17.904698011293714
Server Jitter SHM(1),0.013,0.064,0.099,0.266,1.612, 3.619,16.751,,1.513,3.555,0.7326,,0.4864,µs,5.252518277782886,61.71407097764788
Server Offset SHM(0),9.1424,11.0439,13.1133,18.299,23.1523, 24.6171,27.2424,,10.039,13.5732,3.2267,,18.1187,ms,112.0976326848044,582.731093594509
Server Offset SHM(1),-16.629,-2.074,-0.534,0.015,0.552, 1.728,11.4,,1.086,3.802,0.611,,0.0001,µs,-6.844212279920578,107.60472778816113
TDOP,0.66,0.66,0.71,0.98,4.07, 10.45,16.61,,3.36,9.79,1.7773,,1.5492, ,4.73513449471461,33.071414472593084
Temp ZONE0,53.45,53.45,54.55,56.2,57.85, 58.4,58.4,,3.3,4.95,1.0451,,56.0969,°C,146322.83309756927,7716046.626592296
nSats,9.0,9.0,11.0,13.0,15.0, 16.0,16.0,,4.0,7.0,1.4661,,13.1458,nSat,529.1766787779032,4402.448522713843
