Name,Min,1%,5%,50%,95%,99%,Max,,90% Range,98% Range,StdDev,,Mean,Units,Skewness,Kurtosis
Local Clock Frequency Offset,8.4058,8.4723,8.5759,8.9822,9.0428, 9.074,9.1134,,0.4668,0.6017,0.1566,,8.8921,ppm,173820.14383705243,9706709.285572167
Local Clock Time Offset,-13.158,-2.097,-0.417,0.006,0.501, 1.742,6.905,,0.918,3.839,0.542,,0.0001,µs,-5.905244384937338,62.26258100097083
Local RMS Frequency Jitter,0.382,0.617,0.799,1.661,8.238, 17.387,37.05,,7.439,16.77,3.1241,,2.8628,ppb,2.9956059309506218,15.734015993933355
Local RMS Time Jitter,0.057,0.097,0.127,0.258,1.059, 1.872,5.188,,0.932,1.775,0.3525,,0.3878,µs,3.4328831536010043,19.585231516306166
Server Jitter SHM(0),0.1194,0.3376,0.4995,1.3774,3.427, 5.3182,7.7826,,2.9275,4.9806,0.961,,1.5902,ms,4.090931709563885,15.771161712323133
Server Jitter SHM(1),0.016,0.051,0.077,0.208,1.552, 3.344,12.834,,1.475,3.293,0.646,,0.4212,µs,3.4951101655049044,27.8269234161428
Server Offset SHM(0),10.9741,13.204,13.9927,19.1136,23.7543, 24.8578,27.2984,,9.7616,11.6538,3.167,,18.8152,ms,135.4256023614955,743.9920160152905
Server Offset SHM(1),-13.159,-2.098,-0.418,0.007,0.502, 1.743,6.906,,0.92,3.841,0.5424,,0.0001,µs,-5.901270978619239,62.13685282709957
TDOP,0.7,0.71,0.73,1.09,6.79, 18.84,49.4,,6.06,18.13,4.5651,,2.2343, ,5.7187885223880075,54.112464919021036
Temp ZONE0,47.95,48.5,49.6,55.1,57.85, 58.4,58.95,,8.25,9.9,2.7645,,54.0435,°C,6437.356416666675,120419.07099165338
nSats,10.0,10.0,12.0,14.0,15.0, 15.0,15.0,,3.0,5.0,1.0985,,13.4583,nSat,1457.7383873143242,16764.01967660544
