Name,Min,1%,5%,50%,95%,99%,Max,,90% Range,98% Range,StdDev,,Mean,Units,Skewness,Kurtosis
Local Clock Frequency Offset,8.3027,8.4303,8.4601,8.5755,8.7446, 8.7747,8.8009,,0.2844,0.3444,0.0796,,8.5792,ppm,1219816.052788971,130357360.13642147
Local Clock Time Offset,-14.516,-1.985,-0.496,0.006,0.577, 1.77,9.078,,1.073,3.755,0.5691,,0.0002,µs,-6.000047890617241,71.55032812090091
Local RMS Frequency Jitter,0.324,0.654,0.836,1.768,8.099, 18.184,50.551,,7.263,17.53,3.2837,,3.0024,ppb,3.3789154692558214,21.671294730389697
Local RMS Time Jitter,0.056,0.103,0.132,0.268,0.993, 2.048,6.725,,0.861,1.945,0.3684,,0.3939,µs,4.113915698686364,29.852608047066287
Server Jitter SHM(0),0.1391,0.3644,0.534,1.4388,3.394, 5.0311,8.1498,,2.86,4.6668,0.915,,1.6264,ms,4.590352930687185,17.540728653299517
Server Jitter SHM(1),0.02,0.053,0.079,0.226,1.64, 3.345,13.465,,1.561,3.292,0.6749,,0.4501,µs,3.902730335689054,36.43154608630668
Server Offset SHM(0),10.7557,12.6217,13.7164,18.8254,24.0328, 25.3245,27.6647,,10.3164,12.7028,3.2288,,18.781,ms,126.24036435672872,680.3185222534171
Server Offset SHM(1),-14.517,-1.986,-0.497,0.007,0.578, 1.771,9.079,,1.075,3.757,0.5696,,0.0002,µs,-5.995832114452824,71.40016355620007
TDOP,0.69,0.7,0.74,1.09,3.16, 14.96,75.11,,2.42,14.26,5.7383,,2.0106, ,8.230036105243112,98.32582707554344
Temp ZONE0,49.6,50.15,50.7,52.35,56.75, 57.85,58.4,,6.05,7.7,1.6238,,52.7992,°C,31398.737393807754,992628.4938201384
nSats,11.0,11.0,12.0,14.0,16.0, 16.0,16.0,,4.0,5.0,1.103,,13.7042,nSat,1525.4076767923748,17824.780593074942
