Name,Min,1%,5%,50%,95%,99%,Max,,90% Range,98% Range,StdDev,,Mean,Units,Skewness,Kurtosis
Local Clock Frequency Offset,7.2326,7.3736,7.4277,7.565,7.6794, 7.7677,7.8546,,0.2516,0.3942,0.0721,,7.5609,ppm,1120454.6952280565,116396413.73424776
Local Clock Time Offset,-15.202,-2.084,-0.386,0.001,0.575, 1.716,7.179,,0.961,3.8,0.5926,,0.0006,µs,-7.789285354255205,111.61054659678739
Local RMS Frequency Jitter,0.221,0.509,0.706,1.646,8.803, 19.482,42.013,,8.097,18.973,3.5721,,2.9505,ppb,3.2307327891339717,19.611843635395367
Local RMS Time Jitter,0.038,0.078,0.11,0.262,1.223, 2.352,6.502,,1.113,2.274,0.4567,,0.4205,µs,3.7482827586409715,26.401277271969015
Server Jitter SHM(0),0.2405,0.5082,0.7538,1.7992,3.8933, 5.1984,11.0291,,3.1395,4.6902,1.008,,1.9952,ms,5.261350333556967,18.669952388001274
Server Jitter SHM(1),0.009,0.044,0.069,0.2,1.596, 3.664,15.26,,1.527,3.62,0.7242,,0.4244,µs,4.370593407259624,44.75818167274093
Server Offset SHM(0),-25.0928,-21.6161,-18.9421,-10.1364,-1.4854, 0.5223,4.669,,17.4567,22.1384,5.3438,,-10.083,ms,-32.781279351323626,122.46269469909363
Server Offset SHM(1),-15.203,-2.085,-0.387,0.002,0.576, 1.717,7.18,,0.963,3.802,0.593,,0.0006,µs,-7.782595854628265,111.39165122527834
Temp ZONE0,48.5,49.05,49.05,51.25,52.9, 54.55,54.55,,3.85,5.5,1.1207,,51.0727,°C,88673.212693703,3958204.0284903613
