Name,Min,1%,5%,50%,95%,99%,Max,,90% Range,98% Range,StdDev,,Mean,Units,Skewness,Kurtosis
Local Clock Frequency Offset,8.6337,8.754,8.8644,9.1273,9.2837, 9.3491,9.4061,,0.4193,0.5951,0.1458,,9.0986,ppm,231883.3486740054,14253478.366200423
Local Clock Time Offset,-25.485,-2.254,-0.601,0.014,0.601, 1.887,12.903,,1.202,4.141,0.6629,,-0.0011,µs,-7.75725234676061,166.35519023447014
Local RMS Frequency Jitter,0.617,0.997,1.235,2.288,9.407, 19.6,77.253,,8.172,18.603,3.7942,,3.5304,ppb,5.287775260913696,54.4690865987208
Local RMS Time Jitter,0.101,0.156,0.193,0.348,1.23, 2.213,11.775,,1.037,2.057,0.4719,,0.4898,µs,7.01323451562766,94.57713876824201
Server Jitter SHM(0),0.2119,0.3677,0.5701,1.3915,3.2225, 5.1455,8.6744,,2.6524,4.7778,0.901,,1.5928,ms,4.763759780746745,19.503255066101374
Server Jitter SHM(1),0.028,0.079,0.12,0.315,1.777, 3.688,23.933,,1.657,3.609,0.7855,,0.5444,µs,6.28266867950011,96.52002591786326
Server Offset SHM(0),10.9864,12.1937,13.3439,18.5396,23.484, 24.7121,26.1524,,10.1401,12.5184,3.2541,,18.4493,ms,115.81548632977042,608.0036698293252
Server Offset SHM(1),-25.486,-2.255,-0.602,0.015,0.602, 1.888,12.904,,1.204,4.143,0.6634,,-0.001,µs,-7.750151604207887,165.98609459004388
TDOP,0.69,0.71,0.79,1.58,34.64, 157.76,204.88,,33.85,157.05,26.324,,8.3905, ,2.937492038559522,21.379730764089885
Temp ZONE0,48.5,49.05,49.6,53.45,59.5, 60.05,61.7,,9.9,11.0,3.5155,,54.3529,°C,3067.57761481504,44993.211448515765
nSats,10.0,10.0,11.0,13.0,15.0, 16.0,16.0,,4.0,6.0,1.1942,,13.3458,nSat,1083.6060699046416,11328.249946705466
