Name,Min,1%,5%,50%,95%,99%,Max,,90% Range,98% Range,StdDev,,Mean,Units,Skewness,Kurtosis
Local Clock Frequency Offset,8.3289,8.4009,8.4701,8.6016,8.7191, 8.7509,8.8106,,0.249,0.35,0.0718,,8.5901,ppm,1667531.989238614,197770031.77038845
Local Clock Time Offset,-11.685,-1.916,-0.487,0.004,0.572, 1.713,6.545,,1.059,3.629,0.5578,,-0.0001,µs,-5.451533848576755,55.732587708044896
Local RMS Frequency Jitter,0.373,0.652,0.861,1.779,8.013, 17.97,33.846,,7.152,17.318,3.179,,2.9853,ppb,3.142513543480143,16.59437528276359
Local RMS Time Jitter,0.062,0.106,0.136,0.271,0.996, 2.002,4.917,,0.86,1.896,0.3564,,0.3953,µs,3.815641222972581,22.708896164502875
Server Jitter SHM(0),0.158,0.3777,0.5716,1.4593,3.43, 5.3901,8.018,,2.8584,5.0124,0.9489,,1.6512,ms,4.579539076566818,18.37234175120708
Server Jitter SHM(1),0.014,0.055,0.085,0.232,1.609, 3.385,11.198,,1.524,3.33,0.6547,,0.45,µs,3.5998666214211625,28.312039372361557
Server Offset SHM(0),9.697,12.5082,13.7765,18.687,23.7292, 24.9356,27.1739,,9.9527,12.4274,3.1605,,18.556,ms,130.23655979196363,708.1747266782138
Server Offset SHM(1),-11.686,-1.917,-0.488,0.005,0.573, 1.714,6.546,,1.061,3.631,0.5582,,-0.0001,µs,-5.4484354078774855,55.62101042431046
TDOP,0.67,0.7,0.75,0.99,15.38, 82.2,290.97,,14.63,81.5,26.288,,5.5094, ,6.11651226534113,65.64465282827838
Temp ZONE0,49.05,50.15,51.25,52.9,55.65, 57.3,57.3,,4.4,7.15,1.3917,,53.1337,°C,51504.083002612286,1919063.8220683725
nSats,10.0,11.0,12.0,14.0,16.0, 16.0,16.0,,4.0,5.0,1.3114,,13.8833,nSat,909.5127318183594,8987.985198739278
