Name,Min,1%,5%,50%,95%,99%,Max,,90% Range,98% Range,StdDev,,Mean,Units,Skewness,Kurtosis
Local Clock Frequency Offset,8.5573,8.7116,8.7374,8.7688,8.8024, 8.8279,8.8683,,0.065,0.1163,0.0196,,8.7689,ppm,88654410.74781615,39531032874.87199
Local Clock Time Offset,-11.664,-1.926,-0.511,0.011,0.58, 1.704,6.95,,1.091,3.63,0.5622,,-0.0001,µs,-6.004506009194796,64.9227708249763
Local RMS Frequency Jitter,0.383,0.724,0.919,1.831,8.182, 17.635,35.402,,7.263,16.911,3.1808,,3.0342,ppb,3.3410552279355326,18.9544272143688
Local RMS Time Jitter,0.063,0.115,0.146,0.283,0.978, 2.024,5.07,,0.832,1.909,0.3571,,0.4036,µs,4.171790317837077,26.692622975660996
Server Jitter SHM(0),0.1448,0.3849,0.5737,1.4409,3.5984, 5.7359,7.8467,,3.0247,5.351,1.0039,,1.666,ms,4.3120334280809836,17.233414995979434
Server Jitter SHM(1),0.012,0.061,0.093,0.246,1.63, 3.315,11.271,,1.537,3.254,0.6601,,0.4645,µs,3.8808658625362504,32.89382775825411
Server Offset SHM(0),11.2539,13.5341,14.4381,19.1577,23.9124, 25.2234,27.8244,,9.4743,11.6893,3.1296,,19.0108,ms,145.95729057010354,820.7774660966993
Server Offset SHM(1),-11.665,-1.927,-0.512,0.012,0.581, 1.705,6.951,,1.093,3.632,0.5627,,-0.0,µs,-6.0001109975329845,64.78348722139498
TDOP,0.6,0.64,0.72,1.16,6.7, 17.64,82.21,,5.98,17.0,5.7154,,2.257, ,9.66640486723493,133.92175558747763
Temp ZONE0,53.45,53.45,54.0,55.65,56.75, 57.3,57.3,,2.75,3.85,0.7761,,55.3967,°C,348799.648690843,24562662.5865558
nSats,9.0,10.0,11.0,13.0,15.0, 16.0,16.0,,4.0,6.0,1.2737,,13.2656,nSat,862.167219057502,8370.879863389087
