Name,Min,1%,5%,50%,95%,99%,Max,,90% Range,98% Range,StdDev,,Mean,Units,Skewness,Kurtosis
Local Clock Frequency Offset,8.2575,8.4483,8.4854,9.1355,9.2185, 9.2275,9.2975,,0.733,0.7792,0.2728,,8.9656,ppm,32460.855564280762,1037462.8043169868
Local Clock Time Offset,-18.359,-2.006,-0.53,0.013,0.547, 1.717,11.253,,1.077,3.723,0.585,,0.0006,µs,-6.219445253078423,100.44629980883818
Local RMS Frequency Jitter,0.374,0.841,1.044,1.978,8.137, 17.659,58.548,,7.093,16.818,3.3486,,3.1158,ppb,4.486860920005048,37.905540204078086
Local RMS Time Jitter,0.071,0.135,0.167,0.305,1.047, 1.987,7.954,,0.88,1.852,0.3848,,0.4261,µs,5.473067709664373,54.294591199747764
Server Jitter SHM(0),0.1764,0.3387,0.5191,1.3682,3.3077, 5.082,8.1984,,2.7886,4.7433,0.9212,,1.5697,ms,4.332050038211912,17.086985945579332
Server Jitter SHM(1),0.024,0.071,0.107,0.272,1.559, 3.376,17.236,,1.452,3.305,0.6849,,0.479,µs,5.348186771093255,65.85694592430308
Server Offset SHM(0),11.9466,13.4565,14.4199,19.0012,24.1849, 25.4386,27.6213,,9.765,11.9822,3.1615,,18.9822,ms,140.4651869854746,782.0846670814193
Server Offset SHM(1),-18.36,-2.007,-0.531,0.014,0.548, 1.718,11.254,,1.079,3.725,0.5855,,0.0007,µs,-6.214689535170242,100.21040857194319
TDOP,0.62,0.64,0.67,0.99,7.66, 15.13,158.68,,6.99,14.49,10.3433,,2.4993, ,11.605402699073675,176.09424973515928
Temp ZONE0,45.75,46.85,47.4,56.2,58.95, 62.25,62.8,,11.55,15.4,4.2064,,54.0685,°C,1700.9673741428576,20576.529337019576
nSats,8.0,9.0,11.0,13.0,15.0, 16.0,16.0,,4.0,7.0,1.469,,13.2407,nSat,538.004916865124,4492.041321747328
