Name,Min,1%,5%,50%,95%,99%,Max,,90% Range,98% Range,StdDev,,Mean,Units,Skewness,Kurtosis
Local Clock Frequency Offset,8.3539,8.4843,8.5072,8.6997,8.7465, 8.8106,8.8672,,0.2393,0.3264,0.0765,,8.6678,ppm,1419061.3158316824,159490951.4954637
Local Clock Time Offset,-11.798,-2.04,-0.496,0.01,0.605, 1.694,6.086,,1.101,3.734,0.5621,,0.0006,µs,-6.077149609251647,61.30587304196805
Local RMS Frequency Jitter,0.343,0.648,0.863,1.807,8.192, 17.713,33.741,,7.329,17.065,3.1794,,3.0337,ppb,3.1099609102370556,16.56025322373588
Local RMS Time Jitter,0.055,0.101,0.134,0.272,1.006, 2.061,4.471,,0.872,1.96,0.3614,,0.3991,µs,3.6998053472970556,20.768515190498185
Server Jitter SHM(0),0.1823,0.3634,0.5225,1.3617,3.5653, 5.5885,7.5803,,3.0429,5.2251,0.9962,,1.5951,ms,4.064231710949993,15.905573457798539
Server Jitter SHM(1),0.014,0.052,0.08,0.229,1.674, 3.322,11.372,,1.594,3.27,0.6661,,0.4561,µs,3.4697303803954647,27.09525340496248
Server Offset SHM(0),11.5849,13.6952,14.4148,19.7526,24.1423, 25.7084,27.2365,,9.7276,12.0132,3.2147,,19.2196,ms,138.34592871369247,765.1432802565914
Server Offset SHM(1),-11.799,-2.041,-0.497,0.011,0.606, 1.695,6.087,,1.103,3.736,0.5625,,0.0007,µs,-6.072732347087167,61.180575184840485
TDOP,0.62,0.69,0.74,1.08,8.24, 47.19,80.18,,7.5,46.5,7.5028,,2.6535, ,5.319028926197487,49.63942252320404
Temp ZONE0,50.15,50.15,51.25,57.3,59.5, 59.5,60.05,,8.25,9.35,2.8231,,56.3696,°C,6879.621420937485,131515.47618151602
nSats,9.0,9.0,11.0,13.0,15.0, 16.0,16.0,,4.0,7.0,1.3503,,13.2917,nSat,717.6769344857289,6571.343736771459
