Name,Min,1%,5%,50%,95%,99%,Max,,90% Range,98% Range,StdDev,,Mean,Units,Skewness,Kurtosis
Local Clock Frequency Offset,8.236,8.3583,8.3919,8.4613,8.5392, 8.5508,8.603,,0.1473,0.1926,0.0448,,8.4569,ppm,6604091.289647066,1239106872.59947
Local Clock Time Offset,-11.901,-2.225,-0.375,0.003,0.589, 1.618,6.456,,0.964,3.843,0.5742,,0.0005,µs,-6.641717811890484,73.2427065579707
Local RMS Frequency Jitter,0.267,0.496,0.646,1.475,8.56, 18.602,35.974,,7.914,18.106,3.4434,,2.8798,ppb,2.757588687937082,15.324175495293915
Local RMS Time Jitter,0.043,0.079,0.108,0.237,1.165, 2.236,5.379,,1.057,2.157,0.426,,0.4026,µs,3.1067451409466975,18.110874760320407
Server Jitter SHM(0),0.1502,0.3937,0.601,1.4574,3.4422, 5.2613,7.8357,,2.8412,4.8675,0.9415,,1.6846,ms,4.66528850654733,17.725548573525316
Server Jitter SHM(1),0.018,0.041,0.063,0.176,1.709, 3.723,11.28,,1.646,3.682,0.7073,,0.4152,µs,3.33581488449867,27.726247981665164
Server Offset SHM(0),10.3042,11.9153,13.6965,18.6695,23.9239, 25.0271,26.6678,,10.2274,13.1119,3.2018,,18.6725,ms,127.29768269573178,687.2893672709813
Server Offset SHM(1),-11.902,-2.226,-0.376,0.004,0.59, 1.619,6.457,,0.966,3.845,0.5746,,0.0005,µs,-6.63721438278541,73.1156565709905
TDOP,0.67,0.69,0.72,1.07,12.48, 54.08,56.14,,11.76,53.39,7.8538,,3.5314, ,3.2644904970821944,21.544873079987074
Temp ZONE0,51.8,52.35,52.9,54.55,56.75, 57.3,58.4,,3.85,4.95,1.0916,,54.5225,°C,117416.04823986167,5754421.777226801
nSats,5.0,5.0,5.0,13.0,15.0, 16.0,16.0,,10.0,11.0,3.2114,,12.1417,nSat,28.61190447166742,95.59975058141211
