Name,Min,1%,5%,50%,95%,99%,Max,,90% Range,98% Range,StdDev,,Mean,Units,Skewness,Kurtosis
Local Clock Frequency Offset,7.4096,7.5324,7.5722,7.712,7.905, 7.9356,8.0088,,0.3328,0.4032,0.0962,,7.7222,ppm,498133.08441937197,39500214.867752574
Local Clock Time Offset,-18.0,-2.197,-0.408,0.002,0.618, 1.764,8.04,,1.026,3.961,0.613,,0.0002,µs,-7.985071426314597,124.63228614377041
Local RMS Frequency Jitter,0.311,0.581,0.788,1.745,9.264, 19.392,49.776,,8.476,18.811,3.6597,,3.0942,ppb,3.4001618245358083,22.443758973398243
Local RMS Time Jitter,0.049,0.087,0.123,0.276,1.27, 2.355,9.368,,1.147,2.268,0.4848,,0.4436,µs,4.44664615667844,40.51776345543855
Server Jitter SHM(0),0.1882,0.4933,0.715,1.5892,3.578, 4.8623,10.0984,,2.8631,4.369,0.9324,,1.7945,ms,5.27328330613865,20.54187998711419
Server Jitter SHM(1),0.009,0.05,0.078,0.217,1.669, 3.779,18.013,,1.591,3.729,0.748,,0.448,µs,4.566227388913457,50.69515576018177
Server Offset SHM(0),-26.2814,-22.7232,-20.1606,-10.441,-3.0521, -0.0868,4.9477,,17.1085,22.6364,5.0138,,-10.7454,ms,-40.74485298104934,163.15029503260774
Server Offset SHM(1),-18.001,-2.198,-0.409,0.003,0.619, 1.765,8.041,,1.028,3.963,0.6134,,0.0003,µs,-7.978103017089742,124.38555864820921
Temp ZONE0,48.5,49.05,49.6,51.8,56.75, 58.4,61.15,,7.15,9.35,2.0954,,52.2998,°C,13827.257226061633,333107.04401736177
