Name,Min,1%,5%,50%,95%,99%,Max,,90% Range,98% Range,StdDev,,Mean,Units,Skewness,Kurtosis
Local Clock Frequency Offset,8.6786,8.7582,8.8379,9.1372,9.2296, 9.2596,9.3067,,0.3917,0.5014,0.1183,,9.1011,ppm,438076.76919566514,33282383.378510974
Local Clock Time Offset,-14.582,-2.224,-0.61,0.016,0.604, 1.859,7.887,,1.214,4.083,0.623,,0.0003,µs,-6.229235361330228,75.23692235599175
Local RMS Frequency Jitter,0.559,0.963,1.214,2.313,9.306, 18.388,41.672,,8.092,17.425,3.405,,3.4826,ppb,3.9667464684801086,25.53867119286018
Local RMS Time Jitter,0.09,0.155,0.19,0.349,1.208, 2.089,7.245,,1.018,1.934,0.4116,,0.4801,µs,5.014752997313133,40.78503817521599
Server Jitter SHM(0),0.066,0.3403,0.492,1.3438,3.152, 5.0991,8.8087,,2.66,4.7588,0.9264,,1.5261,ms,4.451821660500435,20.207294364299774
Server Jitter SHM(1),0.025,0.074,0.113,0.317,1.761, 3.674,14.039,,1.648,3.6,0.7176,,0.5364,µs,4.403511068906543,41.62694190346426
Server Offset SHM(0),11.187,12.5967,13.4081,18.7206,23.6841, 25.0269,27.444,,10.2761,12.4302,3.3027,,18.6797,ms,114.86833751522619,601.4779795981092
Server Offset SHM(1),-14.583,-2.225,-0.611,0.017,0.605, 1.86,7.888,,1.216,4.085,0.6234,,0.0004,µs,-6.224670652072471,75.07982367511892
TDOP,0.62,0.64,0.76,1.16,6.93, 26.94,99.25,,6.17,26.3,7.5122,,2.5494, ,8.019069131977703,98.42095868965178
Temp ZONE0,47.95,49.05,50.15,54.0,56.75, 57.3,57.85,,6.6,8.25,2.0208,,53.7113,°C,16813.27908389538,432018.3497056869
nSats,10.0,10.0,11.0,14.0,16.0, 16.0,16.0,,5.0,6.0,1.4459,,13.6333,nSat,624.0305551718116,5472.042579323928
