Name,Min,1%,5%,50%,95%,99%,Max,,90% Range,98% Range,StdDev,,Mean,Units,Skewness,Kurtosis
Local Clock Frequency Offset,7.3873,7.5357,7.5536,7.7443,7.8498, 7.8895,7.9654,,0.2962,0.3537,0.0924,,7.7243,ppm,563768.1906270362,46586522.894705124
Local Clock Time Offset,-14.416,-2.371,-0.407,0.002,0.625, 1.713,7.503,,1.032,4.084,0.6093,,0.0,µs,-7.6520281134898624,101.62392672030872
Local RMS Frequency Jitter,0.304,0.555,0.757,1.758,9.231, 18.926,44.404,,8.474,18.371,3.6054,,3.1136,ppb,3.1881956339924398,19.763312224473175
Local RMS Time Jitter,0.049,0.082,0.116,0.278,1.295, 2.234,6.293,,1.179,2.152,0.4558,,0.4432,µs,3.4722418646273314,23.126285890854522
Server Jitter SHM(0),0.2295,0.3919,0.6119,1.4581,3.2648, 4.5396,7.1791,,2.6529,4.1477,0.8503,,1.6413,ms,4.985802226340667,17.015505560126734
Server Jitter SHM(1),0.016,0.048,0.073,0.214,1.733, 3.68,14.405,,1.66,3.632,0.7424,,0.4514,µs,4.0762080442345985,40.42199730350231
Server Offset SHM(0),-21.161,-19.3824,-17.7449,-10.0653,-1.8378, 1.3878,4.4678,,15.9071,20.7702,4.8316,,-10.0801,ms,-38.48657754619393,148.26423899301335
Server Offset SHM(1),-14.417,-2.372,-0.408,0.003,0.625, 1.714,7.504,,1.033,4.086,0.6098,,0.0001,µs,-7.645713822125123,101.43031350692756
Temp ZONE0,49.05,49.6,50.15,52.9,56.2, 57.85,57.85,,6.05,8.25,1.8101,,53.0604,°C,22781.928386113643,647461.877251117
