Name,Min,1%,5%,50%,95%,99%,Max,,90% Range,98% Range,StdDev,,Mean,Units,Skewness,Kurtosis
Local Clock Frequency Offset,8.8765,8.9758,9.0553,9.1644,9.2238, 9.2399,9.297,,0.1685,0.2641,0.05,,9.1548,ppm,6051384.747300077,1102805559.9818985
Local Clock Time Offset,-12.112,-2.332,-0.498,0.007,0.518, 1.987,9.541,,1.016,4.319,0.6154,,-0.0002,µs,-5.767289097303732,66.82943362147444
Local RMS Frequency Jitter,0.473,0.742,0.919,1.862,9.954, 18.528,43.906,,9.035,17.786,3.5768,,3.2182,ppb,3.1872330362041783,18.92270497332731
Local RMS Time Jitter,0.072,0.117,0.147,0.283,1.248, 2.087,6.282,,1.101,1.97,0.4155,,0.432,µs,3.8570529765339128,26.227216932754754
Server Jitter SHM(0),0.1465,0.339,0.5164,1.3834,3.359, 5.1983,8.2725,,2.8426,4.8593,0.9392,,1.5941,ms,4.3482454372115,17.40187336723839
Server Jitter SHM(1),0.019,0.058,0.084,0.238,1.808, 3.75,12.706,,1.724,3.692,0.7459,,0.4784,µs,3.690075655180657,31.399118400257528
Server Offset SHM(0),10.1049,11.8915,13.1061,18.4512,23.8031, 25.0672,27.1536,,10.697,13.1757,3.3262,,18.2543,ms,103.92234263597076,529.7397321542118
Server Offset SHM(1),-12.113,-2.333,-0.499,0.008,0.519, 1.988,9.542,,1.018,4.321,0.6159,,-0.0002,µs,-5.764123234579365,66.71299302378173
TDOP,0.73,0.74,0.76,1.16,11.48, 33.95,207.04,,10.72,33.21,18.5924,,4.374, ,7.3449107183655045,80.20629645978607
Temp ZONE0,50.7,51.8,52.9,54.55,56.2, 57.3,57.85,,3.3,5.5,1.1611,,54.495,°C,97056.29325615737,4464524.349424963
nSats,8.0,11.0,12.0,14.0,15.0, 15.0,16.0,,3.0,4.0,1.1473,,13.5167,nSat,1284.3894737755672,14169.76137227652
