Name,Min,1%,5%,50%,95%,99%,Max,,90% Range,98% Range,StdDev,,Mean,Units,Skewness,Kurtosis
Local Clock Frequency Offset,8.2038,8.2953,8.3683,8.5041,8.5576, 8.574,8.6108,,0.1892,0.2787,0.0589,,8.4826,ppm,2928788.1542125284,419075822.756693
Local Clock Time Offset,-13.375,-2.133,-0.361,0.004,0.551, 1.63,6.293,,0.912,3.763,0.5677,,0.0002,µs,-6.769641113275357,80.03670471229024
Local RMS Frequency Jitter,0.237,0.454,0.628,1.445,8.311, 18.582,36.953,,7.683,18.128,3.4191,,2.8294,ppb,2.8110603648071506,15.828279139702776
Local RMS Time Jitter,0.037,0.075,0.104,0.232,1.117, 2.171,5.569,,1.013,2.096,0.4174,,0.3908,µs,3.3599840301243926,21.67502213226817
Server Jitter SHM(0),0.1936,0.369,0.5715,1.5479,3.6404, 5.2956,10.0437,,3.0689,4.9265,0.9976,,1.7686,ms,4.476439219782382,17.266816529157847
Server Jitter SHM(1),0.017,0.039,0.06,0.168,1.702, 3.677,13.366,,1.642,3.638,0.7036,,0.4062,µs,3.394768576191706,29.302423728579733
Server Offset SHM(0),12.0514,13.1115,14.2454,19.1245,23.9396, 25.1505,27.533,,9.6941,12.039,3.1124,,18.9012,ms,145.80270587125997,819.5269186748549
Server Offset SHM(1),-13.376,-2.134,-0.362,0.005,0.552, 1.631,6.294,,0.914,3.765,0.5681,,0.0003,µs,-6.764781590265761,79.89322903854566
TDOP,0.66,0.7,0.73,1.08,5.22, 27.38,60.17,,4.49,26.68,5.1162,,2.1554, ,6.480307940169437,66.63806640042446
Temp ZONE0,51.8,51.8,52.35,54.55,58.4, 58.95,58.95,,6.05,7.15,1.6318,,54.8663,°C,34817.191559364524,1139077.188900807
nSats,5.0,5.0,5.0,13.0,15.0, 16.0,16.0,,10.0,11.0,2.9087,,12.5792,nSat,45.25465537113035,173.24940165034695
