Name,Min,1%,5%,50%,95%,99%,Max,,90% Range,98% Range,StdDev,,Mean,Units,Skewness,Kurtosis
Local Clock Frequency Offset,8.5812,8.7085,8.7383,8.8047,8.8607, 8.9003,8.9618,,0.1223,0.1918,0.0382,,8.8039,ppm,12076175.337633565,2770696992.295571
Local Clock Time Offset,-9.944,-1.918,-0.506,0.005,0.589, 1.758,7.136,,1.095,3.676,0.5609,,0.0,µs,-5.121847499861531,50.39021854551512
Local RMS Frequency Jitter,0.324,0.674,0.88,1.807,8.174, 17.849,33.054,,7.294,17.175,3.1781,,3.0227,ppb,3.1290129654925276,16.39603290290062
Local RMS Time Jitter,0.057,0.106,0.139,0.274,0.985, 1.992,4.374,,0.846,1.886,0.3503,,0.3955,µs,3.8206365853783977,21.871345564544782
Server Jitter SHM(0),0.1563,0.3375,0.5034,1.37,3.3645, 5.1618,7.3245,,2.861,4.8243,0.9394,,1.5771,ms,4.189684734809812,16.00817583179259
Server Jitter SHM(1),0.015,0.055,0.086,0.238,1.646, 3.43,9.938,,1.56,3.375,0.6566,,0.4586,µs,3.5466806254617484,27.316725901051853
Server Offset SHM(0),11.8755,13.3763,14.1173,18.9272,23.3521, 24.6157,27.5147,,9.2348,11.2394,3.0431,,18.6379,ms,149.9990451934783,849.9558887630108
Server Offset SHM(1),-9.945,-1.919,-0.507,0.006,0.59, 1.759,7.137,,1.097,3.678,0.5614,,0.0001,µs,-5.119419014738268,50.29133489379248
TDOP,0.72,0.75,0.78,1.52,9.59, 33.29,57.53,,8.81,32.54,5.2341,,2.9929, ,5.251823275635488,49.0633250369486
Temp ZONE0,50.7,51.25,51.8,53.45,54.55, 55.65,56.2,,2.75,4.4,0.8456,,53.3359,°C,239402.1725848152,14872931.227352783
nSats,9.0,10.0,11.0,14.0,16.0, 16.0,16.0,,5.0,6.0,1.4255,,13.5477,nSat,639.9866712415679,5648.973831682162
