Name,Min,1%,5%,50%,95%,99%,Max,,90% Range,98% Range,StdDev,,Mean,Units,Skewness,Kurtosis
Local Clock Frequency Offset,8.7486,8.9246,8.9412,9.0044,9.0765, 9.0921,9.15,,0.1353,0.1675,0.0434,,9.0056,ppm,8824225.653462972,1823570229.5466037
Local Clock Time Offset,-22.299,-2.089,-0.47,0.006,0.535, 1.776,11.114,,1.005,3.865,0.5927,,-0.0001,µs,-7.385026230576248,136.27848327581205
Local RMS Frequency Jitter,0.415,0.668,0.863,1.811,8.327, 18.615,64.999,,7.464,17.947,3.5109,,3.0244,ppb,4.130059350788015,34.9523896280806
Local RMS Time Jitter,0.063,0.106,0.139,0.284,1.081, 2.118,10.269,,0.942,2.012,0.4185,,0.417,µs,5.36558671022277,60.543910468052204
Server Jitter SHM(0),0.1506,0.3402,0.5024,1.4018,3.325, 5.0764,8.3353,,2.8225,4.7362,0.9403,,1.5875,ms,4.201864621930109,16.399405685589688
Server Jitter SHM(1),0.02,0.053,0.084,0.234,1.575, 3.651,21.452,,1.491,3.598,0.7168,,0.4542,µs,5.163556709681016,67.33393188498835
Server Offset SHM(0),10.5614,11.9591,13.6215,18.9839,23.7779, 25.3178,28.3753,,10.1564,13.3587,3.2526,,18.6385,ms,119.99663094441013,636.3535630277149
Server Offset SHM(1),-22.3,-2.09,-0.471,0.007,0.536, 1.777,11.115,,1.007,3.867,0.5931,,-0.0,µs,-7.378473300495315,135.9755890133406
TDOP,0.59,0.62,0.67,0.95,8.12, 47.59,87.49,,7.45,46.97,8.0508,,2.7261, ,5.138986743133719,49.3385140864522
Temp ZONE0,52.35,52.35,52.9,55.1,57.3, 59.5,60.05,,4.4,7.15,1.3936,,54.995,°C,57019.75537487617,2197709.8082577814
nSats,10.0,11.0,12.0,14.0,16.0, 16.0,16.0,,4.0,5.0,1.2765,,13.5809,nSat,924.6095638020099,9193.444962472042
