Name,Min,1%,5%,50%,95%,99%,Max,,90% Range,98% Range,StdDev,,Mean,Units,Skewness,Kurtosis
Local Clock Frequency Offset,8.5365,8.7034,8.762,8.8643,8.9173, 8.9514,9.0193,,0.1553,0.248,0.052,,8.854,ppm,4838162.391863131,818346920.9132744
Local Clock Time Offset,-24.998,-1.95,-0.536,0.01,0.597, 1.763,11.599,,1.133,3.713,0.6164,,-0.0001,µs,-8.12228811946693,198.8917637833038
Local RMS Frequency Jitter,0.474,0.76,0.974,1.923,8.2, 18.416,72.494,,7.226,17.656,3.633,,3.1661,ppb,5.157242368995977,56.465278990116616
Local RMS Time Jitter,0.064,0.121,0.156,0.297,1.009, 2.108,10.94,,0.853,1.987,0.4297,,0.4245,µs,7.110405784538025,101.40685698509482
Server Jitter SHM(0),0.1172,0.305,0.5088,1.374,3.3904, 5.1085,7.4473,,2.8816,4.8035,0.9267,,1.5854,ms,4.331502429411143,16.568802393202432
Server Jitter SHM(1),0.021,0.066,0.098,0.264,1.646, 3.405,24.045,,1.548,3.339,0.7381,,0.4864,µs,6.5732767326980195,110.20565755204721
Server Offset SHM(0),12.1066,13.648,14.342,19.2726,23.8766, 25.1376,26.7297,,9.5347,11.4896,3.0999,,19.0288,ms,151.12347824859847,858.1184935763937
Server Offset SHM(1),-24.999,-1.951,-0.537,0.011,0.598, 1.764,11.6,,1.135,3.715,0.6168,,-0.0001,µs,-8.113994356446339,198.4173230145254
TDOP,0.68,0.69,0.74,1.12,8.79, 31.48,89.63,,8.05,30.79,7.5726,,2.9584, ,6.404673175296546,68.3076018708675
Temp ZONE0,50.7,51.25,51.8,54.0,55.1, 56.2,56.2,,3.3,4.95,1.0265,,53.6942,°C,135219.1659937433,6945651.473407057
nSats,10.0,10.0,11.0,13.0,15.0, 16.0,16.0,,4.0,6.0,1.2392,,13.3402,nSat,960.2247598691392,9659.53588341264
