Name,Min,1%,5%,50%,95%,99%,Max,,90% Range,98% Range,StdDev,,Mean,Units,Skewness,Kurtosis
Local Clock Frequency Offset,7.7049,7.8352,7.8582,8.1776,8.3102, 8.3585,8.4211,,0.452,0.5233,0.1306,,8.1521,ppm,232117.54336745056,14272556.624382341
Local Clock Time Offset,-12.401,-2.135,-0.461,0.002,0.527, 1.772,7.764,,0.988,3.907,0.5527,,0.0001,µs,-5.765119026593275,62.054354445727874
Local RMS Frequency Jitter,0.334,0.616,0.79,1.742,8.796, 16.405,40.742,,8.006,15.789,3.1607,,2.9464,ppb,3.015755500965681,17.18488614941578
Local RMS Time Jitter,0.056,0.095,0.122,0.259,1.05, 1.86,6.327,,0.928,1.765,0.3655,,0.3897,µs,3.717289264828459,25.53875489330598
Server Jitter SHM(0),0.1353,0.3607,0.5378,1.4111,3.6163, 5.5143,8.3522,,3.0785,5.1536,0.9933,,1.6303,ms,4.175498382046755,16.55131635118414
Server Jitter SHM(1),0.016,0.042,0.065,0.208,1.681, 3.27,12.161,,1.616,3.228,0.6597,,0.4316,µs,3.387063000282662,28.65864960602812
Server Offset SHM(0),8.63,10.8337,12.5133,17.7118,23.0942, 25.0456,27.619,,10.5809,14.212,3.3867,,17.7603,ms,89.22850413048535,435.5487221280329
Server Offset SHM(1),-12.402,-2.136,-0.462,0.003,0.528, 1.773,7.765,,0.99,3.909,0.5531,,0.0001,µs,-5.7616516314876645,61.93392181071476
TDOP,0.64,0.65,0.73,1.3,4.9, 41.09,53.35,,4.17,40.44,5.3525,,2.2624, ,5.4660308465319165,46.7718465486421
Temp ZONE0,47.95,47.95,49.05,52.35,56.2, 56.75,57.3,,7.15,8.8,1.9192,,52.5143,°C,18400.602143556,487165.5874087498
nSats,8.0,10.0,11.0,14.0,16.0, 16.0,16.0,,5.0,6.0,1.4903,,13.5643,nSat,555.6205068481044,4690.362417707426
