Name,Min,1%,5%,50%,95%,99%,Max,,90% Range,98% Range,StdDev,,Mean,Units,Skewness,Kurtosis
Local Clock Frequency Offset,8.4081,8.5515,8.5656,8.629,8.6471, 8.6572,8.7086,,0.0815,0.1057,0.0272,,8.6174,ppm,31673610.937490273,10021638820.36783
Local Clock Time Offset,-14.075,-2.119,-0.375,0.007,0.541, 1.548,6.912,,0.916,3.667,0.5712,,-0.0002,µs,-7.467778431557956,95.55317616617518
Local RMS Frequency Jitter,0.249,0.475,0.648,1.414,8.292, 18.808,38.887,,7.644,18.333,3.4704,,2.8103,ppb,2.978886740690503,17.873860507558653
Local RMS Time Jitter,0.037,0.076,0.106,0.229,1.118, 2.276,6.131,,1.012,2.2,0.4325,,0.392,µs,3.4644044838205077,22.98973745683558
Server Jitter SHM(0),0.1294,0.3814,0.582,1.4733,3.7353, 5.6297,7.8812,,3.1533,5.2482,1.0238,,1.7182,ms,4.162476932004042,15.513721827282554
Server Jitter SHM(1),0.016,0.043,0.064,0.174,1.661, 3.663,14.045,,1.597,3.62,0.7142,,0.4069,µs,3.737908315022711,34.74540260176211
Server Offset SHM(0),11.4208,13.2923,14.2703,19.1131,24.0603, 25.276,27.318,,9.79,11.9838,3.1157,,19.1317,ms,151.26582670190888,859.1365025172663
Server Offset SHM(1),-14.076,-2.12,-0.375,0.008,0.542, 1.549,6.913,,0.917,3.669,0.5716,,-0.0001,µs,-7.461655387469235,95.3743659372824
TDOP,0.67,0.7,0.74,1.11,10.63, 40.29,81.85,,9.89,39.59,7.403,,2.9383, ,5.425653057937801,52.61772514091717
Temp ZONE0,55.1,55.1,55.65,57.3,58.95, 60.05,60.05,,3.3,4.95,1.0698,,57.2496,°C,144985.96023827756,7622293.278199926
nSats,5.0,5.0,5.0,13.0,15.0, 15.0,16.0,,10.0,10.0,3.0107,,11.95,nSat,33.744859288980756,118.30011306866926
