Name,Min,1%,5%,50%,95%,99%,Max,,90% Range,98% Range,StdDev,,Mean,Units,Skewness,Kurtosis
Local Clock Frequency Offset,7.7315,7.8511,7.8685,7.9855,8.0935, 8.1181,8.1666,,0.2249,0.267,0.0687,,7.9837,ppm,1532643.2864631447,176733983.131354
Local Clock Time Offset,-11.446,-2.145,-0.41,0.002,0.477, 1.773,7.953,,0.887,3.918,0.5434,,0.0001,µs,-6.003452475621311,65.4117202921557
Local RMS Frequency Jitter,0.256,0.534,0.688,1.56,8.636, 16.569,34.976,,7.948,16.035,3.1925,,2.8028,ppb,2.868579410883411,16.11345977887622
Local RMS Time Jitter,0.038,0.083,0.107,0.234,1.054, 1.885,4.991,,0.947,1.802,0.3699,,0.3739,µs,3.2586895041698525,19.612521314010728
Server Jitter SHM(0),0.2202,0.386,0.5514,1.393,3.6101, 5.4179,9.193,,3.0587,5.0319,0.9863,,1.6381,ms,4.201452898351322,16.523719796715174
Server Jitter SHM(1),0.013,0.037,0.056,0.176,1.652, 3.248,10.898,,1.596,3.211,0.6637,,0.4055,µs,3.226508059244416,26.751748410447593
Server Offset SHM(0),9.6803,11.9253,12.9213,17.7988,22.2261, 23.8037,26.5465,,9.3047,11.8784,3.0483,,17.5176,ms,121.21027475305716,645.3135765319865
Server Offset SHM(1),-11.447,-2.146,-0.411,0.003,0.478, 1.774,7.954,,0.889,3.92,0.5438,,0.0001,µs,-5.999747308261793,65.29213705768827
TDOP,0.64,0.64,0.7,0.97,5.19, 12.73,17.92,,4.49,12.09,2.1248,,1.5983, ,3.631291894613042,21.602587375982406
Temp ZONE0,50.7,50.7,51.25,53.45,56.75, 58.4,60.05,,5.5,7.7,1.6324,,53.7649,°C,32668.618105611178,1046442.0656266274
nSats,10.0,10.0,11.0,13.0,15.0, 16.0,16.0,,4.0,6.0,1.3791,,13.4108,nSat,689.9760219469625,6242.600860704575
