Name,Min,1%,5%,50%,95%,99%,Max,,90% Range,98% Range,StdDev,,Mean,Units,Skewness,Kurtosis
Local Clock Frequency Offset,7.7447,7.8614,7.8804,8.0416,8.1083, 8.1349,8.2101,,0.2279,0.2735,0.0685,,8.024,ppm,1563791.758439199,181538671.7631133
Local Clock Time Offset,-10.705,-2.164,-0.398,0.0,0.474, 1.793,7.311,,0.872,3.957,0.5478,,-0.0002,µs,-5.935729411875045,65.09011608042783
Local RMS Frequency Jitter,0.258,0.497,0.64,1.557,8.556, 16.924,33.488,,7.916,16.427,3.237,,2.8047,ppb,2.862731313828658,16.103509339578626
Local RMS Time Jitter,0.039,0.078,0.102,0.234,1.043, 1.919,4.826,,0.941,1.841,0.3764,,0.3725,µs,3.35265754554177,20.811506056251517
Server Jitter SHM(0),0.193,0.3479,0.5377,1.406,3.6899, 5.6181,7.9754,,3.1522,5.2702,1.0161,,1.6457,ms,4.0340174972371665,15.488380561652958
Server Jitter SHM(1),0.014,0.036,0.054,0.169,1.663, 3.34,10.173,,1.609,3.304,0.6729,,0.4008,µs,3.2345305141235072,26.912696983399403
Server Offset SHM(0),8.7342,10.432,12.1057,17.2537,22.6176, 24.0408,25.7475,,10.5119,13.6088,3.3288,,17.3882,ms,87.97953706965704,426.8583970653292
Server Offset SHM(1),-10.706,-2.165,-0.399,0.0,0.475, 1.794,7.312,,0.874,3.959,0.5482,,-0.0001,µs,-5.93231215853945,64.97527661329597
TDOP,0.68,0.72,0.79,1.24,5.65, 12.66,94.18,,4.86,11.94,6.2814,,2.1827, ,10.998049894148838,160.2519272966975
Temp ZONE0,50.7,50.7,51.25,53.45,55.65, 56.2,56.75,,4.4,5.5,1.2598,,53.5554,°C,71654.93322517774,2979632.371848227
nSats,10.0,10.0,11.0,14.0,16.0, 16.0,16.0,,5.0,6.0,1.3016,,13.65,nSat,881.9106446905938,8627.349548476239
