Name,Min,1%,5%,50%,95%,99%,Max,,90% Range,98% Range,StdDev,,Mean,Units,Skewness,Kurtosis
Local Clock Frequency Offset,8.8734,8.9455,9.0104,9.1896,9.2844, 9.3116,9.3783,,0.274,0.366,0.0889,,9.1717,ppm,1067411.3636290864,109108418.44734532
Local Clock Time Offset,-16.912,-2.279,-0.589,0.018,0.609, 1.95,11.734,,1.198,4.229,0.6239,,-0.0002,µs,-6.111091093518059,76.38275099306497
Local RMS Frequency Jitter,0.597,0.929,1.16,2.227,9.732, 17.496,59.565,,8.572,16.567,3.4446,,3.4532,ppb,4.021062698458528,30.723784420635248
Local RMS Time Jitter,0.092,0.149,0.185,0.343,1.235, 1.991,7.96,,1.05,1.842,0.402,,0.4743,µs,5.025341011223244,46.30862847875308
Server Jitter SHM(0),0.1963,0.3347,0.5483,1.3778,3.1556, 4.9278,8.58,,2.6073,4.593,0.8841,,1.568,ms,4.758742512691981,19.801234940318945
Server Jitter SHM(1),0.031,0.078,0.118,0.306,1.798, 3.595,16.912,,1.68,3.517,0.7201,,0.5334,µs,4.445534656247284,46.40915949309601
Server Offset SHM(0),11.0248,12.6438,13.9543,18.7173,24.1486, 25.3808,28.1347,,10.1943,12.737,3.2793,,18.9156,ms,122.74932119768988,656.1533151044715
Server Offset SHM(1),-16.913,-2.28,-0.59,0.019,0.61, 1.951,11.735,,1.2,4.231,0.6243,,-0.0002,µs,-6.106758188190102,76.2213993272271
TDOP,0.62,0.64,0.69,1.02,6.28, 18.92,69.59,,5.59,18.28,5.311,,2.2254, ,7.961065028353955,95.73395493653709
Temp ZONE0,49.05,50.15,51.25,54.0,56.2, 57.3,57.85,,4.95,7.15,1.7183,,53.5852,°C,27593.575060216328,835644.4504483732
nSats,4.0,9.0,11.0,14.0,15.0, 15.0,16.0,,4.0,6.0,1.432,,13.3766,nSat,602.7330261322718,5187.773742237157
