Name,Min,1%,5%,50%,95%,99%,Max,,90% Range,98% Range,StdDev,,Mean,Units,Skewness,Kurtosis
Local Clock Frequency Offset,8.8251,8.9259,8.9711,9.0431,9.0795, 9.0893,9.1383,,0.1083,0.1634,0.0332,,9.0361,ppm,19907297.192784265,5395455999.309905
Local Clock Time Offset,-18.562,-2.083,-0.514,0.013,0.55, 1.746,8.609,,1.064,3.829,0.5846,,-0.0,µs,-6.76261880072842,92.9820090399145
Local RMS Frequency Jitter,0.427,0.742,0.949,1.926,8.34, 18.275,52.318,,7.391,17.533,3.3427,,3.117,ppb,3.708172764808881,24.607433297284455
Local RMS Time Jitter,0.075,0.121,0.153,0.299,1.078, 2.089,7.848,,0.925,1.968,0.3955,,0.4285,µs,4.746056256346205,40.68326196930109
Server Jitter SHM(0),0.1657,0.3453,0.5172,1.4235,3.4364, 5.4095,12.1115,,2.9191,5.0642,0.9766,,1.6216,ms,4.4818276613777295,20.95694005262042
Server Jitter SHM(1),0.023,0.063,0.096,0.256,1.619, 3.635,18.024,,1.523,3.572,0.6948,,0.4757,µs,4.362157599897077,44.12840952321876
Server Offset SHM(0),3.139,11.0128,13.0984,18.3916,23.5827, 25.085,27.1258,,10.4843,14.0722,3.3155,,18.0711,ms,101.51470046270154,513.7520794475948
Server Offset SHM(1),-18.563,-2.084,-0.515,0.014,0.551, 1.747,8.61,,1.066,3.831,0.585,,0.0,µs,-6.756871510812242,92.77414303402979
TDOP,0.64,0.67,0.78,1.18,6.84, 22.65,74.8,,6.06,21.98,5.6741,,2.5162, ,7.6184579486120665,93.90676355920645
Temp ZONE0,52.9,53.45,54.0,56.2,58.4, 58.95,59.5,,4.4,5.5,1.4104,,56.4292,°C,59472.650802266304,2324473.927821324
nSats,9.0,10.0,11.0,14.0,16.0, 16.0,16.0,,5.0,6.0,1.3994,,13.7417,nSat,711.7456434522124,6493.164182748565
