Name,Min,1%,5%,50%,95%,99%,Max,,90% Range,98% Range,StdDev,,Mean,Units,Skewness,Kurtosis
Local Clock Frequency Offset,8.5854,8.7036,8.7293,8.7893,8.8394, 8.8529,8.9016,,0.1101,0.1493,0.034,,8.7854,ppm,17013343.69382442,4375886135.603213
Local Clock Time Offset,-15.268,-1.907,-0.543,0.014,0.584, 1.691,7.41,,1.127,3.598,0.5671,,-0.0,µs,-6.4108791012773,78.50474006728336
Local RMS Frequency Jitter,0.437,0.754,0.957,1.917,8.105, 17.54,43.049,,7.148,16.786,3.1887,,3.0815,ppb,3.615460010201698,22.853805286479933
Local RMS Time Jitter,0.072,0.119,0.151,0.293,0.995, 2.033,6.168,,0.844,1.914,0.3625,,0.4111,µs,4.576810643404703,34.707952799748156
Server Jitter SHM(0),0.1265,0.3739,0.5583,1.3948,3.4574, 5.5537,10.5389,,2.8991,5.1798,0.9755,,1.6223,ms,4.505825323486841,19.580348367941536
Server Jitter SHM(1),0.013,0.066,0.097,0.26,1.626, 3.411,14.853,,1.529,3.345,0.6642,,0.475,µs,4.156646372538452,39.10205993469349
Server Offset SHM(0),9.6704,13.0842,14.14,19.2315,23.8625, 24.9451,26.4687,,9.7225,11.8608,3.1842,,18.9561,ms,136.3702076432314,750.8304168029817
Server Offset SHM(1),-15.269,-1.908,-0.544,0.015,0.585, 1.692,7.411,,1.129,3.6,0.5676,,0.0,µs,-6.40546138362686,78.32317524283573
TDOP,0.6,0.63,0.72,1.14,12.94, 55.31,137.81,,12.22,54.68,11.3855,,3.8855, ,6.481652939190433,71.72375079371434
Temp ZONE0,52.9,53.45,54.0,56.2,58.95, 59.5,61.15,,4.95,6.05,1.5912,,56.5104,°C,41215.62788648525,1426087.0026816435
nSats,9.0,9.0,12.0,14.0,15.0, 16.0,16.0,,3.0,7.0,1.2833,,13.6183,nSat,915.9116733325352,9056.693249744376
