Name,Min,1%,5%,50%,95%,99%,Max,,90% Range,98% Range,StdDev,,Mean,Units,Skewness,Kurtosis
Local Clock Frequency Offset,7.515,7.6305,7.6618,7.7914,7.8947, 7.9155,8.007,,0.2329,0.285,0.0711,,7.7835,ppm,1278770.7499452766,138823766.85351536
Local Clock Time Offset,-14.872,-2.22,-0.41,0.004,0.588, 1.657,6.912,,0.998,3.877,0.5741,,0.0001,µs,-6.909991963341455,82.48797028951792
Local RMS Frequency Jitter,0.293,0.574,0.756,1.72,8.857, 17.606,41.096,,8.101,17.032,3.3507,,2.9868,ppb,3.052081313987536,17.83762832734334
Local RMS Time Jitter,0.051,0.09,0.12,0.27,1.223, 2.068,6.166,,1.103,1.978,0.4131,,0.4233,µs,3.264617198902706,19.745602107902183
Server Jitter SHM(0),0.1461,0.3872,0.5807,1.4586,3.4576, 4.7102,9.238,,2.8769,4.323,0.9141,,1.6624,ms,4.558368577661601,16.521546826580426
Server Jitter SHM(1),0.015,0.048,0.075,0.21,1.676, 3.455,14.818,,1.601,3.407,0.6946,,0.437,µs,3.732216033177965,33.79742186369455
Server Offset SHM(0),-25.5455,-22.1365,-19.3329,-11.8048,-2.1602, 1.3606,5.6986,,17.1727,23.4971,5.2284,,-11.2677,ms,-40.60069021540003,158.08054306763634
Server Offset SHM(1),-14.873,-2.221,-0.411,0.005,0.589, 1.658,6.913,,1.0,3.879,0.5745,,0.0001,µs,-6.904500441983181,82.32372369620516
Temp ZONE0,49.6,50.15,51.25,54.0,58.4, 61.15,62.8,,7.15,11.0,2.2712,,54.2273,°C,12040.652876358361,277062.36958327424
