Name,Min,1%,5%,50%,95%,99%,Max,,90% Range,98% Range,StdDev,,Mean,Units,Skewness,Kurtosis
Local Clock Frequency Offset,8.3901,8.5033,8.5262,8.5487,8.5674, 8.5732,8.6061,,0.0412,0.0699,0.0155,,8.5474,ppm,165861141.31862733,91130216205.87502
Local Clock Time Offset,-14.932,-2.191,-0.382,0.007,0.57, 1.576,7.621,,0.952,3.767,0.5948,,-0.0,µs,-7.577462147173816,99.40759719414483
Local RMS Frequency Jitter,0.329,0.555,0.717,1.471,8.668, 19.525,41.245,,7.951,18.97,3.6133,,2.9267,ppb,3.0572065533918025,18.704637937021243
Local RMS Time Jitter,0.047,0.085,0.111,0.236,1.199, 2.452,6.202,,1.088,2.367,0.4627,,0.4113,µs,3.453308990417277,22.81525358934417
Server Jitter SHM(0),0.2002,0.4131,0.6139,1.5041,3.8681, 5.704,7.9313,,3.2542,5.291,1.053,,1.7737,ms,4.139737473345128,15.066543236545813
Server Jitter SHM(1),0.016,0.044,0.068,0.181,1.703, 3.891,14.914,,1.635,3.847,0.7452,,0.4234,µs,3.8025429037781673,35.87310429058752
Server Offset SHM(0),11.179,12.1975,13.0569,18.1492,23.6155, 24.8516,27.677,,10.5586,12.6541,3.2692,,18.1914,ms,108.88646386202359,562.9509733131371
Server Offset SHM(1),-14.933,-2.192,-0.383,0.008,0.571, 1.577,7.622,,0.954,3.769,0.5952,,0.0,µs,-7.571407401865389,99.22592167567348
TDOP,0.79,0.81,0.86,1.25,11.63, 29.34,104.51,,10.77,28.53,9.1348,,3.3721, ,5.993611023153177,62.33391417759327
Temp ZONE0,54.55,55.65,56.75,57.85,59.5, 60.05,61.15,,2.75,4.4,1.0414,,58.0815,°C,164466.92309238706,9016951.920872409
nSats,5.0,5.0,5.0,13.0,15.0, 16.0,16.0,,10.0,11.0,2.8914,,12.1042,nSat,40.43524993449489,149.59887589405443
