Name,Min,1%,5%,50%,95%,99%,Max,,90% Range,98% Range,StdDev,,Mean,Units,Skewness,Kurtosis
Local Clock Frequency Offset,8.864,8.9902,9.0561,9.1753,9.2674, 9.3068,9.3703,,0.2112,0.3166,0.0621,,9.1707,ppm,3157300.4720746363,463227919.44918793
Local Clock Time Offset,-14.609,-2.322,-0.502,0.004,0.59, 1.987,7.629,,1.092,4.309,0.6267,,0.0003,µs,-6.555568730097222,83.65358266240536
Local RMS Frequency Jitter,0.355,0.747,0.946,1.966,9.754, 18.893,44.153,,8.808,18.146,3.6243,,3.2972,ppb,3.4982588933916494,22.53895668083018
Local RMS Time Jitter,0.063,0.116,0.153,0.3,1.238, 2.153,5.746,,1.085,2.037,0.4233,,0.4465,µs,4.105309200006982,28.742758218226676
Server Jitter SHM(0),0.1866,0.3407,0.5068,1.3267,3.258, 5.1418,7.6888,,2.7512,4.8011,0.9165,,1.539,ms,4.324555824756082,17.351607614408117
Server Jitter SHM(1),0.012,0.054,0.085,0.242,1.837, 3.731,13.847,,1.752,3.677,0.7546,,0.4874,µs,4.0298499820322045,38.80974627787221
Server Offset SHM(0),9.7948,11.959,12.9543,18.2478,22.7363, 24.1782,26.6309,,9.7821,12.2191,3.2599,,17.7012,ms,100.26392961092624,505.4005959385049
Server Offset SHM(1),-14.61,-2.323,-0.503,0.005,0.591, 1.988,7.63,,1.094,4.311,0.6272,,0.0003,µs,-6.551038606653397,83.49684585362566
TDOP,0.65,0.66,0.7,1.15,4.32, 33.21,60.01,,3.62,32.55,5.853,,2.2933, ,6.286804131073458,59.5689963511861
Temp ZONE0,49.6,49.6,51.25,52.9,58.4, 59.5,59.5,,7.15,9.9,1.9099,,53.4844,°C,19773.4105845128,536248.492115909
nSats,9.0,10.0,11.0,13.0,15.0, 16.0,16.0,,4.0,6.0,1.2852,,13.3,nSat,844.8929950333667,8157.041058035893
