Name,Min,1%,5%,50%,95%,99%,Max,,90% Range,98% Range,StdDev,,Mean,Units,Skewness,Kurtosis
Local Clock Frequency Offset,8.4042,8.5317,8.5555,8.7218,8.7643, 8.7892,8.8497,,0.2089,0.2575,0.0707,,8.688,ppm,1812099.5554237014,220953371.4221888
Local Clock Time Offset,-12.776,-2.011,-0.5,0.009,0.593, 1.739,7.747,,1.093,3.75,0.5662,,0.0003,µs,-6.021200722275353,64.74993044511163
Local RMS Frequency Jitter,0.328,0.715,0.906,1.832,8.166, 17.533,35.303,,7.26,16.818,3.1958,,3.0639,ppb,3.195450585641878,17.38966695083562
Local RMS Time Jitter,0.064,0.116,0.146,0.282,1.023, 1.999,5.406,,0.877,1.883,0.3596,,0.4078,µs,3.9135990151701816,24.2044815872315
Server Jitter SHM(0),0.1472,0.348,0.5372,1.3847,3.369, 5.4594,7.7285,,2.8318,5.1114,0.953,,1.5939,ms,4.383751302608758,17.811822534111535
Server Jitter SHM(1),0.021,0.061,0.092,0.244,1.67, 3.331,12.78,,1.578,3.27,0.6643,,0.4667,µs,3.685941287026731,30.66356307632754
Server Offset SHM(0),10.6351,13.3511,14.5301,19.8142,24.9035, 26.7325,29.2493,,10.3734,13.3814,3.3456,,19.7373,ms,132.33276842024156,722.7809225660344
Server Offset SHM(1),-12.777,-2.012,-0.5,0.01,0.594, 1.74,7.748,,1.094,3.752,0.5667,,0.0003,µs,-6.016810280144988,64.61226218557078
TDOP,0.64,0.64,0.76,1.39,6.04, 36.21,213.68,,5.28,35.57,14.2987,,3.227, ,10.63409530740064,157.58765325290992
Temp ZONE0,50.7,51.25,51.8,54.55,56.2, 57.3,57.85,,4.4,6.05,1.4538,,54.3309,°C,48228.1962356457,1758103.0027940003
nSats,9.0,10.0,12.0,14.0,16.0, 16.0,16.0,,4.0,6.0,1.282,,13.6598,nSat,928.6254876446982,9238.901775460803
