Name,Min,1%,5%,50%,95%,99%,Max,,90% Range,98% Range,StdDev,,Mean,Units,Skewness,Kurtosis
Local Clock Frequency Offset,7.8617,7.9459,7.9836,8.2581,8.3367, 8.3764,8.3969,,0.3531,0.4305,0.0975,,8.225,ppm,579493.2455265396,48326655.44450469
Local Clock Time Offset,-19.437,-2.204,-0.477,0.006,0.548, 1.758,9.122,,1.025,3.962,0.5707,,-0.0003,µs,-6.671125045746327,96.312289143619
Local RMS Frequency Jitter,0.412,0.671,0.839,1.787,8.861, 17.051,56.893,,8.022,16.38,3.2842,,3.0206,ppb,3.458368878652582,25.40587122982089
Local RMS Time Jitter,0.066,0.103,0.13,0.266,1.085, 1.968,9.017,,0.955,1.865,0.3913,,0.4048,µs,4.4553467400784585,44.412623144551524
Server Jitter SHM(0),0.1188,0.3509,0.5167,1.4142,3.5116, 5.5818,9.4014,,2.9949,5.231,1.0041,,1.6424,ms,4.280170395057726,18.085458380238585
Server Jitter SHM(1),0.016,0.049,0.072,0.218,1.707, 3.384,18.5,,1.635,3.335,0.6869,,0.4481,µs,3.9847555884225074,43.9916131130375
Server Offset SHM(0),11.4122,12.8839,13.886,18.6338,23.0367, 24.2897,25.9612,,9.1507,11.4058,2.9907,,18.4447,ms,153.46320272537434,874.7218298741911
Server Offset SHM(1),-19.438,-2.205,-0.478,0.007,0.549, 1.759,9.123,,1.027,3.964,0.5711,,-0.0002,µs,-6.6658633128895906,96.10346985661589
TDOP,0.73,0.75,0.81,1.17,11.0, 43.69,54.49,,10.19,42.94,6.7443,,2.9821, ,3.704020558544406,26.06581073318838
Temp ZONE0,48.5,49.05,50.15,54.0,56.2, 57.3,58.95,,6.05,8.25,1.8492,,53.8836,°C,22365.580532284126,631682.1116788166
nSats,9.0,10.0,11.0,14.0,16.0, 16.0,16.0,,5.0,6.0,1.588,,13.3361,nSat,426.75071912333004,3316.6746481133855
