Name,Min,1%,5%,50%,95%,99%,Max,,90% Range,98% Range,StdDev,,Mean,Units,Skewness,Kurtosis
Local Clock Frequency Offset,8.3901,8.5049,8.5274,8.5508,8.5691, 8.5751,8.6061,,0.0417,0.0702,0.0153,,8.5493,ppm,173137451.32501027,96499296277.0635
Local Clock Time Offset,-14.932,-2.187,-0.392,0.009,0.571, 1.569,7.621,,0.963,3.756,0.595,,-0.0001,µs,-7.464376866346785,97.65650388164265
Local RMS Frequency Jitter,0.329,0.576,0.739,1.49,8.65, 19.602,41.245,,7.911,19.026,3.6095,,2.9357,ppb,3.1124855875869275,19.094715724130896
Local RMS Time Jitter,0.047,0.088,0.115,0.24,1.19, 2.435,6.202,,1.075,2.347,0.4618,,0.4127,µs,3.5396907352773734,23.621895079329757
Server Jitter SHM(0),0.2002,0.4098,0.623,1.5246,3.8422, 5.704,7.9313,,3.2192,5.2942,1.0435,,1.7891,ms,4.255536182555665,15.456833059934016
Server Jitter SHM(1),0.015,0.046,0.07,0.186,1.694, 3.893,14.914,,1.624,3.847,0.7433,,0.4266,µs,3.863760987400341,36.2850860799286
Server Offset SHM(0),11.179,12.1975,13.0569,18.2278,23.6339, 25.0093,27.7676,,10.577,12.8118,3.2701,,18.2123,ms,109.19637961090015,565.015962165456
Server Offset SHM(1),-14.933,-2.188,-0.393,0.01,0.572, 1.57,7.622,,0.965,3.758,0.5954,,-0.0,µs,-7.45845173760693,97.47676609392191
TDOP,0.79,0.81,0.83,1.25,11.76, 29.34,104.51,,10.93,28.53,9.2573,,3.5286, ,5.739481480517679,58.839268102016085
Temp ZONE0,54.55,55.65,56.75,57.85,60.05, 60.6,61.15,,3.3,4.95,1.0396,,58.0975,°C,165513.80115000703,9093554.7439778
nSats,5.0,5.0,5.0,13.0,15.0, 16.0,16.0,,10.0,11.0,2.7909,,12.2708,nSat,47.89695916149022,186.68557055645522
