Name,Min,1%,5%,50%,95%,99%,Max,,90% Range,98% Range,StdDev,,Mean,Units,Skewness,Kurtosis
Local Clock Frequency Offset,8.5751,8.7088,8.7361,8.7932,8.8216, 8.8411,8.8841,,0.0854,0.1323,0.0283,,8.7869,ppm,29675403.757181257,9187652274.092182
Local Clock Time Offset,-10.974,-1.807,-0.536,0.01,0.565, 1.716,9.522,,1.101,3.523,0.5483,,-0.0001,µs,-5.311330117827177,55.01064519006215
Local RMS Frequency Jitter,0.324,0.691,0.885,1.84,7.959, 17.162,39.803,,7.074,16.471,3.0777,,2.9843,ppb,3.308770257658203,18.71873698912966
Local RMS Time Jitter,0.051,0.111,0.142,0.281,0.958, 1.97,5.486,,0.816,1.859,0.3482,,0.3964,µs,4.335733082744892,30.89746177135186
Server Jitter SHM(0),0.1974,0.3996,0.5959,1.4689,3.6285, 5.6365,8.9766,,3.0326,5.2369,1.0153,,1.7034,ms,4.347121308936057,17.592075500420584
Server Jitter SHM(1),0.019,0.058,0.087,0.243,1.586, 3.319,12.513,,1.499,3.261,0.6415,,0.4575,µs,3.7882618112766155,32.51543288805275
Server Offset SHM(0),10.8389,11.9535,13.5915,18.3784,23.4813, 24.6643,28.643,,9.8899,12.7108,3.175,,18.3665,ms,123.94743503462999,664.5655663650357
Server Offset SHM(1),-10.975,-1.808,-0.537,0.011,0.566, 1.717,9.523,,1.103,3.525,0.5487,,-0.0,µs,-5.308329262109723,54.893419740129524
TDOP,0.68,0.71,0.76,1.13,6.09, 19.23,103.86,,5.33,18.52,8.2703,,2.4862, ,7.717633185531504,88.8951657862107
Temp ZONE0,52.35,53.45,54.0,55.65,57.3, 57.3,57.85,,3.3,3.85,0.8843,,55.5927,°C,236988.88196224082,14673359.424679087
nSats,10.0,11.0,12.0,14.0,16.0, 16.0,16.0,,4.0,5.0,1.1839,,13.7708,nSat,1233.2405335572005,13441.984586573695
