Name,Min,1%,5%,50%,95%,99%,Max,,90% Range,98% Range,StdDev,,Mean,Units,Skewness,Kurtosis
Local Clock Frequency Offset,8.5995,8.6655,8.6888,8.7834,8.841, 8.8543,8.9068,,0.1522,0.1889,0.046,,8.777,ppm,6845849.431631669,1299951434.2131927
Local Clock Time Offset,-15.268,-1.944,-0.548,0.013,0.601, 1.718,6.327,,1.149,3.662,0.5722,,0.0001,µs,-6.378233688006691,72.24447681404101
Local RMS Frequency Jitter,0.437,0.762,0.987,1.941,8.173, 17.7,43.049,,7.186,16.938,3.1957,,3.1306,ppb,3.4852333407461105,20.52447941273395
Local RMS Time Jitter,0.072,0.119,0.156,0.298,1.009, 2.069,6.168,,0.853,1.95,0.3634,,0.4174,µs,4.36491394660992,29.94437588995923
Server Jitter SHM(0),0.1827,0.3743,0.5698,1.4221,3.4856, 5.7212,8.0506,,2.9159,5.3469,0.9845,,1.6573,ms,4.5265595307458275,18.85465652259248
Server Jitter SHM(1),0.027,0.065,0.099,0.266,1.651, 3.386,14.853,,1.552,3.321,0.665,,0.4817,µs,3.992544782074604,35.453343358548466
Server Offset SHM(0),11.7403,13.2811,14.0969,18.8401,23.7797, 24.8888,26.7543,,9.6828,11.6077,3.0986,,18.8255,ms,146.040741913356,821.5618752539496
Server Offset SHM(1),-15.269,-1.945,-0.549,0.014,0.602, 1.719,6.328,,1.151,3.664,0.5726,,0.0002,µs,-6.3729065825775795,72.08076218956886
TDOP,0.67,0.68,0.72,0.95,5.77, 24.87,55.31,,5.05,24.19,4.8188,,2.138, ,5.63828893841737,55.9221589433853
Temp ZONE0,51.8,52.35,52.9,55.1,58.4, 59.5,59.5,,5.5,7.15,1.9032,,55.577,°C,22515.222062956134,637384.6634106587
nSats,11.0,11.0,12.0,14.0,15.0, 16.0,16.0,,3.0,5.0,1.1064,,13.6473,nSat,1490.067425648949,17271.538857218777
