Name,Min,1%,5%,50%,95%,99%,Max,,90% Range,98% Range,StdDev,,Mean,Units,Skewness,Kurtosis
Local Clock Frequency Offset,7.3188,7.465,7.6817,7.7831,7.8709, 7.9134,8.0079,,0.1892,0.4483,0.0707,,7.7792,ppm,1295700.115926029,141278874.17066658
Local Clock Time Offset,-14.416,-2.209,-0.411,0.006,0.556, 1.661,8.017,,0.967,3.87,0.5951,,0.0008,µs,-7.396818612034844,97.58641137071463
Local RMS Frequency Jitter,0.307,0.571,0.779,1.761,8.906, 18.856,44.404,,8.127,18.285,3.5202,,3.0413,ppb,3.339301651994235,20.940786636757775
Local RMS Time Jitter,0.047,0.088,0.122,0.283,1.249, 2.232,7.09,,1.127,2.144,0.4417,,0.4369,µs,3.706081078643583,25.972913034929462
Server Jitter SHM(0),0.2731,0.4545,0.6822,1.5992,3.5599, 4.9358,8.0707,,2.8777,4.4813,0.913,,1.7926,ms,5.299331640397337,18.934550445019063
Server Jitter SHM(1),0.017,0.048,0.076,0.218,1.655, 3.69,14.405,,1.579,3.642,0.7284,,0.4442,µs,4.188180569899182,40.34883391728957
Server Offset SHM(0),-20.6561,-18.2327,-15.8525,-8.8225,0.8936, 3.9764,9.0346,,16.7461,22.2091,4.9996,,-8.5049,ms,-27.421447343606214,95.62078693862716
Server Offset SHM(1),-14.417,-2.21,-0.412,0.007,0.557, 1.662,8.018,,0.969,3.872,0.5955,,0.0008,µs,-7.390726149522331,97.3978320081809
Temp ZONE0,47.95,49.05,51.8,54.0,56.2, 58.4,58.95,,4.4,9.35,1.6057,,53.7421,°C,34331.2887600565,1117914.3776443715
