Name,Min,1%,5%,50%,95%,99%,Max,,90% Range,98% Range,StdDev,,Mean,Units,Skewness,Kurtosis
Local Clock Frequency Offset,8.4526,8.6182,8.6626,8.7908,8.8099, 8.8282,8.8733,,0.1473,0.21,0.0491,,8.7657,ppm,5604998.6603151085,995698694.0089458
Local Clock Time Offset,-13.875,-2.04,-0.515,0.009,0.589, 1.68,7.7,,1.104,3.72,0.5681,,0.0002,µs,-6.072435586676602,69.44671097484127
Local RMS Frequency Jitter,0.368,0.673,0.86,1.799,8.094, 17.765,38.982,,7.234,17.092,3.2465,,3.0309,ppb,3.345268943394941,19.9662119309336
Local RMS Time Jitter,0.067,0.108,0.14,0.276,1.003, 2.059,5.839,,0.863,1.951,0.3793,,0.4042,µs,4.346670392883075,31.45646047229673
Server Jitter SHM(0),0.1747,0.3747,0.5915,1.4229,3.5822, 5.6232,8.572,,2.9907,5.2485,0.992,,1.659,ms,4.364304095932816,17.54929587649075
Server Jitter SHM(1),0.018,0.057,0.085,0.236,1.654, 3.396,13.508,,1.569,3.339,0.6738,,0.4604,µs,3.915746402899066,35.3442936353905
Server Offset SHM(0),12.2877,13.4922,14.7413,19.3938,24.0376, 25.1197,27.5139,,9.2963,11.6275,3.0537,,19.3132,ms,166.91768783818875,975.6569619656643
Server Offset SHM(1),-13.876,-2.041,-0.516,0.01,0.59, 1.681,7.701,,1.106,3.722,0.5685,,0.0003,µs,-6.068048182569404,69.29951719486363
TDOP,0.69,0.69,0.75,0.96,14.14, 35.53,141.39,,13.39,34.84,11.6916,,3.515, ,6.601895339709971,74.3837147867817
Temp ZONE0,50.7,51.8,53.45,55.65,57.3, 57.85,58.4,,3.85,6.05,1.3373,,55.6341,°C,67046.22913043342,2726965.733057202
nSats,11.0,11.0,12.0,14.0,16.0, 16.0,16.0,,4.0,5.0,1.0472,,13.9504,nSat,1907.071156436956,23942.902276001852
