Name,Min,1%,5%,50%,95%,99%,Max,,90% Range,98% Range,StdDev,,Mean,Units,Skewness,Kurtosis
Local Clock Frequency Offset,8.9889,9.1111,9.1475,9.213,9.2384, 9.2514,9.3082,,0.0909,0.1403,0.0274,,9.2079,ppm,37473923.75003142,12540454058.969759
Local Clock Time Offset,-18.635,-2.006,-0.612,0.022,0.575, 1.741,9.273,,1.187,3.747,0.6133,,0.0001,µs,-7.135192184634861,108.86364610750553
Local RMS Frequency Jitter,0.569,1.021,1.272,2.324,8.227, 18.777,55.143,,6.955,17.756,3.3898,,3.3912,ppb,4.660278816035872,35.32589970912646
Local RMS Time Jitter,0.094,0.163,0.206,0.369,1.08, 2.249,8.323,,0.874,2.086,0.4113,,0.4843,µs,6.079982838071418,59.07303421208604
Server Jitter SHM(0),0.1407,0.3784,0.5532,1.5098,3.6714, 5.5303,8.1905,,3.1182,5.1519,0.9999,,1.7259,ms,4.313438004752667,16.16543379026271
Server Jitter SHM(1),0.035,0.092,0.138,0.334,1.567, 3.639,17.424,,1.429,3.547,0.7051,,0.5339,µs,5.513011299043841,62.22702724812867
Server Offset SHM(0),7.6116,10.8307,13.4592,18.6901,23.5942, 25.0886,27.2968,,10.135,14.2579,3.3209,,18.3807,ms,106.76314955486792,546.8413559432817
Server Offset SHM(1),-18.636,-2.007,-0.613,0.023,0.576, 1.742,9.274,,1.189,3.749,0.6137,,0.0001,µs,-7.128268461822552,108.5991022833022
TDOP,0.62,0.64,0.7,1.06,8.24, 27.39,136.94,,7.54,26.75,9.4112,,2.7133, ,9.816629675018943,140.60774540931587
Temp ZONE0,53.45,54.0,55.1,57.3,60.6, 61.7,62.8,,5.5,7.7,1.4417,,57.3,°C,58274.97487978805,2262394.050613622
nSats,4.0,9.0,12.0,14.0,16.0, 16.0,16.0,,4.0,7.0,1.5307,,13.5809,nSat,509.44797281577394,4162.545511819345
