Name,Min,1%,5%,50%,95%,99%,Max,,90% Range,98% Range,StdDev,,Mean,Units,Skewness,Kurtosis
Local Clock Frequency Offset,7.7644,7.8754,7.8991,8.0031,8.088, 8.113,8.1733,,0.1889,0.2375,0.0572,,8.002,ppm,2677511.6189508196,371837696.73840755
Local Clock Time Offset,-11.676,-2.174,-0.397,0.001,0.46, 1.782,7.278,,0.857,3.956,0.5437,,0.0001,µs,-5.940449366133767,70.46236569807391
Local RMS Frequency Jitter,0.249,0.486,0.642,1.543,8.583, 16.684,35.769,,7.941,16.198,3.2254,,2.7683,ppb,2.9340410094458638,17.15384364994077
Local RMS Time Jitter,0.039,0.077,0.102,0.235,1.039, 1.9,5.404,,0.937,1.823,0.3807,,0.3709,µs,3.6986358224772826,26.709019372980354
Server Jitter SHM(0),0.1932,0.3635,0.5502,1.4862,6.2667, 11.2009,17.3519,,5.7165,10.8374,2.0699,,2.225,ms,2.737711310156612,11.597951644031234
Server Jitter SHM(1),0.011,0.035,0.055,0.172,1.637, 3.289,11.385,,1.582,3.254,0.6665,,0.4,µs,3.3804995658097825,29.560968538827524
Server Offset SHM(0),3.2994,7.4186,12.9507,18.2612,23.2703, 24.2491,26.5893,,10.3196,16.8304,3.4986,,18.1163,ms,84.94379710628517,404.2192911375755
Server Offset SHM(1),-11.677,-2.175,-0.398,0.002,0.461, 1.783,7.279,,0.859,3.958,0.5441,,0.0001,µs,-5.936912126451955,70.33201241082669
TDOP,0.78,0.79,0.82,1.5,7.05, 27.78,134.12,,6.23,26.99,9.1491,,2.946, ,10.205961793252616,145.7316632657237
Temp ZONE0,50.7,50.7,51.8,53.45,55.65, 55.65,56.2,,3.85,4.95,1.1666,,53.5737,°C,90781.73218301508,4084056.5423141946
nSats,8.0,10.0,10.0,13.0,15.0, 15.0,15.0,,5.0,5.0,1.3298,,13.1042,nSat,719.7911782203123,6587.189606474133
