Name,Min,1%,5%,50%,95%,99%,Max,,90% Range,98% Range,StdDev,,Mean,Units,Skewness,Kurtosis
Local Clock Frequency Offset,8.514,8.6827,8.7162,8.7939,8.8555, 8.8891,8.9406,,0.1393,0.2065,0.0417,,8.7917,ppm,9262185.297734644,1945229917.4693255
Local Clock Time Offset,-11.782,-1.938,-0.517,0.004,0.58, 1.787,7.072,,1.097,3.725,0.5683,,0.0,µs,-5.595075957644181,63.156321383437316
Local RMS Frequency Jitter,0.324,0.676,0.866,1.796,8.249, 18.174,37.612,,7.383,17.498,3.2528,,3.0275,ppb,3.2497138553286584,18.38812669676024
Local RMS Time Jitter,0.057,0.107,0.138,0.272,0.995, 2.051,4.89,,0.857,1.944,0.3652,,0.3971,µs,3.9956154852469004,25.12264489842203
Server Jitter SHM(0),0.187,0.342,0.5262,1.4086,3.4476, 5.1984,7.4436,,2.9214,4.8564,0.9491,,1.6065,ms,4.299752444519633,16.769744390972754
Server Jitter SHM(1),0.015,0.055,0.084,0.235,1.644, 3.45,11.312,,1.56,3.395,0.6694,,0.4578,µs,3.7888931650978193,32.42003735594928
Server Offset SHM(0),11.6944,13.2713,14.2413,19.3444,23.6322, 25.0185,27.5147,,9.3909,11.7472,3.1117,,18.8525,ms,144.6275571102377,810.3505688546185
Server Offset SHM(1),-11.783,-1.939,-0.518,0.005,0.581, 1.788,7.073,,1.099,3.727,0.5688,,0.0,µs,-5.591699226642164,63.0259614495566
TDOP,0.62,0.62,0.75,1.05,4.12, 13.74,55.0,,3.37,13.12,3.8471,,1.7463, ,9.640621647702124,130.5249463981805
Temp ZONE0,50.7,50.7,51.8,53.45,54.55, 55.1,55.1,,2.75,4.4,0.9013,,53.2104,°C,195633.14203765706,11363520.135245673
nSats,10.0,11.0,12.0,14.0,16.0, 16.0,16.0,,4.0,5.0,1.1934,,13.7137,nSat,1186.0866110230206,12774.539741268829
