Name,Min,1%,5%,50%,95%,99%,Max,,90% Range,98% Range,StdDev,,Mean,Units,Skewness,Kurtosis
Local Clock Frequency Offset,8.4308,8.5465,8.599,8.7186,8.7897, 8.8108,8.8694,,0.1908,0.2643,0.0526,,8.7123,ppm,4468196.60960251,735994885.6583282
Local Clock Time Offset,-13.875,-1.952,-0.515,0.007,0.597, 1.761,7.208,,1.112,3.713,0.569,,0.0007,µs,-5.856488607978367,64.46556446897323
Local RMS Frequency Jitter,0.305,0.658,0.863,1.829,8.091, 17.882,38.982,,7.228,17.224,3.2407,,3.0479,ppb,3.2705275433110312,18.640746905718633
Local RMS Time Jitter,0.053,0.105,0.139,0.278,1.004, 2.048,5.839,,0.865,1.943,0.3748,,0.4055,µs,4.286368817829994,30.86013798435746
Server Jitter SHM(0),0.1657,0.3459,0.5341,1.3857,3.4902, 5.2578,8.572,,2.956,4.9119,0.9833,,1.6102,ms,4.105450805656362,16.141635380874238
Server Jitter SHM(1),0.02,0.059,0.087,0.24,1.648, 3.421,13.508,,1.561,3.362,0.6686,,0.4639,µs,3.7821458260290126,32.5949341615085
Server Offset SHM(0),8.197,11.1739,13.2017,18.5809,23.6183, 24.8743,26.1397,,10.4167,13.7003,3.2721,,18.4468,ms,113.52159206915013,591.5446556731381
Server Offset SHM(1),-13.876,-1.953,-0.516,0.008,0.598, 1.762,7.209,,1.114,3.715,0.5695,,0.0007,µs,-5.852527034061232,64.33046019959522
TDOP,0.69,0.69,0.76,1.3,17.37, 63.6,141.39,,16.61,62.91,12.7308,,4.6936, ,5.219237325104328,52.58856688327687
Temp ZONE0,50.15,51.25,52.35,54.0,56.2, 56.75,58.4,,3.85,5.5,1.1875,,54.1483,°C,88841.24573896929,3968146.5651231944
nSats,10.0,10.0,11.0,14.0,15.0, 16.0,16.0,,4.0,6.0,1.2792,,13.4108,nSat,881.1739826691327,8619.326839688396
