Name,Min,1%,5%,50%,95%,99%,Max,,90% Range,98% Range,StdDev,,Mean,Units,Skewness,Kurtosis
Local Clock Frequency Offset,7.8176,7.9239,7.9701,8.2271,8.3429, 8.368,8.4206,,0.3728,0.4442,0.1092,,8.2115,ppm,408362.2400394271,30307413.69989554
Local Clock Time Offset,-12.01,-2.199,-0.441,0.001,0.526, 1.779,6.223,,0.967,3.978,0.5525,,-0.0,µs,-6.122914817487254,61.41988802035252
Local RMS Frequency Jitter,0.353,0.571,0.737,1.723,8.728, 16.396,34.695,,7.991,15.825,3.1656,,2.9393,ppb,2.8664257409335243,15.393303617479093
Local RMS Time Jitter,0.057,0.089,0.116,0.255,1.049, 1.868,4.877,,0.933,1.779,0.3612,,0.3877,µs,3.3040143818728898,19.10286994957963
Server Jitter SHM(0),0.1798,0.3819,0.5431,1.3622,3.9774, 5.9204,14.2968,,3.4343,5.5385,1.1883,,1.6704,ms,4.250374537025878,24.989409088516396
Server Jitter SHM(1),0.013,0.039,0.059,0.187,1.704, 3.284,11.702,,1.645,3.245,0.6683,,0.4229,µs,3.072628199387862,23.870270142182758
Server Offset SHM(0),3.1758,11.1798,12.7584,17.9369,22.1424, 23.8738,26.7898,,9.384,12.694,3.2045,,17.4908,ms,101.85128503808944,514.1989741716072
Server Offset SHM(1),-12.011,-2.2,-0.442,0.002,0.527, 1.78,6.224,,0.969,3.98,0.5529,,-0.0,µs,-6.118986034559102,61.308058619480434
TDOP,0.64,0.65,0.72,1.13,22.71, 160.52,189.01,,21.99,159.87,21.1767,,5.7973, ,4.037937049752002,34.12941010818672
Temp ZONE0,48.5,49.05,50.15,53.45,56.2, 57.3,57.85,,6.05,8.25,1.8752,,53.45,°C,20885.51938282282,576653.2653991192
nSats,8.0,11.0,12.0,14.0,15.0, 15.0,16.0,,3.0,4.0,1.1253,,13.4833,nSat,1356.7459370569356,15248.069340246402
