Name,Min,1%,5%,50%,95%,99%,Max,,90% Range,98% Range,StdDev,,Mean,Units,Skewness,Kurtosis
Local Clock Frequency Offset,8.1509,8.2647,8.3039,8.4933,8.5454, 8.5759,8.6259,,0.2415,0.3112,0.0688,,8.4719,ppm,1823025.5523776512,222731195.5595343
Local Clock Time Offset,-12.578,-2.187,-0.368,0.002,0.57, 1.712,6.955,,0.938,3.899,0.5978,,-0.0003,µs,-6.811135048747371,84.80045637075713
Local RMS Frequency Jitter,0.249,0.503,0.655,1.435,8.554, 19.94,36.937,,7.899,19.437,3.6641,,2.901,ppb,2.947311336669086,17.298078783527938
Local RMS Time Jitter,0.037,0.08,0.108,0.232,1.159, 2.43,5.482,,1.051,2.35,0.4515,,0.4023,µs,3.3836993281025736,21.337318388059643
Server Jitter SHM(0),0.1858,0.3919,0.5816,1.4117,3.4768, 5.6279,8.3615,,2.8952,5.236,0.9775,,1.6407,ms,4.428892520018824,18.176672286750538
Server Jitter SHM(1),0.013,0.041,0.062,0.173,1.723, 3.903,12.579,,1.661,3.862,0.7448,,0.4168,µs,3.6504105979673955,32.624786502503056
Server Offset SHM(0),9.3065,12.5921,14.0463,19.4707,24.4894, 25.7449,27.4659,,10.443,13.1528,3.3536,,19.2297,ms,120.23932621565572,637.7115372415338
Server Offset SHM(1),-12.579,-2.188,-0.369,0.003,0.571, 1.713,6.956,,0.94,3.901,0.5982,,-0.0003,µs,-6.806596127123942,84.65668206953092
TDOP,0.69,0.71,0.76,1.07,4.69, 14.31,43.89,,3.93,13.6,3.656,,1.8559, ,7.210531177591684,75.42159608872024
Temp ZONE0,50.15,50.15,51.25,53.45,55.1, 55.65,56.2,,3.85,5.5,1.1424,,53.4935,°C,96360.9887408119,4421884.345499998
nSats,5.0,5.0,5.0,14.0,15.0, 16.0,16.0,,10.0,11.0,2.683,,13.1,nSat,68.10952981452706,292.07806888588624
