Name,Min,1%,5%,50%,95%,99%,Max,,90% Range,98% Range,StdDev,,Mean,Units,Skewness,Kurtosis
Local Clock Frequency Offset,8.854,9.006,9.0508,9.1592,9.2163, 9.2398,9.2856,,0.1655,0.2339,0.0502,,9.1505,ppm,5965266.161421881,1081930343.8677576
Local Clock Time Offset,-15.206,-2.259,-0.526,0.008,0.585, 1.961,8.814,,1.111,4.22,0.6172,,-0.0001,µs,-6.810231140864413,88.29805669378585
Local RMS Frequency Jitter,0.505,0.777,0.969,2.008,9.67, 17.91,49.818,,8.701,17.133,3.5224,,3.2973,ppb,3.5504082308770593,23.82689963496827
Local RMS Time Jitter,0.071,0.123,0.154,0.301,1.23, 2.077,7.619,,1.076,1.954,0.4288,,0.4462,µs,4.529638307743387,37.684034333233285
Server Jitter SHM(0),0.138,0.3237,0.5029,1.4153,3.3959, 5.1398,7.382,,2.8929,4.8161,0.9576,,1.6216,ms,4.120375366536709,15.369983964986295
Server Jitter SHM(1),0.019,0.057,0.086,0.246,1.809, 3.663,14.153,,1.723,3.606,0.741,,0.4899,µs,3.994910038182535,39.017293621916586
Server Offset SHM(0),10.0902,11.8509,12.916,18.3743,23.3794, 24.7202,26.3385,,10.4634,12.8693,3.2275,,18.0767,ms,111.17732187893675,576.913262128321
Server Offset SHM(1),-15.207,-2.26,-0.527,0.009,0.586, 1.962,8.815,,1.113,4.222,0.6176,,-0.0001,µs,-6.805042093611151,88.12460222262554
TDOP,0.69,0.71,0.78,1.05,18.93, 40.78,64.87,,18.15,40.07,7.726,,3.6096, ,3.0494285160702272,21.704303233750654
Temp ZONE0,51.8,52.35,52.9,55.1,58.4, 59.5,59.5,,5.5,7.15,1.6181,,55.3452,°C,36706.846231725816,1222160.1810245616
nSats,9.0,9.0,11.0,13.0,15.0, 16.0,16.0,,4.0,7.0,1.3932,,13.275,nSat,645.420581153817,5714.110883367317
