Name,Min,1%,5%,50%,95%,99%,Max,,90% Range,98% Range,StdDev,,Mean,Units,Skewness,Kurtosis
Local Clock Frequency Offset,9.0289,9.1984,9.221,9.2417,9.2698, 9.2782,9.3152,,0.0488,0.0798,0.0168,,9.2427,ppm,166939393.79622093,91920977769.91225
Local Clock Time Offset,-18.85,-2.042,-0.851,0.041,0.699, 1.699,10.396,,1.55,3.741,0.6499,,-0.0002,µs,-6.55729148621959,84.45931237209155
Local RMS Frequency Jitter,0.84,1.431,1.763,3.07,8.484, 18.449,55.441,,6.721,17.018,3.1919,,3.9544,ppb,5.532082795729178,44.30581739968534
Local RMS Time Jitter,0.111,0.215,0.269,0.461,1.128, 2.144,8.212,,0.859,1.929,0.3949,,0.5602,µs,7.2249133611979,76.08349508418199
Server Jitter SHM(0),0.1282,0.3064,0.4911,1.3216,3.6827, 5.5822,8.3184,,3.1916,5.2758,1.0215,,1.5804,ms,3.816957346923567,14.665246998746001
Server Jitter SHM(1),0.026,0.118,0.174,0.462,1.657, 3.667,17.567,,1.483,3.549,0.6876,,0.6414,µs,5.686051602749489,64.43659060077988
Server Offset SHM(0),10.6869,12.2223,13.7872,18.2342,23.2405, 24.4288,26.6233,,9.4533,12.2066,3.112,,18.3,ms,130.92206368565232,712.9153576771656
Server Offset SHM(1),-18.851,-2.043,-0.852,0.042,0.7, 1.7,10.397,,1.552,3.743,0.6505,,-0.0,µs,-6.551180457227432,84.24384383493287
TDOP,0.67,0.71,0.75,1.19,6.44, 22.5,119.07,,5.69,21.79,8.2631,,2.5249, ,9.652584265195381,135.28897397429563
Temp ZONE0,55.65,56.2,56.75,57.85,60.05, 62.25,62.8,,3.3,6.05,1.2036,,58.012,°C,105295.94922173131,4976854.5319952145
nSats,10.0,10.0,11.0,14.0,16.0, 16.0,16.0,,5.0,6.0,1.4153,,13.6763,nSat,675.6813056213009,6069.26536982646
