Name,Min,1%,5%,50%,95%,99%,Max,,90% Range,98% Range,StdDev,,Mean,Units,Skewness,Kurtosis
Local Clock Frequency Offset,8.3293,8.4309,8.4607,8.6386,8.7321, 8.7495,8.8174,,0.2715,0.3186,0.0835,,8.6223,ppm,1069566.0144814702,109402129.64635624
Local Clock Time Offset,-9.653,-1.943,-0.492,0.004,0.582, 1.738,6.732,,1.074,3.681,0.5618,,0.0004,µs,-5.291147781809512,53.407322385156625
Local RMS Frequency Jitter,0.387,0.649,0.827,1.752,8.056, 18.292,33.741,,7.229,17.643,3.2313,,2.9757,ppb,3.156686174268421,17.106167935091168
Local RMS Time Jitter,0.056,0.104,0.134,0.268,0.979, 2.087,4.622,,0.845,1.983,0.3613,,0.3924,µs,3.825945145568218,22.430485087976514
Server Jitter SHM(0),0.1618,0.4194,0.6275,1.5355,3.5047, 5.1856,7.8,,2.8772,4.7662,0.9337,,1.7312,ms,4.988951660367142,19.302937046461455
Server Jitter SHM(1),0.016,0.053,0.08,0.223,1.621, 3.396,9.705,,1.541,3.343,0.6641,,0.4476,µs,3.5735575791082015,28.32363948451642
Server Offset SHM(0),11.5421,13.0215,14.0821,19.1,24.1482, 25.3602,27.6647,,10.066,12.3387,3.2255,,19.0286,ms,132.32979448957724,722.7018934361888
Server Offset SHM(1),-9.654,-1.944,-0.493,0.005,0.583, 1.739,6.733,,1.076,3.683,0.5623,,0.0004,µs,-5.2884178784668725,53.30447131854394
TDOP,0.63,0.67,0.72,1.14,9.78, 23.42,75.11,,9.06,22.75,6.303,,2.7812, ,6.103431021621818,65.72925081445588
Temp ZONE0,49.6,50.15,50.7,53.45,55.65, 56.2,56.2,,4.95,6.05,1.446,,53.1131,°C,45722.941222951435,1637518.7753457483
nSats,9.0,10.0,11.0,14.0,15.0, 16.0,16.0,,4.0,6.0,1.3447,,13.5083,nSat,766.7697509784831,7171.273334252814
