Name,Min,1%,5%,50%,95%,99%,Max,,90% Range,98% Range,StdDev,,Mean,Units,Skewness,Kurtosis
Local Clock Frequency Offset,8.8761,9.0741,9.1111,9.2706,9.3385, 9.3689,9.4149,,0.2275,0.2948,0.0624,,9.258,ppm,3196969.170434755,471003595.0593959
Local Clock Time Offset,-16.017,-2.332,-0.521,0.008,0.569, 2.003,8.397,,1.09,4.335,0.6268,,-0.0,µs,-6.61423889706966,81.83683080776862
Local RMS Frequency Jitter,0.437,0.85,1.047,2.066,9.776, 18.293,45.949,,8.729,17.443,3.5572,,3.3704,ppb,3.5988599187589,23.576745241907805
Local RMS Time Jitter,0.081,0.135,0.169,0.32,1.253, 2.05,6.752,,1.084,1.915,0.4161,,0.4609,µs,4.448560074253138,34.396399274180425
Server Jitter SHM(0),0.1387,0.3118,0.5181,1.4235,3.3821, 5.1258,8.7997,,2.864,4.814,0.9314,,1.6155,ms,4.434405345172394,17.462034860955367
Server Jitter SHM(1),0.02,0.066,0.099,0.263,1.85, 3.712,15.426,,1.751,3.646,0.7493,,0.5061,µs,4.073002815235131,39.19774643664026
Server Offset SHM(0),11.9988,13.5111,14.1826,19.1818,23.5866, 24.7548,26.7362,,9.404,11.2437,3.0492,,18.7495,ms,151.9928240795915,864.492859064903
Server Offset SHM(1),-16.018,-2.333,-0.522,0.009,0.57, 2.004,8.398,,1.092,4.337,0.6272,,-0.0,µs,-6.609424780404947,81.67752576479126
TDOP,0.65,0.71,0.77,1.22,7.32, 23.17,100.17,,6.55,22.46,9.1197,,2.8599, ,6.880780107868557,72.03037811227445
Temp ZONE0,50.7,51.8,52.35,55.1,59.5, 60.6,61.15,,7.15,8.8,2.1615,,55.6867,°C,15258.280744140646,379690.3938548411
nSats,6.0,7.0,10.0,13.0,15.0, 16.0,16.0,,5.0,9.0,1.6024,,13.125,nSat,392.15483020068064,2954.318886379181
