Name,Min,1%,5%,50%,95%,99%,Max,,90% Range,98% Range,StdDev,,Mean,Units,Skewness,Kurtosis
Local Clock Frequency Offset,8.8822,9.0149,9.0467,9.1083,9.1423, 9.1581,9.2134,,0.0956,0.1432,0.0299,,9.1039,ppm,28043250.006371096,8520148492.098303
Local Clock Time Offset,-13.354,-2.088,-0.514,0.012,0.549, 1.75,7.982,,1.063,3.838,0.5975,,0.0,µs,-6.690758633362075,86.11123861210218
Local RMS Frequency Jitter,0.307,0.705,0.916,1.919,8.338, 18.91,46.362,,7.422,18.205,3.4716,,3.1253,ppb,3.7026999335630726,24.419909860871336
Local RMS Time Jitter,0.053,0.115,0.148,0.298,1.1, 2.182,6.89,,0.952,2.067,0.4116,,0.4331,µs,4.505553882046219,35.0547665235757
Server Jitter SHM(0),0.1208,0.328,0.4888,1.3512,3.2121, 5.2008,7.5475,,2.7232,4.8728,0.9192,,1.5502,ms,4.423213977766452,18.34753871244176
Server Jitter SHM(1),0.017,0.059,0.091,0.252,1.631, 3.72,12.899,,1.54,3.661,0.7167,,0.4762,µs,4.405772206810041,42.68256670303935
Server Offset SHM(0),10.7555,12.5339,14.0839,18.7363,23.6538, 24.9622,27.2424,,9.5699,12.4284,3.171,,18.8002,ms,134.5310900713859,738.0051170374763
Server Offset SHM(1),-13.355,-2.089,-0.515,0.013,0.55, 1.75,7.983,,1.065,3.839,0.5979,,0.0001,µs,-6.685426839861865,85.93398292509725
TDOP,0.71,0.73,0.78,1.52,9.72, 24.18,64.79,,8.94,23.45,6.1989,,2.9413, ,5.65211597190724,52.87301017533297
Temp ZONE0,52.9,53.45,54.0,56.2,57.85, 58.4,59.5,,3.85,4.95,1.1043,,56.0396,°C,123246.70973995539,6138325.8310964815
nSats,10.0,10.0,12.0,14.0,15.0, 16.0,16.0,,3.0,6.0,1.2732,,13.5625,nSat,927.7296699233013,9223.898980974152
