Name,Min,1%,5%,50%,95%,99%,Max,,90% Range,98% Range,StdDev,,Mean,Units,Skewness,Kurtosis
Local Clock Frequency Offset,8.857,9.0081,9.0655,9.1108,9.1694, 9.1774,9.2277,,0.1039,0.1693,0.0339,,9.1121,ppm,19208503.323529813,5144424482.815662
Local Clock Time Offset,-19.872,-2.104,-0.52,0.013,0.542, 1.816,12.606,,1.062,3.92,0.6104,,-0.0,µs,-6.835259467764001,113.71080612612016
Local RMS Frequency Jitter,0.352,0.777,0.989,1.957,8.466, 19.147,65.609,,7.477,18.37,3.5736,,3.1623,ppb,4.3235320270741315,36.75517062872861
Local RMS Time Jitter,0.059,0.125,0.159,0.307,1.095, 2.222,9.302,,0.936,2.097,0.421,,0.4399,µs,5.360188421783867,55.41691394671399
Server Jitter SHM(0),0.1662,0.3576,0.5257,1.4694,3.4775, 5.4486,8.8114,,2.9518,5.0911,0.974,,1.6678,ms,4.381711086133043,17.38585429926585
Server Jitter SHM(1),0.012,0.065,0.101,0.267,1.624, 3.724,18.467,,1.523,3.659,0.7325,,0.4856,µs,5.207176444492213,62.60149660190663
Server Offset SHM(0),11.7307,13.0766,13.7828,18.849,23.8354, 25.083,27.4853,,10.0527,12.0063,3.1137,,18.6684,ms,139.69820110334624,775.5248474828254
Server Offset SHM(1),-19.873,-2.105,-0.521,0.014,0.543, 1.817,12.607,,1.064,3.922,0.6108,,0.0001,µs,-6.82966392386728,113.463513166723
TDOP,0.65,0.68,0.73,1.12,8.48, 23.13,123.63,,7.75,22.45,8.61,,2.7274, ,9.457260404415093,132.92301762883073
Temp ZONE0,53.45,54.0,54.0,55.65,57.85, 59.5,59.5,,3.85,5.5,1.0792,,55.8714,°C,131010.53273142038,6659112.474385566
nSats,10.0,10.0,12.0,14.0,16.0, 16.0,16.0,,4.0,6.0,1.4169,,13.9751,nSat,722.3587233366627,6628.901902429064
