Name,Min,1%,5%,50%,95%,99%,Max,,90% Range,98% Range,StdDev,,Mean,Units,Skewness,Kurtosis
Local Clock Frequency Offset,7.9106,7.9996,8.02,8.3442,8.4377, 8.4555,8.51,,0.4176,0.4559,0.1401,,8.2885,ppm,196992.5664406855,11468779.80168707
Local Clock Time Offset,-20.142,-2.221,-0.485,0.006,0.553, 1.763,10.584,,1.038,3.984,0.5772,,0.0001,µs,-6.769432134035292,102.9282211938973
Local RMS Frequency Jitter,0.413,0.644,0.843,1.859,8.842, 16.892,60.658,,7.999,16.248,3.2998,,3.0786,ppb,3.6999385544294303,29.879664197897814
Local RMS Time Jitter,0.051,0.097,0.129,0.279,1.061, 1.974,8.658,,0.932,1.877,0.3904,,0.4111,µs,4.607976752011745,44.424177720776946
Server Jitter SHM(0),0.1941,0.3684,0.5359,1.4062,3.6345, 5.4753,9.0922,,3.0986,5.1069,1.019,,1.6535,ms,4.027914364235685,15.619709962201984
Server Jitter SHM(1),0.016,0.046,0.072,0.23,1.727, 3.313,18.993,,1.655,3.267,0.6884,,0.457,µs,4.231932966503954,50.874920712241625
Server Offset SHM(0),9.1049,10.698,12.1807,16.9973,22.0656, 23.9722,26.1091,,9.885,13.2742,3.2402,,17.1337,ms,91.74480698913517,451.2108086777004
Server Offset SHM(1),-20.143,-2.222,-0.486,0.007,0.554, 1.764,10.585,,1.04,3.986,0.5776,,0.0001,µs,-6.763923441876863,102.69993064511529
TDOP,0.65,0.7,0.76,1.28,15.31, 73.69,122.04,,14.55,72.99,11.9289,,4.2141, ,4.5772175559712895,41.552811904319945
Temp ZONE0,48.5,49.05,49.6,54.0,57.3, 58.95,64.45,,7.7,9.9,2.5,,53.8075,°C,8705.861597736424,179934.1518327729
nSats,9.0,10.0,11.0,13.0,15.0, 16.0,16.0,,4.0,6.0,1.2845,,13.3417,nSat,854.9196830877415,8283.850433368378
