Name,Min,1%,5%,50%,95%,99%,Max,,90% Range,98% Range,StdDev,,Mean,Units,Skewness,Kurtosis
Local Clock Frequency Offset,8.9625,9.0872,9.1098,9.134,9.1622, 9.1759,9.2109,,0.0524,0.0887,0.017,,9.1341,ppm,153709237.56003588,82338505400.72975
Local Clock Time Offset,-11.214,-2.095,-0.443,0.009,0.515, 1.751,7.711,,0.958,3.846,0.5653,,-0.0,µs,-6.107700120239654,68.67059889879789
Local RMS Frequency Jitter,0.317,0.616,0.806,1.71,8.207, 18.424,38.558,,7.401,17.808,3.3026,,2.9371,ppb,3.2543685913322373,18.939325671242436
Local RMS Time Jitter,0.052,0.099,0.131,0.27,1.078, 2.098,4.615,,0.947,1.999,0.3802,,0.4037,µs,3.659471123328095,21.745471278663132
Server Jitter SHM(0),0.1355,0.3392,0.517,1.3853,3.4933, 5.3902,8.2687,,2.9762,5.051,0.9726,,1.604,ms,4.163486651098686,16.34657191556641
Server Jitter SHM(1),0.014,0.051,0.078,0.216,1.601, 3.532,11.072,,1.523,3.481,0.6845,,0.4382,µs,3.8192436690239226,32.43329417341524
Server Offset SHM(0),9.3562,12.0025,13.8161,18.5749,23.3136, 24.665,27.5263,,9.4975,12.6625,3.1549,,18.421,ms,127.80122990410689,690.4255120620853
Server Offset SHM(1),-11.215,-2.096,-0.444,0.01,0.516, 1.752,7.712,,0.96,3.848,0.5657,,0.0,µs,-6.1034343651994245,68.53497788230462
TDOP,0.68,0.68,0.75,1.05,6.33, 31.37,237.99,,5.58,30.69,15.5888,,3.0459, ,11.3403783287444,172.58036637183298
Temp ZONE0,54.0,55.1,55.65,56.75,58.4, 59.5,60.6,,2.75,4.4,0.8997,,56.9828,°C,242438.71586488432,15124948.1656247
nSats,11.0,11.0,11.0,14.0,15.0, 16.0,16.0,,4.0,5.0,1.2737,,13.5726,nSat,929.0974674854606,9247.963345075032
