Name,Min,1%,5%,50%,95%,99%,Max,,90% Range,98% Range,StdDev,,Mean,Units,Skewness,Kurtosis
Local Clock Frequency Offset,8.9619,9.0587,9.114,9.2495,9.2945, 9.3229,9.3783,,0.1805,0.2641,0.0537,,9.2345,ppm,4994592.675954882,853813177.3753624
Local Clock Time Offset,-17.972,-2.272,-0.611,0.02,0.616, 1.969,11.734,,1.227,4.241,0.6516,,-0.0007,µs,-6.793631686190687,103.58601078962855
Local RMS Frequency Jitter,0.597,0.99,1.243,2.342,9.823, 18.309,60.297,,8.58,17.319,3.6338,,3.5703,ppb,4.6583697786242055,40.69418342786055
Local RMS Time Jitter,0.1,0.157,0.198,0.357,1.25, 2.185,10.01,,1.052,2.028,0.4445,,0.4926,µs,6.220690290758551,72.50892467111986
Server Jitter SHM(0),0.1823,0.3467,0.5403,1.3742,3.307, 5.3181,8.58,,2.7667,4.9714,0.9327,,1.5836,ms,4.523506674684266,19.31462147418994
Server Jitter SHM(1),0.032,0.086,0.13,0.332,1.819, 3.673,21.448,,1.689,3.587,0.7572,,0.5584,µs,5.32791758298387,67.0604160811291
Server Offset SHM(0),11.0248,12.2787,13.5289,18.5313,23.9408, 25.1968,28.1347,,10.4119,12.9181,3.3321,,18.5696,ms,109.43533737716426,566.4030879679036
Server Offset SHM(1),-17.973,-2.273,-0.612,0.021,0.617, 1.97,11.735,,1.229,4.243,0.6521,,-0.0006,µs,-6.788046518094843,103.35956522405367
TDOP,0.62,0.64,0.7,1.04,4.7, 18.92,69.59,,4.0,18.28,5.241,,1.9207, ,8.311470805759916,101.41624443685396
Temp ZONE0,51.25,51.8,52.9,55.1,56.75, 57.3,57.85,,3.85,5.5,1.1327,,54.8319,°C,106686.90962885828,5064417.732600542
nSats,4.0,10.0,11.0,14.0,15.0, 16.0,16.0,,4.0,6.0,1.4312,,13.4728,nSat,618.3083939062739,5369.160863946228
