Name,Min,1%,5%,50%,95%,99%,Max,,90% Range,98% Range,StdDev,,Mean,Units,Skewness,Kurtosis
Local Clock Frequency Offset,7.8176,7.9239,7.9701,8.2142,8.3067, 8.3338,8.3997,,0.3366,0.41,0.0976,,8.1928,ppm,571502.0535295035,47440295.03495791
Local Clock Time Offset,-12.401,-2.255,-0.443,0.0,0.528, 1.779,7.107,,0.971,4.034,0.5643,,-0.0001,µs,-6.11267292844974,67.74679049658921
Local RMS Frequency Jitter,0.337,0.56,0.719,1.715,8.747, 17.035,35.427,,8.028,16.475,3.27,,2.9611,ppb,2.92536213284595,16.26183022970162
Local RMS Time Jitter,0.052,0.088,0.113,0.252,1.049, 1.984,6.327,,0.936,1.896,0.3841,,0.3893,µs,3.6709049673040157,25.45049036816076
Server Jitter SHM(0),0.1358,0.3373,0.5289,1.3854,3.6995, 5.5992,7.6932,,3.1706,5.2619,1.0227,,1.628,ms,3.9105541613523505,14.960069101411149
Server Jitter SHM(1),0.013,0.037,0.056,0.183,1.714, 3.375,12.161,,1.658,3.338,0.6859,,0.4245,µs,3.2071309610892684,26.6115342476985
Server Offset SHM(0),10.7256,12.2746,13.3464,18.6137,23.5683, 25.4213,27.619,,10.2219,13.1467,3.2513,,18.4094,ms,115.37209362603275,605.9279165661886
Server Offset SHM(1),-12.402,-2.256,-0.444,0.001,0.529, 1.78,7.108,,0.973,4.036,0.5647,,-0.0001,µs,-6.108886006336812,67.62282710335803
TDOP,0.73,0.73,0.75,1.01,17.9, 160.52,189.01,,17.15,159.79,20.9471,,5.2327, ,4.180487518849071,35.86085853580337
Temp ZONE0,48.5,49.05,50.15,53.45,56.2, 56.75,57.3,,6.05,7.7,1.799,,53.3262,°C,23581.00972272237,677824.8530473723
nSats,11.0,11.0,12.0,14.0,16.0, 16.0,16.0,,4.0,5.0,1.157,,13.7792,nSat,1330.9426587250227,14877.961681142133
