Name,Min,1%,5%,50%,95%,99%,Max,,90% Range,98% Range,StdDev,,Mean,Units,Skewness,Kurtosis
Local Clock Frequency Offset,9.1386,9.2109,9.2538,9.3447,9.3973, 9.4326,9.4728,,0.1435,0.2217,0.0414,,9.3404,ppm,11356739.561861273,2552830596.8359995
Local Clock Time Offset,-15.809,-2.325,-0.509,0.009,0.534, 1.9,8.795,,1.043,4.225,0.6108,,-0.0003,µs,-6.552700258087329,86.68825179233335
Local RMS Frequency Jitter,0.423,0.749,0.961,1.95,9.734, 18.249,47.328,,8.773,17.5,3.5109,,3.2366,ppb,3.4956327427775014,22.609400996179353
Local RMS Time Jitter,0.064,0.121,0.158,0.307,1.254, 2.029,6.406,,1.096,1.908,0.4109,,0.4491,µs,4.121168335073391,29.09493510197069
Server Jitter SHM(0),0.1265,0.3411,0.4997,1.2908,3.2035, 5.087,7.5155,,2.7037,4.7459,0.8975,,1.4919,ms,4.360288591710868,17.925829601963095
Server Jitter SHM(1),0.012,0.055,0.088,0.248,1.774, 3.699,15.313,,1.686,3.644,0.7329,,0.4804,µs,4.148900040061632,41.06994012463914
Server Offset SHM(0),9.8655,11.9485,13.412,18.1934,23.4466, 24.8058,27.3778,,10.0345,12.8573,3.3048,,18.2652,ms,106.39993253745506,545.8065847529217
Server Offset SHM(1),-15.81,-2.326,-0.51,0.01,0.535, 1.901,8.796,,1.045,4.227,0.6112,,-0.0002,µs,-6.548016683969525,86.51964681388044
TDOP,0.7,0.72,0.77,1.16,9.62, 37.81,86.81,,8.85,37.09,7.5935,,2.9556, ,5.236741369598646,53.50154541957646
Temp ZONE0,51.25,51.8,52.9,54.0,55.65, 56.2,56.75,,2.75,4.4,0.876,,54.1963,°C,225721.5187294899,13750882.148903592
nSats,11.0,12.0,12.0,14.0,16.0, 16.0,16.0,,4.0,4.0,1.1828,,14.0871,nSat,1331.1079797604905,14876.11979276212
