Name,Min,1%,5%,50%,95%,99%,Max,,90% Range,98% Range,StdDev,,Mean,Units,Skewness,Kurtosis
Local Clock Frequency Offset,8.3654,8.4665,8.5128,8.9647,9.0329, 9.0506,9.1091,,0.5201,0.5841,0.1515,,8.9056,ppm,192993.91627964686,11159410.671997061
Local Clock Time Offset,-13.539,-2.04,-0.442,0.005,0.498, 1.765,8.113,,0.94,3.805,0.5588,,0.0,µs,-5.9336928555327635,73.8675573718759
Local RMS Frequency Jitter,0.428,0.676,0.847,1.747,8.215, 17.91,43.277,,7.368,17.234,3.2447,,2.9253,ppb,3.3912714293776918,20.613307331255434
Local RMS Time Jitter,0.065,0.105,0.134,0.271,1.046, 1.963,5.61,,0.912,1.858,0.3663,,0.3973,µs,3.9631334106598235,26.606220027708645
Server Jitter SHM(0),0.1016,0.3674,0.597,1.4192,3.3321, 5.1563,7.5098,,2.7351,4.7888,0.9211,,1.6266,ms,4.628755618468597,18.01779290922233
Server Jitter SHM(1),0.017,0.054,0.082,0.224,1.562, 3.395,12.698,,1.48,3.341,0.6658,,0.4357,µs,4.043374097583462,37.032499676031485
Server Offset SHM(0),11.4574,13.178,14.2801,18.9741,23.6897, 24.8121,27.9278,,9.4095,11.6341,3.0909,,18.9343,ms,150.05051425939652,849.6917617423401
Server Offset SHM(1),-13.54,-2.041,-0.443,0.006,0.499, 1.766,8.114,,0.942,3.807,0.5592,,0.0001,µs,-5.929695217186366,73.71266841361943
TDOP,0.68,0.72,0.77,1.24,4.98, 17.59,83.45,,4.21,16.87,6.6507,,2.3709, ,7.831919337686323,88.79248117153283
Temp ZONE0,47.4,48.5,49.6,55.1,57.3, 58.4,60.05,,7.7,9.9,2.4489,,54.1849,°C,9491.964165607998,201831.19780751207
nSats,11.0,11.0,12.0,14.0,16.0, 16.0,16.0,,4.0,5.0,1.2095,,13.7386,nSat,1142.5973772065017,12155.065422983962
