Name,Min,1%,5%,50%,95%,99%,Max,,90% Range,98% Range,StdDev,,Mean,Units,Skewness,Kurtosis
Local Clock Frequency Offset,8.514,8.6255,8.6664,8.7712,8.8538, 8.8798,8.9775,,0.1874,0.2542,0.057,,8.7657,ppm,3573011.3858175883,546281194.954921
Local Clock Time Offset,-14.441,-1.884,-0.514,0.005,0.585, 1.803,8.491,,1.099,3.687,0.5827,,-0.0001,µs,-6.2377839439432545,83.2046050503278
Local RMS Frequency Jitter,0.363,0.678,0.885,1.816,8.355, 18.257,41.595,,7.47,17.579,3.3633,,3.0729,ppb,3.4972448687288655,22.21810101489212
Local RMS Time Jitter,0.054,0.102,0.137,0.274,1.006, 2.078,5.569,,0.869,1.976,0.3822,,0.4016,µs,4.382333695718359,32.27117246935219
Server Jitter SHM(0),0.2447,0.3853,0.5698,1.42,3.4204, 5.4536,7.638,,2.8506,5.0683,0.9431,,1.6372,ms,4.542375803893452,17.97534693556451
Server Jitter SHM(1),0.022,0.057,0.088,0.241,1.644, 3.431,14.086,,1.556,3.374,0.6894,,0.464,µs,4.287158422340172,42.533250979848546
Server Offset SHM(0),11.5751,12.6836,13.8724,18.9393,23.7512, 24.794,27.0713,,9.8789,12.1103,3.1431,,18.799,ms,138.4788145360272,765.5892204950401
Server Offset SHM(1),-14.442,-1.885,-0.515,0.006,0.586, 1.804,8.492,,1.101,3.689,0.5831,,-0.0,µs,-6.23310200521801,83.02337303228916
TDOP,0.66,0.67,0.79,1.25,5.4, 25.64,55.0,,4.61,24.97,4.5179,,2.3948, ,6.657168103833403,70.53480403209731
Temp ZONE0,50.15,50.7,51.25,52.9,55.1, 55.65,56.2,,3.85,4.95,1.1228,,53.1795,°C,99808.96580091525,4634076.211408935
nSats,11.0,11.0,12.0,14.0,15.0, 16.0,16.0,,3.0,5.0,0.9482,,13.562,nSat,2394.335907868924,32391.5488586239
