Name,Min,1%,5%,50%,95%,99%,Max,,90% Range,98% Range,StdDev,,Mean,Units,Skewness,Kurtosis
Local Clock Frequency Offset,8.9404,9.1039,9.1232,9.1558,9.183, 9.2086,9.238,,0.0598,0.1047,0.0203,,9.1546,ppm,91525299.97812073,41247011087.174446
Local Clock Time Offset,-16.334,-2.099,-0.508,0.014,0.527, 1.786,9.416,,1.035,3.885,0.6095,,-0.0001,µs,-7.6367283924801725,124.75559512683498
Local RMS Frequency Jitter,0.475,0.75,0.945,1.907,8.425, 19.169,48.278,,7.48,18.419,3.5875,,3.1364,ppb,4.0793449968009,29.80778080592218
Local RMS Time Jitter,0.084,0.122,0.154,0.3,1.101, 2.318,6.973,,0.947,2.196,0.438,,0.4382,µs,5.0078314461748725,42.70224673651711
Server Jitter SHM(0),0.2002,0.3262,0.4657,1.3165,3.3146, 5.3406,9.1724,,2.8489,5.0144,0.9555,,1.5214,ms,4.071573566078433,17.10405072393176
Server Jitter SHM(1),0.018,0.063,0.096,0.258,1.605, 3.675,16.006,,1.509,3.612,0.736,,0.4786,µs,5.1250767850813235,58.2952917675955
Server Offset SHM(0),9.667,12.1105,13.4481,18.502,23.3888, 24.4239,26.7692,,9.9407,12.3134,3.1783,,18.3283,ms,122.59088014085233,654.2657741605659
Server Offset SHM(1),-16.335,-2.1,-0.509,0.015,0.528, 1.787,9.417,,1.037,3.887,0.6099,,0.0,µs,-7.629677220994842,124.48678179238127
TDOP,0.72,0.74,0.81,1.19,9.29, 41.89,99.08,,8.48,41.15,9.0622,,3.1077, ,6.127471621699128,61.1207805940278
Temp ZONE0,53.45,54.55,55.1,56.75,58.4, 58.95,60.6,,3.3,4.4,0.9721,,56.5644,°C,187229.2271913561,10717642.269802762
nSats,10.0,11.0,12.0,14.0,15.0, 16.0,16.0,,3.0,5.0,1.1255,,13.7042,nSat,1429.2003133391443,16336.033041021938
