Name,Min,1%,5%,50%,95%,99%,Max,,90% Range,98% Range,StdDev,,Mean,Units,Skewness,Kurtosis
Local Clock Frequency Offset,8.2212,8.3497,8.3827,8.4453,8.4991, 8.526,8.5592,,0.1164,0.1763,0.0332,,8.4436,ppm,16212446.708498882,4103410309.9895134
Local Clock Time Offset,-19.199,-2.089,-0.36,0.003,0.545, 1.682,6.436,,0.905,3.771,0.5782,,0.0001,µs,-7.810705728878982,116.00050972002286
Local RMS Frequency Jitter,0.2,0.464,0.624,1.411,8.358, 19.028,53.07,,7.734,18.564,3.5379,,2.8131,ppb,3.06417799486789,20.084157120923468
Local RMS Time Jitter,0.029,0.073,0.101,0.227,1.126, 2.281,8.426,,1.025,2.208,0.4384,,0.3901,µs,3.7830656825855,31.189821367391726
Server Jitter SHM(0),0.1759,0.3705,0.5845,1.4326,3.565, 5.7583,7.4163,,2.9806,5.3878,1.0085,,1.6687,ms,4.295303701280642,17.01623808975301
Server Jitter SHM(1),0.011,0.038,0.059,0.168,1.679, 3.651,19.238,,1.62,3.613,0.7219,,0.4031,µs,3.98080121631517,43.358847018277004
Server Offset SHM(0),10.5972,12.6918,13.9064,19.0384,24.447, 25.8301,28.6566,,10.5406,13.1382,3.3465,,18.9675,ms,115.78123449027181,608.8409290911144
Server Offset SHM(1),-19.2,-2.09,-0.361,0.004,0.546, 1.683,6.437,,0.907,3.773,0.5786,,0.0001,µs,-7.804217370469923,115.78016796572638
TDOP,0.71,0.75,0.8,1.45,9.34, 36.28,70.21,,8.54,35.53,7.1636,,3.0892, ,4.747029381095973,39.502185729586074
Temp ZONE0,52.35,52.35,53.45,55.1,56.2, 57.3,57.85,,2.75,4.95,0.9531,,54.7838,°C,180360.07043456542,10196692.759221649
nSats,5.0,5.0,5.0,13.0,16.0, 16.0,16.0,,11.0,11.0,3.7851,,12.0458,nSat,15.852787632144048,44.34204991433655
