Name,Min,1%,5%,50%,95%,99%,Max,,90% Range,98% Range,StdDev,,Mean,Units,Skewness,Kurtosis
Local Clock Frequency Offset,7.7903,7.9358,8.012,8.2405,8.3581, 8.4112,8.4451,,0.3461,0.4754,0.0956,,8.2311,ppm,616321.4571331404,52463973.36743926
Local Clock Time Offset,-22.671,-2.181,-0.482,0.006,0.554, 1.781,10.626,,1.036,3.962,0.5969,,-0.0009,µs,-8.019712572154102,167.04383744031955
Local RMS Frequency Jitter,0.43,0.682,0.86,1.858,8.791, 17.081,63.178,,7.931,16.399,3.4879,,3.1011,ppb,4.46891800350132,43.79992739366545
Local RMS Time Jitter,0.061,0.107,0.134,0.275,1.061, 1.986,10.108,,0.927,1.879,0.4248,,0.413,µs,6.124525609452707,78.64281522229531
Server Jitter SHM(0),0.205,0.3848,0.5751,1.435,3.5411, 5.568,7.9664,,2.966,5.1833,0.9936,,1.6758,ms,4.353221890362372,17.11842219882862
Server Jitter SHM(1),0.015,0.049,0.075,0.228,1.705, 3.36,22.221,,1.63,3.311,0.7223,,0.4589,µs,5.410057578638648,82.02981057961179
Server Offset SHM(0),9.6137,11.1181,12.3837,17.2343,22.309, 23.752,26.7459,,9.9253,12.6338,3.1641,,17.3724,ms,104.04684071686233,530.1517769156492
Server Offset SHM(1),-22.672,-2.182,-0.483,0.007,0.555, 1.782,10.627,,1.038,3.964,0.5974,,-0.0008,µs,-8.012035294050243,166.66613630097973
TDOP,0.63,0.64,0.72,1.05,10.39, 18.54,50.74,,9.67,17.9,4.6975,,2.7108, ,4.236853029269504,40.705023043222475
Temp ZONE0,49.05,49.05,50.15,52.9,55.65, 56.2,57.3,,5.5,7.15,1.529,,52.8885,°C,37998.26634519164,1279718.3316706053
nSats,10.0,11.0,12.0,14.0,16.0, 16.0,16.0,,4.0,5.0,1.1427,,14.05,nSat,1474.2930578678322,17017.366872067672
