Name,Min,1%,5%,50%,95%,99%,Max,,90% Range,98% Range,StdDev,,Mean,Units,Skewness,Kurtosis
Local Clock Frequency Offset,8.0038,8.14,8.167,8.2755,8.407, 8.4215,8.4863,,0.24,0.2816,0.078,,8.2873,ppm,1164895.2300649944,122591682.93529117
Local Clock Time Offset,-15.465,-2.16,-0.497,0.009,0.537, 1.794,10.791,,1.034,3.954,0.5833,,-0.0001,µs,-6.231641355515134,89.45091565332157
Local RMS Frequency Jitter,0.431,0.717,0.941,1.921,8.746, 17.298,58.217,,7.805,16.581,3.3257,,3.12,ppb,3.9165484594212394,30.899969816287488
Local RMS Time Jitter,0.067,0.113,0.146,0.287,1.052, 2.017,7.588,,0.906,1.904,0.3941,,0.4178,µs,4.943239040480101,46.700068016478575
Server Jitter SHM(0),0.1987,0.3661,0.5372,1.3409,3.4132, 5.6188,7.6875,,2.8761,5.2527,0.9752,,1.5754,ms,4.227933104396187,17.232133544508468
Server Jitter SHM(1),0.017,0.057,0.087,0.25,1.68, 3.378,15.929,,1.593,3.321,0.6922,,0.4706,µs,4.462377484325355,50.012239226111404
Server Offset SHM(0),9.5415,12.0259,13.1133,17.8961,22.7649, 24.4691,26.6834,,9.6516,12.4432,3.2019,,17.7339,ms,107.18885698764039,551.4464600234626
Server Offset SHM(1),-15.466,-2.161,-0.498,0.01,0.538, 1.795,10.792,,1.036,3.956,0.5837,,-0.0,µs,-6.227098456753193,89.25722760049976
TDOP,0.61,0.63,0.68,1.12,5.7, 16.52,57.47,,5.02,15.89,4.2289,,2.0684, ,8.29263483538093,105.50187258022396
Temp ZONE0,50.15,50.15,51.25,53.45,56.2, 56.75,56.75,,4.95,6.6,1.5199,,53.4249,°C,39928.09908845241,1367048.306861863
nSats,10.0,11.0,12.0,14.0,16.0, 16.0,16.0,,4.0,5.0,1.3522,,14.1743,nSat,880.3679640671492,8602.779319488767
