Name,Min,1%,5%,50%,95%,99%,Max,,90% Range,98% Range,StdDev,,Mean,Units,Skewness,Kurtosis
Local Clock Frequency Offset,8.6267,8.7921,8.81,8.8766,8.923, 8.9634,9.0193,,0.113,0.1713,0.0361,,8.8744,ppm,14722575.407547763,3608495396.7259693
Local Clock Time Offset,-22.867,-1.94,-0.536,0.01,0.592, 1.742,11.599,,1.128,3.682,0.6029,,0.0002,µs,-7.306797090506047,145.15879427706582
Local RMS Frequency Jitter,0.352,0.755,0.982,1.932,8.24, 18.179,68.536,,7.258,17.424,3.4958,,3.1618,ppb,4.538917301717168,42.479617395194026
Local RMS Time Jitter,0.064,0.121,0.157,0.301,1.018, 2.115,10.422,,0.861,1.994,0.4125,,0.4263,µs,6.209896849426534,76.64550154408312
Server Jitter SHM(0),0.1602,0.3213,0.5284,1.3847,3.4401, 5.2495,7.4473,,2.9117,4.9282,0.94,,1.5977,ms,4.298429075787777,16.4406716256406
Server Jitter SHM(1),0.02,0.067,0.1,0.267,1.642, 3.436,21.628,,1.542,3.369,0.7146,,0.4862,µs,5.671915669008734,81.06384654079764
Server Offset SHM(0),11.7451,13.0383,13.7607,18.8235,23.8514, 25.1322,27.3317,,10.0907,12.0939,3.2493,,18.6603,ms,120.99103068663186,644.2409759711027
Server Offset SHM(1),-22.868,-1.941,-0.537,0.011,0.593, 1.743,11.6,,1.13,3.684,0.6033,,0.0002,µs,-7.2999312835760675,144.81183501745298
TDOP,0.68,0.69,0.74,1.06,5.96, 16.51,60.89,,5.22,15.82,4.5087,,2.0729, ,8.100015159899563,102.4643406284771
Temp ZONE0,51.8,52.35,52.35,54.0,55.1, 56.2,56.2,,2.75,3.85,0.858,,53.9886,°C,237657.6584690985,14728637.204083763
nSats,9.0,10.0,12.0,14.0,16.0, 16.0,16.0,,4.0,6.0,1.3422,,13.8554,nSat,837.88241755277,8062.406786827887
