Name,Min,1%,5%,50%,95%,99%,Max,,90% Range,98% Range,StdDev,,Mean,Units,Skewness,Kurtosis
Local Clock Frequency Offset,7.5681,7.6682,7.719,7.7817,7.8622, 7.9112,7.9961,,0.1432,0.243,0.0461,,7.7851,ppm,4725304.952225022,792995428.2871586
Local Clock Time Offset,-14.416,-2.235,-0.408,0.006,0.554, 1.661,8.017,,0.962,3.896,0.5931,,0.0,µs,-7.345228042827031,95.07632080111784
Local RMS Frequency Jitter,0.307,0.567,0.769,1.758,8.916, 18.67,44.404,,8.147,18.103,3.5019,,3.0393,ppb,3.3106004934453575,20.76709224909215
Local RMS Time Jitter,0.047,0.088,0.12,0.283,1.257, 2.203,7.09,,1.137,2.115,0.4397,,0.438,µs,3.6356943626246876,25.34706868648527
Server Jitter SHM(0),0.2731,0.4411,0.6691,1.5784,3.5408, 4.9363,8.0707,,2.8716,4.4952,0.9116,,1.771,ms,5.175608715739941,18.46662610770397
Server Jitter SHM(1),0.016,0.048,0.074,0.217,1.659, 3.676,14.405,,1.585,3.628,0.7257,,0.4438,µs,4.121332421869136,39.42447589045788
Server Offset SHM(0),-20.6561,-18.3788,-16.1894,-9.375,-1.0218, 2.9614,6.8928,,15.1675,21.3402,4.7228,,-9.1316,ms,-33.703159796901055,124.50237251831904
Server Offset SHM(1),-14.417,-2.236,-0.409,0.007,0.555, 1.662,8.018,,0.964,3.898,0.5935,,0.0,µs,-7.339270242942744,94.89388564575941
Temp ZONE0,50.7,51.25,51.8,54.0,56.2, 58.4,58.95,,4.4,7.15,1.3981,,53.8037,°C,52776.628692399696,1982552.785341203
