Name,Min,1%,5%,50%,95%,99%,Max,,90% Range,98% Range,StdDev,,Mean,Units,Skewness,Kurtosis
Local Clock Frequency Offset,8.268,8.3763,8.4577,8.5482,8.6726, 8.6927,8.744,,0.2149,0.3163,0.0669,,8.5473,ppm,2038467.3651231306,258499080.50282192
Local Clock Time Offset,-13.436,-2.104,-0.375,0.004,0.555, 1.691,7.213,,0.93,3.795,0.5792,,0.0009,µs,-6.868380713917294,86.48881347794185
Local RMS Frequency Jitter,0.251,0.49,0.653,1.471,8.332, 19.288,41.425,,7.679,18.798,3.5067,,2.865,ppb,2.9909733577904154,17.781224491163382
Local RMS Time Jitter,0.036,0.079,0.108,0.239,1.128, 2.254,5.465,,1.02,2.175,0.4243,,0.398,µs,3.397532699204667,21.38935127932807
Server Jitter SHM(0),0.1815,0.3708,0.5936,1.4002,3.3997, 5.5066,7.9564,,2.8061,5.1358,0.9444,,1.6245,ms,4.5978281255478155,18.76763300557408
Server Jitter SHM(1),0.015,0.042,0.064,0.177,1.672, 3.767,13.412,,1.608,3.725,0.7169,,0.4116,µs,3.710364906096577,33.85781948345273
Server Offset SHM(0),10.7614,11.9258,13.117,18.7661,24.5784, 25.8,28.4396,,11.4615,13.8742,3.4924,,18.7235,ms,96.07044629505506,478.67151184972965
Server Offset SHM(1),-13.437,-2.105,-0.376,0.005,0.556, 1.692,7.214,,0.932,3.797,0.5796,,0.001,µs,-6.863381020299839,86.33245477029568
TDOP,0.69,0.7,0.76,1.07,5.21, 35.02,125.39,,4.45,34.32,9.5396,,2.7646, ,7.8128352171720925,96.32349811631876
Temp ZONE0,49.05,50.7,51.25,53.45,55.65, 56.75,57.3,,4.4,6.05,1.3743,,53.434,°C,54467.080329591576,2067536.2596336987
nSats,5.0,5.0,5.0,14.0,15.0, 16.0,16.0,,10.0,11.0,2.898,,12.888,nSat,49.50837888566288,193.06685387268354
