Name,Min,1%,5%,50%,95%,99%,Max,,90% Range,98% Range,StdDev,,Mean,Units,Skewness,Kurtosis
Local Clock Frequency Offset,8.3854,8.5951,8.6424,8.7951,8.8592, 8.9167,8.9617,,0.2167,0.3216,0.0678,,8.7743,ppm,2119941.808645205,272364726.133216
Local Clock Time Offset,-16.091,-1.903,-0.534,0.009,0.593, 1.712,9.825,,1.127,3.615,0.5685,,-0.0,µs,-6.145576792223193,82.67979888680725
Local RMS Frequency Jitter,0.416,0.742,0.943,1.923,8.079, 17.386,53.451,,7.136,16.644,3.1947,,3.091,ppb,3.758201728235714,26.661810320430124
Local RMS Time Jitter,0.071,0.117,0.148,0.292,0.983, 1.996,7.292,,0.835,1.879,0.361,,0.4088,µs,4.81785688104798,42.00724022197101
Server Jitter SHM(0),0.1235,0.3435,0.5569,1.4067,3.4393, 5.5677,7.576,,2.8824,5.2242,0.9695,,1.6321,ms,4.350366705618158,17.266532916175425
Server Jitter SHM(1),0.019,0.062,0.093,0.256,1.629, 3.318,14.859,,1.536,3.256,0.6624,,0.4716,µs,4.3497567406418876,46.14508938799043
Server Offset SHM(0),11.1643,12.8167,13.8153,18.4995,23.4867, 24.9302,27.4787,,9.6714,12.1135,3.1393,,18.4982,ms,131.8619289244594,720.1934291193821
Server Offset SHM(1),-16.092,-1.904,-0.535,0.01,0.594, 1.713,9.826,,1.129,3.617,0.569,,0.0,µs,-6.140821373065184,82.4846903946308
TDOP,0.66,0.68,0.73,1.18,16.15, 51.94,98.5,,15.42,51.26,10.0955,,3.999, ,4.443814226580724,38.76480928893517
Temp ZONE0,50.7,50.7,51.25,54.0,55.65, 57.3,58.95,,4.4,6.6,1.4103,,53.7365,°C,51193.64339398208,1903653.9984642353
nSats,9.0,11.0,12.0,14.0,16.0, 16.0,16.0,,4.0,5.0,1.2491,,13.8625,nSat,1059.2300575328059,10983.755489770945
