Name,Min,1%,5%,50%,95%,99%,Max,,90% Range,98% Range,StdDev,,Mean,Units,Skewness,Kurtosis
Local Clock Frequency Offset,7.3026,7.4031,7.4368,7.5365,7.6807, 7.7089,7.7847,,0.2439,0.3058,0.0733,,7.5495,ppm,1063063.1875349549,108516507.27492458
Local Clock Time Offset,-14.704,-2.309,-0.4,0.004,0.58, 1.66,7.761,,0.98,3.969,0.605,,0.0001,µs,-7.731416396356074,105.40479768812038
Local RMS Frequency Jitter,0.243,0.525,0.753,1.747,9.044, 19.124,43.947,,8.291,18.599,3.5975,,3.0707,ppb,3.2545440536460934,20.345517680838924
Local RMS Time Jitter,0.044,0.083,0.12,0.286,1.272, 2.291,6.433,,1.152,2.208,0.4564,,0.4463,µs,3.600071647281999,24.61593670732842
Server Jitter SHM(0),0.3335,0.6132,0.8606,2.0752,6.5342, 12.1451,36.5319,,5.6736,11.5319,2.232,,2.7381,ms,4.3011340615017275,31.076224937685296
Server Jitter SHM(1),0.012,0.047,0.074,0.212,1.674, 3.747,14.674,,1.6,3.7,0.7429,,0.446,µs,4.154508427616368,41.01442221505775
Server Offset SHM(0),-74.9031,-57.4975,-53.3966,-20.0153,-3.0776, 3.8196,8.8157,,50.319,61.3171,14.2936,,-22.4729,ms,-25.737489605151236,97.39797394167385
Server Offset SHM(1),-14.705,-2.31,-0.401,0.005,0.581, 1.661,7.762,,0.982,3.971,0.6054,,0.0002,µs,-7.724980977480254,105.20477699120693
Temp ZONE0,49.05,50.15,51.25,52.9,57.85, 60.6,60.6,,6.6,10.45,2.2815,,53.5207,°C,11396.091752049442,257522.678589359
