Name,Min,1%,5%,50%,95%,99%,Max,,90% Range,98% Range,StdDev,,Mean,Units,Skewness,Kurtosis
Local Clock Frequency Offset,8.3654,8.4665,8.5128,8.9552,9.0328, 9.0507,9.1091,,0.52,0.5842,0.1477,,8.8979,ppm,208225.36142078834,12348543.68897453
Local Clock Time Offset,-13.539,-2.039,-0.447,0.006,0.503, 1.753,8.113,,0.95,3.792,0.5542,,0.0002,µs,-5.855877108072066,69.49626337268693
Local RMS Frequency Jitter,0.39,0.679,0.855,1.779,8.233, 17.702,43.277,,7.378,17.023,3.1964,,2.9251,ppb,3.3756988568557826,20.11530306422046
Local RMS Time Jitter,0.062,0.105,0.135,0.274,1.052, 1.933,5.61,,0.917,1.828,0.3601,,0.3982,µs,3.844380234982036,24.503594764064065
Server Jitter SHM(0),0.1016,0.3677,0.5795,1.3881,3.3179, 5.1563,7.5098,,2.7384,4.7886,0.9246,,1.6062,ms,4.504760046396427,17.459853222503753
Server Jitter SHM(1),0.017,0.053,0.082,0.228,1.545, 3.356,12.698,,1.463,3.303,0.6562,,0.4355,µs,3.9866471050119743,35.5489666476524
Server Offset SHM(0),11.3043,12.7477,13.8603,18.6037,23.5036, 24.6728,26.6657,,9.6433,11.9251,3.1721,,18.5807,ms,129.20734760026542,700.6360886130451
Server Offset SHM(1),-13.54,-2.04,-0.448,0.007,0.504, 1.754,8.114,,0.952,3.794,0.5546,,0.0002,µs,-5.852013475077739,69.35105195009842
TDOP,0.68,0.69,0.73,1.16,3.84, 25.63,83.45,,3.11,24.94,6.8361,,2.2633, ,7.150097946371074,79.04291536844985
Temp ZONE0,47.4,48.5,49.6,54.55,57.3, 58.4,60.05,,7.7,9.9,2.3256,,53.911,°C,10980.467817687426,245013.65407806495
nSats,11.0,11.0,13.0,14.0,16.0, 16.0,16.0,,3.0,5.0,1.0516,,14.0456,nSat,1923.6070539620957,24221.99441237116
