Name,Min,1%,5%,50%,95%,99%,Max,,90% Range,98% Range,StdDev,,Mean,Units,Skewness,Kurtosis
Local Clock Frequency Offset,8.125,8.21,8.3617,8.5206,8.6011, 8.6302,8.6729,,0.2394,0.4202,0.0891,,8.4929,ppm,838472.2536544399,79082667.08273326
Local Clock Time Offset,-14.443,-2.19,-0.365,0.002,0.563, 1.75,6.613,,0.928,3.94,0.5905,,0.0003,µs,-6.916320703128218,86.55395248995367
Local RMS Frequency Jitter,0.287,0.502,0.656,1.406,8.684, 19.256,39.907,,8.028,18.754,3.618,,2.8673,ppb,2.879601409607394,16.987783579578263
Local RMS Time Jitter,0.047,0.08,0.107,0.228,1.191, 2.304,5.91,,1.084,2.224,0.4455,,0.4,µs,3.301398799031307,21.259534924272234
Server Jitter SHM(0),0.1416,0.3671,0.598,1.4489,3.5127, 5.4379,7.8184,,2.9147,5.0708,0.9646,,1.6706,ms,4.467348948602501,17.30277221813587
Server Jitter SHM(1),0.01,0.041,0.062,0.17,1.732, 3.839,14.397,,1.67,3.798,0.734,,0.4114,µs,3.56799747649495,32.472795012564674
Server Offset SHM(0),10.2564,12.4009,13.5469,18.8271,23.9265, 25.2198,27.4796,,10.3797,12.819,3.278,,18.7472,ms,119.2511336668703,631.6232236192587
Server Offset SHM(1),-14.444,-2.191,-0.366,0.003,0.564, 1.75,6.614,,0.93,3.941,0.5909,,0.0003,µs,-6.9115251750657825,86.40430920516594
TDOP,0.63,0.67,0.74,1.18,7.33, 30.52,65.74,,6.59,29.85,6.4688,,2.8628, ,5.526368233733387,50.86690106705925
Temp ZONE0,49.6,50.15,51.25,53.45,56.2, 56.75,57.3,,4.95,6.6,1.5519,,53.6577,°C,37954.08304758777,1277732.506774128
nSats,5.0,5.0,5.0,14.0,16.0, 16.0,16.0,,11.0,11.0,2.8605,,12.9087,nSat,52.241724710840685,208.30739942989194
