Name,Min,1%,5%,50%,95%,99%,Max,,90% Range,98% Range,StdDev,,Mean,Units,Skewness,Kurtosis
Local Clock Frequency Offset,7.8796,7.9805,7.9991,8.4135,8.4862, 8.5583,8.636,,0.4872,0.5778,0.1706,,8.3289,ppm,109534.000538061,5245259.19164204
Local Clock Time Offset,-17.205,-2.069,-0.368,0.002,0.549, 1.651,7.23,,0.917,3.72,0.5761,,0.0001,µs,-7.208053203626529,97.82696863022426
Local RMS Frequency Jitter,0.269,0.482,0.643,1.43,8.396, 19.103,47.568,,7.753,18.621,3.5162,,2.8146,ppb,2.968988233145853,17.787111938157757
Local RMS Time Jitter,0.041,0.073,0.103,0.23,1.132, 2.277,7.428,,1.029,2.204,0.4356,,0.3904,µs,3.58166584964035,25.89662099886943
Server Jitter SHM(0),0.2419,0.3767,0.5861,1.422,3.6752, 5.705,9.2968,,3.0891,5.3283,1.0148,,1.6656,ms,4.2853470845761175,17.422655552144732
Server Jitter SHM(1),0.016,0.04,0.06,0.173,1.66, 3.775,17.184,,1.6,3.735,0.7134,,0.403,µs,3.769715395445922,36.65878012688778
Server Offset SHM(0),9.252,12.0575,13.3326,18.3118,23.4969, 24.7647,26.8211,,10.1643,12.7072,3.2162,,18.3053,ms,117.37292807316281,619.1855441278849
Server Offset SHM(1),-17.206,-2.07,-0.369,0.003,0.55, 1.652,7.231,,0.919,3.722,0.5765,,0.0002,µs,-7.2024976667948275,97.64381190938379
TDOP,0.59,0.59,0.73,1.03,6.33, 10.57,139.9,,5.6,9.98,9.0911,,2.4718, ,11.79694170900588,178.3562689612487
Temp ZONE0,47.4,47.95,48.5,53.45,56.75, 59.5,60.6,,8.25,11.55,2.6435,,52.9913,°C,6965.872076048872,133756.7484839747
nSats,5.0,5.0,5.0,13.0,16.0, 16.0,16.0,,11.0,11.0,2.8731,,12.61,nSat,47.6080313460219,185.13970937863044
