Name,Min,1%,5%,50%,95%,99%,Max,,90% Range,98% Range,StdDev,,Mean,Units,Skewness,Kurtosis
Local Clock Frequency Offset,7.1764,7.2829,7.3961,7.6988,7.8064, 7.8833,7.9719,,0.4103,0.6004,0.144,,7.6451,ppm,141519.40983618828,7380213.852873686
Local Clock Time Offset,-15.036,-2.275,-0.433,0.0,0.667, 1.747,7.976,,1.1,4.022,0.6103,,-0.0,µs,-7.0904017546837474,88.49087815950831
Local RMS Frequency Jitter,0.353,0.583,0.788,1.815,9.189, 19.197,41.638,,8.401,18.614,3.5826,,3.1511,ppb,3.1857603253290554,18.989729994285973
Local RMS Time Jitter,0.046,0.086,0.121,0.285,1.259, 2.232,6.063,,1.138,2.146,0.4433,,0.4422,µs,3.502365975670461,22.74793095091095
Server Jitter SHM(0),0.1398,0.4163,0.611,1.5326,3.7031, 4.947,8.0031,,3.0921,4.5307,0.9589,,1.7487,ms,4.522581776053606,15.749452260492175
Server Jitter SHM(1),0.01,0.048,0.076,0.22,1.718, 3.632,15.058,,1.642,3.584,0.7368,,0.4563,µs,3.984712629613591,37.45490512795354
Server Offset SHM(0),-27.8216,-22.0461,-19.1756,-8.8504,2.102, 5.8883,10.0916,,21.2777,27.9345,6.5726,,-8.6741,ms,-19.35958098052422,62.87459568286661
Server Offset SHM(1),-15.037,-2.276,-0.434,0.001,0.668, 1.748,7.977,,1.102,4.024,0.6107,,-0.0,µs,-7.08491427789559,88.32096227449436
Temp ZONE0,47.95,48.5,48.5,51.8,54.55, 56.2,56.75,,6.05,7.7,1.9419,,51.5307,°C,16729.79603966663,429200.76141641923
