Name,Min,1%,5%,50%,95%,99%,Max,,90% Range,98% Range,StdDev,,Mean,Units,Skewness,Kurtosis
Local Clock Frequency Offset,8.1774,8.3147,8.3926,8.7642,9.0108, 9.0313,9.1139,,0.6182,0.7166,0.1977,,8.7488,ppm,81089.33351169254,3513522.1736587537
Local Clock Time Offset,-13.631,-2.141,-0.42,0.001,0.53, 1.869,7.413,,0.95,4.01,0.5651,,0.0002,µs,-5.97678531146853,75.28894622797742
Local RMS Frequency Jitter,0.339,0.628,0.805,1.705,8.359, 17.997,39.008,,7.554,17.369,3.3026,,2.9349,ppb,3.2358960450882934,19.248995833463862
Local RMS Time Jitter,0.049,0.093,0.124,0.258,1.07, 1.976,5.45,,0.946,1.883,0.3784,,0.3924,µs,3.8161629200610303,26.29138555136568
Server Jitter SHM(0),0.1586,0.3227,0.479,1.3737,3.3052, 5.2801,7.7023,,2.8262,4.9575,0.9486,,1.5767,ms,4.09621298530261,15.956284206247846
Server Jitter SHM(1),0.021,0.049,0.075,0.209,1.605, 3.374,13.197,,1.53,3.325,0.6736,,0.4268,µs,3.899008705176741,36.08722559162062
Server Offset SHM(0),11.6357,12.6407,13.7121,18.4487,23.2975, 24.5545,26.8629,,9.5854,11.9138,3.1014,,18.2568,ms,131.42434684239433,716.9355376082531
Server Offset SHM(1),-13.632,-2.142,-0.421,0.002,0.531, 1.87,7.414,,0.952,4.012,0.5655,,0.0002,µs,-5.972857809075855,75.1343172536536
TDOP,0.7,0.71,0.77,1.21,3.55, 20.34,73.74,,2.78,19.63,6.2115,,2.2336, ,7.349966172067127,78.79564002073786
Temp ZONE0,45.75,46.85,47.95,51.25,55.1, 55.65,55.65,,7.15,8.8,2.3549,,51.5307,°C,9168.451562620421,192764.61246837096
nSats,9.0,9.0,12.0,14.0,15.0, 16.0,16.0,,3.0,7.0,1.2645,,13.5602,nSat,947.7776453513252,9484.087125618493
