Name,Min,1%,5%,50%,95%,99%,Max,,90% Range,98% Range,StdDev,,Mean,Units,Skewness,Kurtosis
Local Clock Frequency Offset,9.0004,9.1351,9.1562,9.2268,9.2787, 9.303,9.3638,,0.1225,0.1679,0.0392,,9.224,ppm,12820917.298882885,3000829290.540433
Local Clock Time Offset,-19.937,-2.11,-0.87,0.037,0.696, 1.842,12.233,,1.566,3.952,0.6963,,-0.0,µs,-6.685015821681156,96.78550878861935
Local RMS Frequency Jitter,0.463,0.996,1.644,3.09,8.849, 20.226,62.998,,7.205,19.23,3.6349,,4.0523,ppb,5.415005669173762,43.41160648523322
Local RMS Time Jitter,0.086,0.159,0.256,0.466,1.166, 2.52,11.001,,0.91,2.361,0.4683,,0.5756,µs,7.205898537372014,78.74721977322723
Server Jitter SHM(0),0.1373,0.3037,0.471,1.3341,3.3666, 5.2461,8.2436,,2.8956,4.9424,0.9567,,1.542,ms,3.9890333762549304,15.800504699520852
Server Jitter SHM(1),0.017,0.096,0.16,0.461,1.704, 3.881,20.623,,1.544,3.785,0.7644,,0.6537,µs,6.017174233439195,70.52695377647382
Server Offset SHM(0),10.7769,12.3682,13.2379,18.4935,23.018, 24.3238,26.2963,,9.7801,11.9556,3.195,,17.993,ms,113.24349239164705,590.5580742860486
Server Offset SHM(1),-19.938,-2.111,-0.871,0.038,0.697, 1.843,12.234,,1.568,3.954,0.6968,,0.0001,µs,-6.679278521174349,96.56421716307256
TDOP,0.67,0.69,0.74,1.11,4.88, 12.66,176.17,,4.14,11.97,11.4064,,2.6629, ,11.93597296732795,181.95271262062357
Temp ZONE0,52.35,53.45,54.0,55.65,58.4, 60.05,60.6,,4.4,6.6,1.2538,,55.6019,°C,81582.61269168652,3542240.265527626
nSats,5.0,9.0,11.0,14.0,16.0, 16.0,16.0,,5.0,7.0,1.6728,,13.4,nSat,364.52925558886795,2687.0183971273227
