Name,Min,1%,5%,50%,95%,99%,Max,,90% Range,98% Range,StdDev,,Mean,Units,Skewness,Kurtosis
Local Clock Frequency Offset,8.8761,9.0728,9.1023,9.2417,9.3362, 9.3708,9.4295,,0.2339,0.298,0.0693,,9.2367,ppm,2318933.909024304,306973243.580281
Local Clock Time Offset,-13.528,-2.365,-0.511,0.008,0.577, 1.932,8.397,,1.088,4.297,0.6247,,-0.0001,µs,-6.389033953343167,76.34791717013837
Local RMS Frequency Jitter,0.516,0.807,0.996,2.033,9.764, 18.435,41.851,,8.768,17.628,3.571,,3.3321,ppb,3.461479341271408,21.413697241595
Local RMS Time Jitter,0.077,0.13,0.163,0.311,1.253, 2.087,5.603,,1.09,1.957,0.4169,,0.4538,µs,4.106614636531204,27.853845852074574
Server Jitter SHM(0),0.1558,0.3572,0.5445,1.4074,4.5917, 8.1977,14.0575,,4.0472,7.8405,1.4619,,1.803,ms,3.9904089495243307,21.840174174526492
Server Jitter SHM(1),0.018,0.063,0.094,0.253,1.831, 3.784,13.18,,1.737,3.721,0.7488,,0.4964,µs,3.9628625336730745,36.09049230459544
Server Offset SHM(0),2.4771,11.1127,13.8688,19.0583,23.5998, 24.7518,26.7873,,9.731,13.6392,3.2711,,18.7516,ms,119.80114147818603,631.7392249276503
Server Offset SHM(1),-13.529,-2.366,-0.512,0.009,0.578, 1.933,8.398,,1.09,4.299,0.6252,,-0.0001,µs,-6.384742346636856,76.20579634852321
TDOP,0.7,0.71,0.75,1.08,3.31, 7.39,17.39,,2.56,6.68,1.4748,,1.4378, ,6.990207777539404,65.92978643634464
Temp ZONE0,50.7,51.8,52.35,54.55,58.4, 60.05,61.15,,6.05,8.25,1.8906,,54.8365,°C,22047.7015310567,619862.3938703603
nSats,6.0,7.0,11.0,14.0,15.0, 15.0,16.0,,4.0,8.0,1.4849,,13.3917,nSat,537.9523408013407,4474.355810994405
