Name,Min,1%,5%,50%,95%,99%,Max,,90% Range,98% Range,StdDev,,Mean,Units,Skewness,Kurtosis
Local Clock Frequency Offset,8.3854,8.5951,8.6425,8.7883,8.8514, 8.8793,8.9516,,0.2089,0.2843,0.0625,,8.7682,ppm,2709389.1200946565,377751481.03735626
Local Clock Time Offset,-16.091,-1.894,-0.546,0.009,0.584, 1.699,9.825,,1.13,3.593,0.5695,,-0.0,µs,-5.978208876196935,76.55517744468568
Local RMS Frequency Jitter,0.475,0.775,0.998,1.972,8.027, 17.446,53.451,,7.029,16.671,3.1779,,3.1195,ppb,3.8072867492048954,26.24103037588802
Local RMS Time Jitter,0.069,0.123,0.156,0.302,1.002, 1.956,7.292,,0.846,1.833,0.3587,,0.4174,µs,4.792380162565643,39.64755265386085
Server Jitter SHM(0),0.134,0.3442,0.5286,1.3757,3.432, 5.627,7.8931,,2.9034,5.2828,0.9794,,1.6032,ms,4.179026051690043,16.636576518860704
Server Jitter SHM(1),0.024,0.067,0.101,0.269,1.611, 3.321,14.859,,1.51,3.254,0.6577,,0.479,µs,4.410770859347077,44.89101399126467
Server Offset SHM(0),11.1643,12.7559,13.5057,18.41,23.3423, 24.6315,27.4435,,9.8366,11.8757,3.2044,,18.2824,ms,118.38137686129811,626.5427245219357
Server Offset SHM(1),-16.092,-1.895,-0.547,0.01,0.585, 1.7,9.826,,1.132,3.595,0.57,,0.0,µs,-5.9737417648030355,76.3751317060511
TDOP,0.7,0.72,0.78,1.24,10.41, 25.45,136.55,,9.63,24.73,9.6156,,3.3798, ,9.137212855350535,127.15080406347393
Temp ZONE0,50.7,50.7,51.25,53.45,55.1, 55.65,56.2,,3.85,4.95,1.1751,,53.505,°C,88441.19884253303,3944315.5161531824
nSats,9.0,11.0,12.0,14.0,15.0, 16.0,16.0,,3.0,5.0,1.1013,,13.5625,nSat,1482.1272321805031,17137.199973273964
