Name,Min,1%,5%,50%,95%,99%,Max,,90% Range,98% Range,StdDev,,Mean,Units,Skewness,Kurtosis
Local Clock Frequency Offset,8.4106,8.5581,8.6089,8.6353,8.6736, 8.6929,8.744,,0.0647,0.1348,0.0209,,8.6364,ppm,70139557.48257813,28926049136.367615
Local Clock Time Offset,-13.189,-2.109,-0.365,0.007,0.544, 1.564,6.331,,0.909,3.673,0.5651,,0.0002,µs,-7.294633657820535,88.34305858129163
Local RMS Frequency Jitter,0.239,0.452,0.627,1.395,8.268, 18.676,36.48,,7.641,18.224,3.4372,,2.7759,ppb,2.8910585600922425,16.90344528951708
Local RMS Time Jitter,0.037,0.073,0.105,0.23,1.124, 2.21,5.532,,1.019,2.137,0.4204,,0.3888,µs,3.275535037819555,20.224693575123183
Server Jitter SHM(0),0.1294,0.3621,0.5446,1.3724,3.6233, 5.4683,7.6854,,3.0787,5.1062,0.9922,,1.6154,ms,4.037538334490806,15.283026442298475
Server Jitter SHM(1),0.015,0.043,0.064,0.172,1.654, 3.679,13.162,,1.59,3.636,0.7063,,0.4027,µs,3.6075806369244887,32.03803413043516
Server Offset SHM(0),11.4208,13.3542,14.4041,19.2134,24.2622, 25.4748,28.1095,,9.8581,12.1206,3.1113,,19.2756,ms,155.8468604955565,893.20493493906
Server Offset SHM(1),-13.19,-2.11,-0.366,0.008,0.545, 1.565,6.332,,0.911,3.675,0.5655,,0.0003,µs,-7.28878300593319,88.18032067017633
TDOP,0.67,0.7,0.74,1.0,8.84, 50.1,81.85,,8.1,49.4,7.6308,,2.9475, ,5.242440197709923,48.73191078100003
Temp ZONE0,53.45,53.45,55.65,56.75,57.85, 58.95,59.5,,2.2,5.5,0.9347,,56.7179,°C,212731.6685075128,12706292.90266965
nSats,5.0,5.0,5.0,13.0,15.0, 15.0,16.0,,10.0,10.0,2.7313,,12.3,nSat,51.88299336707927,206.34371464950357
