Name,Min,1%,5%,50%,95%,99%,Max,,90% Range,98% Range,StdDev,,Mean,Units,Skewness,Kurtosis
Local Clock Frequency Offset,8.7018,8.8346,8.8604,9.0523,9.154, 9.1804,9.2631,,0.2935,0.3458,0.0931,,9.0388,ppm,887722.0847450157,85335414.89158326
Local Clock Time Offset,-15.413,-2.261,-0.531,0.011,0.573, 1.881,8.476,,1.104,4.142,0.6285,,-0.001,µs,-6.372222533776304,82.18238244662363
Local RMS Frequency Jitter,0.476,0.839,1.036,2.048,9.6, 18.708,49.534,,8.564,17.869,3.6085,,3.3352,ppb,3.8676453556466472,27.115245350601267
Local RMS Time Jitter,0.088,0.132,0.164,0.312,1.227, 2.109,6.236,,1.063,1.977,0.4203,,0.4557,µs,4.322359629184818,31.161592142323734
Server Jitter SHM(0),0.1577,0.3343,0.538,1.4252,3.2941, 5.146,8.3884,,2.7561,4.8117,0.9202,,1.6166,ms,4.708654534243424,19.784728899248517
Server Jitter SHM(1),0.02,0.065,0.098,0.267,1.776, 3.74,14.671,,1.678,3.675,0.7501,,0.5031,µs,4.338563560446487,42.54265837645978
Server Offset SHM(0),11.0013,12.5641,13.4658,18.745,23.5345, 24.9748,26.6715,,10.0687,12.4107,3.185,,18.4485,ms,124.43918732121776,667.3065696626488
Server Offset SHM(1),-15.414,-2.262,-0.532,0.012,0.574, 1.882,8.477,,1.106,4.144,0.629,,-0.001,µs,-6.367840635825934,82.02477841902045
TDOP,0.67,0.7,0.77,1.11,6.16, 17.19,50.9,,5.39,16.49,4.0317,,2.1443, ,7.099644585575501,80.08944509671238
Temp ZONE0,49.05,49.6,50.7,53.45,58.95, 60.05,60.6,,8.25,10.45,2.7175,,53.9633,°C,6763.467690143974,128652.56177320989
nSats,9.0,9.0,11.0,13.0,15.0, 16.0,16.0,,4.0,7.0,1.4247,,13.0875,nSat,572.999850405763,4891.883823761902
