Name,Min,1%,5%,50%,95%,99%,Max,,90% Range,98% Range,StdDev,,Mean,Units,Skewness,Kurtosis
Local Clock Frequency Offset,8.0592,8.1586,8.183,8.4496,8.5297, 8.581,8.6389,,0.3468,0.4224,0.1045,,8.4232,ppm,504110.89075303474,40133050.73680376
Local Clock Time Offset,-12.939,-2.227,-0.362,0.002,0.558, 1.678,6.406,,0.92,3.905,0.5815,,-0.0007,µs,-6.928665785910703,80.41914825182425
Local RMS Frequency Jitter,0.251,0.463,0.615,1.421,8.451, 19.108,35.837,,7.836,18.645,3.5461,,2.8451,ppb,2.7769934627946746,15.52872584577612
Local RMS Time Jitter,0.038,0.072,0.1,0.23,1.191, 2.316,5.41,,1.091,2.244,0.4374,,0.3975,µs,3.0675990764722707,18.077068153210774
Server Jitter SHM(0),0.1984,0.3523,0.5221,1.3773,3.426, 5.3656,8.7119,,2.9039,5.0133,0.9638,,1.5991,ms,4.2240593376576445,16.77582934206515
Server Jitter SHM(1),0.011,0.038,0.058,0.17,1.718, 3.825,12.938,,1.66,3.787,0.7232,,0.4076,µs,3.3740577986381863,28.970033540359783
Server Offset SHM(0),11.3294,12.8907,14.3192,19.2558,24.3662, 25.5773,27.6992,,10.047,12.6866,3.2445,,19.2627,ms,135.15680920130586,742.6665915462216
Server Offset SHM(1),-12.94,-2.228,-0.363,0.003,0.559, 1.679,6.407,,0.922,3.907,0.5819,,-0.0007,µs,-6.92384595646559,80.28176717097143
TDOP,0.61,0.64,0.76,1.4,7.82, 41.91,157.92,,7.06,41.27,11.2477,,3.2065, ,8.921233568302071,121.87218667823836
Temp ZONE0,48.5,49.6,50.15,54.0,57.85, 58.95,59.5,,7.7,9.35,2.1145,,54.1054,°C,14939.270598107207,369130.466289203
nSats,5.0,5.0,5.0,13.0,16.0, 16.0,16.0,,11.0,11.0,3.7009,,11.8917,nSat,16.475481078591063,46.9374470958974
