Name,Min,1%,5%,50%,95%,99%,Max,,90% Range,98% Range,StdDev,,Mean,Units,Skewness,Kurtosis
Local Clock Frequency Offset,8.8829,9.1066,9.129,9.1605,9.1932, 9.2071,9.257,,0.0642,0.1005,0.0205,,9.161,ppm,88408158.78445907,39384695791.9113
Local Clock Time Offset,-21.949,-2.125,-0.516,0.016,0.526, 1.72,12.155,,1.042,3.845,0.6142,,-0.0001,µs,-7.669251523449605,149.30163662148675
Local RMS Frequency Jitter,0.375,0.795,0.995,1.937,8.373, 18.795,69.02,,7.378,18.0,3.6258,,3.1476,ppb,4.733033437168968,45.15373243327549
Local RMS Time Jitter,0.066,0.131,0.163,0.312,1.1, 2.212,10.371,,0.937,2.081,0.4368,,0.4457,µs,5.9458676916448105,68.19850965356224
Server Jitter SHM(0),0.1173,0.3157,0.4961,1.3755,3.4973, 5.2899,9.1724,,3.0012,4.9741,0.9871,,1.6026,ms,3.912407497709238,14.928066071931086
Server Jitter SHM(1),0.027,0.068,0.104,0.267,1.623, 3.715,20.357,,1.519,3.647,0.7418,,0.4845,µs,5.7667202485892295,78.6071498455211
Server Offset SHM(0),10.2522,12.1648,13.6766,18.2099,23.1016, 24.542,26.5611,,9.4249,12.3772,3.0639,,18.0595,ms,131.9958371607613,721.1702956269601
Server Offset SHM(1),-21.95,-2.126,-0.517,0.017,0.527, 1.721,12.156,,1.044,3.847,0.6146,,-0.0001,µs,-7.662075214059925,148.96704889629513
TDOP,0.67,0.7,0.74,1.08,19.64, 64.47,93.91,,18.9,63.77,11.2812,,4.062, ,2.837167957324954,20.397791134664065
Temp ZONE0,54.0,54.55,55.1,56.75,59.5, 60.6,60.6,,4.4,6.05,1.2516,,56.75,°C,87322.04946258802,3878092.1744794655
nSats,9.0,10.0,11.0,14.0,15.0, 16.0,16.0,,4.0,6.0,1.2764,,13.3776,nSat,879.9390010062381,8596.6988068666
