Name,Min,1%,5%,50%,95%,99%,Max,,90% Range,98% Range,StdDev,,Mean,Units,Skewness,Kurtosis
Local Clock Frequency Offset,7.9328,8.0629,8.0916,8.1786,8.2876, 8.3165,8.3859,,0.196,0.2535,0.058,,8.1793,ppm,2748937.09125797,385121212.9976437
Local Clock Time Offset,-14.983,-2.218,-0.469,0.003,0.536, 1.829,9.402,,1.005,4.047,0.5672,,0.0003,µs,-5.915964138541024,71.76804164462635
Local RMS Frequency Jitter,0.395,0.626,0.806,1.763,8.829, 16.716,50.245,,8.023,16.09,3.2656,,3.0001,ppb,3.2798861177874246,21.876015692408636
Local RMS Time Jitter,0.056,0.097,0.126,0.263,1.072, 1.926,6.499,,0.946,1.829,0.377,,0.3995,µs,3.7404644654743366,26.11366142792718
Server Jitter SHM(0),0.1233,0.3321,0.4989,1.3886,3.5658, 5.4567,8.3522,,3.0669,5.1246,1.0002,,1.6097,ms,3.939925502848284,15.122925923389928
Server Jitter SHM(1),0.014,0.044,0.068,0.212,1.716, 3.318,14.507,,1.648,3.274,0.6809,,0.4423,µs,3.705934032709133,35.914489882105386
Server Offset SHM(0),8.63,11.1012,12.9561,18.309,23.4498, 25.152,28.6811,,10.4937,14.0508,3.363,,18.2349,ms,99.71535266976485,501.39945985631283
Server Offset SHM(1),-14.984,-2.219,-0.47,0.004,0.537, 1.83,9.403,,1.007,4.049,0.5676,,0.0003,µs,-5.912224317655794,71.62573289503075
TDOP,0.71,0.72,0.76,1.01,2.11, 4.9,12.77,,1.35,4.18,0.982,,1.2503, ,8.814046533368803,93.98390800276329
Temp ZONE0,50.15,50.15,50.7,52.9,54.55, 55.65,56.2,,3.85,5.5,1.1414,,52.8384,°C,93043.70735705296,4220261.700886296
nSats,11.0,11.0,12.0,14.0,16.0, 16.0,16.0,,4.0,5.0,1.1167,,13.7552,nSat,1483.42479753753,17174.127016719944
