Name,Min,1%,5%,50%,95%,99%,Max,,90% Range,98% Range,StdDev,,Mean,Units,Skewness,Kurtosis
Local Clock Frequency Offset,7.5273,7.6727,7.7313,7.96,8.0559, 8.0703,8.146,,0.3246,0.3977,0.1072,,7.9272,ppm,388528.6154774899,28361230.257070497
Local Clock Time Offset,-14.034,-2.182,-0.391,0.001,0.485, 1.765,7.157,,0.876,3.947,0.5503,,0.0002,µs,-6.370101099094896,74.61222763584816
Local RMS Frequency Jitter,0.275,0.5,0.655,1.565,8.636, 17.051,39.431,,7.981,16.551,3.253,,2.8154,ppb,2.8804247304972312,16.41941228546378
Local RMS Time Jitter,0.039,0.078,0.102,0.233,1.052, 1.944,5.978,,0.95,1.866,0.3826,,0.3736,µs,3.4367150903418433,23.038396334522197
Server Jitter SHM(0),0.1705,0.3346,0.4846,1.3397,3.6267, 5.5626,8.2061,,3.142,5.228,1.0109,,1.5867,ms,3.7614277946555488,14.180410650242369
Server Jitter SHM(1),0.004,0.034,0.051,0.167,1.643, 3.304,13.652,,1.592,3.27,0.6752,,0.3997,µs,3.252545701353077,28.01470056632606
Server Offset SHM(0),10.4878,11.6454,12.813,17.9845,22.3569, 24.0194,26.0294,,9.5439,12.374,3.0616,,17.6844,ms,123.24137384883664,658.5247820707109
Server Offset SHM(1),-14.035,-2.183,-0.392,0.002,0.486, 1.766,7.158,,0.878,3.949,0.5507,,0.0002,µs,-6.365837672322037,74.4745560814539
TDOP,0.65,0.67,0.71,1.09,2.52, 3.73,14.09,,1.81,3.06,1.139,,1.3371, ,8.316694523413187,85.08750946880826
Temp ZONE0,49.05,49.05,50.15,53.45,55.65, 56.2,56.75,,5.5,7.15,1.7088,,53.0787,°C,27258.53101776926,822151.2509239875
nSats,11.0,11.0,11.0,14.0,15.0, 16.0,16.0,,4.0,5.0,1.3019,,13.5708,nSat,864.7389382165944,8405.896179501704
