Name,Min,1%,5%,50%,95%,99%,Max,,90% Range,98% Range,StdDev,,Mean,Units,Skewness,Kurtosis
Local Clock Frequency Offset,8.5851,8.7091,8.7415,8.8026,8.8605, 8.899,8.9618,,0.119,0.19,0.0371,,8.8034,ppm,13161720.404965693,3107652550.575771
Local Clock Time Offset,-11.041,-1.931,-0.513,0.004,0.586, 1.775,7.136,,1.099,3.706,0.5646,,0.0001,µs,-5.329038348904444,56.511057298846445
Local RMS Frequency Jitter,0.324,0.663,0.859,1.801,8.205, 17.963,37.612,,7.346,17.3,3.2224,,3.0172,ppb,3.227415425821968,17.92194049820574
Local RMS Time Jitter,0.057,0.105,0.137,0.272,0.982, 2.034,4.89,,0.845,1.929,0.3602,,0.395,µs,3.9831920905351326,24.693740429328454
Server Jitter SHM(0),0.1563,0.3375,0.5127,1.3832,3.3843, 5.1844,7.3245,,2.8715,4.8469,0.9383,,1.5822,ms,4.290362326968353,16.807128852450802
Server Jitter SHM(1),0.015,0.054,0.083,0.236,1.638, 3.414,10.677,,1.555,3.36,0.6647,,0.4571,µs,3.6951028936610126,30.38664813905394
Server Offset SHM(0),12.2635,13.3763,14.1296,19.2192,23.4264, 24.7067,27.5147,,9.2968,11.3304,3.0562,,18.7586,ms,151.03456496866337,856.9338926395459
Server Offset SHM(1),-11.042,-1.932,-0.514,0.005,0.587, 1.776,7.137,,1.101,3.708,0.565,,0.0001,µs,-5.326195044050059,56.39721573256488
TDOP,0.62,0.62,0.75,1.11,8.97, 12.8,34.17,,8.22,12.18,3.6697,,2.2381, ,4.604547729766372,38.24283526384114
Temp ZONE0,50.7,51.25,52.35,53.45,54.55, 55.65,56.2,,2.2,4.4,0.848,,53.4135,°C,238350.92930584442,14785926.869503818
nSats,10.0,11.0,11.0,14.0,16.0, 16.0,16.0,,5.0,5.0,1.325,,13.5685,nSat,816.5488108684067,7800.79516548876
