Name,Min,1%,5%,50%,95%,99%,Max,,90% Range,98% Range,StdDev,,Mean,Units,Skewness,Kurtosis
Local Clock Frequency Offset,8.3362,8.4898,8.5235,8.5489,8.5786, 8.5828,8.6142,,0.0551,0.093,0.0198,,8.548,ppm,80402601.6732877,34702820740.06841
Local Clock Time Offset,-14.932,-2.214,-0.396,0.01,0.564, 1.572,7.547,,0.96,3.786,0.5944,,-0.0001,µs,-7.921646908609436,104.66239393478098
Local RMS Frequency Jitter,0.306,0.578,0.737,1.522,8.557, 19.274,41.245,,7.82,18.696,3.5952,,2.9435,ppb,3.13032378588382,19.1748896503652
Local RMS Time Jitter,0.047,0.088,0.117,0.241,1.188, 2.48,6.202,,1.071,2.392,0.4628,,0.4139,µs,3.566666496761997,23.678075958699207
Server Jitter SHM(0),0.2002,0.4181,0.6244,1.5053,3.859, 5.6099,7.5934,,3.2346,5.1918,1.0278,,1.7602,ms,4.30321340425354,15.826471225195608
Server Jitter SHM(1),0.016,0.044,0.069,0.188,1.7, 3.908,14.914,,1.631,3.864,0.7423,,0.4282,µs,3.931584667540434,38.06958306280018
Server Offset SHM(0),11.179,12.1674,13.0741,18.266,23.9734, 25.2609,26.943,,10.8993,13.0935,3.3657,,18.4497,ms,103.55390204593037,527.695349509784
Server Offset SHM(1),-14.933,-2.215,-0.397,0.011,0.565, 1.573,7.548,,0.962,3.788,0.5948,,0.0,µs,-7.914869889294709,104.46514464302405
TDOP,0.65,0.68,0.73,1.14,8.63, 31.65,65.91,,7.9,30.97,6.2392,,2.8293, ,4.869906499993255,43.56776205783394
Temp ZONE0,54.55,55.65,56.75,57.85,60.05, 60.6,67.2,,3.3,4.95,1.2119,,58.1571,°C,103897.57191313259,4888979.590573257
nSats,5.0,5.0,5.0,13.0,15.0, 16.0,16.0,,10.0,11.0,2.9618,,11.95,nSat,35.810816669786604,128.66470142881803
