Name,Min,1%,5%,50%,95%,99%,Max,,90% Range,98% Range,StdDev,,Mean,Units,Skewness,Kurtosis
Local Clock Frequency Offset,8.705,8.8701,8.9161,9.0465,9.1034, 9.12,9.1581,,0.1873,0.2499,0.0541,,9.0321,ppm,4579551.928716713,760551352.3921645
Local Clock Time Offset,-28.019,-2.076,-0.497,0.011,0.532, 1.758,12.419,,1.029,3.834,0.5975,,0.0004,µs,-8.4334182255939,206.61491015817424
Local RMS Frequency Jitter,0.395,0.717,0.92,1.887,8.439, 18.371,77.407,,7.519,17.654,3.5023,,3.0915,ppb,4.718547240791273,51.244603447089894
Local RMS Time Jitter,0.043,0.114,0.149,0.293,1.084, 2.071,14.26,,0.935,1.957,0.445,,0.4268,µs,8.021507685180842,146.22966397331018
Server Jitter SHM(0),0.2173,0.3818,0.5498,1.4569,3.4032, 5.3158,8.4017,,2.8534,4.9341,0.9648,,1.6618,ms,4.441919650543833,17.80528472378887
Server Jitter SHM(1),0.018,0.057,0.09,0.247,1.616, 3.582,28.042,,1.526,3.525,0.7212,,0.467,µs,5.971096890994658,106.49592703659087
Server Offset SHM(0),12.213,13.6785,14.4286,19.5514,24.2164, 25.5899,26.6716,,9.7878,11.9114,3.1559,,19.1341,ms,145.04755673515047,814.3372639170115
Server Offset SHM(1),-28.02,-2.077,-0.498,0.012,0.533, 1.759,12.42,,1.031,3.836,0.598,,0.0004,µs,-8.424509361397554,206.11323881835276
TDOP,0.64,0.67,0.71,1.01,11.84, 21.86,58.89,,11.13,21.19,5.258,,2.4907, ,4.730274125126285,47.57402896275564
Temp ZONE0,52.35,52.35,53.45,56.75,59.5, 60.6,62.25,,6.05,8.25,1.8649,,56.5804,°C,25345.420917111092,746217.0485556745
nSats,8.0,10.0,11.0,13.0,16.0, 16.0,16.0,,5.0,6.0,1.3441,,13.4,nSat,748.3221788861024,6952.403812597591
