Name,Min,1%,5%,50%,95%,99%,Max,,90% Range,98% Range,StdDev,,Mean,Units,Skewness,Kurtosis
Local Clock Frequency Offset,8.9889,9.1167,9.1645,9.2093,9.2359, 9.2489,9.304,,0.0714,0.1322,0.0237,,9.2055,ppm,58394896.91621301,22655428079.108818
Local Clock Time Offset,-18.635,-2.05,-0.589,0.02,0.576, 1.716,9.273,,1.165,3.766,0.6109,,-0.0003,µs,-6.786649777589307,101.98214709865042
Local RMS Frequency Jitter,0.569,0.985,1.23,2.261,8.27, 18.777,55.143,,7.04,17.792,3.397,,3.3583,ppb,4.526418026594033,34.0131026716823
Local RMS Time Jitter,0.094,0.159,0.199,0.36,1.09, 2.222,8.323,,0.891,2.063,0.4103,,0.4778,µs,5.867847885914082,56.34989894166273
Server Jitter SHM(0),0.1407,0.3852,0.5469,1.4481,3.537, 5.5649,8.5392,,2.9901,5.1797,0.9882,,1.6688,ms,4.294602128531058,16.85782878461286
Server Jitter SHM(1),0.035,0.089,0.133,0.323,1.568, 3.663,17.424,,1.435,3.574,0.7066,,0.5265,µs,5.361276041595382,59.53489105907762
Server Offset SHM(0),8.1779,12.0052,13.6155,18.6611,23.4937, 25.0803,27.2968,,9.8781,13.0751,3.197,,18.3736,ms,121.21027343953135,645.1229816388045
Server Offset SHM(1),-18.636,-2.051,-0.59,0.021,0.577, 1.717,9.274,,1.167,3.768,0.6114,,-0.0003,µs,-6.780554403016088,101.73835160163664
TDOP,0.63,0.66,0.72,0.98,7.13, 27.39,136.94,,6.41,26.73,9.3731,,2.4849, ,9.963582527971365,143.69472929576185
Temp ZONE0,53.45,54.55,55.65,57.3,60.6, 61.7,62.8,,4.95,7.15,1.3819,,57.4123,°C,66785.33908033196,2713005.2740057125
nSats,4.0,10.0,12.0,13.0,16.0, 16.0,16.0,,4.0,6.0,1.5309,,13.5792,nSat,509.1164087024962,4161.386947079059
