Name,Min,1%,5%,50%,95%,99%,Max,,90% Range,98% Range,StdDev,,Mean,Units,Skewness,Kurtosis
Local Clock Frequency Offset,9.0004,9.1387,9.1591,9.2298,9.2792, 9.3051,9.3638,,0.12,0.1664,0.0375,,9.2275,ppm,14715914.05099413,3606318550.3517413
Local Clock Time Offset,-19.937,-2.098,-0.822,0.031,0.676, 1.813,12.233,,1.498,3.911,0.6811,,-0.0002,µs,-6.714015969100732,100.22514143813204
Local RMS Frequency Jitter,0.463,0.838,1.226,2.962,8.779, 20.002,62.998,,7.553,19.164,3.6415,,3.8858,ppb,5.118952245703715,40.875334237320516
Local RMS Time Jitter,0.084,0.137,0.201,0.448,1.151, 2.477,11.001,,0.95,2.34,0.466,,0.5516,µs,6.908581057743234,76.16383040309432
Server Jitter SHM(0),0.1373,0.3167,0.4983,1.3594,3.3896, 5.2052,8.2436,,2.8914,4.8885,0.9439,,1.5687,ms,4.1566269092188755,16.215179113455473
Server Jitter SHM(1),0.017,0.084,0.134,0.426,1.674, 3.853,20.623,,1.54,3.769,0.7617,,0.6221,µs,5.809245013015354,68.26112523628234
Server Offset SHM(0),11.3028,12.395,13.345,18.447,23.0558, 24.3215,26.2963,,9.7108,11.9265,3.1489,,18.1071,ms,121.42676091824677,646.2268506196016
Server Offset SHM(1),-19.938,-2.099,-0.823,0.032,0.677, 1.814,12.234,,1.5,3.913,0.6816,,-0.0001,µs,-6.7082834593686735,99.99738586264402
TDOP,0.67,0.69,0.75,1.12,5.88, 20.63,176.17,,5.13,19.94,11.6159,,3.0526, ,11.272165475825222,168.3699590202146
Temp ZONE0,52.35,53.45,54.0,55.65,58.4, 60.05,60.6,,4.4,6.6,1.3233,,55.6225,°C,69206.74498899712,2844903.084573032
nSats,9.0,10.0,11.0,14.0,16.0, 16.0,16.0,,5.0,6.0,1.5757,,13.5208,nSat,457.97105129387444,3636.975004074872
