Name,Min,1%,5%,50%,95%,99%,Max,,90% Range,98% Range,StdDev,,Mean,Units,Skewness,Kurtosis
Local Clock Frequency Offset,7.1165,7.2357,7.5052,7.6437,7.7451, 7.8316,7.9115,,0.2399,0.596,0.0941,,7.6378,ppm,515997.6156982879,41399413.28984002
Local Clock Time Offset,-14.042,-2.337,-0.417,0.001,0.637, 1.737,8.464,,1.054,4.074,0.6027,,-0.0001,µs,-7.065445546966095,88.82282378349547
Local RMS Frequency Jitter,0.291,0.551,0.763,1.803,9.165, 18.359,41.762,,8.402,17.808,3.5312,,3.1193,ppb,3.2199073052957567,19.935580415319695
Local RMS Time Jitter,0.049,0.087,0.121,0.285,1.274, 2.153,5.748,,1.153,2.066,0.4369,,0.4439,µs,3.3431603404984935,20.71468311718969
Server Jitter SHM(0),0.2057,0.4074,0.5948,1.4473,3.4808, 5.0404,8.3355,,2.886,4.633,0.9472,,1.6763,ms,4.531211143107644,17.480921009233743
Server Jitter SHM(1),0.012,0.048,0.072,0.214,1.707, 3.631,14.025,,1.635,3.583,0.7289,,0.4503,µs,3.9675808238431816,37.776545593643846
Server Offset SHM(0),-23.2558,-20.6374,-18.373,-11.0811,-0.8938, 5.8465,8.9416,,17.4791,26.4839,5.4013,,-10.6505,ms,-34.54559187405658,127.09418226628958
Server Offset SHM(1),-14.043,-2.338,-0.418,0.002,0.638, 1.738,8.465,,1.056,4.076,0.6031,,-0.0001,µs,-7.060025731238386,88.65289734168118
Temp ZONE0,46.3,47.4,49.6,51.25,54.0, 55.65,56.75,,4.4,8.25,1.414,,51.4318,°C,44366.237967569265,1573142.0841787562
