Name,Min,1%,5%,50%,95%,99%,Max,,90% Range,98% Range,StdDev,,Mean,Units,Skewness,Kurtosis
Local Clock Frequency Offset,7.7554,7.8848,7.9309,8.0336,8.1192, 8.1504,8.2229,,0.1883,0.2656,0.0606,,8.0325,ppm,2275129.4237923436,299266578.5693346
Local Clock Time Offset,-10.453,-2.235,-0.397,0.0,0.48, 1.855,6.481,,0.877,4.09,0.5487,,0.0004,µs,-5.657802856520662,57.14712818319515
Local RMS Frequency Jitter,0.3,0.527,0.679,1.594,8.686, 17.14,31.128,,8.007,16.613,3.2037,,2.8524,ppb,2.6807865947233016,13.560190920712774
Local RMS Time Jitter,0.044,0.082,0.106,0.238,1.048, 1.884,4.8,,0.942,1.802,0.3687,,0.3775,µs,3.166417736217539,18.40586112963746
Server Jitter SHM(0),0.1631,0.3671,0.5603,1.3471,3.416, 5.5077,8.7958,,2.8556,5.1406,0.9682,,1.5845,ms,4.256506160333366,17.355026923003525
Server Jitter SHM(1),0.009,0.037,0.056,0.174,1.696, 3.342,10.533,,1.64,3.305,0.6676,,0.407,µs,2.9866860292874584,22.640846912329483
Server Offset SHM(0),11.8768,13.1093,14.059,19.3986,24.0333, 25.1291,26.9251,,9.9743,12.0198,3.1285,,19.0334,ms,146.61461131115104,824.3433386894785
Server Offset SHM(1),-10.454,-2.236,-0.398,-0.0,0.481, 1.856,6.482,,0.879,4.092,0.5491,,0.0004,µs,-5.654826398667656,57.04824733038975
TDOP,0.67,0.7,0.78,1.28,14.5, 42.2,120.67,,13.72,41.5,10.4434,,4.2777, ,5.71615196454122,59.77823467855791
Temp ZONE0,49.6,49.6,50.7,51.8,54.0, 54.55,54.55,,3.3,4.95,0.9601,,52.0177,°C,150536.40907361874,8013646.275559385
nSats,9.0,9.0,10.0,13.0,15.0, 16.0,16.0,,5.0,7.0,1.4617,,12.9708,nSat,511.3331317185338,4205.408984882224
