Name,Min,1%,5%,50%,95%,99%,Max,,90% Range,98% Range,StdDev,,Mean,Units,Skewness,Kurtosis
Local Clock Frequency Offset,7.7903,7.9174,7.9703,8.2397,8.3581, 8.4112,8.4451,,0.3878,0.4937,0.1049,,8.2251,ppm,463806.81672175496,35913558.58342772
Local Clock Time Offset,-22.671,-2.192,-0.484,0.006,0.553, 1.783,10.626,,1.037,3.975,0.5979,,-0.001,µs,-7.944080303819293,165.23151712221616
Local RMS Frequency Jitter,0.43,0.683,0.862,1.862,8.831, 17.13,63.178,,7.969,16.447,3.4924,,3.1068,ppb,4.458991995693846,43.60226260560729
Local RMS Time Jitter,0.061,0.107,0.134,0.276,1.064, 1.993,10.108,,0.93,1.886,0.4256,,0.4141,µs,6.107993625474466,78.13226995336063
Server Jitter SHM(0),0.205,0.39,0.5813,1.4423,3.5411, 5.5606,7.9664,,2.9598,5.1706,0.9886,,1.6797,ms,4.409287321077121,17.379358562310866
Server Jitter SHM(1),0.015,0.049,0.075,0.228,1.71, 3.36,22.221,,1.635,3.311,0.7232,,0.4599,µs,5.391641974582771,81.57032666611651
Server Offset SHM(0),9.6137,11.1181,12.3837,17.4,22.309, 23.752,26.7459,,9.9253,12.6338,3.1581,,17.4231,ms,105.70447394194812,540.6332517135698
Server Offset SHM(1),-22.672,-2.193,-0.485,0.007,0.554, 1.784,10.627,,1.039,3.977,0.5983,,-0.0009,µs,-7.936554049859261,164.8585514033414
TDOP,0.63,0.64,0.72,1.04,10.39, 18.54,50.74,,9.67,17.9,4.698,,2.7096, ,4.234827972078898,40.6884865901419
Temp ZONE0,47.95,49.05,49.6,52.9,55.65, 56.2,57.3,,6.05,7.15,1.6272,,52.8175,°C,31231.157790764762,985477.0423511738
nSats,10.0,11.0,12.0,14.0,16.0, 16.0,16.0,,4.0,5.0,1.1371,,14.0833,nSat,1509.1944025735859,17551.398034460497
