Name,Min,1%,5%,50%,95%,99%,Max,,90% Range,98% Range,StdDev,,Mean,Units,Skewness,Kurtosis
Local Clock Frequency Offset,8.151,8.3015,8.3545,8.5029,8.5571, 8.5962,8.6406,,0.2026,0.2946,0.0613,,8.4872,ppm,2601735.675055394,357873555.5837239
Local Clock Time Offset,-12.578,-2.203,-0.372,0.002,0.584, 1.689,6.955,,0.956,3.892,0.5861,,0.0006,µs,-6.611684805828848,77.75033638504628
Local RMS Frequency Jitter,0.249,0.505,0.656,1.473,8.447, 19.19,36.937,,7.791,18.685,3.5438,,2.9047,ppb,2.8916498751007,16.56241723725695
Local RMS Time Jitter,0.037,0.081,0.111,0.238,1.135, 2.325,5.482,,1.024,2.244,0.4328,,0.4022,µs,3.3188417858278494,20.267467854719445
Server Jitter SHM(0),0.1858,0.3659,0.5573,1.4942,3.6316, 5.6227,9.0274,,3.0743,5.2568,1.0179,,1.7203,ms,4.3189273037833775,17.240849132529043
Server Jitter SHM(1),0.017,0.041,0.063,0.176,1.736, 3.783,12.579,,1.673,3.742,0.7241,,0.4166,µs,3.511731666361685,30.627548897917453
Server Offset SHM(0),9.3065,12.4227,13.7529,19.0477,23.9369, 25.1339,26.7088,,10.1839,12.7112,3.2886,,18.6815,ms,116.57451670333103,613.1032484131721
Server Offset SHM(1),-12.579,-2.204,-0.373,0.003,0.585, 1.69,6.956,,0.958,3.894,0.5865,,0.0006,µs,-6.607299230251083,77.61595711225743
TDOP,0.59,0.61,0.73,1.04,6.62, 23.58,43.89,,5.89,22.97,4.2688,,2.4374, ,4.878787520843017,41.149395163013324
Temp ZONE0,49.05,50.15,51.8,54.0,55.1, 55.65,56.2,,3.3,5.5,1.1701,,53.6562,°C,90388.16360618976,4060405.648304208
nSats,5.0,5.0,5.0,14.0,15.0, 16.0,16.0,,10.0,11.0,2.9568,,12.7208,nSat,44.028363935443956,164.73390347818633
