Name,Min,1%,5%,50%,95%,99%,Max,,90% Range,98% Range,StdDev,,Mean,Units,Skewness,Kurtosis
Local Clock Frequency Offset,7.7892,7.9094,7.9479,8.1082,8.3165, 8.3374,8.3936,,0.3687,0.428,0.1048,,8.1202,ppm,447839.4362500927,34275094.819898345
Local Clock Time Offset,-13.276,-2.245,-0.452,0.006,0.518, 1.815,7.007,,0.97,4.06,0.5626,,0.0004,µs,-6.175105047044671,69.34321150400811
Local RMS Frequency Jitter,0.343,0.648,0.827,1.772,8.747, 16.816,36.69,,7.92,16.168,3.2123,,3.0044,ppb,3.049084715856527,17.178998446588025
Local RMS Time Jitter,0.058,0.099,0.127,0.262,1.066, 1.914,6.922,,0.939,1.815,0.3788,,0.3986,µs,3.8472115220024907,28.13530337990409
Server Jitter SHM(0),0.1011,0.3114,0.498,1.3837,3.5699, 5.7111,8.3979,,3.0719,5.3997,1.0196,,1.6163,ms,3.9960028862406483,15.990793146046377
Server Jitter SHM(1),0.016,0.045,0.068,0.211,1.711, 3.344,13.257,,1.643,3.299,0.674,,0.439,µs,3.427476278051474,29.418410578109093
Server Offset SHM(0),11.6806,12.4404,13.239,18.3114,23.2747, 25.1275,27.4177,,10.0357,12.6872,3.2206,,18.1514,ms,113.65549650958373,594.852333891701
Server Offset SHM(1),-13.277,-2.246,-0.453,0.007,0.519, 1.816,7.008,,0.972,4.062,0.563,,0.0004,µs,-6.170809798526494,69.2066098015716
TDOP,0.7,0.76,0.81,1.22,8.57, 43.33,61.59,,7.76,42.57,6.1139,,2.6043, ,5.115361138004901,44.30867282820426
Temp ZONE0,49.05,49.6,50.15,52.35,58.4, 60.05,60.6,,8.25,10.45,2.579,,53.0054,°C,7534.65187635725,148541.5255258548
nSats,9.0,9.0,11.0,14.0,15.0, 16.0,16.0,,4.0,7.0,1.3142,,13.6208,nSat,848.2682617367228,8182.148915371872
