Name,Min,1%,5%,50%,95%,99%,Max,,90% Range,98% Range,StdDev,,Mean,Units,Skewness,Kurtosis
Local Clock Frequency Offset,8.2998,8.4267,8.4778,8.9521,9.0234, 9.0447,9.1096,,0.5456,0.618,0.1702,,8.8718,ppm,133834.8045761214,6850862.08142314
Local Clock Time Offset,-17.831,-2.051,-0.452,0.005,0.506, 1.769,7.25,,0.958,3.82,0.561,,0.0003,µs,-6.422411178555644,89.63342114711688
Local RMS Frequency Jitter,0.359,0.654,0.828,1.759,8.139, 18.089,50.067,,7.311,17.435,3.2748,,2.9181,ppb,3.488743279575613,22.52204714570263
Local RMS Time Jitter,0.052,0.101,0.13,0.27,1.049, 1.948,7.588,,0.919,1.847,0.3738,,0.3948,µs,4.333205701208925,36.411629232469835
Server Jitter SHM(0),0.1733,0.3565,0.5383,1.3579,3.2975, 5.1543,7.0339,,2.7592,4.7978,0.9098,,1.557,ms,4.477381489000168,17.704577496874446
Server Jitter SHM(1),0.014,0.049,0.077,0.221,1.522, 3.518,17.371,,1.445,3.469,0.669,,0.4314,µs,4.2247310030020175,43.04376510931951
Server Offset SHM(0),11.3043,12.7735,13.9935,18.9741,23.5672, 24.6725,26.4169,,9.5737,11.899,3.0763,,18.8106,ms,149.08246357405875,842.1387414725118
Server Offset SHM(1),-17.832,-2.052,-0.453,0.006,0.507, 1.77,7.25,,0.96,3.822,0.5614,,0.0003,µs,-6.417477830155119,89.4376385947022
TDOP,0.65,0.67,0.71,1.14,6.66, 25.63,86.72,,5.95,24.96,6.3655,,2.38, ,8.273674494527823,107.14030707443875
Temp ZONE0,47.4,47.95,49.05,54.0,56.2, 58.4,58.4,,7.15,10.45,2.3353,,53.3793,°C,10506.935459140619,231047.50721101812
nSats,11.0,11.0,12.0,14.0,16.0, 16.0,16.0,,4.0,5.0,1.1051,,13.917,nSat,1592.892018273087,18873.604851451044
