Name,Min,1%,5%,50%,95%,99%,Max,,90% Range,98% Range,StdDev,,Mean,Units,Skewness,Kurtosis
Local Clock Frequency Offset,8.5846,8.6761,8.7383,8.8907,8.9818, 9.0186,9.0751,,0.2435,0.3425,0.0768,,8.8823,ppm,1506242.0005662811,172686599.33694348
Local Clock Time Offset,-11.908,-2.102,-0.425,0.003,0.518, 1.799,8.012,,0.943,3.901,0.5661,,0.0002,µs,-5.94257801665716,72.51797450123719
Local RMS Frequency Jitter,0.334,0.588,0.774,1.663,8.327, 18.132,38.377,,7.553,17.544,3.3385,,2.9055,ppb,3.2242907226103044,19.067284241422755
Local RMS Time Jitter,0.047,0.094,0.123,0.253,1.072, 2.023,5.24,,0.949,1.929,0.3822,,0.3905,µs,3.735342865047325,24.502312076296672
Server Jitter SHM(0),0.1311,0.3507,0.5231,1.3337,3.4065, 5.4517,8.7339,,2.8834,5.101,0.9603,,1.5634,ms,4.256816903746686,17.68630779688351
Server Jitter SHM(1),0.009,0.046,0.071,0.203,1.588, 3.457,11.53,,1.517,3.411,0.6848,,0.4256,µs,3.902663007217031,35.29707221840163
Server Offset SHM(0),11.9059,13.1634,14.0308,19.2555,24.4446, 25.5898,27.3528,,10.4138,12.4264,3.244,,19.269,ms,135.37787800179686,744.2521753705902
Server Offset SHM(1),-11.909,-2.103,-0.426,0.004,0.519, 1.8,8.013,,0.945,3.903,0.5665,,0.0003,µs,-5.9388019211379675,72.37633387180199
TDOP,0.62,0.62,0.74,1.1,2.79, 4.72,5.65,,2.05,4.1,0.7806,,1.3579, ,5.3623744954626655,24.25220379101072
Temp ZONE0,49.6,50.15,50.7,53.45,55.65, 56.2,56.2,,4.95,6.05,1.35,,53.2766,°C,57018.899277415236,2197554.8412912497
nSats,10.0,11.0,12.0,13.0,15.0, 16.0,16.0,,3.0,5.0,1.0468,,13.3402,nSat,1654.5806305745095,19840.711791697744
