Name,Min,1%,5%,50%,95%,99%,Max,,90% Range,98% Range,StdDev,,Mean,Units,Skewness,Kurtosis
Local Clock Frequency Offset,7.7644,7.8754,7.8991,8.0032,8.0927, 8.1188,8.1685,,0.1936,0.2433,0.0585,,8.003,ppm,2505192.187723558,340278927.20978314
Local Clock Time Offset,-11.676,-2.173,-0.402,0.001,0.467, 1.787,7.278,,0.869,3.96,0.5457,,-0.0001,µs,-5.910653737036073,69.53406605621949
Local RMS Frequency Jitter,0.249,0.496,0.651,1.561,8.608, 16.772,35.769,,7.957,16.276,3.2322,,2.7842,ppb,2.957486950842888,17.340562359144847
Local RMS Time Jitter,0.04,0.077,0.103,0.237,1.04, 1.905,5.404,,0.937,1.828,0.3822,,0.3724,µs,3.7361513476930277,26.986299860115544
Server Jitter SHM(0),0.1694,0.3462,0.5307,1.4627,5.13, 9.8664,17.3519,,4.5993,9.5202,1.6962,,1.9834,ms,3.438748762551054,17.383167275310512
Server Jitter SHM(1),0.011,0.036,0.055,0.174,1.645, 3.304,11.385,,1.59,3.268,0.6692,,0.4028,µs,3.381342965060445,29.422081008726412
Server Offset SHM(0),3.8044,10.9232,13.2601,18.3152,23.1842, 24.2543,25.8956,,9.9241,13.3311,3.3135,,18.0993,ms,101.92416064740196,513.280449618639
Server Offset SHM(1),-11.677,-2.174,-0.403,0.002,0.468, 1.788,7.279,,0.871,3.962,0.546,,-0.0001,µs,-5.9071617346338385,69.40555618817025
TDOP,0.78,0.79,0.82,1.67,8.64, 50.02,134.12,,7.82,49.23,10.2421,,3.6773, ,7.521332271340827,92.23415731752857
Temp ZONE0,50.7,50.7,51.8,53.45,55.65, 56.75,57.3,,3.85,6.05,1.2835,,53.6631,°C,68093.24575354307,2783944.5817914857
nSats,8.0,10.0,10.0,13.0,15.0, 15.0,15.0,,5.0,5.0,1.3453,,13.0833,nSat,689.6495488866136,6227.894534267547
