Name,Min,1%,5%,50%,95%,99%,Max,,90% Range,98% Range,StdDev,,Mean,Units,Skewness,Kurtosis
Local Clock Frequency Offset,7.3683,7.4342,7.481,7.8331,8.0036, 8.0236,8.0958,,0.5225,0.5894,0.175,,7.7908,ppm,82505.85113363547,3595528.3813921097
Local Clock Time Offset,-15.434,-2.141,-0.412,0.001,0.486, 1.803,6.579,,0.898,3.944,0.5506,,0.0001,µs,-6.34767615293847,77.37339947003512
Local RMS Frequency Jitter,0.235,0.512,0.66,1.609,8.59, 17.183,42.647,,7.93,16.671,3.238,,2.8364,ppb,2.9164852858843444,16.768040472655752
Local RMS Time Jitter,0.031,0.079,0.102,0.238,1.065, 1.951,6.577,,0.963,1.872,0.3842,,0.377,µs,3.512949044114104,24.93882111558066
Server Jitter SHM(0),0.1653,0.3455,0.542,1.3972,3.4835, 5.5422,7.2786,,2.9415,5.1967,0.9852,,1.631,ms,4.193229559413964,16.33679404786901
Server Jitter SHM(1),0.012,0.034,0.051,0.168,1.632, 3.356,15.433,,1.581,3.322,0.6744,,0.4009,µs,3.355084983443503,30.471812542836044
Server Offset SHM(0),9.6702,10.889,12.1079,17.3083,21.977, 23.6972,26.0531,,9.8691,12.8082,3.1535,,17.0944,ms,99.63915460813031,500.9466555539197
Server Offset SHM(1),-15.435,-2.142,-0.413,0.002,0.487, 1.804,6.58,,0.9,3.946,0.551,,0.0001,µs,-6.3433673011987715,77.22597900808434
TDOP,0.65,0.67,0.81,1.18,5.48, 22.86,66.59,,4.67,22.19,5.2377,,2.3055, ,7.248146774902152,83.08726664810682
Temp ZONE0,46.85,47.4,48.5,51.8,57.85, 58.4,58.95,,9.35,11.0,2.8998,,52.6456,°C,5100.090972585185,88391.31568606483
nSats,11.0,11.0,12.0,14.0,16.0, 16.0,16.0,,4.0,5.0,1.3107,,13.9167,nSat,918.2734523840627,9107.422221129627
