Name,Min,1%,5%,50%,95%,99%,Max,,90% Range,98% Range,StdDev,,Mean,Units,Skewness,Kurtosis
Local Clock Frequency Offset,8.9027,9.0304,9.0679,9.1426,9.2064, 9.2278,9.2926,,0.1385,0.1974,0.039,,9.1408,ppm,12754517.204106415,2980125578.3144875
Local Clock Time Offset,-16.123,-2.299,-0.514,0.007,0.536, 1.998,9.148,,1.05,4.297,0.6202,,-0.0001,µs,-6.587560205316623,86.4132158521194
Local RMS Frequency Jitter,0.426,0.695,0.877,1.892,9.976, 18.604,44.678,,9.099,17.909,3.61,,3.2361,ppb,3.252835418834649,19.900337700937605
Local RMS Time Jitter,0.068,0.109,0.138,0.287,1.258, 2.118,8.265,,1.12,2.009,0.4323,,0.4362,µs,4.2605835846136415,35.430125390165095
Server Jitter SHM(0),0.1487,0.3636,0.5295,1.3637,3.3794, 5.0926,7.7852,,2.8499,4.729,0.9393,,1.5667,ms,4.268027661183903,17.13962134735693
Server Jitter SHM(1),0.019,0.051,0.077,0.24,1.831, 3.753,16.352,,1.754,3.702,0.7514,,0.4802,µs,3.8880328950011673,36.70170560262533
Server Offset SHM(0),11.982,13.4226,14.13,19.0074,24.239, 25.4671,26.937,,10.109,12.0444,3.2609,,18.8826,ms,124.43978094163502,668.6828937234246
Server Offset SHM(1),-16.124,-2.3,-0.515,0.008,0.537, 1.999,9.149,,1.052,4.299,0.6206,,-0.0001,µs,-6.582950307899382,86.25297039779197
TDOP,0.66,0.68,0.73,1.05,7.21, 19.5,26.17,,6.48,18.82,3.0902,,2.2646, ,3.3746828515103995,21.394655782753848
Temp ZONE0,50.7,51.25,52.9,54.55,55.65, 56.2,56.2,,2.75,4.95,0.9363,,54.4245,°C,186598.00563276774,10669348.056730557
nSats,4.0,10.0,11.0,14.0,15.0, 15.0,16.0,,4.0,5.0,1.5089,,13.4191,nSat,513.2215776483648,4197.727197129588
