Name,Min,1%,5%,50%,95%,99%,Max,,90% Range,98% Range,StdDev,,Mean,Units,Skewness,Kurtosis
Local Clock Frequency Offset,7.8961,8.0993,8.1392,8.3019,8.3996, 8.4413,8.5048,,0.2604,0.342,0.0791,,8.286,ppm,1118248.6124624629,116090854.70333885
Local Clock Time Offset,-19.986,-2.166,-0.511,0.011,0.561, 1.731,11.516,,1.072,3.897,0.5724,,-0.0002,µs,-6.658514305726757,106.77461181445415
Local RMS Frequency Jitter,0.406,0.727,0.939,1.962,8.638, 16.391,63.608,,7.699,15.664,3.2172,,3.1106,ppb,4.110427767747885,36.70732593702316
Local RMS Time Jitter,0.07,0.116,0.148,0.293,1.064, 1.87,9.355,,0.916,1.754,0.3789,,0.4203,µs,5.217448976813092,59.486074659896865
Server Jitter SHM(0),0.1677,0.3369,0.5267,1.4023,3.4807, 5.5016,9.2423,,2.954,5.1647,0.9778,,1.6217,ms,4.243456613028553,16.982577921519432
Server Jitter SHM(1),0.019,0.056,0.088,0.252,1.67, 3.242,18.605,,1.582,3.186,0.6732,,0.4705,µs,4.675545408048093,59.81992001720564
Server Offset SHM(0),10.5402,12.2124,13.5848,18.4652,23.0214, 24.5497,27.0125,,9.4366,12.3372,3.079,,18.2577,ms,134.60500414134427,738.6437024042434
Server Offset SHM(1),-19.987,-2.167,-0.512,0.012,0.562, 1.732,11.517,,1.074,3.899,0.5728,,-0.0001,µs,-6.652881747606965,106.5224096661557
TDOP,0.68,0.68,0.77,1.06,7.38, 28.95,86.5,,6.61,28.27,6.9411,,2.5757, ,7.00044204622766,79.45908515185849
Temp ZONE0,50.15,50.7,51.25,54.0,57.3, 59.5,60.6,,6.05,8.8,1.9039,,53.9384,°C,20496.037232795145,562435.1148260835
nSats,8.0,11.0,11.0,14.0,15.0, 16.0,16.0,,4.0,5.0,1.2372,,13.6971,nSat,1051.0276438265703,10873.49199601192
