Name,Min,1%,5%,50%,95%,99%,Max,,90% Range,98% Range,StdDev,,Mean,Units,Skewness,Kurtosis
Local Clock Frequency Offset,7.5782,7.6737,7.715,7.9988,8.1369, 8.2134,8.2385,,0.4219,0.5397,0.1135,,7.9795,ppm,332943.94673197047,23085489.87141949
Local Clock Time Offset,-13.456,-2.126,-0.38,0.0,0.464, 1.817,6.696,,0.844,3.943,0.5552,,0.0001,µs,-6.552495947602756,84.67839452111542
Local RMS Frequency Jitter,0.273,0.5,0.644,1.569,8.473, 17.528,39.205,,7.829,17.028,3.3051,,2.8132,ppb,3.067632177215713,18.633816673997394
Local RMS Time Jitter,0.048,0.078,0.102,0.233,1.039, 1.929,5.471,,0.937,1.851,0.3882,,0.3749,µs,3.642550401494476,25.466598465537363
Server Jitter SHM(0),0.1638,0.3542,0.5637,1.4677,3.4931, 5.314,7.1037,,2.9293,4.9599,0.955,,1.6776,ms,4.395114646114126,16.102531126405548
Server Jitter SHM(1),0.015,0.037,0.055,0.167,1.649, 3.365,12.944,,1.594,3.328,0.6818,,0.4,µs,3.5281454831422767,32.75219770797209
Server Offset SHM(0),10.741,12.9785,13.9884,18.8293,24.1927, 25.4427,27.5605,,10.2044,12.4643,3.2672,,18.6617,ms,118.90157389616476,631.1469587990534
Server Offset SHM(1),-13.457,-2.127,-0.381,0.0,0.465, 1.818,6.697,,0.846,3.945,0.5555,,0.0001,µs,-6.547951281988882,84.51774063305163
TDOP,0.6,0.65,0.76,1.05,7.94, 49.68,125.51,,7.18,49.03,9.7414,,3.0246, ,7.236629019900672,87.37090300858088
Temp ZONE0,47.4,47.95,49.6,52.35,54.55, 56.2,57.85,,4.95,8.25,1.5352,,52.146,°C,35924.84808697877,1187564.4329966877
nSats,6.0,11.0,12.0,14.0,15.0, 16.0,16.0,,3.0,5.0,1.2538,,13.8458,nSat,1041.6387363218598,10729.430364593902
