Name,Min,1%,5%,50%,95%,99%,Max,,90% Range,98% Range,StdDev,,Mean,Units,Skewness,Kurtosis
Local Clock Frequency Offset,7.6151,7.746,7.7756,7.9703,8.0598, 8.0736,8.146,,0.2841,0.3277,0.0871,,7.9476,ppm,734775.1996522262,66320054.43938786
Local Clock Time Offset,-10.857,-2.193,-0.408,0.001,0.513, 1.779,6.82,,0.921,3.972,0.5577,,-0.0,µs,-5.9580963354099845,64.05134035674764
Local RMS Frequency Jitter,0.275,0.5,0.659,1.598,8.708, 17.009,37.067,,8.049,16.509,3.2855,,2.8664,ppb,2.9034467274047975,16.826284929723833
Local RMS Time Jitter,0.045,0.079,0.103,0.238,1.05, 1.951,4.885,,0.947,1.872,0.379,,0.3773,µs,3.3153493144643025,20.16618428149912
Server Jitter SHM(0),0.1705,0.3423,0.5235,1.3499,3.656, 5.4864,8.2061,,3.1325,5.1442,1.0157,,1.608,ms,3.8390012895399974,14.436756433930192
Server Jitter SHM(1),0.013,0.035,0.053,0.173,1.686, 3.325,10.262,,1.633,3.29,0.6827,,0.4106,µs,3.205816836217793,26.455465626315853
Server Offset SHM(0),9.7161,11.6526,12.6114,17.6605,22.2262, 24.1009,26.2231,,9.6148,12.4483,3.1071,,17.2682,ms,108.4154101898498,559.4911423783144
Server Offset SHM(1),-10.858,-2.194,-0.409,0.002,0.514, 1.78,6.821,,0.923,3.974,0.5581,,-0.0,µs,-5.954645840598411,63.939742061022045
TDOP,0.74,0.77,0.82,1.06,2.69, 13.13,33.62,,1.87,12.36,3.0034,,1.5739, ,7.389184699152879,72.94013021676565
Temp ZONE0,49.6,50.15,51.25,53.45,55.65, 56.2,56.75,,4.4,6.05,1.5337,,53.4409,°C,38870.682866541116,1318996.792983345
nSats,8.0,10.0,11.0,13.0,15.0, 16.0,16.0,,4.0,6.0,1.2574,,13.2656,nSat,899.1496696282501,8847.95188775898
