Name,Min,1%,5%,50%,95%,99%,Max,,90% Range,98% Range,StdDev,,Mean,Units,Skewness,Kurtosis
Local Clock Frequency Offset,7.616,7.721,7.761,7.9199,8.0002, 8.0205,8.0992,,0.2392,0.2995,0.0688,,7.9077,ppm,1476806.4161433969,168201952.64558402
Local Clock Time Offset,-11.134,-2.164,-0.416,0.001,0.501, 1.822,6.446,,0.917,3.986,0.5501,,0.0001,µs,-5.953222531750413,62.58843065741806
Local RMS Frequency Jitter,0.296,0.527,0.682,1.598,8.803, 16.846,34.338,,8.121,16.319,3.2129,,2.8588,ppb,2.752639075400946,14.520013373143378
Local RMS Time Jitter,0.047,0.082,0.107,0.24,1.069, 1.897,5.176,,0.962,1.815,0.3742,,0.382,µs,3.2139674379220087,19.00763992949305
Server Jitter SHM(0),0.1925,0.3869,0.549,1.5181,4.9043, 9.0997,12.9133,,4.3554,8.7128,1.555,,1.9499,ms,3.5742535646721656,17.538375092527392
Server Jitter SHM(1),0.011,0.036,0.054,0.181,1.681, 3.381,10.837,,1.627,3.345,0.67,,0.4119,µs,3.0883553457750863,24.185803655574468
Server Offset SHM(0),2.7047,10.355,12.4283,17.9525,22.4256, 24.0663,26.2457,,9.9973,13.7114,3.3387,,17.4886,ms,88.60517667753308,428.98081888503265
Server Offset SHM(1),-11.135,-2.165,-0.417,0.002,0.502, 1.823,6.447,,0.919,3.988,0.5505,,0.0001,µs,-5.949708219284961,62.47716614805813
TDOP,0.56,0.58,0.73,1.17,5.48, 14.42,32.41,,4.75,13.84,3.2888,,2.073, ,5.796023240696219,51.363482324285
Temp ZONE0,49.6,50.15,50.7,53.45,55.1, 55.65,56.75,,4.4,5.5,1.3497,,53.2386,°C,56941.99197525986,2193592.1737126764
nSats,8.0,10.0,12.0,14.0,16.0, 16.0,16.0,,4.0,6.0,1.3514,,13.7769,nSat,804.4225010505495,7640.306504179142
