Name,Min,1%,5%,50%,95%,99%,Max,,90% Range,98% Range,StdDev,,Mean,Units,Skewness,Kurtosis
Local Clock Frequency Offset,8.9017,9.0155,9.0481,9.1864,9.2725, 9.3081,9.3689,,0.2244,0.2926,0.0695,,9.1812,ppm,2255398.7605519136,295811263.716309
Local Clock Time Offset,-16.053,-2.26,-0.504,0.004,0.562, 1.908,12.202,,1.066,4.168,0.6326,,-0.0,µs,-6.2283922951570645,91.7662078239215
Local RMS Frequency Jitter,0.412,0.703,0.885,1.932,9.667, 19.435,63.323,,8.782,18.732,3.7295,,3.2483,ppb,3.8066165902019433,29.121627945094623
Local RMS Time Jitter,0.069,0.11,0.139,0.287,1.223, 2.149,7.09,,1.084,2.039,0.4365,,0.4352,µs,4.3136044658277015,34.19850948188921
Server Jitter SHM(0),0.1697,0.3308,0.5037,1.4125,3.2837, 4.7858,7.942,,2.78,4.455,0.9019,,1.5883,ms,4.38816982719666,16.70440313849492
Server Jitter SHM(1),0.023,0.052,0.079,0.235,1.783, 3.786,17.572,,1.704,3.734,0.7694,,0.4802,µs,4.462278258304539,49.375357797162565
Server Offset SHM(0),11.5248,13.0827,14.1941,19.3,24.0287, 25.4181,27.4095,,9.8345,12.3355,3.2224,,18.9587,ms,131.131024013747,714.1320169647577
Server Offset SHM(1),-16.054,-2.261,-0.505,0.005,0.563, 1.909,12.203,,1.068,4.17,0.6331,,-0.0,µs,-6.224616141481262,91.59844823933567
TDOP,0.65,0.66,0.78,1.73,27.2, 71.63,107.19,,26.42,70.97,13.0704,,6.3288, ,2.7686110393087855,19.64953185653507
Temp ZONE0,50.15,50.7,51.25,53.45,55.1, 56.2,56.2,,3.85,5.5,1.1677,,53.2971,°C,89098.23241977172,3983453.425426057
nSats,7.0,8.0,11.0,13.0,15.0, 16.0,16.0,,4.0,8.0,1.4233,,13.2116,nSat,592.1455368067918,5093.323763621938
