Name,Min,1%,5%,50%,95%,99%,Max,,90% Range,98% Range,StdDev,,Mean,Units,Skewness,Kurtosis
Local Clock Frequency Offset,7.7049,7.8352,7.8582,8.1777,8.3106, 8.3585,8.4211,,0.4524,0.5233,0.1317,,8.1535,ppm,226312.38793134812,13798740.120550808
Local Clock Time Offset,-12.401,-2.145,-0.46,0.002,0.524, 1.762,7.764,,0.984,3.907,0.5524,,0.0001,µs,-5.790871165120664,62.68818225749311
Local RMS Frequency Jitter,0.334,0.606,0.78,1.737,8.765, 16.428,40.742,,7.985,15.822,3.1631,,2.9404,ppb,3.0145338445094136,17.204633840649738
Local RMS Time Jitter,0.056,0.093,0.12,0.258,1.046, 1.872,6.327,,0.926,1.779,0.366,,0.3882,µs,3.7191222584521735,25.561976343090546
Server Jitter SHM(0),0.1353,0.3589,0.5388,1.4119,3.6225, 5.5143,7.9292,,3.0837,5.1554,0.9938,,1.6329,ms,4.155855635627655,16.284448077348134
Server Jitter SHM(1),0.016,0.042,0.064,0.206,1.68, 3.27,12.161,,1.616,3.228,0.6602,,0.4301,µs,3.383289372172182,28.702265703741247
Server Offset SHM(0),8.63,10.8337,12.5133,17.6957,23.088, 25.1215,27.619,,10.5747,14.2878,3.3777,,17.7493,ms,89.84269527636667,439.51401465499225
Server Offset SHM(1),-12.402,-2.146,-0.461,0.003,0.525, 1.763,7.765,,0.986,3.909,0.5528,,0.0001,µs,-5.787363892866974,62.56663830049829
TDOP,0.64,0.65,0.73,1.25,4.9, 41.09,53.35,,4.17,40.44,5.3565,,2.2416, ,5.444150706189688,46.62571397519456
Temp ZONE0,47.95,47.95,49.05,52.9,56.2, 56.75,57.3,,7.15,8.8,1.9661,,52.5668,°C,17125.240179623604,442735.52245037706
nSats,8.0,10.0,11.0,14.0,16.0, 16.0,16.0,,5.0,6.0,1.4521,,13.5187,nSat,598.2328671280953,5169.392621124688
