Name,Min,1%,5%,50%,95%,99%,Max,,90% Range,98% Range,StdDev,,Mean,Units,Skewness,Kurtosis
Local Clock Frequency Offset,8.8734,8.9455,9.0105,9.2154,9.2856, 9.3135,9.3783,,0.2751,0.368,0.0898,,9.1853,ppm,1038250.4079084343,105152565.47633013
Local Clock Time Offset,-16.912,-2.254,-0.602,0.019,0.606, 1.936,11.734,,1.208,4.19,0.6181,,-0.0003,µs,-6.02302961969351,73.06645651230559
Local RMS Frequency Jitter,0.597,0.947,1.186,2.279,9.702, 17.33,59.565,,8.516,16.383,3.368,,3.4657,ppb,4.038140016447474,30.83720358795335
Local RMS Time Jitter,0.092,0.153,0.189,0.349,1.233, 1.96,7.96,,1.044,1.807,0.3877,,0.4763,µs,4.768184969787036,40.30756957547228
Server Jitter SHM(0),0.1963,0.3456,0.5671,1.3728,3.1452, 5.0152,8.58,,2.5781,4.6697,0.8822,,1.5665,ms,4.842893319045201,20.509577326638553
Server Jitter SHM(1),0.032,0.081,0.122,0.316,1.788, 3.559,16.912,,1.666,3.478,0.7065,,0.5388,µs,4.419331753522091,45.8383792702495
Server Offset SHM(0),11.0248,12.6947,14.048,18.7782,24.2085, 25.5327,28.1347,,10.1605,12.838,3.3023,,19.0277,ms,122.30050187771084,652.9393874439663
Server Offset SHM(1),-16.913,-2.255,-0.603,0.02,0.607, 1.937,11.735,,1.21,4.192,0.6186,,-0.0002,µs,-6.018738188267019,72.90795170361802
TDOP,0.62,0.64,0.69,1.04,6.28, 18.92,69.59,,5.59,18.28,5.3091,,2.2313, ,7.973290799394359,95.87407699599234
Temp ZONE0,49.05,50.15,51.25,54.0,56.2, 57.3,57.85,,4.95,7.15,1.7252,,53.9083,°C,27765.07304309043,842543.1303011534
nSats,4.0,9.0,11.0,14.0,15.0, 16.0,16.0,,4.0,7.0,1.4203,,13.3766,nSat,619.2243601163857,5376.9819839189095
