Name,Min,1%,5%,50%,95%,99%,Max,,90% Range,98% Range,StdDev,,Mean,Units,Skewness,Kurtosis
Local Clock Frequency Offset,7.8176,7.9239,7.9701,8.2143,8.3412, 8.3675,8.4206,,0.3711,0.4437,0.105,,8.1994,ppm,458805.17945927393,35398219.61989933
Local Clock Time Offset,-12.01,-2.246,-0.438,0.001,0.526, 1.803,6.519,,0.964,4.049,0.5563,,0.0002,µs,-6.012389122798204,61.727111151412245
Local RMS Frequency Jitter,0.337,0.557,0.717,1.71,8.693, 16.713,33.725,,7.976,16.156,3.203,,2.9422,ppb,2.8230384232678363,14.811702602283288
Local RMS Time Jitter,0.052,0.088,0.112,0.252,1.048, 1.922,4.877,,0.936,1.834,0.3693,,0.3862,µs,3.372735246895212,20.392482710687304
Server Jitter SHM(0),0.1358,0.3373,0.5268,1.392,3.9632, 5.9674,14.2968,,3.4365,5.6301,1.1952,,1.6897,ms,4.222369209235706,24.64255802398192
Server Jitter SHM(1),0.013,0.037,0.056,0.184,1.707, 3.359,11.702,,1.651,3.322,0.6741,,0.4216,µs,3.0455225460753694,23.568404969525126
Server Offset SHM(0),3.1758,11.9822,13.2136,18.563,23.3612, 25.1757,27.4603,,10.1475,13.1936,3.2744,,18.2313,ms,108.91829035345818,561.3903518685793
Server Offset SHM(1),-12.011,-2.247,-0.439,0.002,0.527, 1.804,6.52,,0.966,4.051,0.5567,,0.0002,µs,-6.008723128069471,61.615785320568556
TDOP,0.64,0.65,0.74,1.0,22.14, 160.52,189.01,,21.4,159.87,21.0477,,5.4116, ,4.105839556303433,35.09799872514095
Temp ZONE0,48.5,49.05,50.15,53.45,56.2, 56.75,57.3,,6.05,7.7,1.8384,,53.3652,°C,22103.497222082362,621864.4004604149
nSats,8.0,11.0,12.0,14.0,16.0, 16.0,16.0,,4.0,5.0,1.2242,,13.6625,nSat,1079.2234162144925,11272.573946831433
