Name,Min,1%,5%,50%,95%,99%,Max,,90% Range,98% Range,StdDev,,Mean,Units,Skewness,Kurtosis
Local Clock Frequency Offset,7.7805,7.9016,7.9371,8.2187,8.3147, 8.3585,8.4211,,0.3776,0.4569,0.1064,,8.197,ppm,440372.8392325933,33515077.984442268
Local Clock Time Offset,-12.401,-2.202,-0.446,0.001,0.531, 1.777,7.107,,0.977,3.979,0.5614,,0.0003,µs,-6.193072317972879,68.57730922049785
Local RMS Frequency Jitter,0.337,0.572,0.736,1.726,8.735, 16.989,35.427,,7.999,16.417,3.2368,,2.9645,ppb,2.935286343563824,16.15662721951007
Local RMS Time Jitter,0.052,0.09,0.115,0.254,1.049, 1.968,6.327,,0.934,1.878,0.3772,,0.3893,µs,3.6527424993918323,25.019432959181977
Server Jitter SHM(0),0.1358,0.3589,0.5498,1.4432,3.7107, 5.5593,7.6932,,3.1609,5.2004,1.0144,,1.676,ms,4.091086844807198,15.47844856451214
Server Jitter SHM(1),0.013,0.038,0.057,0.189,1.696, 3.338,12.161,,1.639,3.3,0.6797,,0.4262,µs,3.2536485652607188,27.0065432815709
Server Offset SHM(0),9.0263,12.26,13.3474,18.8497,23.5819, 25.4989,27.619,,10.2346,13.2389,3.2467,,18.5889,ms,119.66616745500346,634.2687565283709
Server Offset SHM(1),-12.402,-2.203,-0.447,0.002,0.532, 1.778,7.108,,0.979,3.981,0.5618,,0.0003,µs,-6.189033048712902,68.44867221307527
TDOP,0.73,0.74,0.76,1.2,25.47, 160.52,189.01,,24.71,159.78,21.4237,,6.2009, ,3.873530297467285,32.41204574753663
Temp ZONE0,48.5,49.05,49.6,53.45,56.2, 56.75,57.3,,6.6,7.7,1.7881,,53.4087,°C,24146.855754747092,699564.349091658
nSats,8.0,10.0,11.0,14.0,16.0, 16.0,16.0,,5.0,6.0,1.3596,,13.5375,nSat,744.8054244296864,6899.860231943943
