Name,Min,1%,5%,50%,95%,99%,Max,,90% Range,98% Range,StdDev,,Mean,Units,Skewness,Kurtosis
Local Clock Frequency Offset,7.0825,7.1675,7.2079,7.3582,7.6523, 7.6945,7.7512,,0.4444,0.5271,0.1277,,7.3777,ppm,183360.44989815872,10423512.329572648
Local Clock Time Offset,-17.296,-2.151,-0.406,0.002,0.558, 1.748,7.825,,0.964,3.899,0.5949,,0.0003,µs,-7.218122562155051,102.33355152890547
Local RMS Frequency Jitter,0.315,0.591,0.779,1.722,8.883, 19.1,47.82,,8.104,18.509,3.5417,,3.0141,ppb,3.32886391436499,20.94696152439955
Local RMS Time Jitter,0.039,0.091,0.121,0.268,1.227, 2.206,9.019,,1.106,2.115,0.4386,,0.4245,µs,3.9945789391411672,33.988995848423734
Server Jitter SHM(0),0.4311,0.8835,1.2382,3.1406,9.0651, 15.7967,22.8185,,7.8269,14.9131,2.8815,,3.9836,ms,3.489313802640734,15.331519045946541
Server Jitter SHM(1),0.01,0.049,0.077,0.213,1.626, 3.707,17.248,,1.549,3.658,0.7224,,0.4362,µs,4.279498367958457,43.563302053089465
Server Offset SHM(0),-24.3492,-9.8036,-2.3233,6.845,16.8911, 20.8871,27.1811,,19.2143,30.6907,6.0404,,7.011,ms,0.23066943417017197,4.079957145533807
Server Offset SHM(1),-17.297,-2.152,-0.407,0.003,0.559, 1.749,7.826,,0.966,3.901,0.5953,,0.0004,µs,-7.212357378124228,102.13245377818318
Temp ZONE0,47.4,47.95,47.95,50.15,54.55, 57.85,60.05,,6.6,9.9,2.101,,50.7344,°C,12474.457249066996,290472.9154118359
