Name,Min,1%,5%,50%,95%,99%,Max,,90% Range,98% Range,StdDev,,Mean,Units,Skewness,Kurtosis
Local Clock Frequency Offset,7.6433,7.7554,7.7805,7.8946,7.9639, 8.0135,8.0787,,0.1833,0.2581,0.0564,,7.8852,ppm,2673036.0693881814,371009198.7307333
Local Clock Time Offset,-12.05,-2.193,-0.467,0.003,0.547, 1.738,6.194,,1.014,3.931,0.5516,,-0.0002,µs,-6.147451920686072,64.00724248251471
Local RMS Frequency Jitter,0.261,0.534,0.716,1.748,8.693, 16.277,33.953,,7.977,15.743,3.1481,,2.9477,ppb,2.869267475162117,15.468305168021233
Local RMS Time Jitter,0.043,0.084,0.112,0.259,1.06, 1.862,4.809,,0.948,1.778,0.3677,,0.3914,µs,3.353111197496215,19.872975557570186
Server Jitter SHM(0),0.176,0.3402,0.5178,1.4196,3.6874, 5.6666,8.4954,,3.1696,5.3265,1.0446,,1.6739,ms,3.90236072618313,14.856599795713
Server Jitter SHM(1),0.009,0.038,0.059,0.195,1.707, 3.289,11.736,,1.648,3.251,0.6645,,0.4309,µs,3.140894829872416,25.205235983056664
Server Offset SHM(0),10.0048,11.6854,13.0983,18.2599,22.9756, 24.4706,26.1965,,9.8773,12.7852,3.1953,,17.8294,ms,109.82326764885688,568.2364799021367
Server Offset SHM(1),-12.051,-2.194,-0.468,0.004,0.548, 1.739,6.195,,1.016,3.933,0.552,,-0.0001,µs,-6.14330999564512,63.88553239973205
TDOP,0.67,0.68,0.74,1.61,27.41, 155.23,208.87,,26.67,154.55,24.7018,,7.6393, ,3.5606051216796777,27.55179275995044
Temp ZONE0,50.7,51.25,51.8,54.55,58.95, 60.05,60.6,,7.15,8.8,2.1649,,54.6573,°C,14329.300249505932,349263.6696059495
nSats,10.0,10.0,11.0,13.0,15.0, 16.0,16.0,,4.0,6.0,1.2924,,13.2614,nSat,821.9463100975157,7867.680039549697
