Name,Min,1%,5%,50%,95%,99%,Max,,90% Range,98% Range,StdDev,,Mean,Units,Skewness,Kurtosis
Local Clock Frequency Offset,7.7315,7.8512,7.8688,8.0024,8.0976, 8.1193,8.1685,,0.2288,0.2681,0.0701,,7.9963,ppm,1448436.291740821,163907968.91385266
Local Clock Time Offset,-11.676,-2.162,-0.402,0.001,0.477, 1.799,7.953,,0.879,3.961,0.549,,0.0,µs,-5.997613940768592,71.29768628767812
Local RMS Frequency Jitter,0.271,0.511,0.669,1.582,8.523, 17.019,34.856,,7.854,16.508,3.2387,,2.817,ppb,2.989181229061117,17.44148844593509
Local RMS Time Jitter,0.038,0.082,0.106,0.237,1.029, 1.927,5.404,,0.923,1.845,0.3807,,0.3744,µs,3.7253151684537706,26.174395197786414
Server Jitter SHM(0),0.1628,0.3464,0.5102,1.3441,3.6274, 5.4729,9.4749,,3.1171,5.1265,1.0099,,1.5991,ms,4.015735078561628,16.321975849505602
Server Jitter SHM(1),0.013,0.038,0.057,0.175,1.67, 3.306,11.385,,1.613,3.268,0.6737,,0.4063,µs,3.371334242319869,29.1978505442705
Server Offset SHM(0),9.6803,12.0752,13.0389,17.8539,22.4293, 24.0162,25.8956,,9.3904,11.9411,3.0936,,17.6414,ms,118.16012268131394,624.6873214627864
Server Offset SHM(1),-11.677,-2.163,-0.403,0.002,0.478, 1.8,7.954,,0.881,3.963,0.5494,,0.0,µs,-5.993982053327297,71.16560714076066
TDOP,0.64,0.64,0.7,1.23,8.64, 50.02,134.12,,7.94,49.38,10.2353,,3.4464, ,7.453288429080997,92.15240612155294
Temp ZONE0,50.7,50.7,51.25,54.0,55.65, 56.75,57.3,,4.4,6.05,1.3769,,53.6759,°C,54917.78516447352,2090343.547251415
nSats,8.0,10.0,11.0,13.0,15.0, 16.0,16.0,,4.0,6.0,1.4264,,13.278,nSat,597.7696669930597,5160.166999269709
