Name,Min,1%,5%,50%,95%,99%,Max,,90% Range,98% Range,StdDev,,Mean,Units,Skewness,Kurtosis
Local Clock Frequency Offset,7.8342,7.9471,7.9804,8.3672,8.473, 8.4934,8.545,,0.4926,0.5462,0.1802,,8.2753,ppm,90774.88827075265,4083607.724704366
Local Clock Time Offset,-13.893,-2.162,-0.427,0.003,0.53, 1.66,7.767,,0.957,3.822,0.577,,-0.0001,µs,-7.169737592374231,95.86018497388827
Local RMS Frequency Jitter,0.381,0.586,0.748,1.691,8.101, 18.812,39.114,,7.353,18.226,3.4271,,2.9333,ppb,3.4026916732468058,21.266665938904648
Local RMS Time Jitter,0.05,0.092,0.118,0.257,1.09, 2.273,5.688,,0.972,2.181,0.4197,,0.4073,µs,3.679982298634056,24.010608369295987
Server Jitter SHM(0),0.1424,0.3671,0.5539,1.3554,3.4205, 5.4405,9.1129,,2.8666,5.0734,0.9632,,1.5776,ms,4.356500582444201,18.315418661408255
Server Jitter SHM(1),0.013,0.046,0.068,0.199,1.627, 3.598,13.957,,1.559,3.552,0.7067,,0.4308,µs,4.109092781017277,39.756116365755766
Server Offset SHM(0),8.8045,10.5832,12.8308,17.505,22.749, 24.1163,25.9639,,9.9181,13.5331,3.2645,,17.6716,ms,99.18787015253457,498.11933054879273
Server Offset SHM(1),-13.894,-2.163,-0.428,0.004,0.531, 1.661,7.768,,0.959,3.824,0.5774,,-0.0001,µs,-7.164048061826076,95.67388312948188
TDOP,0.62,0.66,0.74,1.04,2.79, 10.23,152.27,,2.05,9.57,9.8027,,1.9919, ,12.071043437528244,185.71814352149514
Temp ZONE0,47.4,47.95,48.5,53.45,57.3, 58.4,59.5,,8.8,10.45,2.962,,53.0232,°C,4878.266389992791,83302.2019463147
nSats,8.0,11.0,12.0,14.0,16.0, 16.0,16.0,,4.0,5.0,1.179,,13.7676,nSat,1249.0039047693333,13670.318391653671
