Name,Min,1%,5%,50%,95%,99%,Max,,90% Range,98% Range,StdDev,,Mean,Units,Skewness,Kurtosis
Local Clock Frequency Offset,8.1671,8.2947,8.358,8.4558,8.5332, 8.5681,8.6108,,0.1753,0.2734,0.0515,,8.4507,ppm,4331473.631856013,706122628.027277
Local Clock Time Offset,-13.302,-2.147,-0.36,0.001,0.569, 1.636,6.825,,0.929,3.783,0.5757,,0.0003,µs,-7.265725412077361,93.2237228647621
Local RMS Frequency Jitter,0.211,0.472,0.633,1.416,8.358, 19.026,43.905,,7.725,18.554,3.4987,,2.8317,ppb,2.9246511901496537,17.717389529324382
Local RMS Time Jitter,0.034,0.076,0.104,0.23,1.135, 2.23,5.728,,1.031,2.154,0.428,,0.3924,µs,3.3886346431778276,22.33592450099936
Server Jitter SHM(0),0.1587,0.3667,0.536,1.5196,3.6758, 5.479,8.9952,,3.1397,5.1123,1.017,,1.7448,ms,4.13379272225728,15.044225544361336
Server Jitter SHM(1),0.012,0.04,0.061,0.169,1.699, 3.568,13.371,,1.638,3.528,0.7152,,0.4063,µs,3.673590031206014,34.86714721871903
Server Offset SHM(0),10.8068,12.1767,13.2301,18.4798,23.4576, 24.6513,26.2857,,10.2274,12.4747,3.2548,,18.2184,ms,110.97538925848174,575.6773766934471
Server Offset SHM(1),-13.303,-2.148,-0.361,0.002,0.57, 1.637,6.826,,0.931,3.785,0.5761,,0.0003,µs,-7.260193256737423,93.05365088540475
TDOP,0.64,0.66,0.71,1.11,4.92, 38.4,60.54,,4.21,37.74,6.0604,,2.3614, ,6.156434090923675,57.22122743401418
Temp ZONE0,51.25,51.8,52.35,54.0,56.75, 58.4,58.4,,4.4,6.6,1.3335,,54.4313,°C,63246.82579441435,2523152.5004484304
nSats,5.0,5.0,5.0,13.0,15.0, 16.0,16.0,,10.0,11.0,2.5322,,12.61,nSat,73.07744754860558,322.07747577042807
