Name,Min,1%,5%,50%,95%,99%,Max,,90% Range,98% Range,StdDev,,Mean,Units,Skewness,Kurtosis
Local Clock Frequency Offset,7.5681,7.6683,7.7191,7.7837,7.8699, 7.9149,8.0079,,0.1508,0.2466,0.0478,,7.7873,ppm,4233822.590558901,684978267.8670908
Local Clock Time Offset,-14.416,-2.23,-0.408,0.005,0.552, 1.636,8.017,,0.96,3.866,0.5921,,-0.0005,µs,-7.406845101670376,97.20395269213293
Local RMS Frequency Jitter,0.307,0.567,0.769,1.752,8.86, 18.646,44.404,,8.091,18.079,3.501,,3.0288,ppb,3.3317789063587897,20.997765961169055
Local RMS Time Jitter,0.047,0.088,0.12,0.282,1.248, 2.211,7.09,,1.128,2.123,0.4396,,0.4358,µs,3.682521126149531,25.890675962107082
Server Jitter SHM(0),0.2731,0.4503,0.6757,1.5935,3.5779, 4.9944,8.0707,,2.9023,4.5441,0.9219,,1.7908,ms,5.190548860285178,18.533962035731484
Server Jitter SHM(1),0.016,0.048,0.075,0.217,1.651, 3.666,14.405,,1.576,3.618,0.7251,,0.4426,µs,4.164904983407122,40.162049554199015
Server Offset SHM(0),-20.6561,-18.3788,-16.1894,-9.2114,-0.2997, 3.7659,9.0346,,15.8896,22.1447,4.8835,,-8.9609,ms,-30.8851073893073,111.18031722860928
Server Offset SHM(1),-14.417,-2.231,-0.409,0.006,0.553, 1.637,8.018,,0.962,3.868,0.5925,,-0.0004,µs,-7.4007702385933944,97.01593817470224
Temp ZONE0,50.7,51.25,51.8,54.0,56.2, 58.4,58.95,,4.4,7.15,1.417,,53.8402,°C,50748.41725552061,1881691.1322394428
