Name,Min,1%,5%,50%,95%,99%,Max,,90% Range,98% Range,StdDev,,Mean,Units,Skewness,Kurtosis
Local Clock Frequency Offset,8.8325,8.9336,8.9637,9.0344,9.0803, 9.1105,9.1671,,0.1167,0.177,0.0344,,9.0326,ppm,17837067.37228089,4660622754.746716
Local Clock Time Offset,-15.376,-2.122,-0.521,0.013,0.552, 1.736,9.258,,1.073,3.858,0.5976,,-0.0,µs,-6.114015173229867,84.70821682510291
Local RMS Frequency Jitter,0.389,0.753,0.964,1.943,8.505, 18.628,51.039,,7.541,17.875,3.4252,,3.1782,ppb,3.6858360176210305,24.824104632281518
Local RMS Time Jitter,0.064,0.124,0.157,0.304,1.101, 2.032,7.046,,0.944,1.908,0.3938,,0.4347,µs,4.6756651249423085,38.57911489820335
Server Jitter SHM(0),0.1506,0.3154,0.4724,1.3725,3.3186, 4.9797,7.9455,,2.8463,4.6643,0.928,,1.5709,ms,4.050816085072046,14.98876361529129
Server Jitter SHM(1),0.021,0.064,0.097,0.26,1.681, 3.642,14.105,,1.584,3.578,0.7133,,0.4837,µs,4.357322481318336,42.762127849285626
Server Offset SHM(0),11.3016,12.804,13.5733,18.8207,23.3801, 24.9913,27.5136,,9.8067,12.1873,3.1538,,18.3533,ms,126.40649630341251,681.0464690360002
Server Offset SHM(1),-15.377,-2.123,-0.522,0.014,0.553, 1.737,9.259,,1.075,3.86,0.5981,,0.0001,µs,-6.10965957115322,84.52889007629287
TDOP,0.63,0.65,0.7,1.09,6.22, 31.61,74.13,,5.52,30.96,6.9009,,2.398, ,6.025030366548184,59.38719006936745
Temp ZONE0,52.9,53.45,54.0,55.65,57.3, 58.95,59.5,,3.3,5.5,1.091,,55.9091,°C,126988.07173075933,6387954.206634558
nSats,10.0,10.0,11.0,14.0,15.0, 16.0,16.0,,4.0,6.0,1.346,,13.4835,nSat,759.9048316053234,7088.40090610215
