Name,Min,1%,5%,50%,95%,99%,Max,,90% Range,98% Range,StdDev,,Mean,Units,Skewness,Kurtosis
Local Clock Frequency Offset,7.3188,7.406,7.5058,7.7692,7.8674, 7.9102,8.0079,,0.3616,0.5042,0.1053,,7.7473,ppm,382807.455653028,27805721.154518235
Local Clock Time Offset,-21.359,-2.216,-0.398,0.002,0.572, 1.667,8.017,,0.97,3.883,0.5936,,-0.0003,µs,-8.133100503303424,132.05252647746786
Local RMS Frequency Jitter,0.222,0.556,0.766,1.726,8.841, 18.538,59.001,,8.075,17.982,3.5332,,3.0083,ppb,3.594409161477978,26.439192026618205
Local RMS Time Jitter,0.039,0.084,0.116,0.267,1.214, 2.166,9.331,,1.098,2.082,0.4447,,0.4223,µs,4.272545002938736,39.91920522880588
Server Jitter SHM(0),0.2574,0.4522,0.6621,1.5621,3.5161, 4.8671,7.3313,,2.854,4.4149,0.9035,,1.7589,ms,5.163268127089271,18.10061276781944
Server Jitter SHM(1),0.013,0.043,0.07,0.207,1.626, 3.608,21.339,,1.556,3.565,0.7288,,0.4343,µs,4.625410401270683,55.724127477422186
Server Offset SHM(0),-31.1292,-24.6321,-20.9372,-8.8828,1.537, 4.2271,9.0346,,22.4742,28.8592,6.6194,,-9.2871,ms,-21.302757601199396,72.80740673961006
Server Offset SHM(1),-21.36,-2.217,-0.399,0.003,0.573, 1.668,8.018,,0.972,3.885,0.594,,-0.0002,µs,-8.125706927886947,131.77875341520073
Temp ZONE0,47.95,48.5,49.6,53.45,56.2, 58.4,58.95,,6.6,9.9,1.9712,,53.3359,°C,17771.42137493525,465118.64938193007
