Name,Min,1%,5%,50%,95%,99%,Max,,90% Range,98% Range,StdDev,,Mean,Units,Skewness,Kurtosis
Local Clock Frequency Offset,7.1936,7.3303,7.4974,7.6729,7.8, 7.8603,7.9545,,0.3026,0.5301,0.0992,,7.6619,ppm,442938.7401146028,33775773.84945376
Local Clock Time Offset,-14.042,-2.298,-0.414,0.002,0.643, 1.71,7.034,,1.057,4.008,0.6034,,-0.0005,µs,-7.578378508170739,96.85607773457066
Local RMS Frequency Jitter,0.291,0.547,0.758,1.77,9.124, 18.434,41.762,,8.366,17.887,3.5508,,3.1053,ppb,3.231550276652471,20.118450326355497
Local RMS Time Jitter,0.049,0.087,0.121,0.286,1.268, 2.158,5.845,,1.147,2.071,0.4399,,0.4439,µs,3.4546249482546996,22.220563355386883
Server Jitter SHM(0),0.1501,0.4262,0.6237,1.4659,3.4366, 4.9941,8.3355,,2.8129,4.5679,0.9224,,1.684,ms,4.761866219035005,18.264961906150038
Server Jitter SHM(1),0.01,0.048,0.075,0.215,1.707, 3.619,14.025,,1.632,3.571,0.7317,,0.4502,µs,4.061203286826726,39.41842621752534
Server Offset SHM(0),-23.2558,-20.5924,-18.2069,-10.0367,-0.8999, 5.8465,8.9416,,17.307,26.439,5.2846,,-9.9429,ms,-32.14773705331038,117.28555419280246
Server Offset SHM(1),-14.043,-2.299,-0.415,0.003,0.644, 1.711,7.035,,1.059,4.01,0.6038,,-0.0004,µs,-7.572036189656798,96.66795963790634
Temp ZONE0,48.5,48.5,49.6,51.8,54.0, 56.75,56.75,,4.4,8.25,1.5298,,51.7545,°C,35483.08492752933,1168196.5790170722
