Name,Min,1%,5%,50%,95%,99%,Max,,90% Range,98% Range,StdDev,,Mean,Units,Skewness,Kurtosis
Local Clock Frequency Offset,8.1734,8.2929,8.3218,8.5302,8.6185, 8.6586,8.7038,,0.2966,0.3657,0.0922,,8.5085,ppm,761232.1175775948,69522572.24915664
Local Clock Time Offset,-12.452,-2.181,-0.363,0.002,0.586, 1.689,8.364,,0.949,3.87,0.5871,,0.0,µs,-6.968464845293876,82.47158584573768
Local RMS Frequency Jitter,0.301,0.489,0.634,1.406,8.575, 19.397,44.712,,7.941,18.908,3.5792,,2.8726,ppb,2.7856289139552373,16.032552840388576
Local RMS Time Jitter,0.044,0.077,0.105,0.23,1.171, 2.323,5.624,,1.066,2.246,0.4412,,0.4003,µs,3.2104976523131326,19.45978517934785
Server Jitter SHM(0),0.1879,0.3721,0.576,1.4273,3.3597, 5.4616,8.0572,,2.7838,5.0895,0.9382,,1.6331,ms,4.625977187841212,18.73415192226659
Server Jitter SHM(1),0.015,0.04,0.061,0.168,1.728, 3.909,12.504,,1.667,3.869,0.7286,,0.4116,µs,3.4501178141525464,29.941620548521325
Server Offset SHM(0),12.3536,13.2795,14.065,18.9435,23.5449, 24.8719,26.7358,,9.4798,11.5923,3.0255,,18.7243,ms,155.32832179076948,889.5825299255002
Server Offset SHM(1),-12.453,-2.182,-0.364,0.003,0.587, 1.69,8.365,,0.951,3.872,0.5874,,0.0,µs,-6.96358321717042,82.33110543553254
TDOP,0.64,0.73,0.78,1.2,12.83, 65.93,107.04,,12.05,65.2,11.2699,,4.1893, ,4.709463220712769,41.69404499154538
Temp ZONE0,49.6,50.15,50.7,54.0,56.2, 57.3,66.65,,5.5,7.15,1.9886,,53.8654,°C,17832.286234930012,467311.6168085743
nSats,5.0,5.0,5.0,13.0,15.0, 16.0,16.0,,10.0,11.0,2.6472,,12.3029,nSat,57.94123966340399,239.3377556305483
