Name,Min,1%,5%,50%,95%,99%,Max,,90% Range,98% Range,StdDev,,Mean,Units,Skewness,Kurtosis
Local Clock Frequency Offset,8.8902,9.0416,9.0732,9.1757,9.2498, 9.2858,9.3479,,0.1766,0.2442,0.0542,,9.1712,ppm,4770260.2912105825,803069883.7612462
Local Clock Time Offset,-16.581,-2.335,-0.45,0.003,0.539, 1.937,9.271,,0.989,4.272,0.62,,-0.0003,µs,-6.601909695290323,92.2545263929858
Local RMS Frequency Jitter,0.44,0.659,0.821,1.796,9.951, 18.324,47.987,,9.13,17.665,3.6707,,3.165,ppb,3.317229451053335,21.94806182367995
Local RMS Time Jitter,0.062,0.105,0.131,0.272,1.247, 2.093,7.021,,1.116,1.988,0.4385,,0.4248,µs,4.147860601464145,32.902150678984796
Server Jitter SHM(0),0.1753,0.3392,0.5328,1.3304,3.199, 5.1179,7.487,,2.6662,4.7787,0.887,,1.5181,ms,4.60237790702462,19.251701421723894
Server Jitter SHM(1),0.013,0.047,0.07,0.21,1.802, 3.746,15.912,,1.732,3.699,0.7634,,0.4579,µs,3.946503472911257,39.12904969378023
Server Offset SHM(0),10.7239,11.906,12.9593,17.9835,22.8634, 24.4626,26.3475,,9.9041,12.5566,3.1559,,17.9024,ms,116.07793778471196,610.3999547324056
Server Offset SHM(1),-16.582,-2.336,-0.451,0.004,0.54, 1.938,9.272,,0.991,4.274,0.6204,,-0.0003,µs,-6.597590070303814,92.08909818815883
TDOP,0.67,0.7,0.75,1.08,4.75, 20.92,29.04,,4.0,20.22,3.1119,,1.8554, ,4.660822247288439,33.78729728055753
Temp ZONE0,50.15,51.25,51.8,53.45,55.1, 56.2,56.2,,3.3,4.95,1.0622,,53.4568,°C,120148.81659997048,5933553.101211393
nSats,4.0,4.0,11.0,14.0,15.0, 16.0,16.0,,4.0,12.0,1.7754,,13.5519,nSat,308.7355585306849,2136.0988217900167
