Name,Min,1%,5%,50%,95%,99%,Max,,90% Range,98% Range,StdDev,,Mean,Units,Skewness,Kurtosis
Local Clock Frequency Offset,8.9208,9.0142,9.0886,9.1413,9.1733, 9.1833,9.2277,,0.0847,0.1692,0.0292,,9.1378,ppm,30254960.647795163,9427669213.86642
Local Clock Time Offset,-16.309,-2.114,-0.536,0.016,0.557, 1.776,8.835,,1.093,3.89,0.6094,,0.0001,µs,-6.778233726117158,100.80508924407437
Local RMS Frequency Jitter,0.457,0.833,1.04,2.0,8.459, 18.773,48.9,,7.419,17.94,3.5124,,3.219,ppb,4.036700814023134,29.01442588247074
Local RMS Time Jitter,0.072,0.132,0.167,0.315,1.097, 2.263,7.726,,0.93,2.131,0.4224,,0.4481,µs,5.225285081956666,48.059141434423516
Server Jitter SHM(0),0.1662,0.3619,0.5537,1.4732,3.4851, 5.6086,8.8114,,2.9314,5.2467,0.9875,,1.6838,ms,4.440109222835917,17.904880023563102
Server Jitter SHM(1),0.024,0.071,0.107,0.277,1.653, 3.715,15.184,,1.546,3.644,0.7269,,0.4957,µs,4.843343148869735,50.882747512775566
Server Offset SHM(0),11.3127,12.9449,13.6193,18.6764,23.8841, 25.1006,27.4853,,10.2648,12.1557,3.1752,,18.4284,ms,125.38577030675928,675.4178327615112
Server Offset SHM(1),-16.31,-2.115,-0.537,0.017,0.558, 1.777,8.836,,1.095,3.892,0.6098,,0.0002,µs,-6.772581425783484,100.5850935001194
TDOP,0.63,0.67,0.71,1.16,3.42, 20.13,123.63,,2.71,19.46,8.1793,,2.1337, ,11.166032999505571,165.96688054286784
Temp ZONE0,53.45,54.0,54.55,56.75,58.4, 58.4,58.95,,3.85,4.4,1.117,,56.4635,°C,121799.46519199981,6042418.098001663
nSats,8.0,11.0,11.0,14.0,16.0, 16.0,16.0,,5.0,5.0,1.4238,,13.7542,nSat,674.9840942628321,6059.826992265012
