Name,Min,1%,5%,50%,95%,99%,Max,,90% Range,98% Range,StdDev,,Mean,Units,Skewness,Kurtosis
Local Clock Frequency Offset,7.8126,7.9148,7.9437,8.1123,8.3165, 8.3374,8.3936,,0.3728,0.4227,0.1119,,8.1255,ppm,367540.0094760019,26337566.352043472
Local Clock Time Offset,-13.276,-2.243,-0.451,0.004,0.524, 1.812,6.224,,0.975,4.055,0.5619,,-0.0008,µs,-6.275008464340891,70.10402764864845
Local RMS Frequency Jitter,0.343,0.649,0.828,1.775,8.785, 16.809,36.69,,7.957,16.16,3.2014,,3.0088,ppb,3.0117237769265133,16.670362448159004
Local RMS Time Jitter,0.058,0.099,0.127,0.261,1.071, 1.918,6.922,,0.944,1.819,0.3795,,0.3986,µs,3.8298562445177153,27.86722556291718
Server Jitter SHM(0),0.1011,0.3299,0.5195,1.3951,3.8153, 6.0476,12.0661,,3.2958,5.7177,1.106,,1.6533,ms,4.09708212644829,19.718321999453618
Server Jitter SHM(1),0.016,0.045,0.068,0.21,1.72, 3.351,13.257,,1.652,3.306,0.6747,,0.4392,µs,3.3576372420556835,28.45900808308051
Server Offset SHM(0),4.2232,11.8421,12.9376,17.8244,22.9039, 24.5343,27.1547,,9.9664,12.6922,3.2105,,17.7314,ms,106.13881486414606,544.3681463115928
Server Offset SHM(1),-13.277,-2.244,-0.452,0.005,0.525, 1.813,6.225,,0.977,4.057,0.5624,,-0.0008,µs,-6.270588070123385,69.96592405276714
TDOP,0.7,0.76,0.8,1.3,15.16, 63.78,269.61,,14.36,63.02,19.4332,,5.085, ,8.5300553562655,116.19740082871634
Temp ZONE0,49.05,49.6,50.15,52.35,58.4, 60.05,60.6,,8.25,10.45,2.7248,,53.4706,°C,6515.960255514783,122439.10275989129
nSats,9.0,10.0,12.0,14.0,15.0, 16.0,16.0,,3.0,6.0,1.189,,13.8458,nSat,1237.316098634379,13488.242913344178
