Name,Min,1%,5%,50%,95%,99%,Max,,90% Range,98% Range,StdDev,,Mean,Units,Skewness,Kurtosis
Local Clock Frequency Offset,8.5976,8.7291,8.7695,9.0787,9.2148, 9.2468,9.3127,,0.4453,0.5177,0.1625,,9.0264,ppm,162321.32089297628,8860472.230964646
Local Clock Time Offset,-21.932,-2.369,-0.622,0.011,0.625, 2.03,10.927,,1.247,4.399,0.6768,,0.0004,µs,-6.999471683850996,123.33695257018663
Local RMS Frequency Jitter,0.645,0.973,1.214,2.33,9.972, 20.346,63.724,,8.758,19.373,3.8535,,3.6255,ppb,4.513632241696406,37.862513689491664
Local RMS Time Jitter,0.104,0.152,0.188,0.35,1.257, 2.322,9.797,,1.069,2.17,0.4693,,0.4923,µs,6.009239563417494,65.82899378850024
Server Jitter SHM(0),0.1632,0.3492,0.525,1.3819,3.0607, 4.6642,7.3573,,2.5357,4.315,0.8513,,1.5528,ms,4.849357635976082,19.368626146950593
Server Jitter SHM(1),0.03,0.074,0.111,0.315,1.856, 3.782,21.448,,1.745,3.708,0.7993,,0.553,µs,5.300881490132696,66.8411144444068
Server Offset SHM(0),9.4928,11.9578,13.0909,18.4068,22.8657, 24.0015,25.915,,9.7749,12.0438,3.1549,,18.0489,ms,119.29389289077001,630.8753415029506
Server Offset SHM(1),-21.933,-2.37,-0.623,0.012,0.625, 2.031,10.928,,1.248,4.401,0.6772,,0.0004,µs,-6.994051362707237,123.0852029024498
TDOP,0.65,0.67,0.75,1.31,16.4, 35.44,128.41,,15.65,34.77,10.0155,,4.3107, ,6.683327944482705,82.85105141963045
Temp ZONE0,47.95,48.5,49.05,52.35,55.1, 56.2,56.75,,6.05,7.7,2.2299,,52.2721,°C,11368.77861709517,256638.1165512215
nSats,4.0,4.0,11.0,13.0,16.0, 16.0,16.0,,5.0,12.0,1.8684,,13.3013,nSat,245.00462433003162,1579.6362436127959
