Name,Min,1%,5%,50%,95%,99%,Max,,90% Range,98% Range,StdDev,,Mean,Units,Skewness,Kurtosis
Local Clock Frequency Offset,7.8023,7.8996,7.9648,8.0691,8.1946, 8.221,8.3002,,0.2298,0.3214,0.0673,,8.0736,ppm,1683586.431957041,200312740.5337484
Local Clock Time Offset,-9.579,-2.228,-0.442,0.003,0.521, 1.811,6.424,,0.963,4.039,0.5503,,-0.0001,µs,-5.555542276390148,51.11903093612865
Local RMS Frequency Jitter,0.371,0.608,0.771,1.704,8.824, 16.7,28.814,,8.053,16.092,3.15,,2.9302,ppb,2.733833660751123,13.27914329569888
Local RMS Time Jitter,0.058,0.093,0.119,0.255,1.07, 1.889,4.148,,0.951,1.796,0.3627,,0.3905,µs,3.1327149750486334,16.119407350514322
Server Jitter SHM(0),0.2019,0.3834,0.5938,1.4172,3.5214, 5.5585,8.9056,,2.9277,5.1752,0.9902,,1.6559,ms,4.305616260476527,17.176486106226704
Server Jitter SHM(1),0.018,0.043,0.065,0.202,1.686, 3.318,9.119,,1.621,3.275,0.6562,,0.4283,µs,2.978375428487769,20.889388409423173
Server Offset SHM(0),6.8002,9.7837,11.3895,17.7299,23.1664, 24.6531,27.4935,,11.7769,14.8694,3.4894,,17.573,ms,77.6960044577977,362.9686720799788
Server Offset SHM(1),-9.58,-2.229,-0.443,0.004,0.522, 1.812,6.425,,0.965,4.041,0.5507,,-0.0001,µs,-5.552516327788694,51.02925957128677
TDOP,0.65,0.65,0.85,1.6,10.23, 32.27,103.36,,9.38,31.62,7.8943,,3.5732, ,7.491791064982831,91.28580601226994
Temp ZONE0,49.6,50.15,50.7,52.35,55.1, 56.2,57.85,,4.4,6.05,1.2595,,52.5585,°C,67697.07423733003,2762461.644190388
nSats,8.0,8.0,12.0,14.0,16.0, 16.0,16.0,,4.0,8.0,1.3482,,13.875,nSat,828.0347501795403,7907.514482888535
