Name,Min,1%,5%,50%,95%,99%,Max,,90% Range,98% Range,StdDev,,Mean,Units,Skewness,Kurtosis
Local Clock Frequency Offset,7.6777,7.7863,7.8053,7.8551,7.9407, 7.9558,8.0083,,0.1354,0.1694,0.0395,,7.86,ppm,7743430.437812045,1532028344.5575297
Local Clock Time Offset,-13.872,-2.516,-0.431,0.005,0.603, 1.862,6.551,,1.034,4.378,0.6012,,0.0003,µs,-7.017847581234046,71.86048130416415
Local RMS Frequency Jitter,0.0,0.584,0.759,1.781,9.79, 17.916,38.336,,9.031,17.332,3.4582,,3.1724,ppb,2.636196038327327,13.423296460107679
Local RMS Time Jitter,0.052,0.094,0.124,0.281,1.336, 2.135,5.944,,1.212,2.041,0.4401,,0.453,µs,2.985680880442978,16.899280128299743
Server Jitter SHM(0),0.0,0.3175,0.5057,1.347,7.1401, 11.2212,22.1697,,6.6344,10.9037,2.142,,1.9961,ms,2.961950781888886,13.688154379875934
Server Jitter SHM(1),0.0,0.043,0.067,0.204,1.832, 3.707,13.87,,1.765,3.664,0.7301,,0.4599,µs,3.0661829691869396,24.53928081825814
Server Offset SHM(0),-0.094,-0.0902,-0.0885,-0.0737,0.5454, 0.5468,599.4211,,0.6339,0.637,8.2297,,0.2744,s,68.34257659498745,4976.111631536444
Server Offset SHM(1),-0.0,-0.0,-0.0,0.0,0.0, 0.0,599.1241,,0.0,0.0,2.9084,,0.0153,s,200.40547026859443,41262.028396020716
TDOP,0.68,0.69,0.74,1.1,3.84, 12.67,135.09,,3.1,11.98,8.8861,,2.2386, ,11.476968068444954,171.53385857639321
Temp ZONE0,51.25,51.25,52.35,54.0,56.2, 57.85,59.5,,3.85,6.6,1.2414,,54.104,°C,77343.9704215854,3299063.9823031873
nSats,8.0,11.0,11.0,14.0,16.0, 16.0,16.0,,5.0,5.0,1.5265,,13.8235,nSat,546.5902058535843,4592.176072161627
