Name,Min,1%,5%,50%,95%,99%,Max,,90% Range,98% Range,StdDev,,Mean,Units,Skewness,Kurtosis
Local Clock Frequency Offset,7.7786,7.9212,7.9715,8.1253,8.2637, 8.3258,8.388,,0.2922,0.4046,0.0819,,8.1256,ppm,947859.6129865047,93128347.8138698
Local Clock Time Offset,-11.456,-2.219,-0.45,0.004,0.533, 1.812,6.976,,0.983,4.031,0.5573,,0.0004,µs,-5.8748299782277975,56.31048583737102
Local RMS Frequency Jitter,0.348,0.623,0.802,1.747,8.969, 16.646,33.041,,8.167,16.023,3.1677,,2.9915,ppb,2.8143196743862497,14.290650810709405
Local RMS Time Jitter,0.051,0.097,0.124,0.258,1.059, 1.848,4.477,,0.935,1.751,0.3571,,0.3922,µs,3.309991597651681,18.3887127054155
Server Jitter SHM(0),0.1736,0.3426,0.5059,1.3686,3.5119, 5.4238,7.9133,,3.0061,5.0812,0.9992,,1.6019,ms,3.858719638096931,14.545137129256316
Server Jitter SHM(1),0.013,0.044,0.067,0.208,1.711, 3.34,11.118,,1.644,3.296,0.6663,,0.437,µs,3.098067199717799,23.258760732981578
Server Offset SHM(0),6.7121,11.8953,13.301,18.5793,23.243, 25.0196,27.5679,,9.9419,13.1243,3.2131,,18.1445,ms,114.28390546165642,598.0315200019986
Server Offset SHM(1),-11.457,-2.22,-0.451,0.005,0.534, 1.813,6.977,,0.985,4.033,0.5577,,0.0004,µs,-5.871159018556487,56.20727222795122
TDOP,0.73,0.74,0.78,1.14,3.9, 19.17,54.04,,3.12,18.43,3.949,,1.932, ,8.745665302585362,109.93304005572628
Temp ZONE0,49.05,50.15,50.7,52.9,57.3, 58.95,59.5,,6.6,8.8,1.7657,,52.9388,°C,24432.015177371104,710728.1140023379
nSats,10.0,10.0,11.0,14.0,16.0, 16.0,16.0,,5.0,6.0,1.2716,,13.7095,nSat,964.8995636200359,9718.02749660248
