Name,Min,1%,5%,50%,95%,99%,Max,,90% Range,98% Range,StdDev,,Mean,Units,Skewness,Kurtosis
Local Clock Frequency Offset,8.7031,8.9002,8.9584,9.141,9.3117, 9.3598,9.432,,0.3533,0.4596,0.1225,,9.1411,ppm,398815.66766558104,29366766.16608068
Local Clock Time Offset,-15.325,-2.27,-0.638,0.022,0.617, 1.925,9.932,,1.255,4.195,0.6353,,-0.0003,µs,-6.020360415132301,73.53235671556921
Local RMS Frequency Jitter,0.539,1.061,1.305,2.409,9.651, 18.01,45.732,,8.346,16.949,3.4243,,3.5975,ppb,4.120438673429024,28.15211025852138
Local RMS Time Jitter,0.086,0.166,0.205,0.367,1.225, 2.01,6.887,,1.02,1.844,0.3973,,0.4968,µs,5.020682278493554,40.411209522716774
Server Jitter SHM(0),0.2191,0.348,0.5422,1.3542,3.2648, 5.1567,7.9066,,2.7226,4.8087,0.9168,,1.5617,ms,4.410754055377336,17.67745892020421
Server Jitter SHM(1),0.029,0.091,0.135,0.34,1.835, 3.577,14.844,,1.7,3.486,0.7204,,0.562,µs,4.591459271388794,45.83274928427705
Server Offset SHM(0),10.2899,11.9225,12.9824,18.1717,22.8704, 24.2888,27.5219,,9.8879,12.3662,3.2192,,17.8661,ms,107.83137048454239,554.6829679792455
Server Offset SHM(1),-15.326,-2.271,-0.639,0.023,0.618, 1.926,9.933,,1.257,4.197,0.6357,,-0.0002,µs,-6.016067050045611,73.37438953819029
TDOP,0.67,0.69,0.76,1.12,7.07, 29.76,197.55,,6.31,29.07,13.2148,,2.9384, ,10.653174661744002,157.91035931621414
Temp ZONE0,48.5,49.05,50.15,53.45,58.95, 59.5,60.05,,8.8,10.45,3.1996,,54.1324,°C,4081.7151232872097,65746.0918861399
nSats,9.0,9.0,12.0,14.0,16.0, 16.0,16.0,,4.0,7.0,1.2577,,13.9419,nSat,1055.1487929599082,10921.161445732663
