Name,Min,1%,5%,50%,95%,99%,Max,,90% Range,98% Range,StdDev,,Mean,Units,Skewness,Kurtosis
Local Clock Frequency Offset,7.4147,7.5592,7.5983,7.823,7.8938, 7.9518,8.055,,0.2955,0.3925,0.0888,,7.7973,ppm,653765.828904505,56755737.27583834
Local Clock Time Offset,-12.87,-2.146,-0.408,0.004,0.547, 1.73,6.666,,0.955,3.876,0.5828,,-0.0,µs,-7.032818109228723,84.6088588753217
Local RMS Frequency Jitter,0.23,0.595,0.785,1.718,8.821, 18.616,37.829,,8.036,18.021,3.442,,2.9849,ppb,3.1579959557116544,18.034527481004954
Local RMS Time Jitter,0.04,0.092,0.124,0.273,1.23, 2.233,5.228,,1.106,2.141,0.4272,,0.4288,µs,3.375820823817072,19.9909372758427
Server Jitter SHM(0),0.1782,0.4273,0.658,1.5947,3.4874, 4.743,7.4035,,2.8294,4.3158,0.8932,,1.7686,ms,5.178766313188027,17.318084137270382
Server Jitter SHM(1),0.02,0.049,0.078,0.216,1.626, 3.679,12.837,,1.548,3.63,0.7065,,0.4375,µs,3.966464792749098,35.1864090671951
Server Offset SHM(0),-22.8405,-18.6634,-16.178,-7.9647,2.3936, 6.9809,10.1806,,18.5716,25.6443,5.8761,,-7.547,ms,-18.51739282429643,58.69499661948359
Server Offset SHM(1),-12.871,-2.147,-0.409,0.005,0.548, 1.731,6.667,,0.957,3.878,0.5832,,-0.0,µs,-7.02727665931801,84.44633219189664
Temp ZONE0,49.05,50.15,50.15,53.45,55.1, 56.2,56.75,,4.95,6.05,1.5405,,53.1305,°C,37658.78351544182,1264494.5244332876
