Name,Min,1%,5%,50%,95%,99%,Max,,90% Range,98% Range,StdDev,,Mean,Units,Skewness,Kurtosis
Local Clock Frequency Offset,8.8175,8.9512,9.007,9.1793,9.2434, 9.3006,9.3143,,0.2364,0.3494,0.0678,,9.1643,ppm,2413340.246680102,323747014.31034386
Local Clock Time Offset,-41.734,-2.283,-0.564,0.017,0.594, 1.899,19.302,,1.158,4.182,0.6733,,0.0003,µs,-10.437912329933276,453.23095203522536
Local RMS Frequency Jitter,0.521,0.896,1.134,2.192,9.737, 18.798,117.506,,8.603,17.902,3.9477,,3.4818,ppb,7.161234380145993,129.86775443216632
Local RMS Time Jitter,0.083,0.14,0.18,0.33,1.215, 2.173,19.786,,1.035,2.033,0.501,,0.4743,µs,11.14718677511328,285.0088314629106
Server Jitter SHM(0),0.1105,0.3425,0.5448,1.424,3.4603, 5.1954,8.4534,,2.9155,4.8529,0.9555,,1.6399,ms,4.357165985961903,16.96187333208288
Server Jitter SHM(1),0.025,0.076,0.114,0.297,1.815, 3.658,40.457,,1.701,3.582,0.8134,,0.5338,µs,9.086873273083196,257.7686085369043
Server Offset SHM(0),9.347,12.351,14.0015,19.3825,24.6058, 26.0289,28.6885,,10.6043,13.6778,3.2816,,19.3717,ms,132.52409942458476,723.3231602280754
Server Offset SHM(1),-41.735,-2.284,-0.565,0.018,0.595, 1.9,19.303,,1.16,4.184,0.6738,,0.0004,µs,-10.426140077636438,452.1831088032838
TDOP,0.63,0.65,0.7,1.05,4.62, 18.59,47.25,,3.92,17.94,4.3161,,1.9502, ,5.868953708057948,55.77699171256717
Temp ZONE0,50.15,50.7,51.8,54.55,58.95, 60.05,61.15,,7.15,9.35,2.2599,,55.2461,°C,12958.743154479407,305494.9053414736
nSats,10.0,11.0,12.0,14.0,16.0, 16.0,16.0,,4.0,5.0,1.2095,,13.7386,nSat,1142.5551604528098,12153.675174929936
