Name,Min,1%,5%,50%,95%,99%,Max,,90% Range,98% Range,StdDev,,Mean,Units,Skewness,Kurtosis
Local Clock Frequency Offset,9.0394,9.1446,9.1978,9.2366,9.2665, 9.2795,9.3191,,0.0687,0.1349,0.0237,,9.2353,ppm,58490441.38533615,22704865583.856472
Local Clock Time Offset,-17.279,-2.123,-0.684,0.026,0.614, 1.726,7.186,,1.298,3.849,0.6168,,0.0,µs,-6.256247371617076,77.40109377802249
Local RMS Frequency Jitter,0.657,1.18,1.443,2.558,8.522, 18.478,48.569,,7.079,17.298,3.2315,,3.5801,ppb,4.537006229190724,30.84562166725296
Local RMS Time Jitter,0.103,0.179,0.222,0.393,1.118, 2.145,7.42,,0.896,1.966,0.3865,,0.5035,µs,5.779859455097744,50.509102442947025
Server Jitter SHM(0),0.1343,0.312,0.4626,1.3048,3.5296, 5.438,7.3326,,3.0671,5.126,0.9985,,1.5412,ms,3.677992816895233,13.75614123329621
Server Jitter SHM(1),0.035,0.1,0.15,0.378,1.642, 3.587,16.845,,1.492,3.487,0.6827,,0.5712,µs,5.0184535615741614,50.30579106647187
Server Offset SHM(0),10.6869,13.2915,14.088,18.7251,23.3828, 24.7333,27.0254,,9.2949,11.4418,3.0197,,18.4911,ms,149.9522243279969,850.3124646325015
Server Offset SHM(1),-17.28,-2.124,-0.685,0.027,0.615, 1.727,7.187,,1.3,3.851,0.6173,,0.0001,µs,-6.250973540390098,77.21194749330847
TDOP,0.67,0.69,0.73,0.98,14.61, 62.05,139.52,,13.88,61.36,11.451,,3.8228, ,6.058142763354964,69.41000899115645
Temp ZONE0,54.0,55.1,55.65,57.85,60.6, 62.25,62.8,,4.95,7.15,1.4929,,57.8958,°C,54038.72277902327,2045958.6298404646
nSats,10.0,10.0,11.0,14.0,15.0, 16.0,16.0,,4.0,6.0,1.3453,,13.4167,nSat,749.1447167700328,6958.408101820642
