Name,Min,1%,5%,50%,95%,99%,Max,,90% Range,98% Range,StdDev,,Mean,Units,Skewness,Kurtosis
Local Clock Frequency Offset,8.9989,9.1073,9.17,9.2675,9.338, 9.3689,9.4149,,0.168,0.2616,0.0518,,9.2609,ppm,5632636.928890105,1002250565.064142
Local Clock Time Offset,-16.017,-2.299,-0.522,0.009,0.567, 1.95,8.397,,1.089,4.249,0.615,,0.0001,µs,-6.479165769287494,75.47554287594548
Local RMS Frequency Jitter,0.437,0.865,1.059,2.06,9.724, 18.027,45.949,,8.665,17.162,3.4541,,3.3442,ppb,3.4983824121958462,21.956687922129625
Local RMS Time Jitter,0.07,0.138,0.172,0.322,1.237, 1.995,6.752,,1.065,1.857,0.4006,,0.4593,µs,4.405501514807704,33.74471345811284
Server Jitter SHM(0),0.1387,0.3076,0.5186,1.4487,3.4982, 5.4466,29.4295,,2.9796,5.139,1.0774,,1.6581,ms,6.944920526887967,105.99646756025294
Server Jitter SHM(1),0.02,0.068,0.102,0.265,1.826, 3.676,15.426,,1.724,3.608,0.7295,,0.5041,µs,3.923671424997321,36.26087978180507
Server Offset SHM(0),-8.5941,12.1649,13.4656,18.8536,23.3926, 24.6331,26.7362,,9.9269,12.4682,3.2113,,18.3445,ms,118.64151159541684,626.5277193520867
Server Offset SHM(1),-16.018,-2.3,-0.523,0.01,0.568, 1.951,8.398,,1.091,4.251,0.6154,,0.0001,µs,-6.474435584586942,75.32563574885431
TDOP,0.65,0.7,0.74,1.07,7.32, 23.17,100.17,,6.58,22.47,9.1269,,2.7741, ,6.843353111141748,71.80062869901839
Temp ZONE0,51.8,51.8,52.9,55.1,58.95, 60.05,60.6,,6.05,8.25,2.044,,55.7394,°C,18208.39182854125,480429.62398507225
nSats,9.0,9.0,11.0,13.0,16.0, 16.0,16.0,,5.0,7.0,1.5004,,13.3458,nSat,515.2352818840261,4245.5425201695625
