Name,Min,1%,5%,50%,95%,99%,Max,,90% Range,98% Range,StdDev,,Mean,Units,Skewness,Kurtosis
Local Clock Frequency Offset,8.863,8.9821,9.0345,9.1466,9.265, 9.2894,9.3317,,0.2305,0.3073,0.0669,,9.1478,ppm,2495842.081204347,338586750.6568412
Local Clock Time Offset,-27.583,-2.321,-0.539,0.007,0.599, 1.935,15.423,,1.138,4.256,0.6701,,-0.0006,µs,-7.198146615559347,166.3862711864754
Local RMS Frequency Jitter,0.461,0.746,0.978,2.11,9.782, 19.704,85.609,,8.804,18.958,3.9519,,3.4388,ppb,5.055418372879656,55.79920353210782
Local RMS Time Jitter,0.082,0.121,0.157,0.321,1.222, 2.286,13.033,,1.065,2.165,0.4814,,0.4679,µs,6.517625872909126,89.44684744580059
Server Jitter SHM(0),0.1734,0.3613,0.5362,1.3727,3.1913, 4.6426,7.4697,,2.6551,4.2813,0.8615,,1.5592,ms,4.664816310172345,17.763205181241705
Server Jitter SHM(1),0.019,0.061,0.094,0.276,1.838, 3.769,26.022,,1.744,3.708,0.8132,,0.5201,µs,6.023935024949213,94.84154358769399
Server Offset SHM(0),11.7024,12.9717,13.8224,18.5104,23.2014, 24.3313,26.1345,,9.3791,11.3596,3.0523,,18.3433,ms,140.79895796842746,783.1481428465123
Server Offset SHM(1),-27.584,-2.322,-0.54,0.008,0.6, 1.936,15.424,,1.14,4.258,0.6705,,-0.0005,µs,-7.1926685968845225,166.0469523467912
TDOP,0.7,0.73,0.78,1.28,23.85, 78.01,113.59,,23.07,77.28,11.9336,,4.737, ,3.889754549152112,32.40912021697983
Temp ZONE0,50.15,50.7,51.8,53.45,56.75, 57.3,57.85,,4.95,6.6,1.4453,,53.7525,°C,47508.197431436456,1723305.7292121332
nSats,9.0,10.0,11.0,14.0,16.0, 16.0,16.0,,5.0,6.0,1.286,,13.5667,nSat,898.9446707505123,8847.975113333063
