Name,Min,1%,5%,50%,95%,99%,Max,,90% Range,98% Range,StdDev,,Mean,Units,Skewness,Kurtosis
Local Clock Frequency Offset,8.5167,8.6694,8.7554,8.8643,8.9308, 8.9621,9.0132,,0.1753,0.2926,0.0602,,8.8522,ppm,3118928.710852583,455736930.25886434
Local Clock Time Offset,-24.998,-1.94,-0.537,0.009,0.592, 1.762,11.599,,1.129,3.702,0.6217,,0.0001,µs,-8.293930030008001,202.30091047383888
Local RMS Frequency Jitter,0.474,0.753,0.97,1.925,8.199, 18.669,72.494,,7.229,17.916,3.6868,,3.1675,ppb,5.180781837589023,55.61272642643969
Local RMS Time Jitter,0.058,0.119,0.155,0.296,1.004, 2.156,10.94,,0.849,2.037,0.4375,,0.4236,µs,7.046099785640901,97.39332898048715
Server Jitter SHM(0),0.1172,0.3023,0.5062,1.3816,3.3787, 5.2206,7.4473,,2.8726,4.9183,0.931,,1.5942,ms,4.3514709117255475,16.767995688749924
Server Jitter SHM(1),0.021,0.064,0.098,0.263,1.627, 3.428,24.045,,1.529,3.364,0.7479,,0.4858,µs,6.66873598801057,109.65448385524755
Server Offset SHM(0),12.1066,13.7211,14.4644,19.4973,23.9138, 25.1207,26.7297,,9.4493,11.3995,3.0506,,19.1618,ms,163.1329584982349,946.9671788095166
Server Offset SHM(1),-24.999,-1.941,-0.538,0.01,0.593, 1.763,11.6,,1.131,3.704,0.6222,,0.0001,µs,-8.285441375964908,201.8270860188112
TDOP,0.67,0.69,0.75,1.16,7.19, 31.48,89.63,,6.44,30.79,7.4758,,2.7763, ,6.690753986263993,72.25796203862797
Temp ZONE0,50.15,50.7,51.8,53.45,55.1, 56.2,56.75,,3.3,5.5,1.1123,,53.6691,°C,105620.76110694605,4997118.705091872
nSats,10.0,10.0,11.0,13.0,15.0, 16.0,16.0,,4.0,6.0,1.238,,13.4398,nSat,986.6920430683269,10011.114322151303
