Name,Min,1%,5%,50%,95%,99%,Max,,90% Range,98% Range,StdDev,,Mean,Units,Skewness,Kurtosis
Local Clock Frequency Offset,7.0825,7.174,7.2225,7.439,7.5425, 7.6047,7.6698,,0.32,0.4307,0.0969,,7.417,ppm,431506.6655334521,32618696.549728822
Local Clock Time Offset,-17.483,-2.133,-0.387,0.001,0.52, 1.77,7.864,,0.907,3.903,0.603,,-0.0009,µs,-7.272150109745015,110.12417194080177
Local RMS Frequency Jitter,0.326,0.59,0.761,1.666,8.862, 19.397,48.334,,8.101,18.807,3.6439,,2.9905,ppb,3.381283414132736,22.170774775469123
Local RMS Time Jitter,0.055,0.093,0.124,0.26,1.238, 2.309,9.152,,1.114,2.216,0.4601,,0.4252,µs,4.255427693611574,39.70171819867291
Server Jitter SHM(0),0.4217,0.876,1.2761,3.3285,9.418, 17.0115,24.9353,,8.1419,16.1356,2.9796,,4.1621,ms,3.5258487009861885,15.451905246747828
Server Jitter SHM(1),0.014,0.05,0.076,0.202,1.64, 3.788,17.42,,1.564,3.738,0.7447,,0.4322,µs,4.379264970859058,46.42533541478584
Server Offset SHM(0),-20.4408,-9.3031,-1.6381,10.0252,20.3335, 24.4458,31.5452,,21.9716,33.7489,6.8058,,9.7195,ms,1.0210480759478575,4.043732033339443
Server Offset SHM(1),-17.484,-2.134,-0.388,0.002,0.521, 1.771,7.865,,0.909,3.905,0.6034,,-0.0009,µs,-7.266600705362971,109.91682685800164
Temp ZONE0,47.4,47.95,48.5,51.8,53.45, 54.55,57.85,,4.95,6.6,1.5657,,51.3618,°C,32265.803660786223,1029216.4343548241
