Name,Min,1%,5%,50%,95%,99%,Max,,90% Range,98% Range,StdDev,,Mean,Units,Skewness,Kurtosis
Local Clock Frequency Offset,7.7786,7.9212,7.9716,8.1333,8.2418, 8.2687,8.3097,,0.2702,0.3475,0.0765,,8.1305,ppm,1165735.3444363938,122709370.71667853
Local Clock Time Offset,-18.481,-2.2,-0.449,0.004,0.521, 1.752,10.596,,0.97,3.952,0.5626,,-0.0006,µs,-6.3722208618442195,89.07600072307473
Local RMS Frequency Jitter,0.353,0.62,0.792,1.735,8.799, 16.638,57.8,,8.007,16.018,3.2461,,2.9676,ppb,3.410870886330742,25.5086210122917
Local RMS Time Jitter,0.053,0.095,0.122,0.258,1.058, 1.88,8.354,,0.936,1.785,0.3742,,0.3926,µs,4.257205207298724,40.757164162420125
Server Jitter SHM(0),0.1736,0.3354,0.5034,1.3482,3.4847, 5.3405,8.0603,,2.9814,5.005,0.9793,,1.5803,ms,3.907585704168039,14.78373922350399
Server Jitter SHM(1),0.017,0.043,0.066,0.208,1.67, 3.322,17.207,,1.604,3.279,0.6787,,0.4337,µs,3.9197392469023646,43.0614134191603
Server Offset SHM(0),10.6256,12.4627,13.2937,18.4507,23.0483, 24.6966,27.5679,,9.7546,12.2339,3.1751,,18.0121,ms,116.11987247842745,611.0775644898313
Server Offset SHM(1),-18.482,-2.201,-0.45,0.005,0.522, 1.753,10.597,,0.972,3.954,0.563,,-0.0006,µs,-6.36764636672679,88.88822095012569
TDOP,0.73,0.75,0.8,1.29,5.63, 20.85,54.04,,4.83,20.1,4.4015,,2.329, ,6.5862305781234305,70.90912141134515
Temp ZONE0,49.05,50.15,50.7,52.9,55.65, 56.2,57.85,,4.95,6.05,1.5141,,53.0643,°C,39566.52915981988,1350594.3324937706
nSats,8.0,10.0,11.0,14.0,16.0, 16.0,16.0,,5.0,6.0,1.3245,,13.6763,nSat,838.5857115544578,8070.922611377116
