Name,Min,1%,5%,50%,95%,99%,Max,,90% Range,98% Range,StdDev,,Mean,Units,Skewness,Kurtosis
Local Clock Frequency Offset,7.515,7.6304,7.663,7.7905,7.8947, 7.9142,8.007,,0.2317,0.2838,0.0722,,7.7815,ppm,1220185.8394076524,130409908.13849644
Local Clock Time Offset,-14.872,-2.218,-0.413,0.004,0.594, 1.625,6.912,,1.007,3.843,0.5733,,-0.0004,µs,-6.95689327197633,81.56948544175631
Local RMS Frequency Jitter,0.278,0.571,0.759,1.742,8.822, 17.59,41.096,,8.063,17.019,3.3276,,3.0034,ppb,3.0150945168636953,17.225632219994164
Local RMS Time Jitter,0.037,0.09,0.12,0.272,1.233, 2.071,6.166,,1.113,1.981,0.4134,,0.4257,µs,3.2339269924518708,19.33450375115022
Server Jitter SHM(0),0.1461,0.3946,0.5895,1.4665,3.5331, 4.7361,9.238,,2.9436,4.3414,0.9262,,1.6802,ms,4.518215193173298,16.188427502253337
Server Jitter SHM(1),0.015,0.048,0.075,0.213,1.671, 3.462,14.818,,1.596,3.414,0.692,,0.4391,µs,3.685069646906628,33.00031131431183
Server Offset SHM(0),-25.5455,-22.1365,-19.3329,-11.7946,-2.74, 1.2446,5.6986,,16.5929,23.3811,5.0309,,-11.4263,ms,-44.5822099415927,178.45509725788992
Server Offset SHM(1),-14.873,-2.219,-0.414,0.005,0.595, 1.626,6.913,,1.009,3.845,0.5738,,-0.0003,µs,-6.951307329075957,81.40641625279183
Temp ZONE0,49.6,50.15,51.25,54.0,58.4, 61.15,62.8,,7.15,11.0,2.3178,,54.1136,°C,11227.913058642376,252461.65393436427
