Name,Min,1%,5%,50%,95%,99%,Max,,90% Range,98% Range,StdDev,,Mean,Units,Skewness,Kurtosis
Local Clock Frequency Offset,8.2319,8.3436,8.3638,8.5015,8.6171, 8.638,8.693,,0.2534,0.2943,0.08,,8.4989,ppm,1167437.3979254593,122948408.31958535
Local Clock Time Offset,-12.961,-2.101,-0.369,0.002,0.545, 1.667,7.802,,0.914,3.768,0.5748,,-0.0001,µs,-6.3480922264909365,72.24431038614819
Local RMS Frequency Jitter,0.261,0.498,0.633,1.408,8.486, 19.059,35.865,,7.853,18.561,3.5002,,2.8183,ppb,2.729998000110218,14.71814213152722
Local RMS Time Jitter,0.046,0.077,0.103,0.227,1.176, 2.242,5.371,,1.073,2.165,0.4282,,0.3918,µs,3.0389707776381325,17.52274481816671
Server Jitter SHM(0),0.1416,0.3726,0.5878,1.4465,3.4699, 5.4602,7.9174,,2.8821,5.0877,0.9592,,1.6659,ms,4.579825095547771,18.311593289387677
Server Jitter SHM(1),0.013,0.04,0.061,0.17,1.683, 3.902,12.925,,1.622,3.862,0.712,,0.4047,µs,3.298627616995655,26.544029310624595
Server Offset SHM(0),10.3601,12.4009,13.8611,19.0341,23.8419, 25.1651,27.4796,,9.9808,12.7642,3.2333,,18.698,ms,123.77460442830001,662.7674507807288
Server Offset SHM(1),-12.962,-2.102,-0.37,0.003,0.546, 1.668,7.803,,0.916,3.77,0.5752,,-0.0,µs,-6.344149772821253,72.12185015005386
TDOP,0.67,0.68,0.7,0.98,4.53, 6.69,13.82,,3.83,6.01,1.5063,,1.5986, ,3.9393739948319286,24.93248724298419
Temp ZONE0,50.15,50.7,51.25,53.45,56.2, 57.3,58.4,,4.95,6.6,1.5691,,53.5165,°C,36382.29478956108,1207773.4951164948
nSats,5.0,5.0,6.0,14.0,16.0, 16.0,16.0,,10.0,11.0,2.7551,,13.0708,nSat,61.9794060148304,259.8079300056825
