Name,Min,1%,5%,50%,95%,99%,Max,,90% Range,98% Range,StdDev,,Mean,Units,Skewness,Kurtosis
Local Clock Frequency Offset,7.3026,7.4032,7.4368,7.5365,7.6521, 7.6844,7.7997,,0.2153,0.2812,0.0685,,7.548,ppm,1304000.1377908464,142487354.08212692
Local Clock Time Offset,-14.704,-2.298,-0.402,0.002,0.588, 1.682,7.761,,0.99,3.98,0.6,,-0.0002,µs,-7.321038765427772,91.93106909887156
Local RMS Frequency Jitter,0.243,0.532,0.759,1.75,9.089, 19.067,40.649,,8.33,18.535,3.5426,,3.0746,ppb,3.069799996669373,17.66460866319578
Local RMS Time Jitter,0.044,0.084,0.12,0.283,1.278, 2.266,6.433,,1.158,2.182,0.4477,,0.4447,µs,3.361541023276189,21.208261243797736
Server Jitter SHM(0),0.4541,0.6448,0.9112,2.1723,6.5604, 12.1451,36.5319,,5.6493,11.5003,2.2278,,2.8127,ms,4.366766363015774,31.401174747713068
Server Jitter SHM(1),0.012,0.047,0.074,0.21,1.687, 3.741,14.585,,1.613,3.694,0.7336,,0.4462,µs,3.8649753322473313,35.47977715779738
Server Offset SHM(0),-74.9031,-57.4975,-53.3966,-22.2402,-3.0776, 3.8196,8.8157,,50.319,61.3171,14.1953,,-23.7932,ms,-27.974288432111432,105.9759964634637
Server Offset SHM(1),-14.705,-2.299,-0.403,0.003,0.589, 1.683,7.762,,0.992,3.982,0.6004,,-0.0002,µs,-7.315291656755355,91.75949367064342
Temp ZONE0,49.05,50.15,51.25,52.9,57.85, 60.6,60.6,,6.6,10.45,2.1357,,53.3998,°C,13902.528970101366,335522.74722153
