Name,Min,1%,5%,50%,95%,99%,Max,,90% Range,98% Range,StdDev,,Mean,Units,Skewness,Kurtosis
Local Clock Frequency Offset,8.7608,8.8396,8.9868,9.0405,9.0925, 9.1098,9.1581,,0.1057,0.2702,0.0412,,9.0384,ppm,10426003.67356935,2277762470.6925397
Local Clock Time Offset,-14.379,-2.049,-0.501,0.011,0.521, 1.759,8.51,,1.022,3.808,0.5735,,-0.0001,µs,-6.452856956042014,83.72658172797178
Local RMS Frequency Jitter,0.491,0.726,0.947,1.896,8.197, 17.746,51.158,,7.25,17.02,3.2968,,3.0395,ppb,3.9385343092343024,28.29766832421343
Local RMS Time Jitter,0.062,0.116,0.15,0.295,1.049, 2.041,9.867,,0.899,1.925,0.3934,,0.4186,µs,5.493943911250391,61.5909261123027
Server Jitter SHM(0),0.2057,0.3563,0.535,1.4508,3.3854, 5.3534,8.4017,,2.8505,4.9971,0.9601,,1.6551,ms,4.461510959171934,17.916098756542677
Server Jitter SHM(1),0.017,0.063,0.095,0.253,1.568, 3.464,14.021,,1.473,3.401,0.6811,,0.4636,µs,4.531452336470421,45.7477169912228
Server Offset SHM(0),11.481,12.7783,13.7572,19.0217,24.0184, 25.4813,26.6716,,10.2612,12.703,3.2856,,18.7242,ms,117.88130709123813,622.687873274427
Server Offset SHM(1),-14.38,-2.05,-0.502,0.012,0.522, 1.76,8.511,,1.024,3.81,0.574,,-0.0,µs,-6.447672837675361,83.54094756488601
TDOP,0.64,0.67,0.75,1.08,9.69, 58.89,124.67,,8.94,58.22,10.6649,,3.2675, ,6.199572188504697,65.52246313632502
Temp ZONE0,51.8,52.9,54.55,57.3,60.05, 62.25,62.8,,5.5,9.35,1.7925,,57.1768,°C,29588.763212430425,917097.284221325
nSats,8.0,10.0,11.0,14.0,16.0, 16.0,16.0,,5.0,6.0,1.503,,13.7718,nSat,567.7039572514857,4821.533912968028
