Name,Min,1%,5%,50%,95%,99%,Max,,90% Range,98% Range,StdDev,,Mean,Units,Skewness,Kurtosis
Local Clock Frequency Offset,7.1165,7.2355,7.5117,7.7026,7.7957, 7.8548,7.9504,,0.2841,0.6194,0.108,,7.6823,ppm,345408.9300119547,24244580.39049482
Local Clock Time Offset,-18.655,-2.337,-0.407,0.002,0.63, 1.67,8.464,,1.037,4.007,0.5981,,0.0001,µs,-7.52247659699907,105.44912194405126
Local RMS Frequency Jitter,0.315,0.573,0.76,1.751,9.036, 18.44,51.541,,8.276,17.867,3.5111,,3.0885,ppb,3.2017161564429246,20.46459189181933
Local RMS Time Jitter,0.048,0.087,0.12,0.277,1.261, 2.191,8.176,,1.141,2.104,0.4452,,0.4394,µs,3.6709786754688305,28.225212623731593
Server Jitter SHM(0),0.1002,0.4127,0.6178,1.5732,3.9021, 5.2869,8.2474,,3.2843,4.8742,1.0326,,1.8214,ms,4.223490559225354,14.497330176987756
Server Jitter SHM(1),0.012,0.046,0.073,0.211,1.718, 3.582,18.698,,1.645,3.536,0.7278,,0.4458,µs,4.079496036097215,43.200234330690165
Server Offset SHM(0),-23.9913,-20.3519,-18.0867,-10.4401,-3.6554, -1.4218,5.3432,,14.4313,18.93,4.5274,,-10.6509,ms,-47.850721319523124,197.6666843249619
Server Offset SHM(1),-18.656,-2.338,-0.408,0.003,0.631, 1.671,8.465,,1.039,4.009,0.5985,,0.0001,µs,-7.516155672486932,105.23769565509231
Temp ZONE0,46.3,47.4,49.6,52.35,55.1, 55.65,56.2,,5.5,8.25,1.7302,,52.56,°C,25444.23397489409,750055.199333091
