Name,Min,1%,5%,50%,95%,99%,Max,,90% Range,98% Range,StdDev,,Mean,Units,Skewness,Kurtosis
Local Clock Frequency Offset,7.3683,7.4342,7.4811,7.8975,8.0044, 8.0248,8.0958,,0.5233,0.5906,0.1702,,7.831,ppm,91279.62293774814,4113827.431922982
Local Clock Time Offset,-15.434,-2.099,-0.401,0.0,0.471, 1.818,7.571,,0.872,3.917,0.5574,,0.0008,µs,-6.55859304512782,88.29602886925252
Local RMS Frequency Jitter,0.235,0.507,0.654,1.569,8.598, 17.517,42.647,,7.944,17.01,3.3201,,2.8221,ppb,3.0680957474283908,18.92770530206294
Local RMS Time Jitter,0.031,0.078,0.102,0.234,1.069, 2.034,6.577,,0.967,1.956,0.3984,,0.3781,µs,3.675463083313743,27.132588962326842
Server Jitter SHM(0),0.1653,0.3538,0.5523,1.42,3.4965, 5.5632,8.356,,2.9442,5.2094,0.9928,,1.652,ms,4.256131408021717,16.889640201149753
Server Jitter SHM(1),0.013,0.034,0.052,0.166,1.627, 3.375,15.433,,1.575,3.341,0.6863,,0.3994,µs,3.645402516749572,35.95316449070819
Server Offset SHM(0),10.2465,11.5081,12.8264,18.2087,22.9994, 24.5238,26.5305,,10.173,13.0158,3.1681,,17.8952,ms,114.37614790953837,598.4422736190172
Server Offset SHM(1),-15.435,-2.1,-0.402,0.001,0.472, 1.819,7.572,,0.874,3.919,0.5578,,0.0008,µs,-6.553974513620003,88.12671789896513
TDOP,0.65,0.66,0.72,1.01,8.11, 35.48,66.59,,7.39,34.82,6.6873,,2.6443, ,4.487428521590287,38.69764216153382
Temp ZONE0,46.85,47.4,48.5,52.9,55.65, 56.2,56.2,,7.15,8.8,2.2253,,52.455,°C,11567.690881382112,262610.3000565475
nSats,10.0,10.0,12.0,14.0,16.0, 16.0,16.0,,4.0,6.0,1.3547,,13.8755,nSat,816.9650135562314,7800.067650287981
