Name,Min,1%,5%,50%,95%,99%,Max,,90% Range,98% Range,StdDev,,Mean,Units,Skewness,Kurtosis
Local Clock Frequency Offset,8.7838,9.0538,9.0696,9.1123,9.1497, 9.1631,9.2072,,0.0801,0.1093,0.026,,9.1119,ppm,42878059.3094072,15007922293.126755
Local Clock Time Offset,-28.581,-2.11,-0.523,0.013,0.545, 1.775,16.5,,1.068,3.885,0.6208,,-0.0002,µs,-7.825618433341165,224.0302779327305
Local RMS Frequency Jitter,0.445,0.746,0.964,1.939,8.442, 18.481,89.884,,7.478,17.735,3.6838,,3.1599,ppb,5.64872219452341,73.46047537055861
Local RMS Time Jitter,0.068,0.12,0.156,0.304,1.104, 2.135,12.854,,0.948,2.015,0.4495,,0.4398,µs,7.275666821620782,113.45735234515442
Server Jitter SHM(0),0.1703,0.3586,0.5218,1.3957,3.4119, 5.2462,7.8837,,2.8901,4.8875,0.9393,,1.5987,ms,4.359763330484523,17.00668056283502
Server Jitter SHM(1),0.018,0.064,0.098,0.263,1.632, 3.593,26.943,,1.534,3.529,0.7519,,0.4841,µs,7.020674336107599,134.3211611486837
Server Offset SHM(0),11.5528,13.0755,14.007,18.914,23.8824, 24.9344,27.0279,,9.8753,11.8589,3.167,,18.8983,ms,137.47071358024763,758.8812839053713
Server Offset SHM(1),-28.582,-2.111,-0.524,0.014,0.546, 1.776,16.501,,1.07,3.887,0.6212,,-0.0002,µs,-7.818186732486737,223.5042195880745
TDOP,0.6,0.65,0.74,1.28,9.81, 30.52,45.54,,9.07,29.87,5.189,,2.8018, ,3.6018397608840935,24.556487880034293
Temp ZONE0,54.0,54.0,54.55,56.2,58.4, 59.5,59.5,,3.85,5.5,1.196,,56.4131,°C,98534.6247073409,4555418.628082076
nSats,10.0,10.0,12.0,14.0,16.0, 16.0,16.0,,4.0,6.0,1.2792,,13.7833,nSat,962.7293277345764,9684.15716438126
