Name,Min,1%,5%,50%,95%,99%,Max,,90% Range,98% Range,StdDev,,Mean,Units,Skewness,Kurtosis
Local Clock Frequency Offset,7.6295,7.7222,7.7566,7.9462,8.0683, 8.1403,8.1984,,0.3117,0.4181,0.0976,,7.9333,ppm,517484.11839085683,41558840.76077501
Local Clock Time Offset,-11.665,-2.192,-0.415,0.002,0.479, 1.781,8.562,,0.894,3.973,0.5456,,-0.0002,µs,-6.031882582748348,63.769108033876876
Local RMS Frequency Jitter,0.296,0.52,0.691,1.587,8.559, 16.792,43.125,,7.868,16.272,3.1873,,2.8344,ppb,2.8732171299929257,16.480320005242106
Local RMS Time Jitter,0.045,0.078,0.105,0.233,1.058, 1.956,5.806,,0.953,1.878,0.3776,,0.3763,µs,3.277458962942346,20.632561939506505
Server Jitter SHM(0),0.1811,0.3585,0.54,1.4611,3.8288, 5.8212,13.2967,,3.2888,5.4627,1.1027,,1.7103,ms,4.237356350099053,20.910042487338135
Server Jitter SHM(1),0.015,0.037,0.055,0.176,1.654, 3.33,12.168,,1.599,3.293,0.6654,,0.4059,µs,3.1484221761019775,25.69312319162117
Server Offset SHM(0),1.3086,10.2941,12.5836,17.663,22.4438, 24.0259,26.2905,,9.8601,13.7318,3.3675,,17.3587,ms,83.7434696043748,398.0699336002976
Server Offset SHM(1),-11.666,-2.193,-0.416,0.003,0.48, 1.782,8.563,,0.896,3.975,0.546,,-0.0001,µs,-6.028149747557074,63.653025349800494
TDOP,0.67,0.7,0.77,1.67,22.1, 75.37,104.76,,21.33,74.67,12.5161,,5.2825, ,3.4602211007341976,25.181920008601686
Temp ZONE0,48.5,49.6,50.15,52.9,58.95, 60.05,60.05,,8.8,10.45,3.3318,,54.4583,°C,3659.437712638184,56867.77851578736
nSats,10.0,11.0,11.0,14.0,15.0, 16.0,16.0,,4.0,5.0,1.1822,,13.3958,nSat,1133.5212816724309,12023.931617666902
