Name,Min,1%,5%,50%,95%,99%,Max,,90% Range,98% Range,StdDev,,Mean,Units,Skewness,Kurtosis
Local Clock Frequency Offset,8.979,9.0929,9.1142,9.1473,9.1752, 9.1823,9.2159,,0.061,0.0894,0.0186,,9.146,ppm,118884990.49208333,58457416919.81465
Local Clock Time Offset,-11.714,-2.008,-0.467,0.012,0.513, 1.662,6.728,,0.98,3.67,0.5492,,-0.0001,µs,-6.62024259193218,75.79649585608017
Local RMS Frequency Jitter,0.303,0.655,0.863,1.779,7.993, 17.333,36.148,,7.13,16.678,3.1398,,2.929,ppb,3.4192404531928005,20.203876878700722
Local RMS Time Jitter,0.054,0.104,0.136,0.276,1.069, 1.947,4.619,,0.933,1.843,0.3676,,0.4046,µs,3.8219049137916143,23.648394353580475
Server Jitter SHM(0),0.1086,0.3594,0.5214,1.4384,3.5022, 5.3907,7.8695,,2.9808,5.0313,0.9656,,1.6474,ms,4.303289231282423,16.53561345156876
Server Jitter SHM(1),0.019,0.051,0.08,0.228,1.55, 3.371,11.306,,1.47,3.32,0.656,,0.4384,µs,3.9288455461710328,34.449237809475385
Server Offset SHM(0),10.1974,12.1378,13.133,18.2865,23.3601, 24.8627,27.9231,,10.2272,12.7249,3.2008,,18.0443,ms,113.72789709021983,595.180470155054
Server Offset SHM(1),-11.715,-2.009,-0.468,0.013,0.514, 1.663,6.729,,0.982,3.672,0.5496,,-0.0001,µs,-6.614592068811201,75.62966586278444
TDOP,0.62,0.64,0.72,1.2,6.69, 8.46,9.24,,5.97,7.82,1.8832,,1.9816, ,2.266128856457057,7.02549658291808
Temp ZONE0,55.65,55.65,56.2,57.85,59.5, 60.05,61.7,,3.3,4.4,1.0265,,57.756,°C,168957.3424870139,9346609.33230766
nSats,8.0,9.0,10.0,13.0,15.0, 16.0,16.0,,5.0,7.0,1.5906,,13.1083,nSat,400.8362824886075,3050.1400444367137
