Name,Min,1%,5%,50%,95%,99%,Max,,90% Range,98% Range,StdDev,,Mean,Units,Skewness,Kurtosis
Local Clock Frequency Offset,8.3858,8.5029,8.5256,8.548,8.5667, 8.5724,8.6061,,0.0411,0.0696,0.0155,,8.5468,ppm,165365276.57588914,90767136718.80528
Local Clock Time Offset,-14.932,-2.198,-0.382,0.008,0.577, 1.577,7.621,,0.959,3.775,0.5898,,0.0,µs,-7.5245099652121015,98.06329712009429
Local RMS Frequency Jitter,0.329,0.557,0.719,1.473,8.614, 19.242,41.245,,7.895,18.685,3.5719,,2.9161,ppb,3.03428031113175,18.448393636302935
Local RMS Time Jitter,0.047,0.085,0.112,0.236,1.191, 2.416,6.202,,1.079,2.331,0.4568,,0.4097,µs,3.4395493225198646,22.729070848482905
Server Jitter SHM(0),0.2002,0.4098,0.605,1.5031,3.8681, 5.7213,7.9313,,3.2631,5.3115,1.0533,,1.7687,ms,4.123555649872326,15.049297810967413
Server Jitter SHM(1),0.018,0.044,0.068,0.181,1.705, 3.866,14.914,,1.637,3.822,0.7371,,0.4222,µs,3.7646137711486416,35.71156112929564
Server Offset SHM(0),11.179,12.1975,13.0569,18.1918,23.6155, 24.9332,26.6889,,10.5586,12.7356,3.2829,,18.2143,ms,107.81659195053206,555.6847775786779
Server Offset SHM(1),-14.933,-2.199,-0.383,0.009,0.578, 1.578,7.622,,0.961,3.777,0.5902,,0.0001,µs,-7.518452331552343,97.88119809520872
TDOP,0.79,0.81,0.86,1.37,16.74, 65.91,104.51,,15.88,65.1,10.4226,,4.1675, ,4.430458151558478,38.690906357874276
Temp ZONE0,54.55,55.65,56.75,58.4,59.5, 60.6,61.15,,2.75,4.95,1.0459,,58.1181,°C,162625.21130310986,8882617.704017935
nSats,5.0,5.0,5.0,13.0,15.0, 16.0,16.0,,10.0,11.0,3.0158,,11.9708,nSat,33.73984211415771,118.4724818939761
