Name,Min,1%,5%,50%,95%,99%,Max,,90% Range,98% Range,StdDev,,Mean,Units,Skewness,Kurtosis
Local Clock Frequency Offset,7.8617,7.9459,7.9834,8.194,8.3205, 8.3433,8.3949,,0.3371,0.3975,0.0907,,8.1959,ppm,714780.8336337497,63925047.46931706
Local Clock Time Offset,-20.883,-2.245,-0.487,0.004,0.555, 1.804,11.555,,1.042,4.049,0.5817,,-0.0002,µs,-6.540731333753185,109.818078871463
Local RMS Frequency Jitter,0.412,0.658,0.84,1.807,8.938, 16.914,64.034,,8.098,16.256,3.3648,,3.0598,ppb,3.844318381806912,33.32605577277953
Local RMS Time Jitter,0.059,0.102,0.13,0.27,1.074, 1.895,9.609,,0.944,1.793,0.3932,,0.4066,µs,5.061331180155843,60.02144290244575
Server Jitter SHM(0),0.1545,0.3207,0.4799,1.4054,3.461, 5.6498,9.4014,,2.9811,5.329,1.0111,,1.6246,ms,4.105034973481537,17.26287064006858
Server Jitter SHM(1),0.016,0.046,0.071,0.22,1.726, 3.324,19.744,,1.655,3.278,0.7012,,0.4531,µs,4.435281341880116,56.72593343443696
Server Offset SHM(0),11.7824,12.9213,13.9998,18.4751,23.0725, 24.4002,25.8016,,9.0727,11.4789,2.9672,,18.4423,ms,157.5404670187094,905.6031504974757
Server Offset SHM(1),-20.884,-2.246,-0.488,0.005,0.556, 1.805,11.556,,1.044,4.051,0.5821,,-0.0002,µs,-6.535827238076693,109.57734211663247
TDOP,0.71,0.71,0.77,1.17,10.82, 51.16,98.18,,10.05,50.45,9.0802,,3.4093, ,4.797058429129987,45.14641897397683
Temp ZONE0,48.5,49.05,50.15,52.35,56.2, 56.75,56.75,,6.05,7.7,1.7464,,52.8612,°C,25161.935340542175,739055.9763646926
nSats,9.0,10.0,11.0,14.0,15.0, 16.0,16.0,,4.0,6.0,1.3477,,13.3983,nSat,741.0579779841024,6853.325902000918
