Name,Min,1%,5%,50%,95%,99%,Max,,90% Range,98% Range,StdDev,,Mean,Units,Skewness,Kurtosis
Local Clock Frequency Offset,8.4747,8.5638,8.609,8.8927,8.9844, 9.0086,9.079,,0.3754,0.4448,0.108,,8.8627,ppm,533506.210181854,43282746.89293476
Local Clock Time Offset,-10.115,-2.163,-0.444,0.008,0.514, 1.666,6.495,,0.958,3.829,0.5416,,0.0001,µs,-6.106614777289184,60.70543640307993
Local RMS Frequency Jitter,0.316,0.566,0.768,1.713,8.074, 17.072,30.064,,7.306,16.506,3.0997,,2.8855,ppb,2.999212485140125,15.616071465243216
Local RMS Time Jitter,0.041,0.088,0.12,0.261,1.063, 1.877,4.774,,0.943,1.789,0.3583,,0.3909,µs,3.405683490356852,19.288146421362814
Server Jitter SHM(0),0.1093,0.3189,0.5184,1.3898,3.6086, 5.551,8.1085,,3.0902,5.2321,1.0182,,1.6266,ms,3.9379024892122376,15.190021115165738
Server Jitter SHM(1),0.006,0.042,0.066,0.205,1.575, 3.328,10.121,,1.509,3.286,0.6486,,0.4231,µs,3.3556241858712634,25.791801111412074
Server Offset SHM(0),10.4879,12.1878,13.789,18.6891,23.6825, 24.867,27.8034,,9.8935,12.6792,3.2665,,18.4506,ms,114.4427574574254,599.48913111417
Server Offset SHM(1),-10.116,-2.164,-0.445,0.009,0.515, 1.667,6.496,,0.96,3.831,0.5421,,0.0002,µs,-6.102247202228402,60.585441535884215
TDOP,0.69,0.71,0.76,1.21,6.36, 7.96,9.19,,5.6,7.25,1.7208,,1.841, ,2.5697328637816885,8.49095952085445
Temp ZONE0,49.05,49.05,50.15,57.85,60.6, 62.8,62.8,,10.45,13.75,3.3834,,56.5492,°C,3926.6488887814553,62414.35379809003
nSats,9.0,10.0,12.0,14.0,16.0, 16.0,16.0,,4.0,6.0,1.3498,,13.751,nSat,802.6776632580176,7618.132291921281
