Name,Min,1%,5%,50%,95%,99%,Max,,90% Range,98% Range,StdDev,,Mean,Units,Skewness,Kurtosis
Local Clock Frequency Offset,8.415,8.5436,8.5948,8.7262,8.7674, 8.7913,8.8497,,0.1726,0.2477,0.0538,,8.7063,ppm,4154661.3089831346,667955364.6574495
Local Clock Time Offset,-12.776,-2.021,-0.497,0.009,0.608, 1.713,7.747,,1.105,3.734,0.5708,,0.0004,µs,-6.405686673007513,71.3321725436638
Local RMS Frequency Jitter,0.328,0.715,0.91,1.841,8.152, 17.699,35.303,,7.242,16.984,3.2273,,3.0823,ppb,3.2691420679238457,18.387951625930366
Local RMS Time Jitter,0.064,0.117,0.147,0.282,1.028, 2.023,5.406,,0.881,1.906,0.3663,,0.4107,µs,3.975053280476206,25.13334957145389
Server Jitter SHM(0),0.1543,0.3869,0.5884,1.4274,3.3801, 5.2951,7.3901,,2.7917,4.9082,0.9364,,1.639,ms,4.657754296482795,18.622176079092313
Server Jitter SHM(1),0.023,0.061,0.093,0.245,1.676, 3.328,12.78,,1.583,3.267,0.6718,,0.4691,µs,3.812510974179886,32.882170363409294
Server Offset SHM(0),10.6351,13.3511,14.568,19.7488,24.91, 26.7325,29.2493,,10.342,13.3814,3.3092,,19.807,ms,138.88316701184456,769.4727787580265
Server Offset SHM(1),-12.777,-2.022,-0.498,0.01,0.609, 1.714,7.748,,1.107,3.736,0.5712,,0.0005,µs,-6.400556743463114,71.17856780969821
TDOP,0.64,0.64,0.76,1.12,6.61, 36.21,213.68,,5.85,35.57,14.3391,,3.1509, ,10.563414277445885,156.36380418711192
Temp ZONE0,51.25,51.25,52.35,55.1,56.2, 57.3,57.85,,3.85,6.05,1.2432,,54.5798,°C,79088.8101428849,3398465.328471552
nSats,9.0,11.0,12.0,14.0,15.0, 16.0,16.0,,3.0,5.0,1.1978,,13.5833,nSat,1136.2424690575547,12061.885237502769
