Name,Min,1%,5%,50%,95%,99%,Max,,90% Range,98% Range,StdDev,,Mean,Units,Skewness,Kurtosis
Local Clock Frequency Offset,8.5235,8.6303,8.7466,8.7978,8.8368, 8.8599,8.9053,,0.0902,0.2296,0.0345,,8.7939,ppm,16427472.710224753,4176132785.753556
Local Clock Time Offset,-14.118,-1.946,-0.552,0.016,0.584, 1.682,7.41,,1.136,3.628,0.5623,,0.0003,µs,-6.279871483667462,72.89821249120016
Local RMS Frequency Jitter,0.422,0.765,0.97,1.978,8.082, 17.212,42.068,,7.112,16.447,3.1121,,3.1052,ppb,3.622254102134857,22.44565718320995
Local RMS Time Jitter,0.073,0.122,0.156,0.303,0.998, 1.985,6.095,,0.842,1.863,0.3579,,0.4183,µs,4.550382703285901,32.860315599506805
Server Jitter SHM(0),0.1265,0.3554,0.5568,1.3897,3.4074, 5.453,10.5389,,2.8506,5.0975,0.9759,,1.6124,ms,4.465464880101144,19.568380114964604
Server Jitter SHM(1),0.017,0.064,0.097,0.267,1.618, 3.302,13.312,,1.521,3.238,0.6523,,0.4787,µs,4.068182750533905,36.76435102400007
Server Offset SHM(0),9.6704,13.1331,14.4432,19.5322,23.9546, 25.0907,27.1877,,9.5114,11.9576,3.1484,,19.1577,ms,146.6944111414593,824.7880883291506
Server Offset SHM(1),-14.119,-1.947,-0.553,0.017,0.585, 1.683,7.411,,1.138,3.63,0.5627,,0.0003,µs,-6.274642237327586,72.7280866203564
TDOP,0.6,0.63,0.72,1.17,3.83, 14.66,15.92,,3.11,14.03,1.8757,,1.6226, ,4.991048923305177,33.839041843390405
Temp ZONE0,51.8,52.9,54.55,56.2,58.95, 60.05,61.15,,4.4,7.15,1.4987,,56.6492,°C,49945.98611717963,1842065.8652749255
nSats,10.0,12.0,12.0,14.0,16.0, 16.0,16.0,,4.0,4.0,1.0973,,13.8708,nSat,1611.9097346525875,19162.52462419468
