Name,Min,1%,5%,50%,95%,99%,Max,,90% Range,98% Range,StdDev,,Mean,Units,Skewness,Kurtosis
Local Clock Frequency Offset,7.378,7.4933,7.5231,7.6068,7.7241, 7.8016,7.9155,,0.201,0.3084,0.066,,7.6171,ppm,1497605.4338683116,171368100.33551905
Local Clock Time Offset,-16.836,-2.366,-0.42,0.001,0.669, 1.756,6.534,,1.089,4.122,0.6031,,0.0005,µs,-7.195685045336932,91.39419809760336
Local RMS Frequency Jitter,0.336,0.578,0.789,1.802,9.121, 18.688,46.508,,8.332,18.11,3.5142,,3.1433,ppb,3.13942021654018,18.979773829543102
Local RMS Time Jitter,0.05,0.091,0.124,0.28,1.252, 2.171,7.192,,1.128,2.08,0.4421,,0.4413,µs,3.791724650963594,29.068659956829674
Server Jitter SHM(0),0.2348,0.4999,0.7534,1.7189,3.8272, 5.3229,8.0335,,3.0738,4.823,0.9818,,1.9353,ms,5.31115262177694,18.715158397607695
Server Jitter SHM(1),0.019,0.05,0.077,0.218,1.733, 3.569,16.826,,1.656,3.519,0.7243,,0.4546,µs,3.893297437366598,37.82390005397479
Server Offset SHM(0),-28.2102,-23.1035,-20.2334,-9.4348,0.6534, 3.7753,6.2317,,20.8868,26.8787,6.2883,,-9.6755,ms,-24.026736368227716,83.14936407434729
Server Offset SHM(1),-16.837,-2.367,-0.421,0.002,0.67, 1.757,6.535,,1.091,4.124,0.6035,,0.0005,µs,-7.189894376653664,91.21379612903532
Temp ZONE0,48.5,49.05,49.6,51.25,53.45, 54.55,55.1,,3.85,5.5,1.1065,,51.4455,°C,94300.27677350857,4296414.605293056
