Name,Min,1%,5%,50%,95%,99%,Max,,90% Range,98% Range,StdDev,,Mean,Units,Skewness,Kurtosis
Local Clock Frequency Offset,8.7726,8.9911,9.0085,9.0644,9.134, 9.1648,9.225,,0.1254,0.1737,0.0392,,9.0697,ppm,12248535.536500346,2823548516.412991
Local Clock Time Offset,-22.987,-2.139,-0.494,0.007,0.564, 1.802,13.453,,1.058,3.941,0.5924,,0.0003,µs,-6.843521612743314,127.39480316652018
Local RMS Frequency Jitter,0.458,0.702,0.893,1.877,8.402, 18.092,76.624,,7.509,17.39,3.4463,,3.0942,ppb,4.378340430375628,45.57672414925056
Local RMS Time Jitter,0.069,0.111,0.145,0.291,1.101, 2.032,10.994,,0.956,1.921,0.4017,,0.425,µs,5.481845331986983,72.34304408104758
Server Jitter SHM(0),0.159,0.3593,0.5311,1.4096,3.1755, 4.9673,7.3156,,2.6444,4.608,0.8781,,1.5832,ms,4.741950125439272,18.77647754335009
Server Jitter SHM(1),0.016,0.057,0.087,0.241,1.653, 3.545,21.27,,1.566,3.488,0.71,,0.4672,µs,5.106994630754446,73.96327586942498
Server Offset SHM(0),10.7555,12.9226,14.1127,18.9503,23.3754, 24.6776,27.1992,,9.2627,11.7551,2.9805,,18.5229,ms,157.4684545484298,904.9871204278263
Server Offset SHM(1),-22.988,-2.14,-0.495,0.008,0.565, 1.803,13.454,,1.06,3.943,0.5928,,0.0004,µs,-6.8378416515201055,127.10228438077728
TDOP,0.62,0.65,0.71,1.06,6.83, 11.86,22.3,,6.12,11.21,2.6238,,2.1117, ,3.498578280239216,22.754393456934952
Temp ZONE0,52.35,52.9,53.45,55.1,56.75, 58.4,58.4,,3.3,5.5,1.0087,,54.9654,°C,153234.02155105746,8205658.259492254
nSats,9.0,9.0,11.0,14.0,15.0, 16.0,16.0,,4.0,7.0,1.2552,,13.5477,nSat,967.7247420096706,9742.464344732543
