Name,Min,1%,5%,50%,95%,99%,Max,,90% Range,98% Range,StdDev,,Mean,Units,Skewness,Kurtosis
Local Clock Frequency Offset,7.9821,8.1087,8.1317,8.2021,8.2644, 8.2866,8.3141,,0.1327,0.1779,0.0417,,8.1966,ppm,7478233.07359366,1462473578.9917789
Local Clock Time Offset,-18.77,-2.193,-0.438,0.005,0.498, 1.751,11.097,,0.936,3.944,0.5576,,-0.0002,µs,-6.734667893580642,101.00994404710796
Local RMS Frequency Jitter,0.315,0.567,0.735,1.691,8.652, 16.7,60.094,,7.917,16.133,3.2501,,2.9055,ppb,3.4325273371112934,26.74345654526815
Local RMS Time Jitter,0.04,0.089,0.115,0.253,1.072, 1.972,9.456,,0.957,1.883,0.3928,,0.3923,µs,4.54270682153984,50.54585779370388
Server Jitter SHM(0),0.1696,0.3515,0.539,1.4052,3.6634, 5.4761,8.0603,,3.1245,5.1246,1.0135,,1.6432,ms,4.017406582053772,15.433141941444932
Server Jitter SHM(1),0.011,0.04,0.062,0.198,1.664, 3.332,20.08,,1.602,3.292,0.6799,,0.4252,µs,4.048467443521822,49.34912568227241
Server Offset SHM(0),10.6462,12.6767,13.6538,18.6105,23.4166, 24.9967,27.5092,,9.7628,12.32,3.1619,,18.3297,ms,124.86668831645738,671.3209970613397
Server Offset SHM(1),-18.771,-2.194,-0.439,0.006,0.499, 1.752,11.098,,0.938,3.946,0.558,,-0.0002,µs,-6.729468552869303,100.79600549182793
TDOP,0.62,0.69,0.75,1.16,10.24, 30.54,86.21,,9.49,29.85,6.8961,,2.9824, ,6.416069765992695,74.78869556962874
Temp ZONE0,51.8,52.35,52.9,54.55,56.75, 57.85,57.85,,3.85,5.5,1.147,,54.6915,°C,101884.69695368737,4762991.744195462
nSats,8.0,11.0,12.0,14.0,15.0, 16.0,16.0,,3.0,5.0,1.1741,,13.4855,nSat,1183.937668735775,12730.814351157987
