Name,Min,1%,5%,50%,95%,99%,Max,,90% Range,98% Range,StdDev,,Mean,Units,Skewness,Kurtosis
Local Clock Frequency Offset,8.493,8.5832,8.6387,8.908,9.0092, 9.0446,9.0928,,0.3705,0.4614,0.1015,,8.8863,ppm,648433.3241665852,56139340.29352613
Local Clock Time Offset,-13.989,-2.081,-0.436,0.006,0.5, 1.721,7.666,,0.936,3.802,0.5642,,-0.0001,µs,-6.584506382676672,83.56825829337588
Local RMS Frequency Jitter,0.361,0.632,0.808,1.72,8.233, 18.297,39.333,,7.425,17.665,3.306,,2.9207,ppb,3.298733253262519,19.441282494047485
Local RMS Time Jitter,0.036,0.095,0.128,0.266,1.07, 2.071,5.492,,0.942,1.976,0.3845,,0.3981,µs,3.9230816352815707,26.364007943441003
Server Jitter SHM(0),0.1466,0.3517,0.5347,1.4035,3.4416, 5.3862,9.0856,,2.9069,5.0345,0.9532,,1.6171,ms,4.3108954155216255,17.025782351536126
Server Jitter SHM(1),0.012,0.043,0.071,0.209,1.561, 3.515,13.641,,1.49,3.472,0.6825,,0.4278,µs,3.9684910500098116,36.410963212580405
Server Offset SHM(0),11.4726,13.0003,13.9026,18.8183,23.7508, 24.9954,27.2013,,9.8482,11.9951,3.205,,18.6131,ms,125.59118736131768,675.7937925793773
Server Offset SHM(1),-13.99,-2.082,-0.437,0.007,0.5, 1.722,7.667,,0.937,3.804,0.5647,,-0.0001,µs,-6.579420889327739,83.3971865982138
TDOP,0.66,0.7,0.75,1.12,3.56, 13.72,31.08,,2.81,13.02,2.9606,,1.7533, ,6.510862637762929,59.941041975918836
Temp ZONE0,48.5,49.6,50.7,55.1,57.85, 59.5,60.05,,7.15,9.9,2.3947,,54.7166,°C,10494.957148748737,230717.03440994266
nSats,10.0,11.0,12.0,14.0,15.0, 16.0,16.0,,3.0,5.0,1.166,,13.6888,nSat,1270.663432010789,13985.180477395439
