Name,Min,1%,5%,50%,95%,99%,Max,,90% Range,98% Range,StdDev,,Mean,Units,Skewness,Kurtosis
Local Clock Frequency Offset,9.0028,9.1199,9.1383,9.1967,9.2338, 9.254,9.2983,,0.0955,0.1341,0.028,,9.1933,ppm,34974320.465129994,11437746893.977818
Local Clock Time Offset,-18.258,-2.136,-0.481,0.009,0.532, 1.728,7.487,,1.013,3.864,0.5802,,0.0001,µs,-7.191999659877648,105.50662592782922
Local RMS Frequency Jitter,0.346,0.67,0.868,1.836,8.176, 18.156,51.112,,7.308,17.486,3.372,,3.0346,ppb,3.654867051161406,25.05794855311642
Local RMS Time Jitter,0.06,0.109,0.141,0.288,1.096, 2.055,7.715,,0.955,1.946,0.3971,,0.4228,µs,4.4475131907451475,37.80381920153973
Server Jitter SHM(0),0.1211,0.3563,0.4994,1.3083,3.3333, 4.971,7.9204,,2.8339,4.6147,0.9092,,1.5143,ms,4.239477611765256,16.76071615267984
Server Jitter SHM(1),0.017,0.053,0.081,0.231,1.628, 3.563,17.781,,1.547,3.51,0.6994,,0.4548,µs,4.359770436170441,46.35068847638745
Server Offset SHM(0),10.5845,12.6352,13.6766,18.5669,23.5051, 24.85,27.3249,,9.8286,12.2148,3.1875,,18.4692,ms,124.61600581287004,668.8821340183096
Server Offset SHM(1),-18.259,-2.137,-0.482,0.01,0.533, 1.729,7.488,,1.015,3.866,0.5807,,0.0002,µs,-7.185610757266429,105.274957151862
TDOP,0.65,0.69,0.73,1.19,3.43, 4.45,6.37,,2.7,3.76,0.8544,,1.4597, ,4.839630446564634,19.68369688143707
Temp ZONE0,54.0,54.0,54.55,56.2,57.85, 58.4,60.6,,3.3,4.4,0.9203,,56.2802,°C,217883.20648950667,13118184.776876206
nSats,9.0,11.0,12.0,14.0,16.0, 16.0,16.0,,4.0,5.0,1.2245,,13.725,nSat,1094.2998531153207,11479.348102641563
