Name,Min,1%,5%,50%,95%,99%,Max,,90% Range,98% Range,StdDev,,Mean,Units,Skewness,Kurtosis
Local Clock Frequency Offset,7.3188,7.406,7.5058,7.7727,7.8672, 7.9086,8.0079,,0.3614,0.5025,0.1058,,7.7486,ppm,377717.9176136015,27313989.450258724
Local Clock Time Offset,-14.306,-2.225,-0.406,0.003,0.572, 1.668,8.017,,0.978,3.893,0.593,,0.0002,µs,-7.381356379150408,97.9434837784198
Local RMS Frequency Jitter,0.222,0.565,0.777,1.756,8.86, 18.705,41.171,,8.083,18.14,3.5032,,3.0365,ppb,3.30688509061061,20.383634885850846
Local RMS Time Jitter,0.039,0.085,0.118,0.277,1.228, 2.185,7.09,,1.11,2.1,0.4377,,0.4296,µs,3.788108341984547,27.62216987079654
Server Jitter SHM(0),0.2574,0.4505,0.6648,1.5719,3.5206, 4.8936,7.3313,,2.8558,4.4431,0.9087,,1.7682,ms,5.164212719636901,18.12158877013989
Server Jitter SHM(1),0.013,0.045,0.072,0.213,1.644, 3.618,14.338,,1.572,3.573,0.7246,,0.4401,µs,4.159776433761037,40.42191358520144
Server Offset SHM(0),-25.1354,-21.1868,-16.6211,-8.4077,1.537, 4.2271,9.0346,,18.1581,25.4139,5.5074,,-8.2952,ms,-23.156527780632857,78.87301072461723
Server Offset SHM(1),-14.307,-2.226,-0.407,0.004,0.573, 1.669,8.018,,0.98,3.895,0.5934,,0.0002,µs,-7.375291292584511,97.75203247517412
Temp ZONE0,47.95,48.5,49.6,53.45,56.2, 58.4,58.95,,6.6,9.9,1.9715,,53.361,°C,17787.85923827359,465686.2800315194
