Name,Min,1%,5%,50%,95%,99%,Max,,90% Range,98% Range,StdDev,,Mean,Units,Skewness,Kurtosis
Local Clock Frequency Offset,8.786,8.8589,8.946,9.2207,9.3247, 9.3555,9.421,,0.3787,0.4966,0.1139,,9.1878,ppm,505365.80734253424,40266322.98862524
Local Clock Time Offset,-13.756,-2.321,-0.478,0.006,0.533, 1.934,7.927,,1.011,4.255,0.606,,-0.0002,µs,-6.5117881424476876,78.66273082756555
Local RMS Frequency Jitter,0.446,0.758,0.965,1.909,9.632, 18.097,43.448,,8.667,17.339,3.4836,,3.2113,ppb,3.4098967343651454,21.64195763865184
Local RMS Time Jitter,0.064,0.124,0.159,0.303,1.241, 1.963,5.819,,1.082,1.839,0.4021,,0.4445,µs,4.0472842710769905,28.122045684575298
Server Jitter SHM(0),0.1544,0.329,0.4759,1.2664,3.0886, 5.0856,7.6426,,2.6127,4.7566,0.9087,,1.4604,ms,4.11635501122661,17.070064587016812
Server Jitter SHM(1),0.015,0.055,0.089,0.24,1.798, 3.685,12.923,,1.709,3.63,0.7257,,0.4751,µs,3.9008558862813154,35.74240526095328
Server Offset SHM(0),10.3075,11.6953,12.5931,17.9495,23.0776, 24.6296,27.0393,,10.4845,12.9343,3.3479,,17.8496,ms,94.27130140630186,466.6818001243424
Server Offset SHM(1),-13.757,-2.322,-0.479,0.007,0.534, 1.935,7.928,,1.013,4.257,0.6064,,-0.0001,µs,-6.5071577569279535,78.51233642454514
TDOP,0.68,0.69,0.74,1.03,3.8, 13.97,28.27,,3.06,13.28,2.6812,,1.7002, ,5.560939481406936,47.5658901296609
Temp ZONE0,48.5,49.05,49.6,53.45,55.1, 55.65,56.2,,5.5,6.6,1.7313,,52.9867,°C,26036.09820684402,773375.3864767981
nSats,10.0,11.0,12.0,14.0,16.0, 16.0,16.0,,4.0,5.0,1.2463,,13.917,nSat,1080.9238099166007,11290.38923775157
