Name,Min,1%,5%,50%,95%,99%,Max,,90% Range,98% Range,StdDev,,Mean,Units,Skewness,Kurtosis
Local Clock Frequency Offset,8.5854,8.7211,8.7488,8.7943,8.8332, 8.8585,8.8991,,0.0844,0.1374,0.0277,,8.7919,ppm,31618110.92084468,9998232546.81003
Local Clock Time Offset,-14.118,-1.917,-0.552,0.015,0.587, 1.675,7.41,,1.139,3.592,0.5619,,-0.0002,µs,-6.318165064622297,73.3992947656263
Local RMS Frequency Jitter,0.473,0.782,0.984,1.986,8.066, 17.167,42.068,,7.082,16.385,3.1052,,3.1085,ppb,3.6559163145562805,22.744697936526194
Local RMS Time Jitter,0.085,0.126,0.159,0.304,0.993, 1.985,6.095,,0.834,1.859,0.3559,,0.4188,µs,4.609624506093878,33.497623914678655
Server Jitter SHM(0),0.1265,0.3555,0.556,1.3684,3.4317, 5.4919,10.5389,,2.8757,5.1364,0.9777,,1.5973,ms,4.445648351927038,19.63946533965842
Server Jitter SHM(1),0.013,0.066,0.1,0.269,1.606, 3.305,13.312,,1.506,3.239,0.6513,,0.4802,µs,4.105625317818837,37.09411798245909
Server Offset SHM(0),9.6704,13.0842,14.3204,19.3061,23.8759, 25.0219,27.1877,,9.5554,11.9376,3.1582,,19.0803,ms,143.233662264935,799.8060866272555
Server Offset SHM(1),-14.119,-1.918,-0.553,0.016,0.588, 1.676,7.411,,1.141,3.594,0.5624,,-0.0002,µs,-6.31284589374931,73.22722593979262
TDOP,0.6,0.63,0.72,1.22,6.42, 17.44,137.81,,5.7,16.81,9.1244,,2.5078, ,11.118324663320937,165.37794039346377
Temp ZONE0,52.9,52.9,54.55,56.2,58.95, 60.05,61.15,,4.4,7.15,1.4412,,56.6492,°C,56326.48899757508,2162106.7751464727
nSats,10.0,12.0,12.0,14.0,16.0, 16.0,16.0,,4.0,4.0,1.058,,13.925,nSat,1834.8660060599054,22748.683715893338
