Name,Min,1%,5%,50%,95%,99%,Max,,90% Range,98% Range,StdDev,,Mean,Units,Skewness,Kurtosis
Local Clock Frequency Offset,8.987,9.1358,9.1583,9.2374,9.2688, 9.2827,9.3562,,0.1105,0.1469,0.0345,,9.2261,ppm,18956656.966074783,5054689665.641127
Local Clock Time Offset,-18.85,-2.086,-0.897,0.043,0.71, 1.756,10.396,,1.607,3.842,0.6868,,-0.0,µs,-6.630631468845133,88.38604205481265
Local RMS Frequency Jitter,1.014,1.523,1.842,3.19,8.69, 19.802,55.441,,6.848,18.279,3.4529,,4.1121,ppb,5.6421681810950295,44.91045472129279
Local RMS Time Jitter,0.148,0.233,0.282,0.476,1.159, 2.405,8.212,,0.877,2.172,0.4337,,0.5821,µs,6.9790341393822795,66.46860824001357
Server Jitter SHM(0),0.1282,0.3194,0.4874,1.3166,3.4556, 5.6341,7.6237,,2.9682,5.3147,0.9991,,1.5501,ms,3.8859708596721587,15.353612862791358
Server Jitter SHM(1),0.036,0.12,0.18,0.481,1.695, 3.788,17.567,,1.515,3.668,0.7355,,0.667,µs,5.962047732154542,67.148288613062
Server Offset SHM(0),10.7769,12.2586,13.2349,18.3751,22.8401, 24.1182,25.5294,,9.6052,11.8596,3.1827,,17.9935,ms,114.72033678642984,600.3798686786463
Server Offset SHM(1),-18.851,-2.087,-0.898,0.044,0.711, 1.757,10.397,,1.609,3.844,0.6873,,0.0001,µs,-6.6247298918997615,88.17584546781634
TDOP,0.66,0.67,0.7,1.06,7.68, 22.5,176.17,,6.98,21.83,13.8238,,3.1515, ,7.883117479526032,93.90614701724954
Temp ZONE0,53.45,53.45,54.0,56.75,58.95, 59.5,60.6,,4.95,6.05,1.623,,56.6171,°C,39002.69932871688,1324988.432718883
nSats,5.0,10.0,11.0,14.0,16.0, 16.0,16.0,,5.0,6.0,1.5748,,13.5583,nSat,462.15277852814455,3667.5857874067538
