Name,Min,1%,5%,50%,95%,99%,Max,,90% Range,98% Range,StdDev,,Mean,Units,Skewness,Kurtosis
Local Clock Frequency Offset,7.7315,7.8511,7.8685,7.9856,8.0918, 8.1182,8.1666,,0.2233,0.2671,0.0683,,7.9836,ppm,1558043.1965740817,180649687.93798152
Local Clock Time Offset,-11.446,-2.153,-0.408,0.002,0.477, 1.773,7.953,,0.885,3.926,0.5464,,-0.0001,µs,-5.954174648961812,65.39435051700819
Local RMS Frequency Jitter,0.322,0.535,0.689,1.563,8.633, 16.674,34.976,,7.944,16.139,3.2144,,2.8141,ppb,2.886719025152136,16.27859015299265
Local RMS Time Jitter,0.051,0.083,0.107,0.234,1.053, 1.891,4.991,,0.946,1.808,0.3731,,0.375,µs,3.309894986887388,20.263700537527946
Server Jitter SHM(0),0.1628,0.3795,0.5513,1.404,3.6274, 5.441,9.193,,3.076,5.0615,0.9914,,1.6485,ms,4.210661119107579,16.563642412503004
Server Jitter SHM(1),0.013,0.038,0.057,0.177,1.667, 3.29,10.898,,1.61,3.252,0.6683,,0.4075,µs,3.237721679201506,26.773687100791044
Server Offset SHM(0),9.6803,11.9039,12.7705,17.6934,22.2909, 23.8997,26.5465,,9.5204,11.9958,3.0928,,17.4608,ms,114.25395256631829,598.290176246604
Server Offset SHM(1),-11.447,-2.154,-0.409,0.003,0.478, 1.774,7.954,,0.887,3.928,0.5468,,-0.0001,µs,-5.950608196483191,65.27563490319497
TDOP,0.64,0.64,0.7,0.99,5.84, 12.73,17.92,,5.14,12.09,2.2375,,1.7806, ,3.26494065044488,18.01110551718793
Temp ZONE0,50.7,50.7,51.25,53.45,56.75, 58.4,60.05,,5.5,7.7,1.6307,,53.8045,°C,32846.35741092993,1054027.5470329241
nSats,10.0,10.0,11.0,13.0,15.0, 16.0,16.0,,4.0,6.0,1.3632,,13.3926,nSat,713.3603271851638,6523.908191147508
