Name,Min,1%,5%,50%,95%,99%,Max,,90% Range,98% Range,StdDev,,Mean,Units,Skewness,Kurtosis
Local Clock Frequency Offset,7.2627,7.3901,7.4301,7.565,7.6858, 7.7114,7.7847,,0.2557,0.3213,0.0755,,7.5676,ppm,979066.5452558054,97238313.32189171
Local Clock Time Offset,-14.685,-2.211,-0.389,0.006,0.521, 1.633,7.408,,0.91,3.844,0.5875,,0.0003,µs,-7.375391442563945,98.27416826565299
Local RMS Frequency Jitter,0.243,0.533,0.75,1.702,8.63, 18.999,43.947,,7.88,18.466,3.5138,,2.9576,ppb,3.3499092717079155,20.9130949001287
Local RMS Time Jitter,0.044,0.085,0.121,0.278,1.225, 2.234,6.268,,1.104,2.149,0.4354,,0.43,µs,3.585171166394252,23.3000109933604
Server Jitter SHM(0),0.2612,0.5476,0.8145,2.0818,8.3064, 12.7433,22.1223,,7.4919,12.1957,2.5686,,3.0881,ms,2.5842010772937187,9.365453745589823
Server Jitter SHM(1),0.012,0.046,0.072,0.21,1.598, 3.775,14.674,,1.526,3.729,0.723,,0.4316,µs,4.172838028466601,39.46179976943335
Server Offset SHM(0),-38.9915,-27.4263,-23.5705,-13.6363,-1.5159, 3.8196,8.8157,,22.0546,31.2459,7.1068,,-13.3026,ms,-32.11389300785564,117.97756935197198
Server Offset SHM(1),-14.686,-2.212,-0.39,0.007,0.522, 1.634,7.409,,0.912,3.846,0.5879,,0.0004,µs,-7.369421912231409,98.08800968619695
Temp ZONE0,49.05,49.6,50.7,52.9,57.85, 60.6,60.6,,7.15,11.0,2.3189,,53.4591,°C,10793.619822938908,239561.40884792493
