Name,Min,1%,5%,50%,95%,99%,Max,,90% Range,98% Range,StdDev,,Mean,Units,Skewness,Kurtosis
Local Clock Frequency Offset,7.6991,7.7912,7.9012,7.9994,8.1509, 8.2156,8.2856,,0.2498,0.4243,0.0834,,8.0145,ppm,861232.32892474,81957737.51177064
Local Clock Time Offset,-10.462,-2.206,-0.397,0.0,0.478, 1.821,6.909,,0.875,4.027,0.5466,,-0.0005,µs,-5.797822110369407,59.202659790876645
Local RMS Frequency Jitter,0.305,0.527,0.677,1.586,8.702, 16.975,31.128,,8.025,16.448,3.1945,,2.8386,ppb,2.678610272908035,13.49907749326594
Local RMS Time Jitter,0.044,0.082,0.105,0.238,1.047, 1.888,4.8,,0.942,1.806,0.3672,,0.3763,µs,3.13730993996385,17.943023139747126
Server Jitter SHM(0),0.1606,0.3497,0.5506,1.3278,3.3505, 5.4359,8.7958,,2.7999,5.0862,0.9433,,1.5521,ms,4.399766979036252,18.537456945151956
Server Jitter SHM(1),0.009,0.037,0.056,0.174,1.689, 3.342,10.453,,1.633,3.305,0.665,,0.4055,µs,2.985827643732792,22.57438272604134
Server Offset SHM(0),11.8768,13.0442,13.9004,19.2294,24.0872, 25.2346,26.3217,,10.1868,12.1904,3.1903,,19.022,ms,137.07579950382126,755.7678624424584
Server Offset SHM(1),-10.463,-2.207,-0.398,0.0,0.479, 1.822,6.91,,0.877,4.029,0.547,,-0.0005,µs,-5.794601751804796,59.098585785643024
TDOP,0.67,0.7,0.8,1.15,11.78, 42.2,120.67,,10.98,41.5,10.3117,,3.8201, ,5.903352851678465,62.95596762706141
Temp ZONE0,49.05,49.6,50.7,51.8,54.55, 57.3,57.85,,3.85,7.7,1.4299,,52.1172,°C,44655.38336824835,1586945.3094085315
nSats,5.0,9.0,10.0,13.0,15.0, 16.0,16.0,,5.0,7.0,1.6043,,13.1245,nSat,390.9760741016539,2948.7928162467265
