Name,Min,1%,5%,50%,95%,99%,Max,,90% Range,98% Range,StdDev,,Mean,Units,Skewness,Kurtosis
Local Clock Frequency Offset,7.5681,7.668,7.7184,7.7765,7.8636, 7.906,7.9683,,0.1451,0.2381,0.0467,,7.7828,ppm,4555557.639401101,755243623.2765412
Local Clock Time Offset,-14.416,-2.243,-0.413,0.006,0.555, 1.67,8.017,,0.968,3.913,0.5917,,-0.0003,µs,-7.4841295811118425,96.8693032310944
Local RMS Frequency Jitter,0.388,0.596,0.806,1.779,8.99, 18.564,44.404,,8.184,17.968,3.4694,,3.0592,ppb,3.278371213214421,20.093897483130227
Local RMS Time Jitter,0.055,0.094,0.129,0.29,1.279, 2.214,7.09,,1.15,2.12,0.4429,,0.447,µs,3.6639050035519922,25.33750534065309
Server Jitter SHM(0),0.2595,0.4093,0.6379,1.5542,3.4675, 4.8948,8.0707,,2.8297,4.4855,0.9099,,1.7407,ms,5.022067346560181,18.061809797432275
Server Jitter SHM(1),0.016,0.054,0.081,0.224,1.673, 3.621,14.405,,1.592,3.567,0.7184,,0.4495,µs,4.139074174814299,39.97296233364704
Server Offset SHM(0),-20.6561,-19.0141,-17.2115,-10.664,-2.6305, 2.9084,6.8928,,14.581,21.9225,4.6497,,-10.3799,ms,-42.93830238186826,168.25057570235117
Server Offset SHM(1),-14.417,-2.244,-0.414,0.007,0.556, 1.671,8.018,,0.97,3.915,0.5921,,-0.0002,µs,-7.4777728143691755,96.67791960394355
Temp ZONE0,50.7,51.25,51.8,54.0,56.2, 57.85,58.95,,4.4,6.6,1.4275,,53.8608,°C,49662.155454429616,1828202.8525000873
