Name,Min,1%,5%,50%,95%,99%,Max,,90% Range,98% Range,StdDev,,Mean,Units,Skewness,Kurtosis
Local Clock Frequency Offset,8.3737,8.4752,8.4993,8.6056,8.7227, 8.7519,8.8106,,0.2233,0.2768,0.0622,,8.6025,ppm,2585494.415527789,354898657.10809296
Local Clock Time Offset,-11.685,-1.83,-0.487,0.004,0.561, 1.706,6.803,,1.048,3.536,0.5544,,-0.0001,µs,-5.552708003529297,59.50816667397314
Local RMS Frequency Jitter,0.364,0.649,0.838,1.735,8.032, 17.967,34.802,,7.194,17.318,3.1874,,2.9377,ppb,3.194263782526527,17.54002519925138
Local RMS Time Jitter,0.056,0.103,0.133,0.264,0.97, 2.013,4.937,,0.837,1.91,0.3525,,0.3851,µs,3.893415281695657,23.782043101783
Server Jitter SHM(0),0.2281,0.3843,0.6027,1.5254,3.4268, 5.1879,8.0814,,2.8241,4.8037,0.9299,,1.7103,ms,4.886642697114231,19.0736975651124
Server Jitter SHM(1),0.013,0.053,0.082,0.229,1.583, 3.293,11.198,,1.501,3.24,0.6534,,0.4429,µs,3.7674498200825015,30.95114098193099
Server Offset SHM(0),9.697,12.1166,13.4147,18.1824,23.3777, 24.7369,27.1227,,9.9631,12.6203,3.1305,,18.1686,ms,125.33382265234647,674.6444033402822
Server Offset SHM(1),-11.686,-1.831,-0.488,0.005,0.562, 1.707,6.804,,1.05,3.538,0.5548,,-0.0001,µs,-5.54936792353853,59.386557044521076
TDOP,0.7,0.73,0.78,1.24,3.48, 14.11,32.0,,2.7,13.38,2.6222,,1.7673, ,7.18030595474722,73.50043161999395
Temp ZONE0,50.7,51.25,51.8,53.45,55.65, 57.3,57.3,,3.85,6.05,1.2602,,53.345,°C,70727.47617767393,2928433.1534411465
nSats,8.0,10.0,11.0,14.0,16.0, 16.0,16.0,,5.0,6.0,1.585,,13.7303,nSat,472.2456128511711,3783.2351241794695
