Name,Min,1%,5%,50%,95%,99%,Max,,90% Range,98% Range,StdDev,,Mean,Units,Skewness,Kurtosis
Local Clock Frequency Offset,7.7049,7.8352,7.8582,8.1776,8.3054, 8.3433,8.3859,,0.4472,0.5082,0.1283,,8.15,ppm,244578.18891350922,15302892.259834096
Local Clock Time Offset,-11.37,-2.119,-0.46,0.002,0.519, 1.779,7.764,,0.979,3.898,0.5525,,0.0002,µs,-5.726020371874222,60.07004215004968
Local RMS Frequency Jitter,0.334,0.617,0.796,1.741,8.79, 16.453,40.742,,7.994,15.836,3.1612,,2.9445,ppb,3.010439553433299,16.947282702112588
Local RMS Time Jitter,0.056,0.095,0.122,0.259,1.057, 1.871,4.644,,0.935,1.776,0.3629,,0.3897,µs,3.500240012352263,21.052943449180148
Server Jitter SHM(0),0.1353,0.3562,0.5285,1.4061,3.5643, 5.374,8.3522,,3.0358,5.0178,0.9817,,1.6204,ms,4.161486615860284,16.360727950642822
Server Jitter SHM(1),0.016,0.043,0.066,0.21,1.677, 3.279,11.42,,1.611,3.236,0.6594,,0.4324,µs,3.384259002736235,27.896650730075134
Server Offset SHM(0),8.63,10.8337,12.5213,17.7402,22.9016, 24.7973,27.5687,,10.3804,13.9636,3.3428,,17.752,ms,93.02978567277812,458.9996264360297
Server Offset SHM(1),-11.371,-2.12,-0.461,0.003,0.52, 1.78,7.765,,0.981,3.9,0.553,,0.0003,µs,-5.722606208009403,59.95490380735892
TDOP,0.64,0.65,0.73,1.24,4.9, 41.09,53.35,,4.17,40.44,5.3565,,2.2415, ,5.443947830841104,46.624210419202136
Temp ZONE0,47.95,47.95,49.05,52.35,54.55, 55.65,56.2,,5.5,7.7,1.6993,,52.3705,°C,26600.748405178692,795798.6531280536
nSats,8.0,10.0,11.0,14.0,16.0, 16.0,16.0,,5.0,6.0,1.466,,13.7261,nSat,609.4232706541279,5295.118104102154
