Name,Min,1%,5%,50%,95%,99%,Max,,90% Range,98% Range,StdDev,,Mean,Units,Skewness,Kurtosis
Local Clock Frequency Offset,8.8466,8.9258,8.9864,9.1843,9.2502, 9.2732,9.3356,,0.2639,0.3475,0.076,,9.1615,ppm,1707836.8933626947,204168384.6428033
Local Clock Time Offset,-13.509,-2.252,-0.483,0.004,0.544, 1.949,7.574,,1.027,4.201,0.6095,,-0.0001,µs,-6.383215710985654,79.75789693868646
Local RMS Frequency Jitter,0.347,0.69,0.873,1.873,9.72, 18.385,43.87,,8.847,17.695,3.5407,,3.1886,ppb,3.241006791879979,19.93755023867576
Local RMS Time Jitter,0.061,0.11,0.139,0.28,1.228, 2.146,7.62,,1.089,2.036,0.4313,,0.4296,µs,4.18593516809993,32.79273258875436
Server Jitter SHM(0),0.1903,0.3431,0.535,1.4049,3.2327, 4.9762,8.81,,2.6976,4.6331,0.9007,,1.5835,ms,4.629828439608568,19.0493543886757
Server Jitter SHM(1),0.013,0.053,0.078,0.225,1.8, 3.7,13.101,,1.722,3.647,0.7387,,0.4694,µs,3.7294657856537587,34.072374132091525
Server Offset SHM(0),11.552,13.0099,13.6803,18.8198,24.0005, 25.05,27.3562,,10.3202,12.0402,3.3269,,18.7134,ms,112.83148711618838,588.4315800640737
Server Offset SHM(1),-13.51,-2.253,-0.484,0.005,0.545, 1.95,7.575,,1.029,4.203,0.6099,,-0.0001,µs,-6.378952092802608,79.61046304913745
TDOP,0.62,0.69,0.74,1.14,18.4, 62.46,130.7,,17.66,61.77,12.236,,4.1921, ,4.263736245336491,41.148181079762885
Temp ZONE0,50.15,50.15,51.25,54.0,56.2, 56.75,57.3,,4.95,6.6,1.3281,,53.8886,°C,62103.399643886725,2462435.3219342194
nSats,9.0,9.0,10.0,13.0,15.0, 16.0,16.0,,5.0,7.0,1.5102,,12.8554,nSat,446.09013647868767,3513.900637369206
