Name,Min,1%,5%,50%,95%,99%,Max,,90% Range,98% Range,StdDev,,Mean,Units,Skewness,Kurtosis
Local Clock Frequency Offset,8.2998,8.4026,8.4413,8.9135,9.0219, 9.0425,9.1096,,0.5805,0.6399,0.1745,,8.8413,ppm,122738.11806228537,6104445.279417272
Local Clock Time Offset,-17.831,-2.007,-0.444,0.004,0.502, 1.742,7.263,,0.946,3.749,0.552,,-0.0001,µs,-6.4274976116373335,91.74645701530494
Local RMS Frequency Jitter,0.339,0.634,0.817,1.726,8.046, 17.682,50.067,,7.229,17.048,3.2257,,2.8674,ppb,3.530745138943157,23.409511501615253
Local RMS Time Jitter,0.052,0.099,0.128,0.264,1.028, 1.876,7.588,,0.9,1.777,0.3638,,0.385,µs,4.507732304914483,40.303252761022435
Server Jitter SHM(0),0.1733,0.3598,0.5374,1.3696,3.2919, 5.2708,7.2928,,2.7545,4.9111,0.9173,,1.5697,ms,4.4722123785804815,17.98669261492256
Server Jitter SHM(1),0.017,0.049,0.077,0.217,1.506, 3.465,17.371,,1.429,3.416,0.6569,,0.4239,µs,4.291994909352317,45.19437416574668
Server Offset SHM(0),12.4464,13.6842,14.6146,19.3106,23.6635, 24.9044,26.3476,,9.0488,11.2202,2.9847,,19.0406,ms,171.7986195296975,1012.8468666683899
Server Offset SHM(1),-17.832,-2.008,-0.445,0.005,0.503, 1.743,7.264,,0.948,3.751,0.5524,,-0.0001,µs,-6.422446769555714,91.53974592734954
TDOP,0.65,0.67,0.72,1.07,3.61, 19.85,86.72,,2.89,19.18,6.1329,,2.1166, ,9.25994769974268,125.35139179566487
Temp ZONE0,47.4,47.4,48.5,53.45,55.65, 56.2,57.3,,7.15,8.8,2.2809,,52.811,°C,10938.887199101628,243773.44087502686
nSats,10.0,11.0,12.0,14.0,16.0, 16.0,16.0,,4.0,5.0,1.1712,,13.7552,nSat,1272.7355032274957,14022.855440163507
