Name,Min,1%,5%,50%,95%,99%,Max,,90% Range,98% Range,StdDev,,Mean,Units,Skewness,Kurtosis
Local Clock Frequency Offset,8.6093,8.7779,8.8081,8.9354,9.0198, 9.0515,9.1262,,0.2117,0.2736,0.0603,,8.9285,ppm,3175162.869341705,466725336.2825796
Local Clock Time Offset,-12.876,-2.058,-0.474,0.007,0.52, 1.828,7.222,,0.994,3.886,0.567,,0.0001,µs,-5.768257997763934,68.04391360113682
Local RMS Frequency Jitter,0.302,0.668,0.86,1.818,8.25, 18.325,44.398,,7.39,17.657,3.2806,,2.9813,ppb,3.4044523231054207,20.439831349950563
Local RMS Time Jitter,0.053,0.106,0.139,0.281,1.059, 2.018,5.289,,0.92,1.912,0.3676,,0.4056,µs,3.881331621375441,24.089698589910434
Server Jitter SHM(0),0.1617,0.322,0.4628,1.3018,3.1424, 5.2674,7.8392,,2.6796,4.9454,0.9305,,1.489,ms,4.192569402924055,18.345624582663454
Server Jitter SHM(1),0.014,0.052,0.084,0.234,1.584, 3.493,12.48,,1.5,3.441,0.6726,,0.4477,µs,4.013034509630852,35.515331644065135
Server Offset SHM(0),11.3458,13.0939,13.8805,18.9427,23.7269, 25.0395,26.8776,,9.8464,11.9457,3.1308,,18.7128,ms,138.246761504589,764.8018376095735
Server Offset SHM(1),-12.877,-2.059,-0.475,0.008,0.521, 1.829,7.223,,0.996,3.888,0.5674,,0.0001,µs,-5.764614362920476,67.90567879631413
TDOP,0.71,0.74,0.83,1.69,11.44, 49.44,81.88,,10.61,48.7,8.268,,4.31, ,4.410716352518516,36.23975007673576
Temp ZONE0,50.7,50.7,51.8,54.0,56.2, 57.3,58.95,,4.4,6.6,1.2998,,53.7786,°C,65939.2745773127,2667253.956366787
nSats,10.0,10.0,11.0,13.0,15.0, 16.0,16.0,,4.0,6.0,1.2126,,13.278,nSat,1014.6216804377939,10387.251447734578
