Name,Min,1%,5%,50%,95%,99%,Max,,90% Range,98% Range,StdDev,,Mean,Units,Skewness,Kurtosis
Local Clock Frequency Offset,7.8115,7.9423,8.0254,8.3341,8.4375, 8.4554,8.51,,0.4122,0.513,0.1276,,8.295,ppm,262262.07423231594,16795294.54718679
Local Clock Time Offset,-20.142,-2.189,-0.496,0.009,0.555, 1.784,12.276,,1.051,3.973,0.6,,0.0001,µs,-7.498776441717578,140.02028019542635
Local RMS Frequency Jitter,0.479,0.749,0.943,1.929,8.758, 17.29,66.336,,7.815,16.541,3.4749,,3.1511,ppb,4.5907710049625985,44.824195284445146
Local RMS Time Jitter,0.071,0.114,0.145,0.288,1.056, 2.041,8.722,,0.911,1.927,0.4212,,0.4241,µs,5.667625534626334,62.64832557611724
Server Jitter SHM(0),0.1526,0.3531,0.5339,1.3964,3.6253, 5.3404,8.6593,,3.0913,4.9872,0.993,,1.6299,ms,4.052215626401804,15.295002004867824
Server Jitter SHM(1),0.015,0.053,0.082,0.243,1.701, 3.371,18.993,,1.619,3.318,0.722,,0.4696,µs,5.405212969199955,76.55591724065889
Server Offset SHM(0),10.192,12.1776,13.5304,18.2287,22.6018, 24.1906,26.1091,,9.0714,12.013,3.0306,,17.8445,ms,131.52924677784722,717.6678922820668
Server Offset SHM(1),-20.143,-2.19,-0.497,0.01,0.556, 1.785,12.277,,1.053,3.975,0.6004,,0.0001,µs,-7.492010649025205,139.70908075624462
TDOP,0.64,0.71,0.74,0.97,8.0, 38.74,122.04,,7.26,38.03,9.8234,,2.8978, ,6.9236374001276735,79.46306162909836
Temp ZONE0,47.95,49.05,49.6,53.45,57.3, 58.4,59.5,,7.7,9.35,2.2803,,53.5715,°C,11448.184143931056,259020.97797132103
nSats,10.0,10.0,11.0,14.0,15.0, 16.0,16.0,,4.0,6.0,1.3212,,13.3875,nSat,788.5998201735191,7441.936204486815
