Name,Min,1%,5%,50%,95%,99%,Max,,90% Range,98% Range,StdDev,,Mean,Units,Skewness,Kurtosis
Local Clock Frequency Offset,7.6574,7.7561,7.7888,7.9229,8.0061, 8.0258,8.0958,,0.2172,0.2697,0.0678,,7.9111,ppm,1550038.5662965775,179413243.11212474
Local Clock Time Offset,-15.434,-2.137,-0.399,0.002,0.466, 1.784,7.571,,0.865,3.921,0.5494,,0.0004,µs,-6.505192689484667,85.08588585063346
Local RMS Frequency Jitter,0.235,0.505,0.654,1.567,8.541, 16.867,42.647,,7.887,16.362,3.2535,,2.8044,ppb,3.0629041418646916,19.028942049958186
Local RMS Time Jitter,0.031,0.079,0.103,0.236,1.053, 1.945,6.577,,0.95,1.866,0.3854,,0.3761,µs,3.6829071731157996,27.556682250792687
Server Jitter SHM(0),0.1653,0.3455,0.4985,1.4174,3.6143, 5.6649,8.356,,3.1158,5.3194,1.0313,,1.6587,ms,3.974474517759262,15.369111554667725
Server Jitter SHM(1),0.013,0.035,0.054,0.171,1.634, 3.309,15.433,,1.58,3.274,0.6757,,0.4012,µs,3.6009985432421123,35.27303558537388
Server Offset SHM(0),10.5413,11.9789,12.8913,18.3131,23.2909, 24.6656,27.5865,,10.3996,12.6867,3.2181,,18.0083,ms,110.89833868389697,575.5776722848341
Server Offset SHM(1),-15.435,-2.138,-0.4,0.003,0.467, 1.785,7.572,,0.867,3.923,0.5498,,0.0004,µs,-6.5005885568521,84.92104538983762
TDOP,0.64,0.65,0.7,0.98,8.11, 35.48,66.59,,7.41,34.83,6.6913,,2.6318, ,4.472174496893172,38.600062252716384
Temp ZONE0,50.15,50.15,50.7,53.45,55.65, 56.2,56.2,,4.95,6.05,1.4183,,53.3473,°C,49192.65544412851,1805131.243506309
nSats,10.0,10.0,12.0,14.0,16.0, 16.0,16.0,,4.0,6.0,1.3042,,13.7261,nSat,892.4062019637828,8768.534100906236
