Name,Min,1%,5%,50%,95%,99%,Max,,90% Range,98% Range,StdDev,,Mean,Units,Skewness,Kurtosis
Local Clock Frequency Offset,8.1731,8.3032,8.3291,8.5313,8.6057, 8.6321,8.6922,,0.2765,0.3289,0.1001,,8.4838,ppm,587788.6235328572,49251331.203635715
Local Clock Time Offset,-12.346,-2.116,-0.368,0.002,0.543, 1.676,8.613,,0.911,3.792,0.5769,,0.0001,µs,-6.41875995479454,80.6322641756808
Local RMS Frequency Jitter,0.301,0.526,0.672,1.445,8.303, 19.231,43.302,,7.631,18.705,3.5061,,2.8365,ppb,3.030959950353854,18.250498713937528
Local RMS Time Jitter,0.037,0.085,0.111,0.234,1.13, 2.247,5.051,,1.019,2.162,0.4196,,0.3935,µs,3.3150737727344395,20.192636957272903
Server Jitter SHM(0),0.1734,0.405,0.5978,1.4433,3.4759, 5.1209,8.0768,,2.8781,4.7159,0.9389,,1.6622,ms,4.584152090516099,17.600118801541036
Server Jitter SHM(1),0.01,0.045,0.068,0.178,1.668, 3.658,12.275,,1.6,3.613,0.7121,,0.4092,µs,3.778904737111332,34.93936449732746
Server Offset SHM(0),8.941,12.4161,13.7397,18.868,24.0338, 25.3166,27.8369,,10.2941,12.9005,3.2621,,18.7768,ms,121.83724125142665,649.3410279209775
Server Offset SHM(1),-12.347,-2.117,-0.369,0.003,0.544, 1.677,8.614,,0.913,3.794,0.5772,,0.0001,µs,-6.414560927008399,80.48795137124662
TDOP,0.66,0.67,0.7,1.25,4.47, 23.6,66.58,,3.77,22.93,5.1155,,2.1156, ,7.873099329757684,92.7682055178686
Temp ZONE0,49.05,49.6,50.15,53.45,55.1, 55.65,56.2,,4.95,6.05,1.7066,,52.8587,°C,27018.78585743697,812538.678278922
nSats,5.0,5.0,5.0,14.0,16.0, 16.0,16.0,,11.0,11.0,2.9474,,12.7667,nSat,45.320327568680014,172.61984082161726
