Name,Min,1%,5%,50%,95%,99%,Max,,90% Range,98% Range,StdDev,,Mean,Units,Skewness,Kurtosis
Local Clock Frequency Offset,8.2415,8.4777,8.5515,8.8153,8.955, 8.9861,9.0523,,0.4035,0.5083,0.1237,,8.7882,ppm,344099.0486719243,24122309.261064973
Local Clock Time Offset,-11.908,-2.076,-0.433,0.004,0.523, 1.855,7.618,,0.956,3.931,0.5608,,0.0006,µs,-5.792357510063477,66.94774545074989
Local RMS Frequency Jitter,0.324,0.634,0.81,1.708,8.363, 17.777,36.161,,7.553,17.143,3.2721,,2.9186,ppb,3.2180036929543734,18.60607479297353
Local RMS Time Jitter,0.043,0.098,0.127,0.259,1.073, 1.934,5.24,,0.946,1.836,0.3703,,0.3918,µs,3.6767088078259365,23.161823057287084
Server Jitter SHM(0),0.1866,0.3844,0.5457,1.4224,3.2679, 5.1784,8.2998,,2.7223,4.794,0.9138,,1.6092,ms,4.6170665821208505,18.346400091955438
Server Jitter SHM(1),0.009,0.046,0.072,0.212,1.58, 3.408,11.53,,1.508,3.362,0.6689,,0.4282,µs,3.7846384307952676,32.85056237233073
Server Offset SHM(0),12.2027,13.2519,14.0561,19.2062,24.3504, 25.4712,26.7116,,10.2944,12.2193,3.1976,,19.2059,ms,140.4969658672247,780.6641953412859
Server Offset SHM(1),-11.909,-2.077,-0.434,0.005,0.524, 1.856,7.619,,0.958,3.933,0.5612,,0.0007,µs,-5.788735837568775,66.81508790489262
TDOP,0.69,0.71,0.78,1.46,5.28, 10.05,39.68,,4.5,9.34,3.1733,,2.0702, ,7.762873409619643,84.09069415255426
Temp ZONE0,47.95,48.5,49.05,51.8,54.55, 55.65,56.2,,5.5,7.15,1.585,,51.9392,°C,32157.294764845436,1024615.8949794556
nSats,10.0,10.0,11.0,13.0,15.0, 16.0,16.0,,4.0,6.0,1.3306,,13.1618,nSat,729.5237779089776,6722.677674074742
