Name,Min,1%,5%,50%,95%,99%,Max,,90% Range,98% Range,StdDev,,Mean,Units,Skewness,Kurtosis
Local Clock Frequency Offset,8.6493,8.8192,8.846,9.1521,9.1952, 9.2372,9.3075,,0.3492,0.4181,0.124,,9.0866,ppm,377453.30239559896,27288570.323577095
Local Clock Time Offset,-26.697,-2.199,-0.569,0.017,0.598, 1.875,14.729,,1.167,4.074,0.6547,,-0.0001,µs,-7.672585087243409,179.0731093139975
Local RMS Frequency Jitter,0.588,0.937,1.146,2.182,9.53, 18.268,84.028,,8.384,17.331,3.7956,,3.4335,ppb,5.4891183890753625,61.93209957850581
Local RMS Time Jitter,0.106,0.151,0.184,0.335,1.202, 2.066,12.968,,1.018,1.915,0.461,,0.4733,µs,7.2030414439005535,103.32709559853045
Server Jitter SHM(0),0.1574,0.3432,0.5419,1.3835,3.2704, 5.368,8.5647,,2.7285,5.0248,0.9198,,1.5828,ms,4.569248048288541,18.776080894074838
Server Jitter SHM(1),0.027,0.081,0.117,0.299,1.766, 3.583,24.718,,1.649,3.502,0.782,,0.5286,µs,6.608582750538836,106.38318001143075
Server Offset SHM(0),11.5309,13.2296,13.9619,18.7372,23.1962, 24.4436,25.7658,,9.2343,11.214,3.0247,,18.3924,ms,146.4329095380935,823.9111453242778
Server Offset SHM(1),-26.698,-2.2,-0.57,0.018,0.599, 1.876,14.73,,1.169,4.076,0.6551,,-0.0,µs,-7.6656439089435064,178.67489095172536
TDOP,0.7,0.71,0.79,1.07,19.77, 44.15,202.56,,18.98,43.44,14.9208,,4.3228, ,7.766226663679016,104.7982487107704
Temp ZONE0,48.5,49.05,50.15,54.55,59.5, 60.05,60.6,,9.35,11.0,3.3774,,54.8444,°C,3584.1640822286126,55311.15073598632
nSats,9.0,9.0,11.0,13.0,15.0, 15.0,15.0,,4.0,6.0,1.1654,,13.1784,nSat,1125.3643990666371,11898.530493136295
