Name,Min,1%,5%,50%,95%,99%,Max,,90% Range,98% Range,StdDev,,Mean,Units,Skewness,Kurtosis
Local Clock Frequency Offset,8.8822,9.0424,9.0618,9.1088,9.1429, 9.1589,9.2134,,0.081,0.1165,0.0265,,9.1062,ppm,40205391.57967019,13773779107.36099
Local Clock Time Offset,-13.897,-2.083,-0.525,0.013,0.549, 1.725,7.982,,1.074,3.808,0.6041,,-0.0002,µs,-6.694145168046661,90.01455657804263
Local RMS Frequency Jitter,0.307,0.72,0.938,1.95,8.402, 19.02,46.362,,7.464,18.3,3.5158,,3.1531,ppb,3.859609788715047,26.46164104027017
Local RMS Time Jitter,0.053,0.118,0.152,0.303,1.097, 2.203,6.89,,0.945,2.085,0.4191,,0.4373,µs,4.719255245052013,37.92809401639031
Server Jitter SHM(0),0.1208,0.3365,0.5142,1.3577,3.2594, 5.2911,7.5475,,2.7452,4.9546,0.9254,,1.5614,ms,4.426274367479802,18.26725629717312
Server Jitter SHM(1),0.017,0.06,0.094,0.259,1.626, 3.724,12.899,,1.532,3.664,0.7243,,0.4823,µs,4.60679077448214,46.18998872680608
Server Offset SHM(0),10.7555,12.5073,14.0082,18.7792,23.6365, 24.9622,27.2424,,9.6283,12.4549,3.192,,18.8205,ms,132.04335836592304,720.1301463319976
Server Offset SHM(1),-13.898,-2.084,-0.526,0.014,0.55, 1.726,7.983,,1.076,3.81,0.6045,,-0.0001,µs,-6.6888290638146195,89.82860239280879
TDOP,0.71,0.72,0.76,1.12,9.72, 24.18,64.79,,8.96,23.46,6.2281,,2.7951, ,5.515650603344387,51.82217493202848
Temp ZONE0,53.45,54.0,54.55,56.2,57.85, 58.4,59.5,,3.3,4.4,1.008,,56.1656,°C,164031.91261864998,8985195.669222355
nSats,9.0,9.0,11.0,13.0,15.0, 16.0,16.0,,4.0,7.0,1.3832,,13.3583,nSat,674.3080137855075,6051.372201289431
