Name,Min,1%,5%,50%,95%,99%,Max,,90% Range,98% Range,StdDev,,Mean,Units,Skewness,Kurtosis
Local Clock Frequency Offset,8.5942,8.7162,8.743,8.7888,8.8208, 8.8448,8.8908,,0.0778,0.1287,0.0257,,8.7863,ppm,39482239.96974259,13444454597.308586
Local Clock Time Offset,-11.753,-1.875,-0.518,0.009,0.569, 1.701,8.409,,1.087,3.576,0.5542,,-0.0002,µs,-5.601507612896035,59.3286329253556
Local RMS Frequency Jitter,0.324,0.664,0.862,1.793,8.078, 17.383,38.252,,7.216,16.719,3.1402,,2.9865,ppb,3.1920757519184404,17.669522671764053
Local RMS Time Jitter,0.051,0.107,0.137,0.275,0.986, 1.989,5.417,,0.849,1.882,0.3543,,0.3961,µs,4.026823928981591,26.306342943412066
Server Jitter SHM(0),0.1412,0.384,0.6026,1.4862,3.5406, 5.4452,8.6524,,2.938,5.0613,0.9821,,1.7091,ms,4.508157191614853,17.722516450350223
Server Jitter SHM(1),0.02,0.056,0.084,0.238,1.619, 3.363,11.806,,1.535,3.307,0.6536,,0.4566,µs,3.694181736254185,30.861846120838333
Server Offset SHM(0),10.8389,12.0132,13.8438,18.5267,23.4945, 24.7595,26.7855,,9.6507,12.7463,3.1352,,18.5061,ms,132.5795608576035,724.5381120184323
Server Offset SHM(1),-11.754,-1.875,-0.519,0.01,0.57, 1.702,8.41,,1.089,3.577,0.5547,,-0.0002,µs,-5.59794539206404,59.20366774387783
TDOP,0.66,0.69,0.74,1.18,3.34, 4.26,5.38,,2.6,3.57,0.8335,,1.4605, ,4.578964366382892,15.759146327615415
Temp ZONE0,53.45,53.45,54.0,55.65,56.75, 57.3,57.3,,2.75,3.85,0.8786,,55.5131,°C,240599.39637535444,14972104.570445906
nSats,11.0,12.0,12.0,14.0,16.0, 16.0,16.0,,4.0,4.0,1.0555,,14.0456,nSat,1900.6787426366357,23838.358792654202
