Name,Min,1%,5%,50%,95%,99%,Max,,90% Range,98% Range,StdDev,,Mean,Units,Skewness,Kurtosis
Local Clock Frequency Offset,7.5814,7.7391,7.7589,7.8193,7.9318, 7.9641,8.0243,,0.1728,0.225,0.0534,,7.8301,ppm,3086971.432331877,449522401.0952191
Local Clock Time Offset,-20.526,-2.326,-0.433,0.005,0.643, 1.74,6.538,,1.076,4.066,0.6217,,0.0012,µs,-7.6771829977263915,111.67085341441839
Local RMS Frequency Jitter,0.0,0.623,0.813,1.81,9.47, 19.674,82.145,,8.657,19.051,3.9301,,3.232,ppb,4.366152239228841,45.3548480591256
Local RMS Time Jitter,0.035,0.099,0.131,0.283,1.291, 2.283,8.781,,1.16,2.184,0.4615,,0.4506,µs,3.9502947094135368,32.79455220512049
Server Jitter SHM(0),0.0,0.4115,0.6514,1.518,3.4634, 5.1211,12.6025,,2.812,4.7096,0.9878,,1.7318,ms,5.416404729908326,30.78380506367506
Server Jitter SHM(1),0.0,0.053,0.081,0.223,1.749, 3.764,20.558,,1.668,3.711,0.7565,,0.467,µs,4.234890692978396,45.988534706528434
Server Offset SHM(0),-20.6462,-16.8184,-14.2264,-7.1045,262.3707, 273.6652,277.2286,,276.5971,290.4836,70.5446,,11.9985,ms,0.27337804882308986,5.71856725438459
Server Offset SHM(1),-0.0205,-0.0023,-0.0004,0.0,0.0006, 0.0017,166.1578,,0.0011,0.0041,0.8051,,0.0039,ms,202.40227546193864,41776.38007612451
TDOP,0.9,0.9,0.9,2.11,3.01, 3.01,3.01,,2.11,2.11,0.5661,,2.015, ,23.99099354801238,79.97151804890589
Temp ZONE0,50.7,51.25,51.8,53.45,56.2, 56.75,58.95,,4.4,5.5,1.3258,,53.5394,°C,61195.36578471159,2414698.7874767813
nSats,13.0,13.0,13.0,14.0,15.0, 15.0,15.0,,2.0,2.0,0.6343,,13.8125,nSat,9030.014408868527,188913.93602552795
