Name,Min,1%,5%,50%,95%,99%,Max,,90% Range,98% Range,StdDev,,Mean,Units,Skewness,Kurtosis
Local Clock Frequency Offset,8.8873,9.1174,9.1604,9.2053,9.231, 9.244,9.2919,,0.0706,0.1266,0.0241,,9.2004,ppm,55497451.204139665,21169145421.02472
Local Clock Time Offset,-36.546,-2.081,-0.619,0.023,0.57, 1.774,16.543,,1.189,3.855,0.6661,,-0.0,µs,-10.974358112765785,389.87294011128637
Local RMS Frequency Jitter,0.444,0.897,1.159,2.258,8.448, 19.368,102.238,,7.289,18.471,3.937,,3.4087,ppb,6.955092984643455,102.75613221823119
Local RMS Time Jitter,0.067,0.143,0.187,0.356,1.125, 2.334,17.495,,0.938,2.191,0.5156,,0.4866,µs,10.099232755973167,201.29404972099937
Server Jitter SHM(0),0.1475,0.3386,0.5047,1.3063,3.4673, 5.7564,10.6907,,2.9626,5.4178,1.0437,,1.5744,ms,4.0729762504516165,18.76344321688677
Server Jitter SHM(1),0.027,0.074,0.116,0.316,1.628, 3.758,35.686,,1.512,3.684,0.8033,,0.5295,µs,9.050420533780832,211.38441431905795
Server Offset SHM(0),4.097,12.2916,13.9395,18.7182,23.2413, 24.6089,26.2199,,9.3018,12.3173,3.1482,,18.3679,ms,127.42993766682575,687.5026192719866
Server Offset SHM(1),-36.547,-2.082,-0.62,0.024,0.571, 1.775,16.544,,1.191,3.857,0.6666,,0.0001,µs,-10.961314302738922,388.96460654778326
TDOP,0.64,0.65,0.7,1.0,5.11, 18.34,92.57,,4.41,17.69,6.2347,,2.0317, ,10.577983262992781,153.13375720750952
Temp ZONE0,54.0,55.1,55.1,56.75,59.5, 61.15,61.7,,4.4,6.05,1.295,,57.0398,°C,79893.50205491613,3444762.165568824
nSats,10.0,11.0,11.0,14.0,15.0, 16.0,16.0,,4.0,5.0,1.3555,,13.5768,nSat,759.4951205571427,7082.981140909762
