Name,Min,1%,5%,50%,95%,99%,Max,,90% Range,98% Range,StdDev,,Mean,Units,Skewness,Kurtosis
Local Clock Frequency Offset,8.76,8.9246,9.0762,9.1631,9.2274, 9.2406,9.297,,0.1512,0.3159,0.0552,,9.1549,ppm,4485217.757149406,739735128.0511389
Local Clock Time Offset,-10.878,-2.282,-0.492,0.008,0.503, 1.937,9.541,,0.995,4.219,0.6067,,-0.0,µs,-5.594779699333727,63.80655577616045
Local RMS Frequency Jitter,0.473,0.737,0.922,1.855,9.882, 18.434,43.906,,8.96,17.697,3.5155,,3.1845,ppb,3.1461399784481903,18.175040079068193
Local RMS Time Jitter,0.072,0.119,0.148,0.283,1.246, 2.067,6.119,,1.098,1.948,0.407,,0.4297,µs,3.7655472543076165,24.84475018954652
Server Jitter SHM(0),0.1465,0.3091,0.4729,1.3454,3.407, 5.32,9.5708,,2.9341,5.0109,0.9758,,1.546,ms,3.97183098296789,16.538450736528326
Server Jitter SHM(1),0.018,0.058,0.088,0.242,1.774, 3.765,12.706,,1.686,3.707,0.7325,,0.4753,µs,3.6715479934824793,30.16486758416206
Server Offset SHM(0),10.1049,12.1248,13.2531,18.717,23.9365, 25.2282,27.2699,,10.6834,13.1034,3.3254,,18.2962,ms,104.79489047510869,535.4490192762271
Server Offset SHM(1),-10.879,-2.283,-0.493,0.009,0.504, 1.938,9.542,,0.997,4.221,0.6072,,0.0,µs,-5.591866422450724,63.69423327515165
TDOP,0.74,0.75,0.76,1.16,7.91, 27.35,157.25,,7.15,26.6,10.7087,,3.1859, ,10.119958097050507,146.14587081029214
Temp ZONE0,50.7,51.25,52.35,54.55,56.75, 57.85,57.85,,4.4,6.6,1.2684,,54.5112,°C,74084.51566546386,3115022.0615735357
nSats,8.0,10.0,12.0,13.0,15.0, 16.0,16.0,,3.0,6.0,1.3425,,13.278,nSat,728.9167382674249,6710.10036836182
