Name,Min,1%,5%,50%,95%,99%,Max,,90% Range,98% Range,StdDev,,Mean,Units,Skewness,Kurtosis
Local Clock Frequency Offset,8.5167,8.6757,8.763,8.8584,8.93, 8.9606,9.0132,,0.167,0.2849,0.0561,,8.8517,ppm,3857273.8567701154,604981786.6328613
Local Clock Time Offset,-24.998,-1.904,-0.56,0.01,0.603, 1.774,10.556,,1.163,3.678,0.604,,-0.0,µs,-7.864987252989314,171.62088753823807
Local RMS Frequency Jitter,0.474,0.781,0.99,1.951,8.3, 17.905,72.494,,7.31,17.124,3.5004,,3.1704,ppb,4.829787235557,49.49954269117914
Local RMS Time Jitter,0.058,0.122,0.156,0.296,0.996, 2.048,10.94,,0.84,1.926,0.4078,,0.4187,µs,6.6573840088183776,89.11217095796835
Server Jitter SHM(0),0.1895,0.3413,0.5454,1.3804,3.3141, 5.2369,7.7984,,2.7686,4.8955,0.9201,,1.5984,ms,4.534966184102617,17.8226951123098
Server Jitter SHM(1),0.022,0.064,0.1,0.269,1.638, 3.404,24.045,,1.538,3.34,0.7153,,0.4883,µs,6.034790672514429,95.09398682013217
Server Offset SHM(0),11.5901,13.057,14.3226,19.2763,24.0209, 25.3523,27.8091,,9.6982,12.2954,3.1663,,19.1644,ms,144.11273964938488,806.26074986076
Server Offset SHM(1),-24.999,-1.905,-0.561,0.011,0.604, 1.775,10.557,,1.165,3.68,0.6045,,0.0,µs,-7.856879043716928,171.1985909879475
TDOP,0.67,0.69,0.88,1.57,12.5, 31.48,89.63,,11.62,30.79,7.5896,,3.514, ,6.152857381674776,64.9312072161593
Temp ZONE0,50.15,51.25,52.35,54.0,55.65, 55.65,56.75,,3.3,4.4,1.0265,,53.7204,°C,135427.7917124148,6959936.042467328
nSats,8.0,11.0,12.0,13.0,15.0, 15.0,16.0,,3.0,4.0,1.104,,13.3792,nSat,1407.5781279554956,16008.935553615798
