Name,Min,1%,5%,50%,95%,99%,Max,,90% Range,98% Range,StdDev,,Mean,Units,Skewness,Kurtosis
Local Clock Frequency Offset,7.9473,8.1588,8.1746,8.2325,8.3419, 8.37,8.4451,,0.1673,0.2112,0.0497,,8.2392,ppm,4469623.645520371,736309066.8204733
Local Clock Time Offset,-20.883,-2.241,-0.479,0.006,0.535, 1.835,11.555,,1.014,4.076,0.582,,0.0005,µs,-6.855113274834888,131.05926139970143
Local RMS Frequency Jitter,0.408,0.639,0.821,1.801,8.875, 17.007,64.034,,8.054,16.368,3.3889,,3.0359,ppb,4.019455755613386,37.169600533330154
Local RMS Time Jitter,0.06,0.099,0.128,0.27,1.065, 1.958,9.609,,0.937,1.859,0.4097,,0.4054,µs,5.520757316524026,67.52383648098726
Server Jitter SHM(0),0.1545,0.3211,0.5334,1.4841,3.6633, 5.5363,11.2045,,3.1299,5.2152,1.029,,1.7149,ms,4.11646580914582,16.22824908123777
Server Jitter SHM(1),0.012,0.042,0.067,0.219,1.711, 3.364,19.744,,1.644,3.322,0.7035,,0.4479,µs,4.67029507041627,65.0327510730993
Server Offset SHM(0),3.494,10.4111,13.0209,17.9591,23.3821, 24.655,26.7459,,10.3612,14.2439,3.3182,,18.0094,ms,100.02294126290627,503.3051949561231
Server Offset SHM(1),-20.884,-2.242,-0.48,0.007,0.536, 1.836,11.556,,1.016,4.078,0.5824,,0.0005,µs,-6.849526373611124,130.76646811199305
TDOP,0.65,0.69,0.76,1.07,33.06, 82.68,110.35,,32.3,81.99,14.4266,,5.9532, ,2.3839186658565223,17.185049787572773
Temp ZONE0,49.6,50.7,51.25,52.9,54.55, 55.65,56.2,,3.3,4.95,1.0811,,52.8224,°C,109761.91696973958,5259971.1206362005
nSats,10.0,10.0,11.0,13.0,16.0, 16.0,16.0,,5.0,6.0,1.355,,13.4149,nSat,731.441352509105,6743.854759415122
