Name,Min,1%,5%,50%,95%,99%,Max,,90% Range,98% Range,StdDev,,Mean,Units,Skewness,Kurtosis
Local Clock Frequency Offset,8.4081,8.5345,8.5522,8.5802,8.6413, 8.6486,8.7086,,0.0891,0.1141,0.0264,,8.5855,ppm,34159818.38400709,11083978531.351526
Local Clock Time Offset,-14.075,-2.195,-0.38,0.009,0.543, 1.563,6.912,,0.923,3.758,0.5802,,-0.0002,µs,-7.394235642906446,89.39932566352815
Local RMS Frequency Jitter,0.306,0.528,0.702,1.465,8.472, 19.095,38.887,,7.77,18.567,3.504,,2.8804,ppb,2.9667744839622774,17.33113874521212
Local RMS Time Jitter,0.042,0.084,0.112,0.235,1.162, 2.369,6.131,,1.05,2.285,0.4403,,0.4037,µs,3.330626426424107,20.723185863997866
Server Jitter SHM(0),0.157,0.4127,0.6208,1.5187,3.7985, 5.7425,7.8812,,3.1778,5.3299,1.0271,,1.7648,ms,4.4140020394117006,16.78044084237864
Server Jitter SHM(1),0.016,0.045,0.068,0.181,1.693, 3.73,14.045,,1.625,3.685,0.7232,,0.4177,µs,3.6478080796607393,32.363704538006495
Server Offset SHM(0),11.6608,13.3856,14.3844,19.2521,24.1406, 25.2385,27.318,,9.7562,11.8529,3.1036,,19.0922,ms,152.2248239614617,866.5798000740328
Server Offset SHM(1),-14.076,-2.196,-0.381,0.01,0.544, 1.564,6.913,,0.925,3.76,0.5806,,-0.0001,µs,-7.38825921139346,89.2348274959955
TDOP,0.68,0.7,0.73,1.18,14.42, 31.17,55.54,,13.69,30.47,6.3512,,3.3202, ,3.1516092942188902,22.215842602952428
Temp ZONE0,55.65,55.65,56.2,57.85,59.5, 60.05,60.6,,3.3,4.4,0.978,,57.9915,°C,198279.60019315258,11568895.901630802
nSats,5.0,5.0,5.0,13.0,15.0, 15.0,16.0,,10.0,10.0,3.168,,11.8838,nSat,27.819894689804652,92.0765925174292
