Name,Min,1%,5%,50%,95%,99%,Max,,90% Range,98% Range,StdDev,,Mean,Units,Skewness,Kurtosis
Local Clock Frequency Offset,8.9288,9.073,9.1537,9.2938,9.3725, 9.4028,9.4502,,0.2189,0.3298,0.0701,,9.2779,ppm,2267039.7832772755,297848510.8766495
Local Clock Time Offset,-17.886,-2.357,-0.491,0.007,0.544, 1.996,8.488,,1.035,4.353,0.6139,,0.0001,µs,-6.208847414647842,79.38208278129174
Local RMS Frequency Jitter,0.465,0.762,0.945,1.942,9.649, 19.044,50.989,,8.704,18.282,3.5411,,3.2392,ppb,3.377841277412915,21.10516746880686
Local RMS Time Jitter,0.066,0.123,0.157,0.305,1.248, 2.101,7.279,,1.091,1.978,0.4115,,0.4469,µs,4.0865143981332475,29.542012257140367
Server Jitter SHM(0),0.1239,0.3264,0.4997,1.2638,3.148, 5.0597,8.023,,2.6484,4.7332,0.9029,,1.4709,ms,4.27325684155201,17.72505369381103
Server Jitter SHM(1),0.013,0.058,0.09,0.244,1.807, 3.707,17.23,,1.717,3.649,0.7352,,0.4819,µs,3.92509153156024,37.29152973505949
Server Offset SHM(0),10.6636,12.7109,13.6778,18.4187,23.223, 24.9917,27.8174,,9.5451,12.2809,3.1035,,18.2334,ms,130.6033963539061,711.6512567995686
Server Offset SHM(1),-17.887,-2.358,-0.492,0.008,0.545, 1.997,8.489,,1.037,4.355,0.6143,,0.0002,µs,-6.204803216246693,79.23067216989541
TDOP,0.61,0.64,0.72,1.03,3.64, 14.86,48.35,,2.92,14.22,3.594,,1.792, ,8.234397978213142,101.81355535374972
Temp ZONE0,49.05,50.7,51.8,54.0,55.65, 56.2,56.75,,3.85,5.5,1.2744,,53.8996,°C,70533.27140245266,2917609.2335804696
nSats,4.0,10.0,11.0,14.0,15.0, 16.0,16.0,,4.0,6.0,1.4873,,13.3859,nSat,533.7413131436507,4421.9489671571755
