Name,Min,1%,5%,50%,95%,99%,Max,,90% Range,98% Range,StdDev,,Mean,Units,Skewness,Kurtosis
Local Clock Frequency Offset,8.8609,8.9835,9.0561,9.1948,9.2513, 9.2811,9.3425,,0.1952,0.2977,0.0615,,9.1807,ppm,3266569.2632649387,484724416.7219349
Local Clock Time Offset,-13.527,-2.265,-0.507,0.004,0.565, 1.987,7.483,,1.072,4.252,0.6086,,0.0001,µs,-6.0135005859305135,71.39686000570512
Local RMS Frequency Jitter,0.416,0.772,0.953,1.959,9.635, 18.355,43.448,,8.682,17.583,3.4892,,3.2354,ppb,3.377356513394722,20.784255125610347
Local RMS Time Jitter,0.065,0.124,0.159,0.306,1.246, 2.013,5.819,,1.087,1.889,0.4035,,0.4452,µs,3.9513410799432207,25.839647863624965
Server Jitter SHM(0),0.1334,0.3228,0.521,1.2988,3.1269, 5.073,7.9748,,2.6058,4.7502,0.8892,,1.4996,ms,4.614696647260594,20.21217954485334
Server Jitter SHM(1),0.022,0.055,0.087,0.244,1.803, 3.654,12.693,,1.716,3.599,0.7277,,0.481,µs,3.8316853784428435,34.36976509993403
Server Offset SHM(0),11.4962,12.4268,13.2296,18.6412,23.9274, 25.4982,28.1263,,10.6978,13.0714,3.3547,,18.4487,ms,104.66374343061634,534.817771997096
Server Offset SHM(1),-13.528,-2.266,-0.508,0.005,0.566, 1.988,7.484,,1.074,4.254,0.6091,,0.0001,µs,-6.009777774110554,71.26237183918145
TDOP,0.65,0.66,0.71,0.91,2.96, 13.62,29.75,,2.25,12.96,2.5277,,1.4178, ,6.686573572934243,65.8623266402975
Temp ZONE0,49.05,49.6,51.25,53.45,55.65, 56.2,56.75,,4.4,6.6,1.3358,,53.5233,°C,59745.54658387403,2338649.187062999
nSats,8.0,11.0,12.0,14.0,15.0, 16.0,16.0,,3.0,5.0,1.1654,,13.5083,nSat,1219.1386299972098,13235.619154139586
