Name,Min,1%,5%,50%,95%,99%,Max,,90% Range,98% Range,StdDev,,Mean,Units,Skewness,Kurtosis
Local Clock Frequency Offset,8.9594,9.1041,9.1244,9.1554,9.1831, 9.2085,9.2376,,0.0588,0.1044,0.0196,,9.1549,ppm,100665565.28809005,46828680626.50768
Local Clock Time Offset,-16.41,-2.113,-0.516,0.014,0.535, 1.808,8.556,,1.051,3.921,0.6121,,-0.0001,µs,-7.987624810332069,129.42526281711093
Local RMS Frequency Jitter,0.449,0.751,0.943,1.91,8.445, 19.349,46.492,,7.502,18.598,3.5979,,3.1546,ppb,4.03845508554248,29.04245753592689
Local RMS Time Jitter,0.078,0.119,0.152,0.298,1.118, 2.346,6.671,,0.966,2.227,0.442,,0.4396,µs,4.908318919778434,40.91288516038738
Server Jitter SHM(0),0.2002,0.335,0.4813,1.3234,3.3624, 5.294,8.2382,,2.8811,4.959,0.9567,,1.5354,ms,4.064440784196714,16.505744951446268
Server Jitter SHM(1),0.018,0.061,0.095,0.257,1.611, 3.666,16.006,,1.516,3.605,0.7391,,0.4809,µs,5.0752758606982855,57.43382730209301
Server Offset SHM(0),9.667,12.1968,13.4277,18.4569,23.2819, 24.3184,27.3896,,9.8543,12.1216,3.142,,18.3142,ms,127.0523795689897,685.0527863861206
Server Offset SHM(1),-16.411,-2.114,-0.517,0.015,0.536, 1.809,8.557,,1.053,3.923,0.6125,,-0.0,µs,-7.9798998628585345,129.14569018219467
TDOP,0.72,0.74,0.79,1.11,9.29, 41.89,99.08,,8.5,41.15,9.0739,,3.0451, ,6.083281707997213,60.790779477430405
Temp ZONE0,53.45,54.55,55.1,56.75,57.85, 58.95,58.95,,2.75,4.4,0.8902,,56.6308,°C,245683.87658321523,15395356.323627567
nSats,10.0,11.0,12.0,14.0,15.0, 16.0,16.0,,3.0,5.0,1.1636,,13.6125,nSat,1256.240243811599,13774.613909648911
