Name,Min,1%,5%,50%,95%,99%,Max,,90% Range,98% Range,StdDev,,Mean,Units,Skewness,Kurtosis
Local Clock Frequency Offset,8.685,8.7893,8.8087,8.8871,9.0265, 9.0689,9.1039,,0.2178,0.2796,0.0652,,8.9025,ppm,2490480.7714993036,337617645.4964265
Local Clock Time Offset,-12.212,-2.095,-0.458,0.007,0.518, 1.792,7.856,,0.976,3.887,0.5767,,-0.0003,µs,-6.553817741116486,83.45939581056895
Local RMS Frequency Jitter,0.385,0.639,0.841,1.791,8.259, 18.753,34.442,,7.418,18.114,3.3805,,2.9831,ppb,3.4019107857162916,19.97532739893891
Local RMS Time Jitter,0.045,0.101,0.133,0.279,1.069, 2.105,5.231,,0.936,2.004,0.3922,,0.409,µs,4.098878738564318,27.94163534977739
Server Jitter SHM(0),0.1742,0.3337,0.5344,1.3471,3.279, 5.2297,8.6251,,2.7446,4.896,0.9108,,1.5538,ms,4.548420889698957,18.737616906447407
Server Jitter SHM(1),0.015,0.052,0.08,0.226,1.563, 3.522,12.165,,1.483,3.47,0.692,,0.4434,µs,4.1681615016971385,38.09575063816991
Server Offset SHM(0),11.3235,12.8321,13.6992,18.6966,24.0659, 25.2984,27.6525,,10.3667,12.4663,3.307,,18.668,ms,114.26203121375617,599.0136665789618
Server Offset SHM(1),-12.213,-2.096,-0.459,0.008,0.519, 1.793,7.857,,0.978,3.889,0.5771,,-0.0003,µs,-6.548792699942355,83.28981406892606
TDOP,0.57,0.64,0.73,1.03,6.59, 21.12,161.01,,5.86,20.48,10.6857,,2.5588, ,10.931658773291348,163.1510284990755
Temp ZONE0,50.7,50.7,51.8,53.45,58.4, 61.15,61.7,,6.6,10.45,2.1792,,54.3058,°C,13758.741837810516,330899.05516653473
nSats,10.0,10.0,11.0,13.0,15.0, 16.0,16.0,,4.0,6.0,1.3391,,13.3693,nSat,751.9993981271766,6997.821435515553
