Name,Min,1%,5%,50%,95%,99%,Max,,90% Range,98% Range,StdDev,,Mean,Units,Skewness,Kurtosis
Local Clock Frequency Offset,8.7486,8.8991,8.9374,8.9966,9.0654, 9.0853,9.1395,,0.1281,0.1862,0.0403,,8.9985,ppm,10972808.774867218,2438417145.075628
Local Clock Time Offset,-22.299,-2.099,-0.478,0.006,0.536, 1.808,11.114,,1.014,3.907,0.5906,,-0.0001,µs,-7.177903633803868,127.04425069400035
Local RMS Frequency Jitter,0.415,0.669,0.868,1.842,8.394, 18.491,64.999,,7.526,17.822,3.4694,,3.0475,ppb,4.033531065116315,33.81219085806723
Local RMS Time Jitter,0.066,0.106,0.14,0.287,1.089, 2.074,10.269,,0.949,1.968,0.4096,,0.4191,µs,5.254325106891848,60.375147391403
Server Jitter SHM(0),0.1848,0.3658,0.5349,1.4343,3.2574, 5.1631,8.3353,,2.7224,4.7973,0.9206,,1.6175,ms,4.549598862968453,18.11695240721494
Server Jitter SHM(1),0.021,0.055,0.086,0.24,1.596, 3.678,21.452,,1.51,3.623,0.7104,,0.459,µs,4.966604718843579,63.69307042355995
Server Offset SHM(0),10.5614,11.9591,13.7274,19.0554,23.9066, 25.3417,28.3753,,10.1791,13.3826,3.2561,,18.7777,ms,122.57289880313552,653.9646667891452
Server Offset SHM(1),-22.3,-2.1,-0.479,0.007,0.537, 1.809,11.115,,1.016,3.909,0.5911,,-0.0001,µs,-7.171662076517838,126.75922967089544
TDOP,0.59,0.62,0.67,1.01,6.65, 34.08,58.49,,5.98,33.46,5.7569,,2.2363, ,5.1076549887469485,44.87675087285984
Temp ZONE0,52.35,52.35,52.9,54.55,57.3, 59.5,60.05,,4.4,7.15,1.3667,,54.8307,°C,59975.9728193826,2350850.4251396237
nSats,10.0,11.0,12.0,13.0,16.0, 16.0,16.0,,4.0,5.0,1.2615,,13.3942,nSat,918.5302799299003,9118.274195620645
