Name,Min,1%,5%,50%,95%,99%,Max,,90% Range,98% Range,StdDev,,Mean,Units,Skewness,Kurtosis
Local Clock Frequency Offset,7.8796,7.9805,7.9991,8.4208,8.4882, 8.5583,8.636,,0.4891,0.5778,0.1671,,8.3439,ppm,117310.47322842239,5747320.222694224
Local Clock Time Offset,-19.199,-2.033,-0.366,0.004,0.529, 1.639,7.23,,0.895,3.672,0.5761,,0.001,µs,-7.991733398551184,128.64120970494065
Local RMS Frequency Jitter,0.2,0.456,0.63,1.412,8.286, 18.976,53.07,,7.656,18.52,3.5455,,2.777,ppb,3.20985416758657,21.88601437126082
Local RMS Time Jitter,0.029,0.069,0.1,0.227,1.12, 2.274,8.426,,1.02,2.205,0.4447,,0.3863,µs,4.065952977091145,35.93291990058433
Server Jitter SHM(0),0.2528,0.3899,0.6107,1.4619,3.714, 5.7207,9.2968,,3.1033,5.3308,1.0181,,1.7095,ms,4.367424967155934,17.37497776318326
Server Jitter SHM(1),0.011,0.039,0.059,0.173,1.638, 3.767,19.238,,1.579,3.728,0.717,,0.3981,µs,4.2345945984168285,48.9337695616604
Server Offset SHM(0),9.252,11.8639,12.9988,18.1626,23.4664, 24.7647,26.8211,,10.4676,12.9008,3.2726,,18.1575,ms,107.7726693958487,554.8053579922029
Server Offset SHM(1),-19.2,-2.034,-0.367,0.005,0.53, 1.64,7.231,,0.897,3.674,0.5765,,0.0011,µs,-7.984730333686759,128.38685548335465
TDOP,0.64,0.69,0.76,1.33,6.64, 21.51,139.9,,5.88,20.82,9.4402,,2.9846, ,10.524343944644327,152.07588000044956
Temp ZONE0,47.4,47.95,48.5,54.0,56.75, 59.5,60.6,,8.25,11.55,2.6054,,53.288,°C,7419.196472969825,145441.96794682718
nSats,5.0,5.0,5.0,13.0,15.0, 16.0,16.0,,10.0,11.0,2.9445,,12.332,nSat,40.5049069150355,149.69885894750874
