Name,Min,1%,5%,50%,95%,99%,Max,,90% Range,98% Range,StdDev,,Mean,Units,Skewness,Kurtosis
Local Clock Frequency Offset,8.5098,8.6119,8.6429,8.7218,8.7775, 8.8082,8.8536,,0.1346,0.1963,0.0422,,8.7216,ppm,8711461.199984662,1792565869.6446977
Local Clock Time Offset,-14.018,-1.975,-0.502,0.007,0.587, 1.723,7.148,,1.089,3.698,0.5631,,0.0002,µs,-6.002613200125818,65.0647141448755
Local RMS Frequency Jitter,0.305,0.651,0.834,1.783,8.123, 17.704,42.755,,7.289,17.053,3.2125,,3.0103,ppb,3.2330922896438326,18.856659626251773
Local RMS Time Jitter,0.045,0.106,0.136,0.273,0.996, 2.001,5.672,,0.86,1.895,0.3586,,0.3968,µs,3.9497352245762287,25.440561693854374
Server Jitter SHM(0),0.16,0.3328,0.5396,1.3957,3.4242, 5.3872,8.9549,,2.8846,5.0545,0.9651,,1.6123,ms,4.347749959582684,17.80627080689731
Server Jitter SHM(1),0.023,0.055,0.084,0.232,1.645, 3.386,13.228,,1.561,3.331,0.6672,,0.4566,µs,3.699093367372063,31.366651476945776
Server Offset SHM(0),11.6813,12.789,13.8621,18.7882,23.4842, 24.7746,27.2839,,9.6221,11.9855,3.1235,,18.6287,ms,137.2092931729961,756.9327453936728
Server Offset SHM(1),-14.019,-1.976,-0.503,0.008,0.588, 1.724,7.149,,1.091,3.7,0.5635,,0.0003,µs,-5.9983955001890665,64.92888346254732
TDOP,0.66,0.69,0.76,0.96,12.17, 28.4,33.35,,11.41,27.71,5.0815,,2.5679, ,2.4887806862460584,13.365244916285347
Temp ZONE0,51.25,51.8,52.9,54.55,56.2, 56.75,56.75,,3.3,4.95,1.1233,,54.6279,°C,108194.04010493285,5159991.005559524
nSats,11.0,12.0,12.0,14.0,15.0, 16.0,16.0,,3.0,4.0,1.0008,,13.7708,nSat,2115.2548508659056,27467.97249612082
