Name,Min,1%,5%,50%,95%,99%,Max,,90% Range,98% Range,StdDev,,Mean,Units,Skewness,Kurtosis
Local Clock Frequency Offset,8.1117,8.2401,8.3044,8.4951,8.6165, 8.6916,8.7255,,0.3121,0.4515,0.104,,8.4653,ppm,519934.3446909075,41821393.78142249
Local Clock Time Offset,-18.542,-2.088,-0.413,0.003,0.572, 1.766,7.965,,0.985,3.854,0.5968,,0.0011,µs,-6.672085481302704,95.70861330776943
Local RMS Frequency Jitter,0.0,0.525,0.709,1.552,8.535, 19.611,51.26,,7.826,19.086,3.609,,2.9527,ppb,3.147067513539372,20.04422192779151
Local RMS Time Jitter,0.051,0.083,0.114,0.244,1.171, 2.282,8.291,,1.057,2.199,0.4357,,0.404,µs,3.7737291172294047,29.74485376667834
Server Jitter SHM(0),0.0,0.3563,0.569,1.4602,3.3487, 5.1154,9.1132,,2.7797,4.759,0.9151,,1.6501,ms,4.728884995373413,18.54437251198593
Server Jitter SHM(1),0.0,0.046,0.069,0.194,1.675, 3.772,18.441,,1.606,3.726,0.7304,,0.4299,µs,3.974945189642806,40.557811654400474
Server Offset SHM(0),9.9142,12.5659,13.6774,18.6766,23.7161, 24.9052,27.8104,,10.0388,12.3393,3.1974,,18.657,ms,127.542184580637,688.884842657623
Server Offset SHM(1),-178180.801,-2.093,-0.414,0.004,0.574, 1.77,7.966,,0.988,3.863,857.3425,,-4.1241,µs,-211.848413130076,44032.31190213802
TDOP,0.7,0.7,0.78,1.36,10.34, 31.92,91.59,,9.56,31.22,8.3352,,3.1138, ,6.141419692169777,61.517221577833716
Temp ZONE0,48.5,48.5,49.6,51.8,54.0, 55.1,55.65,,4.4,6.6,1.4411,,51.7771,°C,42722.984360234084,1495980.547387894
nSats,5.0,5.0,5.0,14.0,16.0, 16.0,16.0,,11.0,11.0,3.0671,,12.9667,nSat,41.53387445705506,153.16583391620892
