Name,Min,1%,5%,50%,95%,99%,Max,,90% Range,98% Range,StdDev,,Mean,Units,Skewness,Kurtosis
Local Clock Frequency Offset,7.619,7.7028,7.7493,7.8553,7.9459, 7.9816,8.0083,,0.1966,0.2787,0.053,,7.8566,ppm,3189657.698045302,469568245.8601857
Local Clock Time Offset,-13.872,-2.36,-0.431,0.006,0.586, 1.802,6.551,,1.017,4.162,0.5793,,0.0,µs,-6.9872343319334576,70.51201144353061
Local RMS Frequency Jitter,0.382,0.617,0.783,1.753,9.452, 17.332,38.336,,8.669,16.715,3.3096,,3.0823,ppb,2.7097612222249374,13.801694024550779
Local RMS Time Jitter,0.06,0.099,0.128,0.279,1.291, 2.054,5.944,,1.163,1.955,0.4196,,0.443,µs,3.055532060954441,17.112878161495814
Server Jitter SHM(0),0.0,0.3146,0.508,1.3522,6.4435, 10.7161,13.8263,,5.9355,10.4015,1.9171,,1.8794,ms,3.1716527459176747,13.782170475058246
Server Jitter SHM(1),0.0,0.048,0.073,0.207,1.745, 3.648,13.87,,1.672,3.6,0.6963,,0.4492,µs,3.1399138029430134,24.808299758898922
Server Offset SHM(0),-94.0089,-90.1713,-88.4217,181.1152,545.5939, 547.3929,551.131,,634.0156,637.5641,263.5311,,162.488,ms,-0.8019232936080272,1.7782839612070827
Server Offset SHM(1),-13.873,-2.361,-0.432,0.007,0.587, 1.803,6.552,,1.019,4.164,0.5797,,0.0001,µs,-6.9817745106524285,70.38222438417718
TDOP,0.68,0.69,0.74,1.04,3.45, 12.67,135.09,,2.71,11.98,8.8323,,2.0692, ,11.531533790063232,173.88815175879097
Temp ZONE0,51.25,51.25,51.8,54.0,56.75, 57.85,59.5,,4.95,6.6,1.4107,,54.1392,°C,52328.04244487772,1960089.7912611873
nSats,11.0,11.0,12.0,14.0,16.0, 16.0,16.0,,4.0,5.0,1.3508,,14.0332,nSat,855.4906468287555,8289.732967663262
