Name,Min,1%,5%,50%,95%,99%,Max,,90% Range,98% Range,StdDev,,Mean,Units,Skewness,Kurtosis
Local Clock Frequency Offset,7.9969,8.2229,8.3566,8.3867,8.4861, 8.5236,8.5545,,0.1295,0.3006,0.0474,,8.3911,ppm,5451154.64166768,959427968.4061984
Local Clock Time Offset,-16.821,-2.2,-0.424,0.01,0.502, 1.559,5.718,,0.926,3.759,0.5608,,0.0009,µs,-8.300593708901374,119.05293597898812
Local RMS Frequency Jitter,0.336,0.592,0.748,1.679,7.981, 17.755,46.476,,7.233,17.163,3.2969,,2.8906,ppb,3.4461260287298856,22.703063568372972
Local RMS Time Jitter,0.054,0.092,0.117,0.254,1.091, 2.145,7.149,,0.974,2.053,0.4185,,0.4042,µs,4.016565716423505,31.833148075653767
Server Jitter SHM(0),0.0972,0.3424,0.5438,1.4248,3.9226, 5.9961,7.5728,,3.3788,5.6537,1.0839,,1.7031,ms,3.8457875592381394,14.372857119689497
Server Jitter SHM(1),0.013,0.043,0.065,0.195,1.598, 3.465,16.82,,1.533,3.422,0.6924,,0.4252,µs,4.2026437345787295,45.174618811820025
Server Offset SHM(0),10.6809,12.8942,13.907,18.5865,23.3762, 24.6887,27.0219,,9.4692,11.7946,3.1243,,18.467,ms,133.22419627550047,729.4367133530592
Server Offset SHM(1),-16.822,-2.201,-0.425,0.011,0.503, 1.56,5.719,,0.928,3.761,0.5612,,0.0009,µs,-8.292410019182332,118.80019485406123
TDOP,0.63,0.66,0.7,0.97,5.42, 16.09,57.58,,4.72,15.43,4.508,,1.912, ,7.733547183396692,88.97277728318852
Temp ZONE0,47.95,51.8,55.65,57.85,60.05, 61.15,61.7,,4.4,9.35,1.5968,,57.8523,°C,43828.64833171501,1547586.4666618397
nSats,10.0,10.0,11.0,14.0,15.0, 16.0,16.0,,4.0,6.0,1.2281,,13.4083,nSat,1004.9751228769918,10255.283835582013
