Name,Min,1%,5%,50%,95%,99%,Max,,90% Range,98% Range,StdDev,,Mean,Units,Skewness,Kurtosis
Local Clock Frequency Offset,8.8866,9.0401,9.0784,9.1645,9.2277, 9.2527,9.3073,,0.1493,0.2126,0.0453,,9.1605,ppm,8169357.160719549,1645401377.7560663
Local Clock Time Offset,-14.344,-2.324,-0.448,0.003,0.493, 1.994,7.539,,0.941,4.318,0.6061,,0.0005,µs,-6.213494440206673,77.19420470339443
Local RMS Frequency Jitter,0.345,0.638,0.808,1.744,9.941, 18.396,46.816,,9.133,17.758,3.5941,,3.0871,ppb,3.123091403647003,19.34748332912074
Local RMS Time Jitter,0.056,0.103,0.129,0.263,1.227, 2.097,6.292,,1.098,1.994,0.4136,,0.41,µs,3.676873672792947,24.971098411992795
Server Jitter SHM(0),0.1555,0.3219,0.4807,1.2981,3.2421, 5.346,8.1902,,2.7613,5.024,0.9285,,1.4986,ms,4.232779235836184,18.0154325239618
Server Jitter SHM(1),0.013,0.047,0.071,0.208,1.786, 3.741,13.548,,1.715,3.694,0.7457,,0.4495,µs,3.6682111075155226,32.6332058024349
Server Offset SHM(0),11.0261,12.7761,13.9179,18.3721,22.9963, 24.6,26.1727,,9.0784,11.8238,3.0608,,18.297,ms,138.3632343943892,766.140821617367
Server Offset SHM(1),-14.345,-2.325,-0.449,0.004,0.494, 1.995,7.54,,0.943,4.32,0.6065,,0.0005,µs,-6.2096691685478325,77.05850007068736
TDOP,0.62,0.65,0.74,1.06,2.33, 3.32,5.48,,1.59,2.67,0.5767,,1.2469, ,7.948720329685358,40.10598159525841
Temp ZONE0,51.25,51.8,52.35,54.0,56.2, 56.2,57.3,,3.85,4.4,1.0319,,54.236,°C,137223.25457026626,7083211.265518674
nSats,9.0,10.0,11.0,14.0,15.0, 16.0,16.0,,4.0,6.0,1.2649,,13.4083,nSat,913.2439116586007,9035.578075972368
