Name,Min,1%,5%,50%,95%,99%,Max,,90% Range,98% Range,StdDev,,Mean,Units,Skewness,Kurtosis
Local Clock Frequency Offset,8.4308,8.5211,8.5567,8.7005,8.7621, 8.7949,8.8578,,0.2054,0.2738,0.0601,,8.6846,ppm,2948563.5211866507,422852787.71084964
Local Clock Time Offset,-10.342,-1.965,-0.513,0.006,0.597, 1.769,7.225,,1.11,3.734,0.5671,,0.0004,µs,-5.601439084744204,58.62610940742303
Local RMS Frequency Jitter,0.305,0.656,0.856,1.825,8.087, 17.97,36.055,,7.231,17.314,3.2277,,3.0395,ppb,3.2196149194732446,17.850172622248476
Local RMS Time Jitter,0.053,0.105,0.137,0.276,1.004, 2.046,5.839,,0.867,1.941,0.3705,,0.4022,µs,4.1289630477978765,28.17820754630698
Server Jitter SHM(0),0.1657,0.3551,0.5475,1.4125,3.4725, 5.157,8.572,,2.925,4.802,0.97,,1.6318,ms,4.304818646535403,17.115812149142357
Server Jitter SHM(1),0.014,0.057,0.085,0.236,1.651, 3.389,10.924,,1.566,3.332,0.6656,,0.4609,µs,3.6766349988511156,30.409790694745436
Server Offset SHM(0),8.197,11.1739,13.1303,18.4289,23.5445, 24.779,27.2452,,10.4142,13.6051,3.3416,,18.2802,ms,102.6845909035396,520.2614449673675
Server Offset SHM(1),-10.343,-1.966,-0.514,0.007,0.598, 1.77,7.226,,1.112,3.736,0.5675,,0.0005,µs,-5.598055229369247,58.507475568608555
TDOP,0.63,0.67,0.74,1.3,17.37, 63.6,141.39,,16.63,62.93,12.7176,,4.6162, ,5.2338302024199725,52.8355157915015
Temp ZONE0,50.15,50.7,51.8,54.0,55.1, 56.75,58.4,,3.3,6.05,1.1817,,53.6782,°C,87808.16308393498,3906777.0267653726
nSats,10.0,10.0,11.0,13.0,16.0, 16.0,16.0,,5.0,6.0,1.3989,,13.4481,nSat,664.7823346453976,5947.907038902629
