Name,Min,1%,5%,50%,95%,99%,Max,,90% Range,98% Range,StdDev,,Mean,Units,Skewness,Kurtosis
Local Clock Frequency Offset,7.8796,7.9805,7.9992,8.4237,8.4882, 8.5583,8.636,,0.4891,0.5778,0.1623,,8.352,ppm,128669.60984090304,6500736.7026918745
Local Clock Time Offset,-19.199,-2.036,-0.365,0.004,0.531, 1.639,7.23,,0.896,3.675,0.577,,0.0013,µs,-8.003015484808362,128.59197570460088
Local RMS Frequency Jitter,0.2,0.451,0.624,1.407,8.293, 19.066,53.07,,7.669,18.615,3.5557,,2.7753,ppb,3.1980811484893112,21.75833441924719
Local RMS Time Jitter,0.029,0.069,0.099,0.226,1.124, 2.277,8.426,,1.025,2.208,0.4461,,0.3859,µs,4.045922141872826,35.633330189252604
Server Jitter SHM(0),0.1759,0.3864,0.61,1.4562,3.7067, 5.7207,9.2968,,3.0967,5.3343,1.0164,,1.7023,ms,4.356796054851516,17.37949726944784
Server Jitter SHM(1),0.011,0.039,0.058,0.172,1.639, 3.785,19.238,,1.581,3.746,0.7188,,0.3977,µs,4.2228742875081755,48.66424427992208
Server Offset SHM(0),9.252,11.8639,12.9988,18.2176,23.4108, 24.7481,26.8211,,10.412,12.8842,3.2673,,18.1565,ms,108.32149292092555,558.2214981640168
Server Offset SHM(1),-19.2,-2.037,-0.366,0.005,0.532, 1.64,7.231,,0.898,3.677,0.5774,,0.0013,µs,-7.996023205741987,128.33923664133147
TDOP,0.64,0.71,0.76,1.33,6.64, 21.51,139.9,,5.88,20.8,9.4393,,2.9894, ,10.529271390236925,152.1418894589771
Temp ZONE0,47.4,47.95,48.5,54.0,56.75, 59.5,60.6,,8.25,11.55,2.5524,,53.4044,°C,7967.3363179158905,159902.01209488
nSats,5.0,5.0,5.0,13.0,15.0, 16.0,16.0,,10.0,11.0,2.9428,,12.3278,nSat,40.53736969883177,149.86476355092802
