Name,Min,1%,5%,50%,95%,99%,Max,,90% Range,98% Range,StdDev,,Mean,Units,Skewness,Kurtosis
Local Clock Frequency Offset,7.3683,7.4342,7.483,7.919,8.0052, 8.0253,8.0958,,0.5221,0.5911,0.1329,,7.8785,ppm,198046.83811805598,11550514.714569887
Local Clock Time Offset,-15.434,-2.108,-0.393,0.001,0.466, 1.799,7.571,,0.859,3.907,0.5541,,0.0014,µs,-6.640378986469374,90.49045471376986
Local RMS Frequency Jitter,0.235,0.501,0.648,1.557,8.523, 17.267,42.647,,7.875,16.766,3.305,,2.8006,ppb,3.1161030662200906,19.547945738191874
Local RMS Time Jitter,0.031,0.078,0.102,0.233,1.061, 2.013,6.577,,0.959,1.935,0.396,,0.3757,µs,3.7362345932449514,27.8919155084823
Server Jitter SHM(0),0.1653,0.3378,0.5239,1.4245,3.548, 5.5495,8.356,,3.0241,5.2117,1.0076,,1.6583,ms,4.103094237862477,15.8860312168401
Server Jitter SHM(1),0.013,0.035,0.053,0.167,1.617, 3.352,15.433,,1.564,3.317,0.6836,,0.3977,µs,3.726362850751593,37.2287882405264
Server Offset SHM(0),10.5413,11.9742,12.8673,18.3131,23.1614, 24.542,26.5305,,10.294,12.5678,3.1789,,17.9523,ms,114.3201221257173,598.2957768502278
Server Offset SHM(1),-15.435,-2.109,-0.394,0.002,0.467, 1.8,7.572,,0.861,3.909,0.5544,,0.0014,µs,-6.635578538676367,90.31599393926793
TDOP,0.64,0.65,0.72,1.0,8.11, 35.48,66.59,,7.39,34.83,6.6885,,2.6397, ,4.482830359618353,38.669220852095435
Temp ZONE0,46.85,47.95,49.05,53.45,55.65, 56.2,56.2,,6.6,8.25,1.8847,,52.9799,°C,20006.49897441226,544540.7319985288
nSats,10.0,10.0,12.0,14.0,16.0, 16.0,16.0,,4.0,6.0,1.3552,,13.8133,nSat,804.2142218291286,7641.804719113696
