Name,Min,1%,5%,50%,95%,99%,Max,,90% Range,98% Range,StdDev,,Mean,Units,Skewness,Kurtosis
Local Clock Frequency Offset,8.236,8.3582,8.3901,8.4607,8.5378, 8.55,8.603,,0.1477,0.1917,0.0448,,8.4557,ppm,6634905.7020924855,1246821468.6611252
Local Clock Time Offset,-11.901,-2.23,-0.377,0.003,0.592, 1.634,6.456,,0.969,3.864,0.5772,,0.0,µs,-6.732752018533614,74.78219028651449
Local RMS Frequency Jitter,0.267,0.491,0.645,1.482,8.558, 18.732,35.974,,7.913,18.241,3.4641,,2.8919,ppb,2.7721037896722955,15.48724194274577
Local RMS Time Jitter,0.043,0.078,0.108,0.237,1.168, 2.252,5.379,,1.06,2.174,0.4285,,0.4038,µs,3.1155553196226617,18.250820247713303
Server Jitter SHM(0),0.1502,0.3937,0.594,1.4595,3.4471, 5.3069,7.8357,,2.8531,4.9131,0.9483,,1.6862,ms,4.622469094953788,17.629697596151008
Server Jitter SHM(1),0.018,0.041,0.063,0.176,1.712, 3.738,11.28,,1.649,3.697,0.7119,,0.4169,µs,3.3630081592588446,28.147245934046385
Server Offset SHM(0),10.3042,11.9153,13.8365,18.7039,23.9233, 25.0271,26.6678,,10.0867,13.1119,3.1709,,18.7226,ms,132.688931903245,725.1601158178773
Server Offset SHM(1),-11.902,-2.231,-0.378,0.004,0.593, 1.635,6.457,,0.971,3.866,0.5776,,0.0,µs,-6.728131119307235,74.65271399232364
TDOP,0.67,0.69,0.72,1.08,12.48, 54.08,56.14,,11.76,53.39,7.8415,,3.5937, ,3.2992173870046395,21.687123484056805
Temp ZONE0,51.8,52.35,52.9,54.55,56.75, 57.3,58.4,,3.85,4.95,1.0791,,54.5363,°C,121723.952274603,6037511.634589429
nSats,5.0,5.0,5.0,13.0,15.0, 16.0,16.0,,10.0,11.0,3.292,,12.0125,nSat,25.37423195361686,81.95359536410993
