Name,Min,1%,5%,50%,95%,99%,Max,,90% Range,98% Range,StdDev,,Mean,Units,Skewness,Kurtosis
Local Clock Frequency Offset,8.5812,8.6768,8.7365,8.8091,8.8932, 8.9133,9.0234,,0.1566,0.2365,0.0472,,8.8101,ppm,6394477.204141252,1186948665.8975394
Local Clock Time Offset,-12.629,-1.952,-0.524,0.009,0.611, 1.74,6.123,,1.135,3.692,0.5604,,0.0002,µs,-5.628152589983816,56.21263431169308
Local RMS Frequency Jitter,0.474,0.744,0.942,1.896,8.188, 17.482,36.105,,7.246,16.738,3.1235,,3.0734,ppb,3.261797875931053,17.473929052566813
Local RMS Time Jitter,0.07,0.118,0.149,0.288,1.008, 1.96,5.23,,0.859,1.842,0.3487,,0.4072,µs,3.9569219192306755,23.526672444282568
Server Jitter SHM(0),0.1494,0.3371,0.5141,1.361,3.1955, 5.1787,9.1346,,2.6814,4.8416,0.9141,,1.5714,ms,4.46233706166057,18.106802902033937
Server Jitter SHM(1),0.023,0.064,0.095,0.255,1.621, 3.298,12.157,,1.526,3.234,0.6465,,0.4687,µs,3.732896800262219,30.05241681157162
Server Offset SHM(0),11.1502,13.3206,14.2726,19.2022,23.5079, 24.7897,26.7919,,9.2353,11.4692,3.0703,,18.7976,ms,149.7624607045609,847.5947360002931
Server Offset SHM(1),-12.63,-1.953,-0.525,0.01,0.612, 1.741,6.124,,1.137,3.694,0.5609,,0.0002,µs,-5.624497625941776,56.09348825126306
TDOP,0.64,0.66,0.71,1.47,8.6, 17.35,57.53,,7.89,16.69,5.2017,,2.7987, ,5.836207596800409,56.53101897456604
Temp ZONE0,50.7,51.25,51.8,53.45,55.1, 56.2,58.4,,3.3,4.95,1.0564,,53.3131,°C,121199.10413232128,6002883.688881066
nSats,9.0,10.0,12.0,14.0,16.0, 16.0,16.0,,4.0,6.0,1.3862,,13.6141,nSat,712.3447188830543,6507.485022121691
