Name,Min,1%,5%,50%,95%,99%,Max,,90% Range,98% Range,StdDev,,Mean,Units,Skewness,Kurtosis
Local Clock Frequency Offset,8.8076,8.9333,8.9645,9.0518,9.1022, 9.1188,9.1672,,0.1377,0.1855,0.0382,,9.0473,ppm,13144026.823449729,3102083105.6943502
Local Clock Time Offset,-22.88,-2.031,-0.501,0.013,0.526, 1.823,10.977,,1.027,3.854,0.5976,,0.0002,µs,-7.254172957293084,134.26280065621282
Local RMS Frequency Jitter,0.416,0.705,0.907,1.875,8.596, 18.56,66.281,,7.689,17.855,3.5115,,3.0813,ppb,4.213348080024336,36.910383543758115
Local RMS Time Jitter,0.064,0.113,0.146,0.292,1.1, 2.169,10.802,,0.954,2.056,0.4304,,0.4264,µs,5.741907218669987,68.68245344431891
Server Jitter SHM(0),0.1682,0.3612,0.5537,1.4384,3.2991, 5.1466,7.7458,,2.7453,4.7853,0.9091,,1.6286,ms,4.725289380239671,18.726188171672575
Server Jitter SHM(1),0.021,0.06,0.092,0.249,1.614, 3.675,21.632,,1.522,3.615,0.7206,,0.4693,µs,5.1396510136356595,67.22742277140465
Server Offset SHM(0),11.8683,13.0148,13.7827,19.1621,23.9961, 25.3559,27.622,,10.2134,12.3411,3.3097,,18.7749,ms,116.0794871121973,610.4195984939965
Server Offset SHM(1),-22.881,-2.032,-0.502,0.014,0.527, 1.824,10.978,,1.029,3.856,0.598,,0.0003,µs,-7.247613047447966,133.95675750506786
TDOP,0.59,0.64,0.79,1.3,11.94, 62.13,231.4,,11.15,61.49,18.1773,,4.3873, ,7.6133335461788345,90.48697419077756
Temp ZONE0,51.25,52.9,54.0,56.2,58.95, 60.6,61.15,,4.95,7.7,1.5783,,56.2753,°C,41729.74269586647,1449853.983325241
nSats,10.0,10.0,11.0,13.0,15.0, 16.0,16.0,,4.0,6.0,1.3052,,13.2614,nSat,796.1324254456537,7544.5652995571445
