Name,Min,1%,5%,50%,95%,99%,Max,,90% Range,98% Range,StdDev,,Mean,Units,Skewness,Kurtosis
Local Clock Frequency Offset,8.7288,8.91,8.9317,9.0018,9.0804, 9.1035,9.1419,,0.1487,0.1935,0.0433,,9.0046,ppm,8889526.502813151,1841584931.6856713
Local Clock Time Offset,-16.938,-2.129,-0.509,0.009,0.568, 1.784,10.43,,1.077,3.913,0.606,,-0.0004,µs,-6.900313818059972,112.48428590986572
Local RMS Frequency Jitter,0.367,0.683,0.918,1.914,8.332, 18.652,58.452,,7.414,17.969,3.5507,,3.1364,ppb,4.264246523064928,35.76751861974787
Local RMS Time Jitter,0.05,0.111,0.145,0.293,1.102, 2.168,9.1,,0.957,2.057,0.4255,,0.4306,µs,5.298519045903711,55.09211553771462
Server Jitter SHM(0),0.1777,0.3631,0.5324,1.3577,3.2466, 5.0034,7.7613,,2.7142,4.6403,0.9018,,1.5565,ms,4.46293187864023,17.63267932153514
Server Jitter SHM(1),0.017,0.058,0.088,0.25,1.637, 3.578,15.904,,1.549,3.52,0.7299,,0.4738,µs,5.11562594935115,61.41399304807762
Server Offset SHM(0),9.7634,11.274,12.7757,18.0429,23.1687, 24.3884,26.7252,,10.393,13.1144,3.3005,,17.9341,ms,100.44849367615947,506.24050542994934
Server Offset SHM(1),-16.939,-2.13,-0.51,0.01,0.569, 1.785,10.431,,1.079,3.915,0.6064,,-0.0003,µs,-6.89470278171771,112.24242288797154
TDOP,0.66,0.66,0.73,1.33,8.21, 93.85,117.9,,7.48,93.19,11.9887,,3.5268, ,5.597185840251324,50.71024715515597
Temp ZONE0,52.35,52.9,53.45,55.1,57.85, 58.95,60.05,,4.4,6.05,1.3181,,55.1573,°C,68273.0703012488,2793828.95274479
nSats,10.0,10.0,12.0,14.0,16.0, 16.0,16.0,,4.0,6.0,1.3331,,13.9542,nSat,876.6033021152424,8558.20039263319
