Name,Min,1%,5%,50%,95%,99%,Max,,90% Range,98% Range,StdDev,,Mean,Units,Skewness,Kurtosis
Local Clock Frequency Offset,7.6777,7.7997,7.8168,7.8898,7.9599, 7.9811,8.0478,,0.1432,0.1814,0.0438,,7.8911,ppm,5739431.677203815,1027666625.0539981
Local Clock Time Offset,-13.034,-2.277,-0.485,0.002,0.579, 1.795,6.729,,1.064,4.072,0.5768,,-0.0,µs,-6.341701609182481,68.36236087510791
Local RMS Frequency Jitter,0.0,0.535,0.72,1.809,9.174, 17.207,38.137,,8.454,16.672,3.316,,3.0491,ppb,2.896186178561056,16.14179214233741
Local RMS Time Jitter,0.04,0.082,0.112,0.264,1.138, 2.003,5.431,,1.026,1.921,0.397,,0.4047,µs,3.391203199080008,21.4590031666992
Server Jitter SHM(0),0.0,0.4219,0.7043,1.832,4.9827, 8.7119,22.1697,,4.2783,8.2901,1.6099,,2.2284,ms,4.63609563970744,29.828006780290494
Server Jitter SHM(1),0.0,0.038,0.059,0.207,1.778, 3.481,12.805,,1.719,3.443,0.7012,,0.45,µs,3.249920571478564,27.049438149990106
Server Offset SHM(0),-0.0057,-0.0038,-0.0012,0.0088,0.271, 0.2759,599.4211,,0.2722,0.2796,8.2248,,0.2414,s,68.41978193693025,4985.347916248399
Server Offset SHM(1),-0.0,-0.0,-0.0,0.0,0.0, 0.0,599.1241,,0.0,0.0,2.9078,,0.0153,s,200.44615327147906,41278.60687023904
TDOP,0.61,0.62,0.72,1.01,5.59, 6.35,6.59,,4.87,5.73,1.4039,,1.7271, ,2.6186128206641666,8.037638435306672
Temp ZONE0,51.25,51.8,52.35,54.55,56.75, 57.3,58.4,,4.4,5.5,1.3124,,54.5385,°C,66824.82557829803,2715073.2094582925
nSats,7.0,8.0,11.0,14.0,16.0, 16.0,16.0,,5.0,8.0,1.5472,,13.6234,nSat,497.7696510530697,4046.235513169163
