Name,Min,1%,5%,50%,95%,99%,Max,,90% Range,98% Range,StdDev,,Mean,Units,Skewness,Kurtosis
Local Clock Frequency Offset,7.9992,8.1332,8.1699,8.5298,8.5964, 8.6114,8.6715,,0.4265,0.4782,0.1462,,8.4563,ppm,183907.65673585245,10464744.719278554
Local Clock Time Offset,-13.097,-2.16,-0.385,0.004,0.559, 1.652,9.965,,0.944,3.812,0.5769,,0.0,µs,-6.662095731450919,79.8304391028538
Local RMS Frequency Jitter,0.321,0.536,0.701,1.485,8.578, 18.816,44.366,,7.877,18.28,3.4655,,2.8866,ppb,2.850998905516966,16.09711337280725
Local RMS Time Jitter,0.049,0.084,0.114,0.238,1.163, 2.269,7.664,,1.049,2.185,0.4307,,0.4021,µs,3.464369101737442,24.578399325971407
Server Jitter SHM(0),0.1805,0.3981,0.5895,1.4202,3.4052, 5.4787,8.5265,,2.8157,5.0806,0.9496,,1.635,ms,4.5466197938225426,18.488652173611605
Server Jitter SHM(1),0.016,0.045,0.068,0.182,1.691, 3.716,12.823,,1.623,3.671,0.7089,,0.4165,µs,3.5108378577861714,30.64603254094741
Server Offset SHM(0),12.2406,13.6189,14.5703,19.3998,24.2339, 25.4683,27.8104,,9.6636,11.8494,3.1187,,19.3113,ms,155.59117914626006,891.3392849343472
Server Offset SHM(1),-13.098,-2.161,-0.386,0.005,0.56, 1.653,9.966,,0.946,3.814,0.5773,,0.0001,µs,-6.657395887186109,79.68383809631025
TDOP,0.65,0.65,0.72,1.01,7.06, 31.92,93.52,,6.34,31.27,8.2636,,2.8116, ,6.518504986881665,67.70763324777215
Temp ZONE0,48.5,48.5,49.05,54.55,58.95, 60.6,63.9,,9.9,12.1,3.3708,,53.8745,°C,3408.221240601844,51741.19441208498
nSats,5.0,5.0,5.0,13.0,15.0, 16.0,16.0,,10.0,11.0,3.2531,,12.3444,nSat,28.809155084481304,95.82148834458587
