Name,Min,1%,5%,50%,95%,99%,Max,,90% Range,98% Range,StdDev,,Mean,Units,Skewness,Kurtosis
Local Clock Frequency Offset,8.9391,9.0802,9.099,9.1273,9.1615, 9.1778,9.222,,0.0625,0.0976,0.0193,,9.1279,ppm,104862603.52767548,49449824031.739784
Local Clock Time Offset,-11.589,-2.085,-0.467,0.011,0.513, 1.747,7.711,,0.98,3.832,0.5693,,-0.0002,µs,-5.9969476359019644,67.15028851952847
Local RMS Frequency Jitter,0.419,0.674,0.865,1.774,8.202, 18.414,38.558,,7.337,17.74,3.3008,,2.9861,ppb,3.35232290316709,19.62751173222876
Local RMS Time Jitter,0.062,0.108,0.141,0.279,1.085, 2.093,5.364,,0.944,1.985,0.3856,,0.4134,µs,3.892712767975531,24.640802840163687
Server Jitter SHM(0),0.1355,0.3656,0.5599,1.4186,3.4933, 5.3353,7.7607,,2.9333,4.9697,0.9685,,1.6363,ms,4.217390763611462,15.914835078889215
Server Jitter SHM(1),0.014,0.056,0.086,0.231,1.604, 3.567,11.386,,1.518,3.511,0.6845,,0.4501,µs,3.9156634897150897,33.483616960766575
Server Offset SHM(0),9.2672,11.4348,13.0743,18.0623,23.1697, 24.5386,27.3741,,10.0954,13.1038,3.2209,,18.0147,ms,110.67644792539004,573.7740003702191
Server Offset SHM(1),-11.59,-2.086,-0.468,0.012,0.514, 1.748,7.712,,0.982,3.834,0.5697,,-0.0001,µs,-5.99286867284108,67.01681783355824
TDOP,0.67,0.69,0.73,1.02,6.7, 31.37,237.99,,5.97,30.68,15.6274,,2.9965, ,11.285113317668486,171.4891116491783
Temp ZONE0,54.0,54.55,55.1,56.75,57.85, 58.4,59.5,,2.75,3.85,0.8781,,56.6767,°C,256789.5046148297,16329914.613862941
nSats,11.0,11.0,11.0,14.0,15.0, 16.0,16.0,,4.0,5.0,1.2202,,13.6667,nSat,1091.5690857610857,11438.398883657424
