Name,Min,1%,5%,50%,95%,99%,Max,,90% Range,98% Range,StdDev,,Mean,Units,Skewness,Kurtosis
Local Clock Frequency Offset,8.1358,8.3225,8.3412,8.5303,8.6641, 8.6977,8.7528,,0.3228,0.3752,0.0946,,8.5071,ppm,703040.7535022472,62529237.26841752
Local Clock Time Offset,-18.542,-2.008,-0.451,0.004,0.581, 1.801,7.723,,1.032,3.809,0.5912,,0.0005,µs,-6.3469002779069115,91.55099660240825
Local RMS Frequency Jitter,0.0,0.565,0.769,1.647,8.355, 19.31,51.26,,7.586,18.745,3.5269,,2.9839,ppb,3.3271202774030235,21.629865008798028
Local RMS Time Jitter,0.042,0.088,0.122,0.255,1.077, 2.239,8.291,,0.955,2.151,0.4127,,0.3988,µs,4.168524265798982,34.91244199890529
Server Jitter SHM(0),0.0,0.3714,0.5906,1.484,3.4099, 5.1577,9.1132,,2.8193,4.7864,0.9276,,1.6819,ms,4.799270297804299,18.929595648151412
Server Jitter SHM(1),0.0,0.048,0.074,0.211,1.664, 3.628,18.441,,1.59,3.58,0.7154,,0.4428,µs,4.1250517435128335,42.696793793213985
Server Offset SHM(0),9.9142,12.6451,13.821,18.7837,23.6564, 24.8746,27.7391,,9.8354,12.2295,3.1294,,18.6715,ms,137.4071753258347,758.5537015879967
Server Offset SHM(1),-178180.801,-2.01,-0.453,0.005,0.582, 1.805,7.724,,1.035,3.815,857.3424,,-4.1247,µs,-211.84842051409515,44032.31333284471
TDOP,0.7,0.7,0.75,1.25,6.24, 23.45,91.59,,5.49,22.75,6.5057,,2.5282, ,9.080972578230169,122.8445218535295
Temp ZONE0,48.5,49.05,50.15,52.35,54.55, 55.1,56.2,,4.4,6.05,1.3206,,52.295,°C,57629.163567217285,2228952.949222921
nSats,7.0,10.0,12.0,14.0,16.0, 16.0,16.0,,4.0,6.0,1.2823,,14.075,nSat,1021.3423809633541,10451.829256965595
