Name,Min,1%,5%,50%,95%,99%,Max,,90% Range,98% Range,StdDev,,Mean,Units,Skewness,Kurtosis
Local Clock Frequency Offset,7.7406,7.8515,7.8818,8.0944,8.2286, 8.2584,8.3058,,0.3468,0.4069,0.0837,,8.0933,ppm,876475.7469378174,83897071.900168
Local Clock Time Offset,-11.705,-2.204,-0.428,0.002,0.508, 1.811,9.002,,0.936,4.015,0.5528,,-0.0002,µs,-5.817389146143804,63.41560507531158
Local RMS Frequency Jitter,0.335,0.564,0.729,1.672,8.662, 16.676,40.378,,7.933,16.112,3.2041,,2.9005,ppb,2.966758404940683,16.89225813033833
Local RMS Time Jitter,0.046,0.087,0.114,0.25,1.049, 1.864,5.33,,0.935,1.777,0.3667,,0.3845,µs,3.485468214115871,22.01199784839521
Server Jitter SHM(0),0.1915,0.3632,0.5792,1.4373,3.4997, 5.6317,8.7804,,2.9205,5.2685,0.986,,1.6603,ms,4.356545052398452,17.418245562627273
Server Jitter SHM(1),0.017,0.042,0.063,0.197,1.668, 3.308,12.388,,1.605,3.266,0.6674,,0.4244,µs,3.406227674506097,28.927362243478075
Server Offset SHM(0),9.2518,11.7008,12.7048,18.2766,23.4986, 25.0274,27.4935,,10.7939,13.3267,3.3386,,18.0573,ms,98.93151421717758,496.9063254402422
Server Offset SHM(1),-11.706,-2.205,-0.429,0.003,0.509, 1.812,9.003,,0.938,4.017,0.5532,,-0.0002,µs,-5.813925068018444,63.29592396860442
TDOP,0.75,0.77,0.81,1.29,6.09, 11.79,27.12,,5.28,11.02,2.4914,,2.0058, ,5.192575867825286,44.569932416642885
Temp ZONE0,48.5,49.05,50.7,52.9,55.1, 56.2,56.2,,4.4,7.15,1.3577,,52.8178,°C,54561.97124817179,2072307.7462501503
nSats,7.0,11.0,12.0,14.0,15.0, 16.0,16.0,,3.0,5.0,1.261,,13.7137,nSat,991.6686613721847,10064.079392609681
