Name,Min,1%,5%,50%,95%,99%,Max,,90% Range,98% Range,StdDev,,Mean,Units,Skewness,Kurtosis
Local Clock Frequency Offset,8.2038,8.2953,8.3692,8.5041,8.5457, 8.5718,8.6067,,0.1765,0.2764,0.0547,,8.4855,ppm,3664648.531384482,565039963.72404
Local Clock Time Offset,-13.375,-2.14,-0.367,0.004,0.547, 1.616,6.293,,0.914,3.756,0.5711,,0.0,µs,-7.114770027075389,86.46576255297317
Local RMS Frequency Jitter,0.237,0.462,0.637,1.447,8.328, 18.727,36.953,,7.691,18.265,3.4517,,2.8319,ppb,2.8625338684815924,16.33692354256921
Local RMS Time Jitter,0.037,0.075,0.103,0.233,1.135, 2.213,5.569,,1.032,2.138,0.4277,,0.3934,µs,3.3953658178498585,22.06422909864186
Server Jitter SHM(0),0.1936,0.3939,0.6113,1.5075,3.6142, 5.5041,10.0437,,3.0029,5.1102,0.9963,,1.7425,ms,4.610980796455463,18.641081237567512
Server Jitter SHM(1),0.017,0.038,0.059,0.17,1.696, 3.723,13.366,,1.637,3.685,0.7099,,0.4064,µs,3.4906608551784424,30.733054783349136
Server Offset SHM(0),11.7524,13.1342,14.2611,19.2337,24.0311, 25.2188,27.533,,9.77,12.0846,3.1119,,18.989,ms,148.1385936604275,836.2054257541157
Server Offset SHM(1),-13.376,-2.141,-0.368,0.005,0.548, 1.617,6.294,,0.916,3.758,0.5715,,0.0001,µs,-7.109359883612632,86.30932348671548
TDOP,0.66,0.7,0.73,1.14,5.07, 14.58,39.8,,4.34,13.88,3.4473,,1.9707, ,6.251215215637697,61.81306630188813
Temp ZONE0,51.8,51.8,52.35,55.1,58.95, 59.5,60.05,,6.6,7.7,1.9649,,55.5633,°C,20378.002867823034,558108.3338400358
nSats,5.0,5.0,5.0,13.0,15.0, 16.0,16.0,,10.0,11.0,2.982,,12.4315,nSat,40.01400938134224,148.24019639607917
