Name,Min,1%,5%,50%,95%,99%,Max,,90% Range,98% Range,StdDev,,Mean,Units,Skewness,Kurtosis
Local Clock Frequency Offset,8.863,8.9821,9.0344,9.1476,9.2496, 9.271,9.3317,,0.2152,0.2889,0.0633,,9.145,ppm,2952685.9703250094,423641437.862288
Local Clock Time Offset,-27.583,-2.321,-0.528,0.006,0.596, 1.935,15.423,,1.124,4.256,0.657,,-0.0002,µs,-6.908832892875776,156.2030181768054
Local RMS Frequency Jitter,0.347,0.718,0.931,2.068,9.793, 19.459,85.609,,8.862,18.741,3.8597,,3.388,ppb,4.736093624650587,51.52732516610914
Local RMS Time Jitter,0.061,0.115,0.149,0.313,1.222, 2.241,13.033,,1.073,2.126,0.469,,0.4597,µs,6.200469271691956,86.25944678610367
Server Jitter SHM(0),0.1734,0.3657,0.534,1.3327,3.1523, 4.6967,7.4697,,2.6183,4.331,0.8631,,1.5271,ms,4.578448867844536,17.941205694541555
Server Jitter SHM(1),0.019,0.057,0.088,0.263,1.838, 3.764,26.022,,1.75,3.707,0.7966,,0.5087,µs,5.613571098339576,88.00105901719894
Server Offset SHM(0),11.9448,13.0965,13.9906,18.6781,23.5306, 24.715,27.3562,,9.5399,11.6185,3.0661,,18.5694,ms,144.51768265133762,810.561155098005
Server Offset SHM(1),-27.584,-2.322,-0.529,0.007,0.597, 1.936,15.424,,1.126,4.258,0.6574,,-0.0002,µs,-6.903781223856623,155.8813718972274
TDOP,0.62,0.69,0.73,1.04,11.05, 78.01,113.59,,10.32,77.32,10.8086,,3.4833, ,5.240558209697173,49.13821231800516
Temp ZONE0,50.15,50.7,51.8,53.45,55.65, 56.75,57.3,,3.85,6.05,1.2481,,53.6127,°C,73970.16111931232,3108644.474542183
nSats,9.0,10.0,12.0,14.0,16.0, 16.0,16.0,,4.0,6.0,1.2639,,13.6042,nSat,959.4447549164485,9640.88533964174
