Name,Min,1%,5%,50%,95%,99%,Max,,90% Range,98% Range,StdDev,,Mean,Units,Skewness,Kurtosis
Local Clock Frequency Offset,8.4175,8.6166,8.7804,8.86,8.9087, 8.951,9.0002,,0.1283,0.3344,0.0543,,8.8509,ppm,4257151.552551953,690013660.6167551
Local Clock Time Offset,-21.414,-1.903,-0.545,0.008,0.596, 1.758,17.088,,1.141,3.661,0.6315,,-0.0004,µs,-8.70678835724321,224.76252443742553
Local RMS Frequency Jitter,0.352,0.747,0.973,1.938,8.268, 18.31,87.565,,7.295,17.563,3.7716,,3.186,ppb,5.704363792002756,69.24936977015354
Local RMS Time Jitter,0.068,0.118,0.155,0.299,1.003, 2.154,11.273,,0.848,2.036,0.4546,,0.4267,µs,7.561980907210107,106.38991022385785
Server Jitter SHM(0),0.1878,0.3438,0.5338,1.3397,3.3014, 5.1588,6.8994,,2.7676,4.815,0.9141,,1.5484,ms,4.249208725196738,15.996528478685173
Server Jitter SHM(1),0.019,0.064,0.099,0.265,1.644, 3.458,24.439,,1.545,3.394,0.7634,,0.4874,µs,7.361630386941328,132.08426514399983
Server Offset SHM(0),10.7039,12.763,13.6938,18.9234,23.8776, 25.0747,27.3317,,10.1838,12.3117,3.2696,,18.759,ms,120.53137705935468,640.2678053760851
Server Offset SHM(1),-21.415,-1.904,-0.546,0.009,0.597, 1.759,17.089,,1.143,3.663,0.632,,-0.0003,µs,-8.697828732805439,224.24757491815447
TDOP,0.65,0.66,0.71,1.15,10.85, 19.1,41.56,,10.14,18.44,4.4887,,2.8365, ,3.0132260447035595,22.545196577331932
Temp ZONE0,47.95,51.25,51.8,53.45,55.1, 55.65,56.2,,3.3,4.4,0.9965,,53.5276,°C,146628.91734525698,7737461.743185993
nSats,9.0,10.0,12.0,14.0,16.0, 16.0,16.0,,4.0,6.0,1.4091,,13.9544,nSat,731.9035505267069,6742.460043283567
