Name,Min,1%,5%,50%,95%,99%,Max,,90% Range,98% Range,StdDev,,Mean,Units,Skewness,Kurtosis
Local Clock Frequency Offset,8.6093,8.7557,8.7851,8.9525,9.034, 9.0625,9.1262,,0.2489,0.3068,0.0797,,8.932,ppm,1369730.2245632645,152142307.210344
Local Clock Time Offset,-11.705,-2.031,-0.478,0.007,0.53, 1.781,7.747,,1.008,3.812,0.5791,,0.0003,µs,-5.968190994040593,73.4378020047013
Local RMS Frequency Jitter,0.302,0.682,0.883,1.83,8.213, 18.845,44.398,,7.33,18.163,3.3785,,3.0141,ppb,3.5953640758498704,22.934797477779554
Local RMS Time Jitter,0.051,0.11,0.143,0.284,1.073, 2.089,5.289,,0.93,1.979,0.3824,,0.4119,µs,4.048385027073913,26.57840080312895
Server Jitter SHM(0),0.1617,0.3374,0.5051,1.4104,3.249, 5.062,8.2608,,2.7439,4.7246,0.922,,1.5862,ms,4.464263944351064,18.547890774267355
Server Jitter SHM(1),0.014,0.058,0.088,0.239,1.554, 3.609,11.999,,1.466,3.551,0.6898,,0.4541,µs,4.342380686128528,40.661969383381845
Server Offset SHM(0),11.3458,12.7485,13.497,18.7796,24.2522, 25.6154,29.0327,,10.7552,12.8668,3.4598,,18.5729,ms,96.55726942379093,482.3855522164473
Server Offset SHM(1),-11.706,-2.032,-0.479,0.008,0.531, 1.782,7.748,,1.01,3.814,0.5795,,0.0003,µs,-5.964190522357328,73.28897882248378
TDOP,0.7,0.72,0.75,1.44,10.35, 49.44,81.88,,9.6,48.72,7.9346,,3.6062, ,4.82207451538242,42.47885945788217
Temp ZONE0,50.15,50.7,51.25,54.0,56.2, 57.85,58.4,,4.95,7.15,1.5056,,53.7467,°C,41881.89767008375,1456890.0693180212
nSats,10.0,10.0,11.0,13.0,15.0, 15.0,15.0,,4.0,5.0,1.2534,,13.1867,nSat,891.2900679661232,8750.676154421451
