Name,Min,1%,5%,50%,95%,99%,Max,,90% Range,98% Range,StdDev,,Mean,Units,Skewness,Kurtosis
Local Clock Frequency Offset,8.4283,8.542,8.5853,8.6808,8.7054, 8.7133,8.754,,0.1201,0.1712,0.0423,,8.661,ppm,8454423.840056928,1722395285.9651072
Local Clock Time Offset,-12.34,-1.982,-0.5,0.008,0.578, 1.68,7.986,,1.078,3.662,0.5595,,-0.0001,µs,-5.9047076211986935,62.09384369725067
Local RMS Frequency Jitter,0.28,0.625,0.854,1.802,8.067, 17.508,37.504,,7.213,16.883,3.1764,,3.0075,ppb,3.2610067844205126,18.64614605349279
Local RMS Time Jitter,0.047,0.1,0.137,0.276,1.005, 2.012,4.744,,0.868,1.912,0.3572,,0.3993,µs,3.8697038335180385,23.31298006490291
Server Jitter SHM(0),0.1745,0.3558,0.581,1.4671,3.541, 5.5616,7.7598,,2.9601,5.2058,0.9978,,1.6925,ms,4.379719761087694,17.389502775472796
Server Jitter SHM(1),0.017,0.055,0.085,0.238,1.627, 3.342,11.986,,1.542,3.287,0.6606,,0.4573,µs,3.7484153047022306,31.54069390860267
Server Offset SHM(0),11.9237,13.1778,14.0802,19.1214,23.7616, 25.0534,26.7855,,9.6813,11.8756,3.1524,,18.7866,ms,136.8774364055722,754.8037270949433
Server Offset SHM(1),-12.341,-1.983,-0.501,0.009,0.579, 1.681,7.987,,1.08,3.664,0.5599,,-0.0,µs,-5.900628147568679,61.96390297055641
TDOP,0.67,0.68,0.7,1.02,6.2, 15.1,102.61,,5.5,14.42,6.9972,,2.3378, ,10.173758541366725,145.3992640863587
Temp ZONE0,51.25,52.35,52.9,56.2,58.95, 58.95,59.5,,6.05,6.6,1.9106,,55.9741,°C,22740.58669310792,645852.8096601242
nSats,10.0,10.0,11.0,13.0,15.0, 16.0,16.0,,4.0,6.0,1.2137,,13.2656,nSat,1008.7735284716496,10311.806048436587
