Name,Min,1%,5%,50%,95%,99%,Max,,90% Range,98% Range,StdDev,,Mean,Units,Skewness,Kurtosis
Local Clock Frequency Offset,8.8609,8.9702,9.0408,9.1656,9.2512, 9.284,9.3703,,0.2104,0.3138,0.0621,,9.1598,ppm,3150549.619695268,461907759.6621273
Local Clock Time Offset,-14.609,-2.304,-0.504,0.002,0.589, 1.993,7.629,,1.093,4.297,0.625,,-0.0006,µs,-6.29361875048561,78.94917651629241
Local RMS Frequency Jitter,0.355,0.753,0.936,1.965,9.741, 18.862,44.153,,8.805,18.109,3.6116,,3.2912,ppb,3.449494542125627,21.902710824065224
Local RMS Time Jitter,0.063,0.116,0.152,0.301,1.245, 2.143,5.746,,1.093,2.027,0.4195,,0.4463,µs,3.9994172409798887,27.10035220387512
Server Jitter SHM(0),0.1334,0.3182,0.4954,1.3268,3.2371, 5.073,7.6888,,2.7417,4.7549,0.9057,,1.5322,ms,4.311881261156765,17.1258405216032
Server Jitter SHM(1),0.012,0.054,0.084,0.241,1.83, 3.707,13.847,,1.746,3.653,0.7508,,0.486,µs,3.950552804121017,37.294345297294946
Server Offset SHM(0),9.7948,12.0024,13.0229,18.4353,23.0218, 24.4759,26.6309,,9.9989,12.4734,3.2376,,17.9508,ms,107.49036597229215,552.4365896880518
Server Offset SHM(1),-14.61,-2.305,-0.505,0.003,0.59, 1.994,7.63,,1.095,4.299,0.6254,,-0.0006,µs,-6.289562316249223,78.80257092454461
TDOP,0.65,0.66,0.7,0.99,4.32, 33.21,60.01,,3.62,32.55,5.8663,,2.1408, ,6.194606453049784,59.01212428175895
Temp ZONE0,49.05,49.6,51.25,52.9,55.1, 55.65,55.65,,3.85,6.05,1.2102,,52.994,°C,78471.50178754897,3363193.1775396536
nSats,9.0,10.0,11.0,13.0,15.0, 16.0,16.0,,4.0,6.0,1.2982,,13.2458,nSat,806.9506547559927,7680.283111844731
