Name,Min,1%,5%,50%,95%,99%,Max,,90% Range,98% Range,StdDev,,Mean,Units,Skewness,Kurtosis
Local Clock Frequency Offset,8.7367,8.8877,8.9132,9.1336,9.3351, 9.3724,9.4381,,0.4219,0.4847,0.1412,,9.1269,ppm,257900.06479699578,16424143.487459166
Local Clock Time Offset,-15.113,-2.287,-0.599,0.018,0.618, 1.964,8.714,,1.217,4.251,0.6408,,0.0002,µs,-6.496928116567949,78.20830033500773
Local RMS Frequency Jitter,0.557,1.021,1.271,2.328,9.827, 18.353,45.548,,8.556,17.332,3.5237,,3.5609,ppb,3.996473116586892,26.628167063350997
Local RMS Time Jitter,0.088,0.159,0.197,0.351,1.238, 2.08,6.618,,1.041,1.921,0.4082,,0.4842,µs,4.841457674436111,37.36177783083019
Server Jitter SHM(0),0.2258,0.4029,0.5876,1.418,3.2885, 5.207,8.7854,,2.7009,4.8041,0.9016,,1.6151,ms,4.91300146612145,20.537456889600904
Server Jitter SHM(1),0.032,0.088,0.132,0.33,1.839, 3.706,14.821,,1.707,3.618,0.7384,,0.5536,µs,4.493873331432077,42.66714221636772
Server Offset SHM(0),10.6183,11.9421,13.2299,18.267,23.0195, 24.3618,26.4056,,9.7896,12.4197,3.1987,,18.0625,ms,114.26951932778255,597.5453018990743
Server Offset SHM(1),-15.114,-2.288,-0.6,0.019,0.619, 1.965,8.715,,1.219,4.253,0.6412,,0.0003,µs,-6.491835643138057,78.04408447647575
TDOP,0.64,0.66,0.73,1.06,6.54, 26.02,108.87,,5.81,25.36,7.6129,,2.3967, ,9.408878734043162,131.29529196816512
Temp ZONE0,49.05,49.05,49.6,52.35,58.4, 59.5,60.6,,8.8,10.45,3.0139,,53.379,°C,4717.044423368723,79689.16210577509
nSats,11.0,11.0,12.0,14.0,15.0, 16.0,16.0,,3.0,5.0,1.0909,,13.6,nSat,1541.984577591664,18070.05899031164
