Name,Min,1%,5%,50%,95%,99%,Max,,90% Range,98% Range,StdDev,,Mean,Units,Skewness,Kurtosis
Local Clock Frequency Offset,8.8178,8.903,9.0368,9.2025,9.2472, 9.2699,9.3327,,0.2104,0.3668,0.0707,,9.1765,ppm,2136219.7704346175,275156191.5347367
Local Clock Time Offset,-21.773,-2.204,-0.589,0.017,0.598, 1.876,10.404,,1.187,4.08,0.6583,,-0.0008,µs,-7.962600618967303,151.25311052768305
Local RMS Frequency Jitter,0.685,0.993,1.214,2.266,9.499, 19.182,60.55,,8.285,18.189,3.7613,,3.5124,ppb,4.950829311862437,44.807877996831856
Local RMS Time Jitter,0.088,0.155,0.187,0.337,1.223, 2.242,9.808,,1.036,2.087,0.4646,,0.4787,µs,6.26465755863227,70.98159619655048
Server Jitter SHM(0),0.1798,0.3745,0.5611,1.4246,3.5064, 5.5735,8.4221,,2.9453,5.199,0.9736,,1.6449,ms,4.339583122664071,17.16909466352592
Server Jitter SHM(1),0.029,0.079,0.118,0.317,1.775, 3.63,21.4,,1.657,3.551,0.7813,,0.5432,µs,5.8867721357897,79.40370529861053
Server Offset SHM(0),11.9413,13.011,14.0092,19.2847,24.0224, 25.3146,28.197,,10.0133,12.3036,3.142,,19.0461,ms,144.87596313390864,812.2656562291309
Server Offset SHM(1),-21.774,-2.205,-0.59,0.018,0.599, 1.877,10.405,,1.189,4.082,0.6587,,-0.0007,µs,-7.955071761328123,150.92228771818986
TDOP,0.62,0.63,0.68,0.98,5.11, 29.6,200.29,,4.43,28.97,13.4233,,2.7765, ,10.557919375219354,157.21073822428536
Temp ZONE0,49.6,50.7,51.8,55.1,58.95, 59.5,60.05,,7.15,8.8,2.3134,,55.3635,°C,12128.563634896123,279720.3273032969
nSats,10.0,10.0,11.0,13.0,15.0, 16.0,16.0,,4.0,6.0,1.337,,13.0042,nSat,690.6110839296184,6254.141223313148
